# Blender v2.92.0 OBJ File: ''
# www.blender.org
mtllib 20201015-garage-roof-sketchfab.mtl
o Truss2_Plane.080
v 6.459996 2.939395 4.177536
v 6.494996 2.939395 4.177536
v 6.494996 3.185693 3.950728
v 6.459996 3.185693 3.950728
v 6.497619 2.939395 4.200000
v 6.497619 2.899395 4.200000
v 6.497619 2.899397 -4.199999
v 6.497619 2.939397 -4.199999
v 6.457619 2.939395 4.200000
v 6.457619 2.939397 -4.199999
v 6.457619 2.899397 -4.199999
v 6.457619 2.899395 4.200001
v 6.497619 3.199405 4.199840
v 6.497619 3.159450 4.197937
v 6.497619 3.559442 -4.201902
v 6.497619 3.599397 -4.200000
v 6.457619 3.199405 4.199840
v 6.457619 3.599397 -4.200000
v 6.457619 3.559442 -4.201902
v 6.457619 3.159450 4.197937
v 6.459996 2.939395 4.200000
v 6.494996 2.939395 4.200000
v 6.494996 3.199395 4.200000
v 6.459996 3.199395 4.200000
v 6.459996 2.939395 4.180000
v 6.459996 3.199395 4.180000
v 6.494996 3.199395 4.180000
v 6.494996 2.939395 4.180000
v 6.459996 2.939397 -4.180002
v 6.494996 2.939397 -4.180002
v 6.494996 3.559442 -4.180002
v 6.459996 3.559442 -4.180002
v 6.494996 2.939397 -4.175142
v 6.459996 2.939397 -4.175142
v 6.459996 3.542943 -3.571595
v 6.494996 3.542943 -3.571595
v 6.464996 2.939396 -2.937536
v 6.499996 2.939396 -2.937536
v 6.499996 3.542943 -3.541085
v 6.464995 3.542943 -3.541085
v 6.494996 2.939396 -2.935165
v 6.459996 2.939396 -2.935165
v 6.459996 3.486712 -2.387851
v 6.494996 3.486712 -2.387851
v 6.464996 2.939395 -1.810588
v 6.499996 2.939395 -1.810588
v 6.499995 3.486505 -2.357696
v 6.464995 3.486505 -2.357696
v 6.494996 2.939396 -1.809391
v 6.459996 2.939396 -1.809391
v 6.459996 3.435465 -1.313321
v 6.494996 3.435465 -1.313321
v 6.464996 2.939396 -0.788504
v 6.499996 2.939396 -0.788504
v 6.499996 3.435488 -1.284596
v 6.464995 3.435488 -1.284596
v 6.494996 2.939396 -0.787828
v 6.459996 2.939396 -0.787828
v 6.459996 3.389028 -0.338194
v 6.494996 3.389028 -0.338194
v 6.459996 2.939396 0.144133
v 6.494996 2.939396 0.144133
v 6.494996 3.388783 -0.305253
v 6.459996 3.388783 -0.305253
v 6.494996 2.939396 0.144285
v 6.459996 2.939396 0.144285
v 6.459996 3.346918 0.551808
v 6.494996 3.346918 0.551808
v 6.459996 2.939396 0.988259
v 6.494996 2.939396 0.988259
v 6.494996 3.346858 0.580797
v 6.459996 3.346858 0.580797
v 6.494996 2.939396 0.991007
v 6.459996 2.939396 0.991007
v 6.459996 3.308650 1.360262
v 6.494996 3.308650 1.360262
v 6.459996 2.939396 1.758731
v 6.494996 2.939396 1.758731
v 6.494996 3.308673 1.389454
v 6.459996 3.308673 1.389454
v 6.494996 2.939396 1.760208
v 6.459996 2.939396 1.760208
v 6.459996 3.273342 2.094153
v 6.494996 3.273342 2.094153
v 6.459996 2.939395 2.457517
v 6.494996 2.939395 2.457517
v 6.494996 3.273497 2.123415
v 6.459996 3.273497 2.123415
v 6.494996 2.939395 2.458256
v 6.459996 2.939395 2.458256
v 6.459996 3.241791 2.760652
v 6.494996 3.241791 2.760652
v 6.459996 2.939395 3.092390
v 6.494996 2.939395 3.092390
v 6.494996 3.241491 2.790294
v 6.459996 3.241491 2.790294
v 6.494996 2.939395 3.093889
v 6.459996 2.939395 3.093889
v 6.459996 3.212901 3.367395
v 6.494996 3.212901 3.367395
v 6.459996 2.939395 3.670189
v 6.494996 2.939395 3.670189
v 6.494996 3.212635 3.396950
v 6.459996 3.212635 3.396950
v 6.494996 2.939395 3.672486
v 6.459996 2.939395 3.672486
v 6.459996 3.186482 3.919573
v 6.494996 3.186482 3.919573
v 5.463996 2.939395 4.177536
v 5.498996 2.939395 4.177536
v 5.498996 3.185693 3.950729
v 5.463996 3.185694 3.950729
v 5.501619 2.939395 4.200001
v 5.501619 2.899395 4.200001
v 5.501619 2.899397 -4.199999
v 5.501619 2.939397 -4.199999
v 5.461618 2.939395 4.200001
v 5.461618 2.939397 -4.199999
v 5.461619 2.899397 -4.199999
v 5.461619 2.899395 4.200001
v 5.501619 3.199405 4.199841
v 5.501619 3.159451 4.197937
v 5.501619 3.559443 -4.201902
v 5.501619 3.599397 -4.200000
v 5.461619 3.199405 4.199841
v 5.461619 3.599397 -4.200000
v 5.461619 3.559443 -4.201902
v 5.461619 3.159451 4.197937
v 5.463996 2.939395 4.200001
v 5.498996 2.939395 4.200001
v 5.498996 3.199395 4.200001
v 5.463996 3.199395 4.200001
v 5.463996 2.939395 4.180001
v 5.463996 3.199395 4.180001
v 5.498996 3.199395 4.180001
v 5.498996 2.939395 4.180001
v 5.463996 2.939397 -4.180000
v 5.498996 2.939397 -4.180000
v 5.498996 3.559442 -4.180000
v 5.463996 3.559442 -4.180000
v 5.498996 2.939397 -4.175142
v 5.463996 2.939397 -4.175142
v 5.463996 3.542944 -3.571594
v 5.498996 3.542944 -3.571594
v 5.468996 2.939396 -2.937536
v 5.503996 2.939396 -2.937536
v 5.503995 3.542943 -3.541084
v 5.468996 3.542943 -3.541084
v 5.498996 2.939396 -2.935164
v 5.463996 2.939396 -2.935164
v 5.463996 3.486712 -2.387851
v 5.498996 3.486712 -2.387851
v 5.468996 2.939396 -1.810587
v 5.503995 2.939396 -1.810587
v 5.503995 3.486505 -2.357696
v 5.468995 3.486505 -2.357696
v 5.498996 2.939396 -1.809389
v 5.463995 2.939396 -1.809389
v 5.463996 3.435465 -1.313320
v 5.498996 3.435465 -1.313320
v 5.468996 2.939396 -0.788503
v 5.503996 2.939396 -0.788503
v 5.503995 3.435488 -1.284595
v 5.468996 3.435488 -1.284595
v 5.498996 2.939396 -0.787828
v 5.463996 2.939396 -0.787828
v 5.463996 3.389029 -0.338194
v 5.498996 3.389029 -0.338194
v 5.463996 2.939396 0.144134
v 5.498996 2.939396 0.144134
v 5.498996 3.388784 -0.305253
v 5.463996 3.388784 -0.305253
v 5.498996 2.939396 0.144286
v 5.463996 2.939396 0.144286
v 5.463996 3.346918 0.551809
v 5.498996 3.346918 0.551809
v 5.463996 2.939396 0.988259
v 5.498996 2.939396 0.988259
v 5.498996 3.346859 0.580798
v 5.463996 3.346859 0.580798
v 5.498996 2.939396 0.991007
v 5.463996 2.939396 0.991007
v 5.463996 3.308650 1.360263
v 5.498996 3.308650 1.360262
v 5.463996 2.939396 1.758731
v 5.498996 2.939396 1.758731
v 5.498996 3.308673 1.389455
v 5.463996 3.308673 1.389455
v 5.498996 2.939396 1.760208
v 5.463996 2.939396 1.760208
v 5.463996 3.273342 2.094154
v 5.498996 3.273342 2.094154
v 5.463996 2.939395 2.457519
v 5.498996 2.939395 2.457519
v 5.498996 3.273497 2.123416
v 5.463996 3.273497 2.123416
v 5.498996 2.939395 2.458256
v 5.463996 2.939395 2.458256
v 5.463996 3.241791 2.760653
v 5.498996 3.241791 2.760653
v 5.463996 2.939395 3.092391
v 5.498996 2.939395 3.092391
v 5.498996 3.241491 2.790295
v 5.463996 3.241491 2.790295
v 5.498996 2.939395 3.093890
v 5.463996 2.939395 3.093890
v 5.463996 3.212902 3.367397
v 5.498996 3.212902 3.367397
v 5.463996 2.939395 3.670189
v 5.498996 2.939395 3.670189
v 5.498996 3.212635 3.396950
v 5.463995 3.212635 3.396950
v 5.498996 2.939395 3.672486
v 5.463996 2.939395 3.672486
v 5.463996 3.186482 3.919574
v 5.498996 3.186482 3.919574
v 4.467996 2.939395 4.177537
v 4.502996 2.939395 4.177537
v 4.502996 3.185694 3.950729
v 4.467996 3.185694 3.950731
v 4.505619 2.939395 4.200003
v 4.505619 2.899395 4.200003
v 4.505619 2.899397 -4.199998
v 4.505619 2.939397 -4.199998
v 4.465619 2.939395 4.200003
v 4.465619 2.939397 -4.199998
v 4.465619 2.899397 -4.199998
v 4.465619 2.899395 4.200003
v 4.505619 3.199406 4.199841
v 4.505619 3.159451 4.197937
v 4.505619 3.559443 -4.201901
v 4.505619 3.599397 -4.199998
v 4.465619 3.199406 4.199841
v 4.465619 3.599397 -4.199998
v 4.465619 3.559443 -4.201901
v 4.465619 3.159451 4.197937
v 4.467996 2.939395 4.200003
v 4.502995 2.939395 4.200003
v 4.502995 3.199395 4.200003
v 4.467996 3.199395 4.200003
v 4.467996 2.939395 4.180003
v 4.467996 3.199395 4.180003
v 4.502995 3.199395 4.180003
v 4.502995 2.939395 4.180003
v 4.467996 2.939397 -4.180000
v 4.502996 2.939397 -4.180000
v 4.502996 3.559442 -4.180000
v 4.467996 3.559442 -4.180000
v 4.502996 2.939397 -4.175141
v 4.467996 2.939397 -4.175141
v 4.467996 3.542944 -3.571594
v 4.502996 3.542944 -3.571594
v 4.472996 2.939396 -2.937536
v 4.507996 2.939396 -2.937536
v 4.507996 3.542944 -3.541083
v 4.472996 3.542944 -3.541083
v 4.502995 2.939396 -2.935164
v 4.467996 2.939396 -2.935164
v 4.467996 3.486712 -2.387850
v 4.502996 3.486712 -2.387850
v 4.472996 2.939396 -1.810587
v 4.507996 2.939396 -1.810587
v 4.507995 3.486505 -2.357695
v 4.472996 3.486505 -2.357695
v 4.502995 2.939396 -1.809389
v 4.467996 2.939396 -1.809389
v 4.467996 3.435465 -1.313319
v 4.502995 3.435465 -1.313319
v 4.472996 2.939396 -0.788503
v 4.507996 2.939396 -0.788503
v 4.507996 3.435489 -1.284594
v 4.472995 3.435489 -1.284594
v 4.502995 2.939396 -0.787827
v 4.467996 2.939396 -0.787827
v 4.467996 3.389029 -0.338193
v 4.502995 3.389029 -0.338193
v 4.467996 2.939396 0.144134
v 4.502995 2.939396 0.144134
v 4.502995 3.388784 -0.305253
v 4.467996 3.388784 -0.305253
v 4.502996 2.939396 0.144287
v 4.467996 2.939396 0.144287
v 4.467996 3.346918 0.551809
v 4.502996 3.346918 0.551809
v 4.467996 2.939396 0.988260
v 4.502996 2.939396 0.988260
v 4.502995 3.346859 0.580799
v 4.467996 3.346859 0.580799
v 4.502996 2.939396 0.991008
v 4.467996 2.939396 0.991008
v 4.467996 3.308650 1.360263
v 4.502996 3.308650 1.360263
v 4.467996 2.939396 1.758732
v 4.502996 2.939396 1.758732
v 4.502995 3.308673 1.389456
v 4.467996 3.308673 1.389456
v 4.502996 2.939396 1.760209
v 4.467996 2.939396 1.760209
v 4.467996 3.273342 2.094154
v 4.502996 3.273342 2.094154
v 4.467996 2.939395 2.457519
v 4.502995 2.939395 2.457519
v 4.502995 3.273498 2.123417
v 4.467996 3.273498 2.123417
v 4.502996 2.939395 2.458257
v 4.467996 2.939395 2.458257
v 4.467996 3.241791 2.760653
v 4.502996 3.241791 2.760653
v 4.467996 2.939395 3.092391
v 4.502995 2.939395 3.092391
v 4.502995 3.241491 2.790295
v 4.467996 3.241491 2.790295
v 4.502996 2.939395 3.093891
v 4.467996 2.939395 3.093891
v 4.467996 3.212902 3.367397
v 4.502996 3.212902 3.367397
v 4.467996 2.939395 3.670191
v 4.502995 2.939395 3.670191
v 4.502995 3.212636 3.396951
v 4.467996 3.212636 3.396951
v 4.502995 2.939395 3.672487
v 4.467996 2.939395 3.672487
v 4.467996 3.186483 3.919574
v 4.502996 3.186483 3.919574
v 3.471996 2.939396 4.177537
v 3.506996 2.939396 4.177537
v 3.506996 3.185694 3.950731
v 3.471996 3.185694 3.950731
v 3.509619 2.939395 4.200003
v 3.509619 2.899395 4.200004
v 3.509619 2.899397 -4.199997
v 3.509619 2.939397 -4.199997
v 3.469619 2.939395 4.200003
v 3.469619 2.939397 -4.199997
v 3.469619 2.899397 -4.199997
v 3.469619 2.899395 4.200004
v 3.509619 3.199406 4.199841
v 3.509619 3.159451 4.197938
v 3.509619 3.559443 -4.201900
v 3.509619 3.599397 -4.199998
v 3.469619 3.199406 4.199841
v 3.469619 3.599397 -4.199998
v 3.469619 3.559443 -4.201900
v 3.469619 3.159451 4.197938
v 3.471996 2.939395 4.200003
v 3.506996 2.939395 4.200003
v 3.506995 3.199395 4.200003
v 3.471996 3.199395 4.200003
v 3.471996 2.939395 4.180003
v 3.471996 3.199395 4.180003
v 3.506995 3.199395 4.180003
v 3.506996 2.939395 4.180003
v 3.471996 2.939397 -4.179999
v 3.506996 2.939397 -4.179999
v 3.506996 3.559442 -4.179999
v 3.471996 3.559442 -4.179999
v 3.506996 2.939397 -4.175140
v 3.471996 2.939397 -4.175140
v 3.471996 3.542944 -3.571594
v 3.506996 3.542944 -3.571594
v 3.476995 2.939398 -2.937535
v 3.511996 2.939398 -2.937535
v 3.511995 3.542944 -3.541083
v 3.476995 3.542944 -3.541083
v 3.506996 2.939398 -2.935163
v 3.471996 2.939398 -2.935163
v 3.471996 3.486712 -2.387849
v 3.506996 3.486712 -2.387849
v 3.476995 2.939396 -1.810585
v 3.511996 2.939396 -1.810585
v 3.511995 3.486506 -2.357693
v 3.476995 3.486506 -2.357693
v 3.506996 2.939396 -1.809389
v 3.471996 2.939396 -1.809389
v 3.471995 3.435466 -1.313319
v 3.506995 3.435466 -1.313319
v 3.476996 2.939396 -0.788502
v 3.511996 2.939396 -0.788502
v 3.511995 3.435489 -1.284594
v 3.476995 3.435489 -1.284594
v 3.506996 2.939396 -0.787827
v 3.471996 2.939396 -0.787827
v 3.471996 3.389029 -0.338192
v 3.506996 3.389029 -0.338192
v 3.471996 2.939396 0.144135
v 3.506996 2.939396 0.144135
v 3.506995 3.388784 -0.305252
v 3.471995 3.388784 -0.305252
v 3.506996 2.939397 0.144287
v 3.471996 2.939397 0.144287
v 3.471996 3.346918 0.551810
v 3.506996 3.346918 0.551810
v 3.471996 2.939396 0.988261
v 3.506996 2.939396 0.988261
v 3.506996 3.346859 0.580799
v 3.471996 3.346859 0.580799
v 3.506996 2.939396 0.991009
v 3.471996 2.939396 0.991009
v 3.471996 3.308650 1.360264
v 3.506996 3.308650 1.360264
v 3.471996 2.939396 1.758734
v 3.506996 2.939396 1.758734
v 3.506995 3.308673 1.389456
v 3.471995 3.308673 1.389456
v 3.506996 2.939396 1.760209
v 3.471996 2.939396 1.760209
v 3.471996 3.273342 2.094156
v 3.506996 3.273342 2.094156
v 3.471996 2.939395 2.457520
v 3.506996 2.939395 2.457520
v 3.506996 3.273498 2.123417
v 3.471996 3.273498 2.123419
v 3.506996 2.939395 2.458257
v 3.471996 2.939395 2.458257
v 3.471996 3.241791 2.760653
v 3.506996 3.241791 2.760653
v 3.471996 2.939395 3.092391
v 3.506996 2.939395 3.092391
v 3.506996 3.241492 2.790297
v 3.471996 3.241492 2.790297
v 3.506996 2.939395 3.093891
v 3.471996 2.939395 3.093891
v 3.471996 3.212902 3.367398
v 3.506996 3.212902 3.367398
v 3.471996 2.939395 3.670192
v 3.506996 2.939395 3.670192
v 3.506995 3.212636 3.396951
v 3.471995 3.212636 3.396951
v 3.506996 2.939395 3.672487
v 3.471996 2.939395 3.672487
v 3.471996 3.186483 3.919574
v 3.506996 3.186483 3.919574
v 2.475996 2.939396 4.177538
v 2.510996 2.939396 4.177538
v 2.510996 3.185694 3.950732
v 2.475996 3.185694 3.950732
v 2.513618 2.939396 4.200004
v 2.513619 2.899396 4.200004
v 2.513619 2.899398 -4.199997
v 2.513618 2.939398 -4.199997
v 2.473619 2.939396 4.200004
v 2.473619 2.939398 -4.199997
v 2.473619 2.899398 -4.199997
v 2.473619 2.899396 4.200004
v 2.513619 3.199406 4.199841
v 2.513619 3.159451 4.197939
v 2.513619 3.559443 -4.201900
v 2.513619 3.599397 -4.199998
v 2.473619 3.199406 4.199841
v 2.473619 3.599397 -4.199998
v 2.473619 3.559443 -4.201900
v 2.473619 3.159451 4.197939
v 2.475996 2.939396 4.200004
v 2.510996 2.939396 4.200004
v 2.510995 3.199396 4.200004
v 2.475996 3.199396 4.200004
v 2.475996 2.939396 4.180004
v 2.475996 3.199396 4.180004
v 2.510995 3.199396 4.180004
v 2.510996 2.939396 4.180004
v 2.475996 2.939398 -4.179998
v 2.510996 2.939398 -4.179998
v 2.510996 3.559442 -4.179998
v 2.475996 3.559442 -4.179998
v 2.510996 2.939398 -4.175140
v 2.475996 2.939398 -4.175140
v 2.475996 3.542944 -3.571593
v 2.510996 3.542944 -3.571593
v 2.480995 2.939398 -2.937535
v 2.515996 2.939398 -2.937535
v 2.515995 3.542944 -3.541081
v 2.480995 3.542944 -3.541081
v 2.510996 2.939398 -2.935163
v 2.475996 2.939398 -2.935163
v 2.475996 3.486712 -2.387849
v 2.510996 3.486712 -2.387849
v 2.480995 2.939396 -1.810585
v 2.515996 2.939396 -1.810585
v 2.515995 3.486506 -2.357693
v 2.480995 3.486506 -2.357693
v 2.510996 2.939396 -1.809388
v 2.475996 2.939396 -1.809388
v 2.475995 3.435466 -1.313318
v 2.510995 3.435466 -1.313318
v 2.480996 2.939396 -0.788501
v 2.515996 2.939396 -0.788501
v 2.515995 3.435489 -1.284593
v 2.480995 3.435489 -1.284593
v 2.510996 2.939396 -0.787826
v 2.475996 2.939396 -0.787826
v 2.475996 3.389029 -0.338192
v 2.510996 3.389029 -0.338192
v 2.475996 2.939396 0.144135
v 2.510996 2.939396 0.144135
v 2.510995 3.388784 -0.305251
v 2.475995 3.388784 -0.305251
v 2.510996 2.939397 0.144288
v 2.475996 2.939397 0.144288
v 2.475996 3.346919 0.551811
v 2.510996 3.346919 0.551811
v 2.475996 2.939396 0.988261
v 2.510996 2.939396 0.988261
v 2.510996 3.346859 0.580800
v 2.475996 3.346859 0.580800
v 2.510996 2.939397 0.991009
v 2.475996 2.939397 0.991009
v 2.475996 3.308650 1.360265
v 2.510996 3.308650 1.360265
v 2.475996 2.939397 1.758734
v 2.510996 2.939397 1.758734
v 2.510995 3.308674 1.389457
v 2.475995 3.308674 1.389457
v 2.510996 2.939397 1.760211
v 2.475996 2.939397 1.760211
v 2.475996 3.273342 2.094157
v 2.510996 3.273342 2.094157
v 2.475996 2.939397 2.457520
v 2.510996 2.939397 2.457520
v 2.510996 3.273498 2.123419
v 2.475996 3.273498 2.123419
v 2.510996 2.939397 2.458258
v 2.475996 2.939397 2.458258
v 2.475996 3.241791 2.760654
v 2.510996 3.241791 2.760654
v 2.475996 2.939397 3.092391
v 2.510996 2.939397 3.092391
v 2.510996 3.241492 2.790298
v 2.475996 3.241492 2.790298
v 2.510996 2.939395 3.093893
v 2.475996 2.939395 3.093893
v 2.475996 3.212902 3.367399
v 2.510996 3.212902 3.367399
v 2.475996 2.939395 3.670192
v 2.510996 2.939395 3.670192
v 2.510995 3.212636 3.396952
v 2.475995 3.212636 3.396952
v 2.510996 2.939396 3.672487
v 2.475996 2.939396 3.672487
v 2.475996 3.186483 3.919575
v 2.510996 3.186483 3.919575
v 1.479996 2.939396 4.177539
v 1.514996 2.939396 4.177539
v 1.514996 3.185694 3.950732
v 1.479996 3.185694 3.950732
v 1.517618 2.939396 4.200005
v 1.517618 2.899396 4.200005
v 1.517619 2.899398 -4.199996
v 1.517619 2.939398 -4.199996
v 1.477618 2.939396 4.200005
v 1.477618 2.939398 -4.199996
v 1.477619 2.899398 -4.199996
v 1.477618 2.899396 4.200005
v 1.517619 3.199406 4.199842
v 1.517619 3.159451 4.197940
v 1.517619 3.559443 -4.201900
v 1.517619 3.599398 -4.199996
v 1.477618 3.199406 4.199842
v 1.477619 3.599398 -4.199996
v 1.477619 3.559443 -4.201900
v 1.477619 3.159451 4.197940
v 1.479995 2.939396 4.200005
v 1.514995 2.939396 4.200005
v 1.514995 3.199396 4.200005
v 1.479995 3.199396 4.200005
v 1.479995 2.939396 4.180005
v 1.479995 3.199396 4.180005
v 1.514995 3.199396 4.180005
v 1.514995 2.939396 4.180005
v 1.479996 2.939398 -4.179998
v 1.514996 2.939398 -4.179998
v 1.514996 3.559443 -4.179998
v 1.479996 3.559443 -4.179998
v 1.514996 2.939398 -4.175139
v 1.479996 2.939398 -4.175139
v 1.479996 3.542944 -3.571593
v 1.514996 3.542944 -3.571593
v 1.484995 2.939398 -2.937534
v 1.519995 2.939398 -2.937534
v 1.519995 3.542944 -3.541080
v 1.484995 3.542944 -3.541080
v 1.514995 2.939398 -2.935163
v 1.479995 2.939398 -2.935163
v 1.479995 3.486712 -2.387847
v 1.514995 3.486712 -2.387847
v 1.484995 2.939396 -1.810585
v 1.519995 2.939396 -1.810585
v 1.519995 3.486506 -2.357692
v 1.484995 3.486506 -2.357692
v 1.514995 2.939397 -1.809386
v 1.479995 2.939397 -1.809386
v 1.479995 3.435466 -1.313317
v 1.514995 3.435466 -1.313317
v 1.484995 2.939397 -0.788500
v 1.519995 2.939397 -0.788500
v 1.519995 3.435489 -1.284592
v 1.484995 3.435489 -1.284592
v 1.514995 2.939397 -0.787825
v 1.479995 2.939397 -0.787825
v 1.479995 3.389029 -0.338191
v 1.514996 3.389029 -0.338191
v 1.479995 2.939397 0.144136
v 1.514995 2.939397 0.144136
v 1.514995 3.388784 -0.305250
v 1.479995 3.388784 -0.305250
v 1.514995 2.939397 0.144289
v 1.479995 2.939397 0.144289
v 1.479995 3.346919 0.551811
v 1.514996 3.346919 0.551811
v 1.479996 2.939397 0.988262
v 1.514996 2.939397 0.988262
v 1.514995 3.346859 0.580801
v 1.479995 3.346859 0.580801
v 1.514996 2.939397 0.991010
v 1.479996 2.939397 0.991010
v 1.479996 3.308651 1.360265
v 1.514996 3.308651 1.360265
v 1.479996 2.939397 1.758734
v 1.514996 2.939397 1.758734
v 1.514996 3.308674 1.389458
v 1.479996 3.308674 1.389458
v 1.514996 2.939397 1.760211
v 1.479996 2.939397 1.760211
v 1.479995 3.273343 2.094157
v 1.514996 3.273343 2.094157
v 1.479995 2.939397 2.457520
v 1.514995 2.939397 2.457520
v 1.514995 3.273498 2.123420
v 1.479995 3.273498 2.123420
v 1.514995 2.939397 2.458260
v 1.479995 2.939397 2.458260
v 1.479995 3.241791 2.760654
v 1.514996 3.241791 2.760654
v 1.479996 2.939397 3.092392
v 1.514996 2.939397 3.092392
v 1.514995 3.241492 2.790298
v 1.479995 3.241492 2.790298
v 1.514996 2.939397 3.093894
v 1.479996 2.939397 3.093894
v 1.479996 3.212902 3.367399
v 1.514996 3.212902 3.367399
v 1.479996 2.939396 3.670192
v 1.514996 2.939396 3.670192
v 1.514995 3.212636 3.396954
v 1.479995 3.212636 3.396954
v 1.514996 2.939396 3.672488
v 1.479996 2.939396 3.672488
v 1.479996 3.186483 3.919575
v 1.514996 3.186483 3.919575
v 0.483995 2.939396 4.177539
v 0.518995 2.939396 4.177539
v 0.518995 3.185695 3.950732
v 0.483995 3.185695 3.950732
v 0.521618 2.939396 4.200005
v 0.521618 2.899396 4.200006
v 0.521618 2.899398 -4.199996
v 0.521618 2.939398 -4.199996
v 0.481618 2.939396 4.200005
v 0.481618 2.939398 -4.199996
v 0.481618 2.899398 -4.199996
v 0.481618 2.899396 4.200006
v 0.521618 3.199406 4.199843
v 0.521618 3.159452 4.197940
v 0.521618 3.559444 -4.201899
v 0.521618 3.599398 -4.199996
v 0.481618 3.199406 4.199843
v 0.481618 3.599398 -4.199996
v 0.481618 3.559444 -4.201899
v 0.481618 3.159452 4.197940
v 0.483995 2.939396 4.200005
v 0.518995 2.939396 4.200005
v 0.518995 3.199396 4.200005
v 0.483995 3.199396 4.200005
v 0.483995 2.939396 4.180005
v 0.483995 3.199396 4.180005
v 0.518995 3.199396 4.180005
v 0.518995 2.939396 4.180005
v 0.483995 2.939398 -4.179997
v 0.518995 2.939398 -4.179997
v 0.518995 3.559443 -4.179997
v 0.483995 3.559443 -4.179997
v 0.518995 2.939398 -4.175138
v 0.483995 2.939398 -4.175138
v 0.483995 3.542945 -3.571592
v 0.518995 3.542945 -3.571592
v 0.488995 2.939398 -2.937532
v 0.523995 2.939398 -2.937532
v 0.523995 3.542944 -3.541080
v 0.488995 3.542944 -3.541080
v 0.518995 2.939398 -2.935162
v 0.483995 2.939398 -2.935162
v 0.483995 3.486712 -2.387846
v 0.518995 3.486712 -2.387846
v 0.488995 2.939397 -1.810585
v 0.523995 2.939397 -1.810585
v 0.523994 3.486506 -2.357692
v 0.488995 3.486506 -2.357692
v 0.518995 2.939397 -1.809386
v 0.483995 2.939397 -1.809386
v 0.483995 3.435466 -1.313317
v 0.518995 3.435466 -1.313317
v 0.488995 2.939397 -0.788500
v 0.523995 2.939397 -0.788500
v 0.523995 3.435489 -1.284592
v 0.488995 3.435489 -1.284592
v 0.518995 2.939397 -0.787825
v 0.483995 2.939397 -0.787825
v 0.483995 3.389030 -0.338191
v 0.518995 3.389030 -0.338191
v 0.483995 2.939397 0.144137
v 0.518995 2.939397 0.144137
v 0.518995 3.388785 -0.305250
v 0.483995 3.388785 -0.305250
v 0.518995 2.939397 0.144289
v 0.483995 2.939397 0.144289
v 0.483995 3.346919 0.551812
v 0.518995 3.346919 0.551812
v 0.483995 2.939397 0.988263
v 0.518995 2.939397 0.988263
v 0.518995 3.346859 0.580801
v 0.483995 3.346859 0.580801
v 0.518995 2.939397 0.991012
v 0.483995 2.939397 0.991012
v 0.483995 3.308651 1.360266
v 0.518996 3.308651 1.360266
v 0.483995 2.939397 1.758735
v 0.518995 2.939397 1.758735
v 0.518995 3.308674 1.389458
v 0.483995 3.308674 1.389458
v 0.518995 2.939397 1.760211
v 0.483995 2.939397 1.760211
v 0.483995 3.273343 2.094157
v 0.518995 3.273343 2.094157
v 0.483995 2.939397 2.457521
v 0.518995 2.939397 2.457521
v 0.518995 3.273499 2.123420
v 0.483995 3.273499 2.123420
v 0.518995 2.939397 2.458260
v 0.483995 2.939397 2.458260
v 0.483995 3.241792 2.760655
v 0.518995 3.241792 2.760655
v 0.483995 2.939397 3.092393
v 0.518995 2.939397 3.092393
v 0.518995 3.241492 2.790298
v 0.483995 3.241492 2.790298
v 0.518995 2.939397 3.093894
v 0.483995 2.939397 3.093894
v 0.483995 3.212903 3.367399
v 0.518995 3.212903 3.367399
v 0.483995 2.939396 3.670193
v 0.518995 2.939396 3.670193
v 0.518995 3.212636 3.396954
v 0.483995 3.212636 3.396954
v 0.518995 2.939396 3.672489
v 0.483995 2.939396 3.672489
v 0.483995 3.186484 3.919576
v 0.518995 3.186484 3.919576
v -0.512005 2.939396 4.177540
v -0.477005 2.939396 4.177540
v -0.477005 3.185695 3.950733
v -0.512005 3.185695 3.950733
v -0.474382 2.939396 4.200006
v -0.474382 2.899396 4.200006
v -0.474382 2.899398 -4.199996
v -0.474382 2.939398 -4.199996
v -0.514382 2.939396 4.200006
v -0.514382 2.939398 -4.199996
v -0.514382 2.899398 -4.199996
v -0.514382 2.899396 4.200006
v -0.474382 3.199407 4.199843
v -0.474382 3.159452 4.197941
v -0.474382 3.559444 -4.201899
v -0.474382 3.599398 -4.199996
v -0.514382 3.199407 4.199843
v -0.514382 3.599398 -4.199996
v -0.514382 3.559444 -4.201899
v -0.514382 3.159452 4.197941
v -0.512005 2.939396 4.200006
v -0.477005 2.939396 4.200006
v -0.477005 3.199396 4.200006
v -0.512005 3.199396 4.200006
v -0.512005 2.939396 4.180006
v -0.512005 3.199396 4.180006
v -0.477005 3.199396 4.180006
v -0.477005 2.939396 4.180006
v -0.512005 2.939398 -4.179996
v -0.477005 2.939398 -4.179996
v -0.477005 3.559443 -4.179996
v -0.512005 3.559443 -4.179996
v -0.477005 2.939398 -4.175138
v -0.512005 2.939398 -4.175138
v -0.512005 3.542945 -3.571590
v -0.477005 3.542945 -3.571590
v -0.507005 2.939398 -2.937532
v -0.472005 2.939398 -2.937532
v -0.472005 3.542945 -3.541080
v -0.507005 3.542945 -3.541080
v -0.477005 2.939398 -2.935162
v -0.512005 2.939398 -2.935162
v -0.512005 3.486712 -2.387846
v -0.477005 3.486712 -2.387846
v -0.507005 2.939397 -1.810583
v -0.472005 2.939397 -1.810583
v -0.472006 3.486506 -2.357692
v -0.507006 3.486506 -2.357692
v -0.477005 2.939397 -1.809386
v -0.512005 2.939397 -1.809386
v -0.512005 3.435466 -1.313316
v -0.477005 3.435466 -1.313316
v -0.507005 2.939397 -0.788499
v -0.472005 2.939397 -0.788499
v -0.472005 3.435490 -1.284591
v -0.507005 3.435490 -1.284591
v -0.477005 2.939397 -0.787823
v -0.512005 2.939397 -0.787823
v -0.512005 3.389030 -0.338190
v -0.477005 3.389030 -0.338190
v -0.512005 2.939397 0.144137
v -0.477005 2.939397 0.144137
v -0.477005 3.388785 -0.305249
v -0.512005 3.388785 -0.305249
v -0.477005 2.939397 0.144290
v -0.512005 2.939397 0.144290
v -0.512005 3.346919 0.551813
v -0.477005 3.346919 0.551813
v -0.512005 2.939397 0.988263
v -0.477005 2.939397 0.988263
v -0.477005 3.346860 0.580802
v -0.512005 3.346860 0.580802
v -0.477005 2.939397 0.991012
v -0.512005 2.939397 0.991012
v -0.512005 3.308651 1.360266
v -0.477005 3.308651 1.360266
v -0.512005 2.939397 1.758735
v -0.477005 2.939397 1.758735
v -0.477005 3.308674 1.389459
v -0.512005 3.308674 1.389459
v -0.477005 2.939397 1.760212
v -0.512005 2.939397 1.760212
v -0.512005 3.273343 2.094158
v -0.477005 3.273343 2.094158
v -0.512005 2.939397 2.457521
v -0.477005 2.939397 2.457521
v -0.477005 3.273499 2.123420
v -0.512005 3.273499 2.123420
v -0.477005 2.939397 2.458261
v -0.512005 2.939397 2.458261
v -0.512005 3.241792 2.760657
v -0.477005 3.241792 2.760657
v -0.512005 2.939397 3.092393
v -0.477005 2.939397 3.092393
v -0.477005 3.241492 2.790298
v -0.512005 3.241492 2.790298
v -0.477005 2.939397 3.093894
v -0.512005 2.939397 3.093894
v -0.512005 3.212903 3.367400
v -0.477005 3.212903 3.367400
v -0.512005 2.939396 3.670193
v -0.477005 2.939396 3.670193
v -0.477005 3.212636 3.396955
v -0.512005 3.212636 3.396955
v -0.477005 2.939396 3.672489
v -0.512005 2.939396 3.672489
v -0.512005 3.186484 3.919577
v -0.477005 3.186484 3.919577
v -1.508005 2.939397 4.177541
v -1.473005 2.939397 4.177541
v -1.473005 3.185695 3.950733
v -1.508005 3.185695 3.950733
v -1.470383 2.939396 4.200006
v -1.470383 2.899396 4.200006
v -1.470382 2.899398 -4.199996
v -1.470382 2.939398 -4.199996
v -1.510383 2.939396 4.200006
v -1.510383 2.939398 -4.199996
v -1.510382 2.899398 -4.199996
v -1.510383 2.899396 4.200006
v -1.470382 3.199407 4.199844
v -1.470382 3.159452 4.197942
v -1.470382 3.559444 -4.201898
v -1.470382 3.599398 -4.199996
v -1.510383 3.199407 4.199844
v -1.510382 3.599398 -4.199996
v -1.510382 3.559444 -4.201898
v -1.510382 3.159452 4.197942
v -1.508006 2.939396 4.200006
v -1.473006 2.939396 4.200006
v -1.473006 3.199396 4.200006
v -1.508006 3.199396 4.200006
v -1.508006 2.939396 4.180007
v -1.508006 3.199396 4.180007
v -1.473006 3.199396 4.180007
v -1.473006 2.939396 4.180007
v -1.508005 2.939398 -4.179996
v -1.473005 2.939398 -4.179996
v -1.473005 3.559443 -4.179996
v -1.508005 3.559443 -4.179996
v -1.473005 2.939398 -4.175138
v -1.508005 2.939398 -4.175138
v -1.508005 3.542945 -3.571590
v -1.473005 3.542945 -3.571590
v -1.503006 2.939399 -2.937531
v -1.468006 2.939399 -2.937531
v -1.468006 3.542945 -3.541079
v -1.503006 3.542945 -3.541079
v -1.473006 2.939399 -2.935161
v -1.508006 2.939399 -2.935161
v -1.508006 3.486712 -2.387846
v -1.473006 3.486712 -2.387846
v -1.503006 2.939397 -1.810583
v -1.468006 2.939397 -1.810583
v -1.468006 3.486506 -2.357691
v -1.503006 3.486506 -2.357691
v -1.473006 2.939397 -1.809384
v -1.508006 2.939397 -1.809384
v -1.508006 3.435467 -1.313315
v -1.473006 3.435467 -1.313315
v -1.503006 2.939397 -0.788498
v -1.468006 2.939397 -0.788498
v -1.468006 3.435490 -1.284590
v -1.503006 3.435490 -1.284590
v -1.473006 2.939397 -0.787823
v -1.508006 2.939397 -0.787823
v -1.508006 3.389030 -0.338190
v -1.473005 3.389030 -0.338190
v -1.508006 2.939397 0.144138
v -1.473006 2.939397 0.144138
v -1.473006 3.388785 -0.305248
v -1.508006 3.388785 -0.305248
v -1.473006 2.939398 0.144290
v -1.508006 2.939398 0.144290
v -1.508006 3.346920 0.551813
v -1.473005 3.346920 0.551813
v -1.508005 2.939397 0.988265
v -1.473005 2.939397 0.988265
v -1.473006 3.346860 0.580802
v -1.508006 3.346860 0.580802
v -1.473005 2.939397 0.991012
v -1.508005 2.939397 0.991012
v -1.508005 3.308651 1.360267
v -1.473005 3.308651 1.360267
v -1.508005 2.939397 1.758736
v -1.473005 2.939397 1.758736
v -1.473005 3.308675 1.389460
v -1.508005 3.308675 1.389460
v -1.473005 2.939398 1.760212
v -1.508005 2.939398 1.760212
v -1.508006 3.273343 2.094158
v -1.473005 3.273343 2.094158
v -1.508006 2.939397 2.457522
v -1.473006 2.939397 2.457522
v -1.473006 3.273499 2.123421
v -1.508006 3.273499 2.123421
v -1.473006 2.939397 2.458261
v -1.508006 2.939397 2.458261
v -1.508006 3.241792 2.760657
v -1.473005 3.241792 2.760657
v -1.508005 2.939397 3.092395
v -1.473005 2.939397 3.092395
v -1.473006 3.241493 2.790299
v -1.508006 3.241493 2.790299
v -1.473005 2.939397 3.093894
v -1.508005 2.939397 3.093894
v -1.508005 3.212903 3.367400
v -1.473005 3.212903 3.367400
v -1.508005 2.939396 3.670194
v -1.473005 2.939396 3.670194
v -1.473006 3.212636 3.396955
v -1.508006 3.212636 3.396955
v -1.473005 2.939396 3.672490
v -1.508005 2.939396 3.672490
v -1.508005 3.186484 3.919579
v -1.473005 3.186484 3.919577
v -2.504006 2.939397 4.177541
v -2.469005 2.939397 4.177541
v -2.469005 3.185695 3.950734
v -2.504006 3.185695 3.950734
v -2.466383 2.939397 4.200006
v -2.466383 2.899397 4.200006
v -2.466383 2.899399 -4.199995
v -2.466383 2.939399 -4.199995
v -2.506382 2.939397 4.200006
v -2.506383 2.939399 -4.199995
v -2.506383 2.899399 -4.199995
v -2.506382 2.899397 4.200006
v -2.466383 3.199407 4.199845
v -2.466383 3.159452 4.197942
v -2.466383 3.559444 -4.201897
v -2.466383 3.599399 -4.199996
v -2.506382 3.199407 4.199845
v -2.506383 3.599399 -4.199996
v -2.506382 3.559444 -4.201897
v -2.506382 3.159452 4.197942
v -2.504006 2.939397 4.200006
v -2.469006 2.939397 4.200006
v -2.469006 3.199397 4.200006
v -2.504006 3.199397 4.200006
v -2.504006 2.939397 4.180007
v -2.504006 3.199397 4.180007
v -2.469006 3.199397 4.180007
v -2.469006 2.939397 4.180007
v -2.504006 2.939399 -4.179996
v -2.469006 2.939399 -4.179996
v -2.469006 3.559444 -4.179996
v -2.504006 3.559444 -4.179996
v -2.469006 2.939399 -4.175137
v -2.504006 2.939399 -4.175137
v -2.504006 3.542945 -3.571589
v -2.469005 3.542945 -3.571589
v -2.499005 2.939399 -2.937531
v -2.464005 2.939399 -2.937531
v -2.464006 3.542945 -3.541079
v -2.499006 3.542945 -3.541079
v -2.469005 2.939399 -2.935159
v -2.504005 2.939399 -2.935159
v -2.504005 3.486713 -2.387846
v -2.469005 3.486713 -2.387846
v -2.499006 2.939397 -1.810582
v -2.464006 2.939397 -1.810583
v -2.464006 3.486506 -2.357690
v -2.499006 3.486506 -2.357690
v -2.469006 2.939398 -1.809384
v -2.504006 2.939398 -1.809384
v -2.504005 3.435467 -1.313314
v -2.469005 3.435467 -1.313315
v -2.499006 2.939398 -0.788498
v -2.464005 2.939398 -0.788498
v -2.464005 3.435490 -1.284590
v -2.499006 3.435490 -1.284590
v -2.469005 2.939398 -0.787823
v -2.504006 2.939398 -0.787822
v -2.504006 3.389030 -0.338189
v -2.469006 3.389030 -0.338189
v -2.504006 2.939398 0.144139
v -2.469006 2.939398 0.144139
v -2.469006 3.388785 -0.305248
v -2.504006 3.388785 -0.305248
v -2.469006 2.939398 0.144291
v -2.504006 2.939398 0.144291
v -2.504006 3.346920 0.551814
v -2.469006 3.346920 0.551814
v -2.504007 2.939397 0.988265
v -2.469006 2.939397 0.988265
v -2.469006 3.346860 0.580803
v -2.504007 3.346860 0.580803
v -2.469006 2.939398 0.991013
v -2.504007 2.939398 0.991013
v -2.504006 3.308651 1.360268
v -2.469006 3.308651 1.360268
v -2.504006 2.939398 1.758737
v -2.469006 2.939398 1.758737
v -2.469006 3.308675 1.389460
v -2.504006 3.308675 1.389460
v -2.469006 2.939398 1.760213
v -2.504006 2.939398 1.760213
v -2.504006 3.273344 2.094159
v -2.469006 3.273344 2.094159
v -2.504006 2.939398 2.457524
v -2.469005 2.939398 2.457524
v -2.469006 3.273499 2.123421
v -2.504007 3.273499 2.123421
v -2.469005 2.939398 2.458261
v -2.504006 2.939398 2.458261
v -2.504006 3.241792 2.760658
v -2.469006 3.241792 2.760658
v -2.504006 2.939398 3.092396
v -2.469006 2.939398 3.092396
v -2.469006 3.241493 2.790300
v -2.504006 3.241493 2.790300
v -2.469006 2.939398 3.093895
v -2.504006 2.939398 3.093895
v -2.504005 3.212903 3.367401
v -2.469005 3.212903 3.367401
v -2.504006 2.939397 3.670196
v -2.469005 2.939397 3.670196
v -2.469005 3.212636 3.396955
v -2.504006 3.212636 3.396955
v -2.469005 2.939397 3.672492
v -2.504006 2.939397 3.672492
v -2.504006 3.186484 3.919579
v -2.469006 3.186484 3.919579
v -3.500006 2.939397 4.177543
v -3.465005 2.939397 4.177543
v -3.465005 3.185695 3.950736
v -3.500006 3.185695 3.950736
v -3.462383 2.939397 4.200007
v -3.462383 2.899397 4.200007
v -3.462384 2.899399 -4.199994
v -3.462384 2.939399 -4.199994
v -3.502383 2.939397 4.200007
v -3.502384 2.939399 -4.199994
v -3.502384 2.899399 -4.199994
v -3.502383 2.899397 4.200007
v -3.462383 3.199407 4.199845
v -3.462383 3.159453 4.197944
v -3.462383 3.559444 -4.201897
v -3.462384 3.599399 -4.199995
v -3.502383 3.199407 4.199845
v -3.502384 3.599399 -4.199995
v -3.502383 3.559444 -4.201897
v -3.502383 3.159453 4.197944
v -3.500006 2.939397 4.200007
v -3.465006 2.939397 4.200007
v -3.465006 3.199397 4.200007
v -3.500006 3.199397 4.200007
v -3.500006 2.939397 4.180007
v -3.500006 3.199397 4.180007
v -3.465006 3.199397 4.180007
v -3.465006 2.939397 4.180007
v -3.500006 2.939399 -4.179995
v -3.465006 2.939399 -4.179995
v -3.465006 3.559444 -4.179995
v -3.500006 3.559444 -4.179995
v -3.465006 2.939399 -4.175136
v -3.500006 2.939399 -4.175136
v -3.500006 3.542947 -3.571589
v -3.465005 3.542945 -3.571589
v -3.495005 2.939399 -2.937531
v -3.460005 2.939399 -2.937531
v -3.460006 3.542945 -3.541078
v -3.495006 3.542945 -3.541078
v -3.465005 2.939399 -2.935159
v -3.500005 2.939399 -2.935159
v -3.500005 3.486713 -2.387845
v -3.465005 3.486713 -2.387845
v -3.495006 2.939398 -1.810582
v -3.460006 2.939397 -1.810582
v -3.460006 3.486506 -2.357690
v -3.495006 3.486506 -2.357690
v -3.465006 2.939398 -1.809384
v -3.500006 2.939398 -1.809384
v -3.500005 3.435467 -1.313314
v -3.465005 3.435467 -1.313314
v -3.495006 2.939398 -0.788496
v -3.460005 2.939398 -0.788496
v -3.460005 3.435490 -1.284589
v -3.495006 3.435490 -1.284589
v -3.465005 2.939398 -0.787822
v -3.500006 2.939398 -0.787822
v -3.500006 3.389030 -0.338188
v -3.465006 3.389030 -0.338188
v -3.500006 2.939398 0.144139
v -3.465006 2.939398 0.144139
v -3.465006 3.388785 -0.305247
v -3.500006 3.388786 -0.305247
v -3.465006 2.939398 0.144292
v -3.500006 2.939398 0.144292
v -3.500006 3.346920 0.551815
v -3.465006 3.346920 0.551815
v -3.500007 2.939398 0.988265
v -3.465006 2.939398 0.988265
v -3.465006 3.346860 0.580804
v -3.500007 3.346860 0.580804
v -3.465006 2.939398 0.991013
v -3.500007 2.939398 0.991013
v -3.500006 3.308652 1.360269
v -3.465006 3.308652 1.360268
v -3.500006 2.939398 1.758737
v -3.465006 2.939398 1.758737
v -3.465006 3.308675 1.389461
v -3.500006 3.308675 1.389461
v -3.465006 2.939398 1.760214
v -3.500006 2.939398 1.760214
v -3.500006 3.273344 2.094161
v -3.465006 3.273344 2.094161
v -3.500006 2.939398 2.457525
v -3.465005 2.939398 2.457525
v -3.465006 3.273499 2.123422
v -3.500007 3.273499 2.123422
v -3.465005 2.939398 2.458262
v -3.500006 2.939398 2.458262
v -3.500006 3.241794 2.760659
v -3.465006 3.241794 2.760659
v -3.500006 2.939398 3.092396
v -3.465006 2.939398 3.092396
v -3.465006 3.241493 2.790300
v -3.500006 3.241493 2.790300
v -3.465006 2.939398 3.093896
v -3.500006 2.939398 3.093896
v -3.500005 3.212903 3.367403
v -3.465005 3.212903 3.367403
v -3.500006 2.939397 3.670196
v -3.465005 2.939397 3.670196
v -3.465005 3.212636 3.396956
v -3.500006 3.212636 3.396956
v -3.465005 2.939397 3.672492
v -3.500006 2.939397 3.672492
v -3.500006 3.186484 3.919580
v -3.465006 3.186484 3.919580
v -4.496006 2.939397 4.177544
v -4.461006 2.939397 4.177544
v -4.461006 3.185696 3.950736
v -4.496006 3.185696 3.950736
v -4.458383 2.939397 4.200007
v -4.458383 2.899397 4.200007
v -4.458384 2.899399 -4.199994
v -4.458384 2.939399 -4.199994
v -4.498383 2.939397 4.200007
v -4.498384 2.939399 -4.199994
v -4.498384 2.899399 -4.199994
v -4.498383 2.899397 4.200007
v -4.458383 3.199407 4.199846
v -4.458383 3.159453 4.197945
v -4.458383 3.559444 -4.201896
v -4.458384 3.599399 -4.199994
v -4.498383 3.199407 4.199846
v -4.498384 3.599399 -4.199994
v -4.498383 3.559444 -4.201896
v -4.498383 3.159453 4.197945
v -4.496006 2.939397 4.200007
v -4.461007 2.939397 4.200007
v -4.461007 3.199397 4.200007
v -4.496006 3.199397 4.200007
v -4.496006 2.939397 4.180007
v -4.496006 3.199397 4.180007
v -4.461007 3.199397 4.180007
v -4.461007 2.939397 4.180007
v -4.496006 2.939399 -4.179995
v -4.461007 2.939399 -4.179995
v -4.461007 3.559444 -4.179995
v -4.496006 3.559444 -4.179995
v -4.461007 2.939399 -4.175136
v -4.496006 2.939399 -4.175136
v -4.496006 3.542947 -3.571589
v -4.461006 3.542947 -3.571589
v -4.491005 2.939399 -2.937530
v -4.456006 2.939399 -2.937530
v -4.456007 3.542945 -3.541076
v -4.491006 3.542945 -3.541076
v -4.461006 2.939399 -2.935158
v -4.496006 2.939399 -2.935158
v -4.496006 3.486713 -2.387845
v -4.461006 3.486713 -2.387845
v -4.491006 2.939398 -1.810580
v -4.456007 2.939398 -1.810580
v -4.456007 3.486506 -2.357688
v -4.491006 3.486506 -2.357688
v -4.461007 2.939398 -1.809383
v -4.496006 2.939398 -1.809383
v -4.496006 3.435467 -1.313313
v -4.461006 3.435467 -1.313313
v -4.491006 2.939398 -0.788496
v -4.456006 2.939398 -0.788496
v -4.456006 3.435490 -1.284588
v -4.491006 3.435490 -1.284588
v -4.461006 2.939398 -0.787821
v -4.496006 2.939398 -0.787821
v -4.496006 3.389030 -0.338188
v -4.461007 3.389030 -0.338188
v -4.496006 2.939398 0.144140
v -4.461007 2.939398 0.144140
v -4.461007 3.388786 -0.305246
v -4.496006 3.388786 -0.305246
v -4.461007 2.939398 0.144292
v -4.496006 2.939398 0.144292
v -4.496006 3.346920 0.551815
v -4.461007 3.346920 0.551815
v -4.496007 2.939398 0.988266
v -4.461007 2.939398 0.988266
v -4.461007 3.346860 0.580804
v -4.496007 3.346860 0.580804
v -4.461007 2.939398 0.991014
v -4.496007 2.939398 0.991014
v -4.496006 3.308652 1.360269
v -4.461007 3.308652 1.360269
v -4.496006 2.939398 1.758739
v -4.461007 2.939398 1.758739
v -4.461007 3.308675 1.389462
v -4.496006 3.308675 1.389462
v -4.461007 2.939398 1.760214
v -4.496006 2.939398 1.760214
v -4.496006 3.273344 2.094161
v -4.461007 3.273344 2.094161
v -4.496006 2.939398 2.457525
v -4.461006 2.939398 2.457525
v -4.461007 3.273499 2.123424
v -4.496007 3.273499 2.123424
v -4.461006 2.939398 2.458262
v -4.496006 2.939398 2.458262
v -4.496006 3.241794 2.760659
v -4.461007 3.241794 2.760659
v -4.496006 2.939398 3.092396
v -4.461007 2.939398 3.092396
v -4.461007 3.241493 2.790302
v -4.496006 3.241493 2.790302
v -4.461007 2.939398 3.093896
v -4.496006 2.939398 3.093896
v -4.496006 3.212903 3.367403
v -4.461006 3.212903 3.367403
v -4.496006 2.939397 3.670197
v -4.461006 2.939397 3.670197
v -4.461006 3.212636 3.396956
v -4.496006 3.212636 3.396957
v -4.461006 2.939397 3.672493
v -4.496006 2.939397 3.672493
v -4.496006 3.186485 3.919580
v -4.461007 3.186485 3.919580
v -5.492007 2.939397 4.177544
v -5.457006 2.939397 4.177544
v -5.457006 3.185696 3.950737
v -5.492007 3.185696 3.950737
v -5.454383 2.939397 4.200008
v -5.454383 2.899397 4.200008
v -5.454384 2.899399 -4.199993
v -5.454384 2.939399 -4.199993
v -5.494383 2.939397 4.200008
v -5.494384 2.939399 -4.199993
v -5.494384 2.899399 -4.199993
v -5.494383 2.899397 4.200008
v -5.454383 3.199408 4.199848
v -5.454383 3.159453 4.197945
v -5.454383 3.559445 -4.201895
v -5.454384 3.599399 -4.199994
v -5.494383 3.199408 4.199848
v -5.494384 3.599399 -4.199994
v -5.494383 3.559445 -4.201895
v -5.494383 3.159453 4.197945
v -5.492007 2.939397 4.200008
v -5.457007 2.939397 4.200008
v -5.457007 3.199397 4.200008
v -5.492007 3.199397 4.200008
v -5.492007 2.939397 4.180008
v -5.492007 3.199397 4.180008
v -5.457007 3.199397 4.180008
v -5.457007 2.939397 4.180008
v -5.492007 2.939399 -4.179994
v -5.457007 2.939399 -4.179994
v -5.457007 3.559444 -4.179994
v -5.492007 3.559444 -4.179994
v -5.457007 2.939399 -4.175135
v -5.492007 2.939399 -4.175135
v -5.492007 3.542947 -3.571588
v -5.457006 3.542947 -3.571588
v -5.487006 2.939399 -2.937529
v -5.452006 2.939399 -2.937529
v -5.452007 3.542947 -3.541076
v -5.487007 3.542947 -3.541076
v -5.457006 2.939399 -2.935158
v -5.492006 2.939399 -2.935158
v -5.492006 3.486713 -2.387844
v -5.457006 3.486713 -2.387844
v -5.487007 2.939398 -1.810580
v -5.452007 2.939398 -1.810580
v -5.452007 3.486506 -2.357687
v -5.487007 3.486506 -2.357687
v -5.457007 2.939398 -1.809383
v -5.492007 2.939398 -1.809383
v -5.492006 3.435467 -1.313312
v -5.457006 3.435467 -1.313312
v -5.487007 2.939398 -0.788496
v -5.452006 2.939398 -0.788496
v -5.452006 3.435491 -1.284588
v -5.487007 3.435491 -1.284588
v -5.457006 2.939398 -0.787820
v -5.492007 2.939398 -0.787820
v -5.492007 3.389031 -0.338187
v -5.457007 3.389031 -0.338187
v -5.492007 2.939398 0.144141
v -5.457007 2.939398 0.144141
v -5.457007 3.388786 -0.305246
v -5.492007 3.388786 -0.305246
v -5.457007 2.939398 0.144293
v -5.492007 2.939398 0.144293
v -5.492007 3.346920 0.551816
v -5.457007 3.346920 0.551816
v -5.492008 2.939398 0.988266
v -5.457007 2.939398 0.988266
v -5.457007 3.346861 0.580805
v -5.492008 3.346861 0.580805
v -5.457007 2.939398 0.991014
v -5.492008 2.939398 0.991014
v -5.492007 3.308652 1.360270
v -5.457007 3.308652 1.360270
v -5.492007 2.939398 1.758739
v -5.457007 2.939398 1.758739
v -5.457007 3.308675 1.389462
v -5.492007 3.308675 1.389462
v -5.457007 2.939398 1.760216
v -5.492007 2.939398 1.760216
v -5.492007 3.273344 2.094162
v -5.457007 3.273344 2.094162
v -5.492007 2.939398 2.457525
v -5.457006 2.939398 2.457525
v -5.457007 3.273500 2.123424
v -5.492008 3.273500 2.123424
v -5.457006 2.939398 2.458263
v -5.492007 2.939398 2.458263
v -5.492007 3.241794 2.760659
v -5.457007 3.241794 2.760659
v -5.492007 2.939398 3.092397
v -5.457007 2.939398 3.092397
v -5.457007 3.241493 2.790303
v -5.492007 3.241493 2.790303
v -5.457007 2.939398 3.093898
v -5.492007 2.939398 3.093898
v -5.492006 3.212903 3.367404
v -5.457006 3.212903 3.367404
v -5.492007 2.939397 3.670197
v -5.457006 2.939397 3.670197
v -5.457006 3.212636 3.396957
v -5.492007 3.212636 3.396957
v -5.457006 2.939397 3.672493
v -5.492007 2.939397 3.672493
v -5.492007 3.186485 3.919580
v -5.457007 3.186485 3.919580
v -6.488007 2.939398 4.177545
v -6.453006 2.939398 4.177545
v -6.453006 3.185696 3.950737
v -6.488007 3.185696 3.950737
v -6.450384 2.939397 4.200009
v -6.450384 2.899397 4.200009
v -6.450385 2.899400 -4.199992
v -6.450385 2.939400 -4.199992
v -6.490384 2.939397 4.200009
v -6.490385 2.939400 -4.199992
v -6.490385 2.899400 -4.199992
v -6.490384 2.899397 4.200009
v -6.450384 3.199408 4.199848
v -6.450384 3.159453 4.197946
v -6.450384 3.559445 -4.201895
v -6.450385 3.599399 -4.199993
v -6.490384 3.199408 4.199848
v -6.490385 3.599399 -4.199993
v -6.490384 3.559445 -4.201895
v -6.490384 3.159453 4.197946
v -6.488007 2.939397 4.200009
v -6.453007 2.939397 4.200009
v -6.453007 3.199398 4.200009
v -6.488007 3.199398 4.200009
v -6.488007 2.939397 4.180009
v -6.488007 3.199398 4.180009
v -6.453007 3.199398 4.180009
v -6.453007 2.939397 4.180009
v -6.488007 2.939400 -4.179993
v -6.453007 2.939400 -4.179993
v -6.453007 3.559444 -4.179993
v -6.488007 3.559444 -4.179993
v -6.453007 2.939400 -4.175134
v -6.488007 2.939400 -4.175134
v -6.488007 3.542947 -3.571588
v -6.453006 3.542947 -3.571588
v -6.483006 2.939399 -2.937529
v -6.448006 2.939399 -2.937529
v -6.448007 3.542947 -3.541075
v -6.483007 3.542947 -3.541075
v -6.453006 2.939399 -2.935158
v -6.488006 2.939399 -2.935158
v -6.488006 3.486713 -2.387842
v -6.453006 3.486713 -2.387842
v -6.483007 2.939398 -1.810580
v -6.448007 2.939398 -1.810580
v -6.448007 3.486506 -2.357687
v -6.483007 3.486506 -2.357687
v -6.453007 2.939398 -1.809381
v -6.488007 2.939398 -1.809381
v -6.488006 3.435467 -1.313312
v -6.453006 3.435467 -1.313312
v -6.483007 2.939398 -0.788496
v -6.448006 2.939398 -0.788496
v -6.448006 3.435491 -1.284587
v -6.483007 3.435491 -1.284587
v -6.453006 2.939398 -0.787820
v -6.488007 2.939398 -0.787820
v -6.488007 3.389031 -0.338186
v -6.453007 3.389031 -0.338186
v -6.488007 2.939398 0.144141
v -6.453007 2.939398 0.144141
v -6.453007 3.388786 -0.305245
v -6.488007 3.388786 -0.305245
v -6.453007 2.939399 0.144294
v -6.488007 2.939399 0.144294
v -6.488007 3.346920 0.551817
v -6.453007 3.346920 0.551817
v -6.488008 2.939398 0.988267
v -6.453007 2.939398 0.988267
v -6.453007 3.346861 0.580806
v -6.488008 3.346861 0.580806
v -6.453007 2.939398 0.991015
v -6.488008 2.939398 0.991015
v -6.488007 3.308652 1.360271
v -6.453007 3.308652 1.360271
v -6.488007 2.939398 1.758739
v -6.453007 2.939398 1.758739
v -6.453007 3.308676 1.389463
v -6.488007 3.308676 1.389463
v -6.453007 2.939399 1.760216
v -6.488007 2.939399 1.760216
v -6.488007 3.273344 2.094162
v -6.453007 3.273344 2.094162
v -6.488007 2.939398 2.457525
v -6.453006 2.939398 2.457525
v -6.453007 3.273500 2.123425
v -6.488008 3.273500 2.123425
v -6.453006 2.939398 2.458265
v -6.488007 2.939398 2.458265
v -6.488007 3.241794 2.760660
v -6.453007 3.241794 2.760660
v -6.488007 2.939398 3.092397
v -6.453007 2.939398 3.092397
v -6.453007 3.241493 2.790303
v -6.488007 3.241493 2.790303
v -6.453007 2.939398 3.093899
v -6.488007 2.939398 3.093899
v -6.488006 3.212903 3.367404
v -6.453006 3.212903 3.367404
v -6.488007 2.939397 3.670197
v -6.453006 2.939397 3.670197
v -6.453006 3.212637 3.396959
v -6.488007 3.212637 3.396959
v -6.453006 2.939397 3.672493
v -6.488007 2.939397 3.672493
v -6.488007 3.186485 3.919581
v -6.453007 3.186485 3.919581
v 6.459996 2.925847 4.162824
v 6.459996 3.172145 3.936017
v 6.494996 3.172145 3.936017
v 6.494996 2.925847 4.162824
v 6.486073 2.927848 4.188454
v 6.486073 2.927850 -4.188454
v 6.486072 2.910944 -4.188453
v 6.486072 2.910942 4.188455
v 6.469166 2.927848 4.188454
v 6.469165 2.910942 4.188455
v 6.469166 2.910944 -4.188453
v 6.469166 2.927850 -4.188454
v 6.486073 3.188420 4.187757
v 6.486073 3.587314 -4.189016
v 6.486072 3.570427 -4.189820
v 6.486072 3.171533 4.186953
v 6.469166 3.188420 4.187757
v 6.469165 3.171533 4.186953
v 6.469166 3.570427 -4.189820
v 6.469166 3.587314 -4.189016
v 6.471543 2.950942 4.188455
v 6.471543 3.187848 4.188454
v 6.483449 3.187848 4.188455
v 6.483449 2.950942 4.188455
v 6.471543 2.950942 4.191547
v 6.483449 2.950942 4.191547
v 6.483449 3.187848 4.191547
v 6.471543 3.187848 4.191547
v 6.459996 2.939397 -4.200000
v 6.459996 3.559442 -4.200000
v 6.494996 3.559442 -4.200000
v 6.494996 2.939397 -4.200000
v 6.494996 2.925254 -4.161002
v 6.494996 3.528801 -3.557455
v 6.459996 3.528801 -3.557455
v 6.459996 2.925254 -4.161002
v 6.464996 2.925255 -2.951679
v 6.464995 3.528802 -3.555227
v 6.499996 3.528802 -3.555227
v 6.499996 2.925255 -2.951679
v 6.494996 2.925255 -2.921025
v 6.494996 3.472569 -2.373709
v 6.459996 3.472569 -2.373709
v 6.459996 2.925255 -2.921025
v 6.464996 2.925254 -1.824730
v 6.464995 3.472363 -2.371839
v 6.499995 3.472363 -2.371839
v 6.499996 2.925254 -1.824730
v 6.494996 2.925253 -1.795249
v 6.494996 3.421323 -1.299179
v 6.459996 3.421323 -1.299179
v 6.459996 2.925253 -1.795249
v 6.464996 2.925254 -0.802646
v 6.464995 3.421347 -1.298738
v 6.499996 3.421347 -1.298738
v 6.499996 2.925254 -0.802646
v 6.494996 2.925253 -0.773687
v 6.494996 3.374886 -0.324053
v 6.459996 3.374886 -0.324053
v 6.459996 2.925253 -0.773687
v 6.459996 2.925254 0.129991
v 6.459996 3.374642 -0.319395
v 6.494996 3.374642 -0.319395
v 6.494996 2.925254 0.129991
v 6.494996 2.925253 0.158427
v 6.494996 3.332776 0.565949
v 6.459996 3.332776 0.565949
v 6.459996 2.925253 0.158427
v 6.459996 2.925254 0.974117
v 6.459996 3.332716 0.566655
v 6.494996 3.332716 0.566655
v 6.494996 2.925254 0.974117
v 6.494996 2.925253 1.005149
v 6.494996 3.294508 1.374404
v 6.459996 3.294508 1.374404
v 6.459996 2.925253 1.005149
v 6.459996 2.925254 1.744588
v 6.459996 3.294531 1.375312
v 6.494996 3.294531 1.375312
v 6.494996 2.925254 1.744588
v 6.494996 2.925253 1.774349
v 6.494996 3.259199 2.108295
v 6.459996 3.259199 2.108295
v 6.459996 2.925253 1.774349
v 6.459996 2.925254 2.443376
v 6.459996 3.259356 2.109273
v 6.494996 3.259356 2.109273
v 6.494996 2.925254 2.443376
v 6.494996 2.925252 2.472398
v 6.494996 3.227648 2.774793
v 6.459996 3.227648 2.774793
v 6.459996 2.925252 2.472398
v 6.459996 2.925254 3.078248
v 6.459996 3.227349 2.776151
v 6.494996 3.227349 2.776151
v 6.494996 2.925254 3.078248
v 6.494996 2.925252 3.108032
v 6.494996 3.198759 3.381537
v 6.459996 3.198759 3.381537
v 6.459996 2.925252 3.108032
v 6.459996 2.925254 3.656046
v 6.459996 3.198493 3.382807
v 6.494996 3.198493 3.382807
v 6.494996 2.925254 3.656046
v 6.494996 2.925252 3.686626
v 6.494996 3.172340 3.933714
v 6.459996 3.172340 3.933714
v 6.459996 2.925252 3.686626
v 5.463996 2.925847 4.162825
v 5.463996 3.172146 3.936018
v 5.498996 3.172146 3.936018
v 5.498996 2.925847 4.162825
v 5.490072 2.927848 4.188455
v 5.490072 2.927850 -4.188454
v 5.490072 2.910944 -4.188451
v 5.490072 2.910942 4.188456
v 5.473166 2.927848 4.188455
v 5.473166 2.910942 4.188456
v 5.473166 2.910944 -4.188451
v 5.473166 2.927850 -4.188454
v 5.490073 3.188421 4.187757
v 5.490072 3.587314 -4.189015
v 5.490072 3.570427 -4.189819
v 5.490072 3.171534 4.186954
v 5.473166 3.188421 4.187757
v 5.473166 3.171534 4.186954
v 5.473166 3.570427 -4.189819
v 5.473166 3.587314 -4.189015
v 5.475543 2.950942 4.188455
v 5.475543 3.187848 4.188455
v 5.487449 3.187848 4.188455
v 5.487449 2.950942 4.188455
v 5.475543 2.950942 4.191548
v 5.487449 2.950942 4.191548
v 5.487449 3.187848 4.191548
v 5.475543 3.187848 4.191548
v 5.463996 2.939397 -4.199999
v 5.463996 3.559442 -4.200000
v 5.498996 3.559442 -4.200000
v 5.498996 2.939397 -4.199999
v 5.498996 2.925254 -4.161001
v 5.498996 3.528801 -3.557454
v 5.463996 3.528801 -3.557454
v 5.463996 2.925254 -4.161001
v 5.468996 2.925256 -2.951679
v 5.468996 3.528802 -3.555226
v 5.503995 3.528802 -3.555226
v 5.503996 2.925256 -2.951679
v 5.498996 2.925255 -2.921024
v 5.498996 3.472569 -2.373708
v 5.463996 3.472569 -2.373708
v 5.463996 2.925255 -2.921024
v 5.468996 2.925255 -1.824728
v 5.468995 3.472363 -2.371838
v 5.503995 3.472363 -2.371838
v 5.503995 2.925255 -1.824728
v 5.498996 2.925253 -1.795249
v 5.498996 3.421323 -1.299178
v 5.463996 3.421323 -1.299178
v 5.463995 2.925253 -1.795249
v 5.468996 2.925254 -0.802645
v 5.468996 3.421347 -1.298737
v 5.503995 3.421347 -1.298737
v 5.503996 2.925254 -0.802645
v 5.498996 2.925254 -0.773686
v 5.498996 3.374887 -0.324052
v 5.463996 3.374887 -0.324052
v 5.463996 2.925254 -0.773686
v 5.463996 2.925254 0.129992
v 5.463995 3.374642 -0.319395
v 5.498996 3.374642 -0.319395
v 5.498996 2.925254 0.129992
v 5.498996 2.925254 0.158428
v 5.498996 3.332776 0.565950
v 5.463996 3.332776 0.565950
v 5.463996 2.925254 0.158428
v 5.463996 2.925254 0.974117
v 5.463996 3.332717 0.566656
v 5.498996 3.332717 0.566656
v 5.498996 2.925254 0.974117
v 5.498996 2.925254 1.005149
v 5.498996 3.294508 1.374404
v 5.463996 3.294508 1.374404
v 5.463996 2.925254 1.005149
v 5.463996 2.925254 1.744589
v 5.463996 3.294531 1.375313
v 5.498996 3.294531 1.375313
v 5.498996 2.925254 1.744589
v 5.498996 2.925254 1.774351
v 5.498996 3.259199 2.108295
v 5.463996 3.259199 2.108295
v 5.463996 2.925254 1.774351
v 5.463996 2.925254 2.443376
v 5.463996 3.259356 2.109274
v 5.498996 3.259356 2.109274
v 5.498996 2.925254 2.443376
v 5.498996 2.925254 2.472399
v 5.498996 3.227648 2.774795
v 5.463996 3.227648 2.774795
v 5.463996 2.925254 2.472399
v 5.463996 2.925254 3.078248
v 5.463996 3.227349 2.776152
v 5.498996 3.227349 2.776152
v 5.498996 2.925254 3.078248
v 5.498996 2.925252 3.108032
v 5.498996 3.198759 3.381537
v 5.463996 3.198759 3.381537
v 5.463996 2.925252 3.108032
v 5.463996 2.925254 3.656048
v 5.463995 3.198493 3.382808
v 5.498996 3.198493 3.382808
v 5.498996 2.925254 3.656048
v 5.498996 2.925253 3.686627
v 5.498996 3.172340 3.933716
v 5.463996 3.172340 3.933716
v 5.463996 2.925253 3.686627
v 4.467996 2.925847 4.162826
v 4.467996 3.172146 3.936018
v 4.502996 3.172146 3.936018
v 4.502996 2.925847 4.162826
v 4.494072 2.927849 4.188456
v 4.494072 2.927850 -4.188451
v 4.494072 2.910944 -4.188451
v 4.494072 2.910942 4.188456
v 4.477166 2.927849 4.188456
v 4.477165 2.910942 4.188456
v 4.477165 2.910944 -4.188451
v 4.477166 2.927850 -4.188451
v 4.494072 3.188421 4.187757
v 4.494072 3.587315 -4.189014
v 4.494072 3.570428 -4.189819
v 4.494072 3.171534 4.186954
v 4.477166 3.188421 4.187757
v 4.477166 3.171534 4.186954
v 4.477165 3.570428 -4.189819
v 4.477166 3.587315 -4.189014
v 4.479543 2.950942 4.188456
v 4.479543 3.187849 4.188456
v 4.491449 3.187849 4.188456
v 4.491448 2.950942 4.188456
v 4.479543 2.950942 4.191548
v 4.491448 2.950942 4.191548
v 4.491449 3.187848 4.191548
v 4.479543 3.187848 4.191548
v 4.467996 2.939398 -4.199998
v 4.467996 3.559442 -4.199998
v 4.502996 3.559442 -4.199998
v 4.502996 2.939398 -4.199998
v 4.502996 2.925255 -4.160999
v 4.502996 3.528801 -3.557452
v 4.467996 3.528801 -3.557452
v 4.467996 2.925255 -4.160999
v 4.472996 2.925256 -2.951679
v 4.472996 3.528802 -3.555226
v 4.507996 3.528802 -3.555226
v 4.507996 2.925256 -2.951679
v 4.502995 2.925255 -2.921024
v 4.502996 3.472569 -2.373708
v 4.467996 3.472569 -2.373708
v 4.467996 2.925255 -2.921024
v 4.472996 2.925255 -1.824728
v 4.472995 3.472363 -2.371838
v 4.507995 3.472363 -2.371838
v 4.507996 2.925255 -1.824728
v 4.502995 2.925254 -1.795248
v 4.502995 3.421323 -1.299178
v 4.467996 3.421323 -1.299178
v 4.467996 2.925254 -1.795248
v 4.472996 2.925254 -0.802645
v 4.472995 3.421347 -1.298737
v 4.507996 3.421347 -1.298737
v 4.507996 2.925254 -0.802645
v 4.502995 2.925254 -0.773685
v 4.502995 3.374887 -0.324052
v 4.467996 3.374887 -0.324052
v 4.467996 2.925254 -0.773685
v 4.467996 2.925255 0.129992
v 4.467996 3.374642 -0.319395
v 4.502995 3.374642 -0.319395
v 4.502995 2.925255 0.129992
v 4.502996 2.925254 0.158428
v 4.502996 3.332776 0.565951
v 4.467996 3.332776 0.565951
v 4.467996 2.925254 0.158428
v 4.467996 2.925254 0.974118
v 4.467996 3.332717 0.566656
v 4.502995 3.332717 0.566656
v 4.502996 2.925254 0.974118
v 4.502996 2.925254 1.005150
v 4.502996 3.294508 1.374405
v 4.467996 3.294508 1.374405
v 4.467996 2.925254 1.005150
v 4.467996 2.925254 1.744591
v 4.467996 3.294532 1.375313
v 4.502995 3.294532 1.375313
v 4.502996 2.925254 1.744591
v 4.502996 2.925254 1.774351
v 4.502996 3.259200 2.108296
v 4.467996 3.259200 2.108296
v 4.467996 2.925254 1.774351
v 4.467996 2.925254 2.443377
v 4.467996 3.259356 2.109276
v 4.502995 3.259356 2.109276
v 4.502995 2.925254 2.443377
v 4.502996 2.925254 2.472399
v 4.502996 3.227649 2.774795
v 4.467996 3.227649 2.774795
v 4.467996 2.925254 2.472399
v 4.467996 2.925254 3.078249
v 4.467996 3.227350 2.776154
v 4.502995 3.227350 2.776154
v 4.502995 2.925254 3.078249
v 4.502996 2.925254 3.108032
v 4.502996 3.198759 3.381538
v 4.467996 3.198759 3.381538
v 4.467996 2.925254 3.108032
v 4.467996 2.925254 3.656049
v 4.467996 3.198493 3.382808
v 4.502995 3.198493 3.382808
v 4.502995 2.925254 3.656049
v 4.502995 2.925253 3.686629
v 4.502996 3.172340 3.933716
v 4.467996 3.172340 3.933716
v 4.467996 2.925253 3.686629
v 3.471996 2.925847 4.162826
v 3.471996 3.172146 3.936018
v 3.506996 3.172146 3.936018
v 3.506996 2.925847 4.162826
v 3.498072 2.927849 4.188456
v 3.498072 2.927850 -4.188451
v 3.498072 2.910944 -4.188450
v 3.498072 2.910942 4.188457
v 3.481166 2.927849 4.188456
v 3.481166 2.910942 4.188457
v 3.481165 2.910944 -4.188450
v 3.481166 2.927850 -4.188451
v 3.498072 3.188421 4.187758
v 3.498072 3.587315 -4.189014
v 3.498072 3.570428 -4.189818
v 3.498072 3.171534 4.186954
v 3.481166 3.188421 4.187758
v 3.481165 3.171534 4.186954
v 3.481166 3.570428 -4.189818
v 3.481166 3.587315 -4.189014
v 3.483543 2.950942 4.188457
v 3.483543 3.187849 4.188457
v 3.495448 3.187849 4.188457
v 3.495449 2.950942 4.188457
v 3.483543 2.950942 4.191549
v 3.495449 2.950942 4.191549
v 3.495448 3.187849 4.191549
v 3.483542 3.187849 4.191549
v 3.471996 2.939398 -4.199998
v 3.471996 3.559442 -4.199998
v 3.506996 3.559442 -4.199998
v 3.506996 2.939398 -4.199998
v 3.506996 2.925255 -4.160999
v 3.506996 3.528801 -3.557452
v 3.471996 3.528801 -3.557452
v 3.471996 2.925255 -4.160999
v 3.476995 2.925256 -2.951678
v 3.476995 3.528802 -3.555224
v 3.511995 3.528802 -3.555224
v 3.511996 2.925256 -2.951678
v 3.506996 2.925255 -2.921022
v 3.506996 3.472569 -2.373708
v 3.471996 3.472569 -2.373708
v 3.471996 2.925255 -2.921022
v 3.476995 2.925255 -1.824728
v 3.476995 3.472363 -2.371836
v 3.511995 3.472363 -2.371836
v 3.511996 2.925255 -1.824728
v 3.506996 2.925254 -1.795246
v 3.506995 3.421324 -1.299177
v 3.471995 3.421324 -1.299177
v 3.471996 2.925254 -1.795246
v 3.476995 2.925255 -0.802644
v 3.476995 3.421348 -1.298736
v 3.511995 3.421348 -1.298736
v 3.511996 2.925255 -0.802644
v 3.506996 2.925254 -0.773685
v 3.506996 3.374887 -0.324051
v 3.471996 3.374887 -0.324051
v 3.471996 2.925254 -0.773685
v 3.471996 2.925255 0.129992
v 3.471995 3.374642 -0.319394
v 3.506995 3.374642 -0.319394
v 3.506996 2.925255 0.129992
v 3.506996 2.925254 0.158429
v 3.506996 3.332776 0.565951
v 3.471996 3.332776 0.565951
v 3.471996 2.925254 0.158429
v 3.471996 2.925255 0.974118
v 3.471996 3.332717 0.566657
v 3.506996 3.332717 0.566657
v 3.506996 2.925255 0.974118
v 3.506996 2.925254 1.005150
v 3.506996 3.294508 1.374405
v 3.471996 3.294508 1.374405
v 3.471996 2.925254 1.005150
v 3.471996 2.925255 1.744591
v 3.471995 3.294532 1.375314
v 3.506995 3.294532 1.375314
v 3.506996 2.925255 1.744591
v 3.506996 2.925254 1.774351
v 3.506996 3.259200 2.108298
v 3.471996 3.259200 2.108298
v 3.471996 2.925254 1.774351
v 3.471996 2.925255 2.443377
v 3.471996 3.259356 2.109276
v 3.506996 3.259356 2.109276
v 3.506996 2.925255 2.443377
v 3.506996 2.925254 2.472399
v 3.506996 3.227649 2.774796
v 3.471996 3.227649 2.774796
v 3.471996 2.925254 2.472399
v 3.471996 2.925255 3.078249
v 3.471996 3.227350 2.776154
v 3.506996 3.227350 2.776154
v 3.506996 2.925255 3.078249
v 3.506996 2.925254 3.108033
v 3.506996 3.198760 3.381540
v 3.471996 3.198760 3.381540
v 3.471996 2.925254 3.108033
v 3.471996 2.925255 3.656049
v 3.471995 3.198493 3.382809
v 3.506995 3.198493 3.382809
v 3.506996 2.925255 3.656049
v 3.506996 2.925253 3.686629
v 3.506996 3.172341 3.933717
v 3.471996 3.172341 3.933717
v 3.471996 2.925253 3.686629
v 2.475996 2.925848 4.162827
v 2.475996 3.172146 3.936018
v 2.510996 3.172146 3.936018
v 2.510996 2.925848 4.162827
v 2.502072 2.927849 4.188457
v 2.502071 2.927851 -4.188451
v 2.502072 2.910945 -4.188449
v 2.502072 2.910943 4.188457
v 2.485166 2.927849 4.188457
v 2.485165 2.910943 4.188457
v 2.485165 2.910945 -4.188449
v 2.485165 2.927851 -4.188451
v 2.502072 3.188421 4.187759
v 2.502072 3.587315 -4.189013
v 2.502072 3.570428 -4.189817
v 2.502072 3.171534 4.186954
v 2.485166 3.188421 4.187759
v 2.485165 3.171534 4.186954
v 2.485165 3.570428 -4.189817
v 2.485166 3.587315 -4.189013
v 2.487543 2.950942 4.188457
v 2.487543 3.187849 4.188457
v 2.499448 3.187849 4.188457
v 2.499449 2.950942 4.188457
v 2.487543 2.950942 4.191550
v 2.499449 2.950942 4.191550
v 2.499448 3.187849 4.191550
v 2.487542 3.187849 4.191550
v 2.475996 2.939398 -4.199997
v 2.475996 3.559442 -4.199998
v 2.510996 3.559442 -4.199998
v 2.510996 2.939398 -4.199997
v 2.510996 2.925255 -4.160998
v 2.510996 3.528801 -3.557451
v 2.475996 3.528801 -3.557451
v 2.475996 2.925255 -4.160998
v 2.480995 2.925256 -2.951677
v 2.480995 3.528802 -3.555223
v 2.515995 3.528802 -3.555223
v 2.515996 2.925256 -2.951677
v 2.510996 2.925255 -2.921021
v 2.510996 3.472569 -2.373707
v 2.475996 3.472569 -2.373707
v 2.475996 2.925255 -2.921021
v 2.480995 2.925255 -1.824728
v 2.480995 3.472363 -2.371835
v 2.515995 3.472363 -2.371835
v 2.515996 2.925255 -1.824728
v 2.510996 2.925254 -1.795246
v 2.510995 3.421324 -1.299176
v 2.475995 3.421324 -1.299176
v 2.475996 2.925254 -1.795246
v 2.480995 2.925255 -0.802643
v 2.480995 3.421348 -1.298735
v 2.515995 3.421348 -1.298735
v 2.515996 2.925255 -0.802643
v 2.510996 2.925254 -0.773684
v 2.510996 3.374887 -0.324050
v 2.475996 3.374887 -0.324050
v 2.475996 2.925254 -0.773684
v 2.475996 2.925255 0.129993
v 2.475995 3.374642 -0.319393
v 2.510995 3.374642 -0.319393
v 2.510996 2.925255 0.129993
v 2.510996 2.925254 0.158430
v 2.510996 3.332776 0.565952
v 2.475996 3.332776 0.565952
v 2.475996 2.925254 0.158430
v 2.475996 2.925255 0.974119
v 2.475996 3.332717 0.566658
v 2.510996 3.332717 0.566658
v 2.510996 2.925255 0.974119
v 2.510996 2.925254 1.005152
v 2.510996 3.294508 1.374406
v 2.475996 3.294508 1.374406
v 2.475996 2.925254 1.005152
v 2.475996 2.925255 1.744591
v 2.475995 3.294532 1.375315
v 2.510995 3.294532 1.375315
v 2.510996 2.925255 1.744591
v 2.510996 2.925254 1.774352
v 2.510996 3.259200 2.108298
v 2.475996 3.259200 2.108298
v 2.475996 2.925254 1.774352
v 2.475996 2.925255 2.443377
v 2.475996 3.259356 2.109277
v 2.510996 3.259356 2.109277
v 2.510996 2.925255 2.443377
v 2.510996 2.925254 2.472400
v 2.510996 3.227649 2.774796
v 2.475996 3.227649 2.774796
v 2.475996 2.925254 2.472400
v 2.475996 2.925255 3.078249
v 2.475996 3.227350 2.776155
v 2.510996 3.227350 2.776155
v 2.510996 2.925255 3.078249
v 2.510996 2.925254 3.108034
v 2.510996 3.198760 3.381540
v 2.475996 3.198760 3.381540
v 2.475996 2.925254 3.108034
v 2.475996 2.925255 3.656049
v 2.475995 3.198493 3.382811
v 2.510995 3.198493 3.382811
v 2.510996 2.925255 3.656049
v 2.510996 2.925253 3.686630
v 2.510996 3.172341 3.933717
v 2.475996 3.172341 3.933717
v 2.475996 2.925253 3.686630
v 1.479996 2.925848 4.162827
v 1.479996 3.172146 3.936019
v 1.514996 3.172146 3.936019
v 1.514996 2.925848 4.162827
v 1.506071 2.927849 4.188457
v 1.506072 2.927851 -4.188449
v 1.506072 2.910945 -4.188449
v 1.506071 2.910943 4.188457
v 1.489165 2.927849 4.188457
v 1.489165 2.910943 4.188457
v 1.489165 2.910945 -4.188449
v 1.489165 2.927851 -4.188449
v 1.506072 3.188421 4.187759
v 1.506072 3.587315 -4.189013
v 1.506072 3.570428 -4.189817
v 1.506072 3.171534 4.186955
v 1.489165 3.188421 4.187759
v 1.489165 3.171534 4.186955
v 1.489165 3.570428 -4.189817
v 1.489166 3.587315 -4.189013
v 1.491542 2.950943 4.188457
v 1.491542 3.187849 4.188457
v 1.503448 3.187849 4.188457
v 1.503448 2.950943 4.188457
v 1.491542 2.950942 4.191550
v 1.503448 2.950942 4.191550
v 1.503448 3.187849 4.191550
v 1.491542 3.187849 4.191550
v 1.479996 2.939398 -4.199996
v 1.479996 3.559443 -4.199996
v 1.514996 3.559443 -4.199996
v 1.514996 2.939398 -4.199996
v 1.514996 2.925255 -4.160997
v 1.514996 3.528802 -3.557451
v 1.479996 3.528802 -3.557451
v 1.479996 2.925255 -4.160997
v 1.484995 2.925256 -2.951675
v 1.484995 3.528804 -3.555223
v 1.519995 3.528804 -3.555223
v 1.519995 2.925256 -2.951675
v 1.514995 2.925256 -2.921021
v 1.514995 3.472569 -2.373707
v 1.479995 3.472569 -2.373707
v 1.479995 2.925256 -2.921021
v 1.484995 2.925255 -1.824727
v 1.484995 3.472363 -2.371835
v 1.519995 3.472363 -2.371835
v 1.519995 2.925255 -1.824727
v 1.514995 2.925254 -1.795246
v 1.514995 3.421324 -1.299176
v 1.479995 3.421324 -1.299176
v 1.479995 2.925254 -1.795246
v 1.484995 2.925255 -0.802643
v 1.484995 3.421348 -1.298735
v 1.519995 3.421348 -1.298735
v 1.519995 2.925255 -0.802643
v 1.514995 2.925254 -0.773683
v 1.514996 3.374887 -0.324049
v 1.479995 3.374887 -0.324049
v 1.479995 2.925254 -0.773683
v 1.479995 2.925255 0.129994
v 1.479995 3.374643 -0.319393
v 1.514995 3.374643 -0.319393
v 1.514995 2.925255 0.129994
v 1.514995 2.925254 0.158430
v 1.514996 3.332777 0.565953
v 1.479995 3.332777 0.565953
v 1.479995 2.925254 0.158430
v 1.479996 2.925255 0.974120
v 1.479995 3.332717 0.566658
v 1.514995 3.332717 0.566658
v 1.514996 2.925255 0.974120
v 1.514996 2.925254 1.005152
v 1.514996 3.294508 1.374407
v 1.479996 3.294508 1.374407
v 1.479996 2.925254 1.005152
v 1.479996 2.925255 1.744591
v 1.479996 3.294532 1.375315
v 1.514996 3.294532 1.375315
v 1.514996 2.925255 1.744591
v 1.514996 2.925254 1.774352
v 1.514996 3.259200 2.108299
v 1.479995 3.259200 2.108299
v 1.479996 2.925254 1.774352
v 1.479995 2.925255 2.443378
v 1.479995 3.259356 2.109277
v 1.514995 3.259356 2.109277
v 1.514995 2.925255 2.443378
v 1.514995 2.925254 2.472400
v 1.514996 3.227649 2.774796
v 1.479995 3.227649 2.774796
v 1.479995 2.925254 2.472400
v 1.479996 2.925255 3.078250
v 1.479995 3.227350 2.776155
v 1.514995 3.227350 2.776155
v 1.514996 2.925255 3.078250
v 1.514996 2.925254 3.108034
v 1.514996 3.198760 3.381541
v 1.479996 3.198760 3.381541
v 1.479996 2.925254 3.108034
v 1.479995 2.925255 3.656050
v 1.479995 3.198493 3.382811
v 1.514995 3.198493 3.382811
v 1.514995 2.925255 3.656050
v 1.514996 2.925253 3.686630
v 1.514996 3.172341 3.933717
v 1.479996 3.172341 3.933717
v 1.479996 2.925253 3.686630
v 0.483995 2.925848 4.162827
v 0.483995 3.172147 3.936020
v 0.518995 3.172147 3.936020
v 0.518995 2.925848 4.162827
v 0.510071 2.927849 4.188457
v 0.510071 2.927851 -4.188449
v 0.510072 2.910945 -4.188448
v 0.510071 2.910943 4.188458
v 0.493165 2.927849 4.188457
v 0.493165 2.910943 4.188458
v 0.493165 2.910945 -4.188448
v 0.493165 2.927851 -4.188449
v 0.510072 3.188422 4.187760
v 0.510071 3.587315 -4.189013
v 0.510071 3.570428 -4.189816
v 0.510071 3.171534 4.186955
v 0.493165 3.188422 4.187760
v 0.493165 3.171534 4.186955
v 0.493165 3.570428 -4.189816
v 0.493165 3.587315 -4.189013
v 0.495542 2.950943 4.188457
v 0.495542 3.187849 4.188457
v 0.507448 3.187849 4.188457
v 0.507448 2.950943 4.188457
v 0.495542 2.950943 4.191552
v 0.507448 2.950943 4.191552
v 0.507448 3.187849 4.191552
v 0.495542 3.187849 4.191552
v 0.483995 2.939399 -4.199996
v 0.483995 3.559443 -4.199996
v 0.518995 3.559443 -4.199996
v 0.518995 2.939399 -4.199996
v 0.518995 2.925256 -4.160997
v 0.518995 3.528802 -3.557451
v 0.483995 3.528802 -3.557451
v 0.483995 2.925256 -4.160997
v 0.488995 2.925256 -2.951675
v 0.488995 3.528804 -3.555223
v 0.523995 3.528804 -3.555223
v 0.523995 2.925256 -2.951675
v 0.518995 2.925256 -2.921021
v 0.518995 3.472569 -2.373706
v 0.483995 3.472569 -2.373706
v 0.483995 2.925256 -2.921021
v 0.488995 2.925256 -1.824727
v 0.488995 3.472363 -2.371835
v 0.523994 3.472363 -2.371835
v 0.523995 2.925256 -1.824727
v 0.518995 2.925254 -1.795245
v 0.518995 3.421324 -1.299175
v 0.483995 3.421324 -1.299175
v 0.483995 2.925254 -1.795245
v 0.488995 2.925255 -0.802642
v 0.488995 3.421348 -1.298734
v 0.523995 3.421348 -1.298734
v 0.523995 2.925255 -0.802642
v 0.518995 2.925255 -0.773683
v 0.518995 3.374887 -0.324049
v 0.483995 3.374887 -0.324049
v 0.483995 2.925255 -0.773683
v 0.483995 2.925255 0.129994
v 0.483995 3.374643 -0.319392
v 0.518995 3.374643 -0.319392
v 0.518995 2.925255 0.129994
v 0.518995 2.925255 0.158431
v 0.518995 3.332777 0.565954
v 0.483995 3.332777 0.565954
v 0.483995 2.925255 0.158431
v 0.483995 2.925255 0.974120
v 0.483995 3.332718 0.566659
v 0.518995 3.332718 0.566659
v 0.518995 2.925255 0.974120
v 0.518995 2.925255 1.005152
v 0.518996 3.294509 1.374407
v 0.483995 3.294509 1.374407
v 0.483995 2.925255 1.005152
v 0.483995 2.925255 1.744592
v 0.483995 3.294532 1.375316
v 0.518995 3.294532 1.375316
v 0.518995 2.925255 1.744592
v 0.518995 2.925255 1.774354
v 0.518995 3.259200 2.108299
v 0.483995 3.259200 2.108299
v 0.483995 2.925255 1.774354
v 0.483995 2.925255 2.443378
v 0.483995 3.259357 2.109277
v 0.518995 3.259357 2.109277
v 0.518995 2.925255 2.443378
v 0.518995 2.925255 2.472401
v 0.518995 3.227649 2.774797
v 0.483995 3.227649 2.774797
v 0.483995 2.925255 2.472401
v 0.483995 2.925255 3.078250
v 0.483995 3.227350 2.776155
v 0.518995 3.227350 2.776155
v 0.518995 2.925255 3.078250
v 0.518995 2.925254 3.108036
v 0.518995 3.198760 3.381541
v 0.483995 3.198760 3.381541
v 0.483995 2.925254 3.108036
v 0.483995 2.925255 3.656050
v 0.483995 3.198494 3.382812
v 0.518995 3.198494 3.382812
v 0.518995 2.925255 3.656050
v 0.518995 2.925254 3.686630
v 0.518995 3.172341 3.933718
v 0.483995 3.172341 3.933718
v 0.483995 2.925254 3.686630
v -0.512005 2.925848 4.162828
v -0.512005 3.172147 3.936020
v -0.477005 3.172147 3.936020
v -0.477005 2.925848 4.162828
v -0.485929 2.927849 4.188458
v -0.485929 2.927851 -4.188448
v -0.485929 2.910945 -4.188447
v -0.485929 2.910943 4.188458
v -0.502835 2.927849 4.188458
v -0.502836 2.910943 4.188458
v -0.502835 2.910945 -4.188447
v -0.502835 2.927851 -4.188448
v -0.485929 3.188422 4.187761
v -0.485929 3.587316 -4.189011
v -0.485929 3.570429 -4.189816
v -0.485929 3.171535 4.186956
v -0.502835 3.188422 4.187761
v -0.502835 3.171535 4.186956
v -0.502835 3.570429 -4.189816
v -0.502835 3.587316 -4.189011
v -0.500458 2.950943 4.188458
v -0.500458 3.187849 4.188458
v -0.488553 3.187849 4.188458
v -0.488553 2.950943 4.188458
v -0.500458 2.950943 4.191553
v -0.488553 2.950943 4.191553
v -0.488553 3.187849 4.191553
v -0.500458 3.187849 4.191553
v -0.512005 2.939399 -4.199996
v -0.512005 3.559443 -4.199996
v -0.477005 3.559443 -4.199996
v -0.477005 2.939399 -4.199996
v -0.477005 2.925256 -4.160996
v -0.477005 3.528802 -3.557450
v -0.512005 3.528802 -3.557450
v -0.512005 2.925256 -4.160996
v -0.507005 2.925256 -2.951674
v -0.507005 3.528804 -3.555223
v -0.472005 3.528804 -3.555223
v -0.472005 2.925256 -2.951674
v -0.477005 2.925256 -2.921020
v -0.477005 3.472570 -2.373704
v -0.512005 3.472570 -2.373704
v -0.512005 2.925256 -2.921020
v -0.507005 2.925256 -1.824726
v -0.507006 3.472364 -2.371834
v -0.472006 3.472364 -2.371834
v -0.472005 2.925256 -1.824726
v -0.477005 2.925255 -1.795245
v -0.477005 3.421324 -1.299174
v -0.512005 3.421324 -1.299174
v -0.512005 2.925255 -1.795245
v -0.507005 2.925255 -0.802640
v -0.507005 3.421348 -1.298733
v -0.472005 3.421348 -1.298733
v -0.472005 2.925255 -0.802640
v -0.477005 2.925255 -0.773682
v -0.477005 3.374888 -0.324048
v -0.512005 3.374888 -0.324048
v -0.512005 2.925255 -0.773682
v -0.512005 2.925256 0.129995
v -0.512005 3.374643 -0.319391
v -0.477005 3.374643 -0.319391
v -0.477005 2.925256 0.129995
v -0.477005 2.925255 0.158432
v -0.477005 3.332777 0.565954
v -0.512005 3.332777 0.565954
v -0.512005 2.925255 0.158432
v -0.512005 2.925256 0.974121
v -0.512005 3.332718 0.566659
v -0.477005 3.332718 0.566659
v -0.477005 2.925256 0.974121
v -0.477005 2.925255 1.005153
v -0.477005 3.294509 1.374408
v -0.512005 3.294509 1.374408
v -0.512005 2.925255 1.005153
v -0.512005 2.925256 1.744594
v -0.512005 3.294533 1.375317
v -0.477005 3.294533 1.375317
v -0.477005 2.925256 1.744594
v -0.477005 2.925255 1.774354
v -0.477005 3.259201 2.108299
v -0.512005 3.259201 2.108299
v -0.512005 2.925255 1.774354
v -0.512005 2.925256 2.443379
v -0.512005 3.259357 2.109278
v -0.477005 3.259357 2.109278
v -0.477005 2.925256 2.443379
v -0.477005 2.925255 2.472403
v -0.477005 3.227650 2.774797
v -0.512005 3.227650 2.774797
v -0.512005 2.925255 2.472403
v -0.512005 2.925256 3.078251
v -0.512005 3.227350 2.776156
v -0.477005 3.227350 2.776156
v -0.477005 2.925256 3.078251
v -0.477005 2.925255 3.108037
v -0.477005 3.198760 3.381541
v -0.512005 3.198760 3.381541
v -0.512005 2.925255 3.108037
v -0.512005 2.925256 3.656051
v -0.512005 3.198494 3.382812
v -0.477005 3.198494 3.382812
v -0.477005 2.925255 3.656051
v -0.477005 2.925254 3.686631
v -0.477005 3.172341 3.933718
v -0.512005 3.172341 3.933718
v -0.512005 2.925254 3.686631
v -1.508005 2.925848 4.162828
v -1.508005 3.172147 3.936022
v -1.473005 3.172147 3.936022
v -1.473005 2.925848 4.162828
v -1.481929 2.927850 4.188458
v -1.481929 2.927851 -4.188447
v -1.481929 2.910945 -4.188447
v -1.481930 2.910943 4.188459
v -1.498836 2.927850 4.188458
v -1.498836 2.910943 4.188459
v -1.498836 2.910945 -4.188447
v -1.498836 2.927851 -4.188447
v -1.481929 3.188422 4.187761
v -1.481929 3.587316 -4.189011
v -1.481929 3.570429 -4.189816
v -1.481929 3.171535 4.186957
v -1.498836 3.188422 4.187761
v -1.498836 3.171535 4.186957
v -1.498836 3.570429 -4.189816
v -1.498835 3.587316 -4.189011
v -1.496459 2.950943 4.188459
v -1.496459 3.187850 4.188458
v -1.484553 3.187850 4.188458
v -1.484553 2.950943 4.188459
v -1.496459 2.950943 4.191554
v -1.484553 2.950943 4.191554
v -1.484553 3.187849 4.191553
v -1.496459 3.187849 4.191553
v -1.508005 2.939399 -4.199996
v -1.508005 3.559443 -4.199996
v -1.473005 3.559443 -4.199996
v -1.473005 2.939399 -4.199996
v -1.473005 2.925256 -4.160995
v -1.473005 3.528802 -3.557449
v -1.508005 3.528802 -3.557449
v -1.508005 2.925256 -4.160995
v -1.503006 2.925256 -2.951674
v -1.503006 3.528804 -3.555222
v -1.468006 3.528804 -3.555222
v -1.468006 2.925256 -2.951674
v -1.473006 2.925256 -2.921020
v -1.473006 3.472570 -2.373704
v -1.508006 3.472570 -2.373704
v -1.508006 2.925256 -2.921020
v -1.503006 2.925256 -1.824725
v -1.503006 3.472364 -2.371833
v -1.468006 3.472364 -2.371833
v -1.468006 2.925256 -1.824725
v -1.473006 2.925255 -1.795244
v -1.473006 3.421324 -1.299174
v -1.508006 3.421324 -1.299174
v -1.508006 2.925255 -1.795244
v -1.503006 2.925256 -0.802640
v -1.503006 3.421349 -1.298733
v -1.468006 3.421349 -1.298733
v -1.468006 2.925256 -0.802640
v -1.473006 2.925255 -0.773681
v -1.473005 3.374888 -0.324048
v -1.508006 3.374888 -0.324048
v -1.508006 2.925255 -0.773681
v -1.508006 2.925256 0.129996
v -1.508006 3.374643 -0.319391
v -1.473006 3.374643 -0.319391
v -1.473006 2.925256 0.129996
v -1.473006 2.925255 0.158432
v -1.473005 3.332777 0.565955
v -1.508006 3.332777 0.565955
v -1.508006 2.925255 0.158432
v -1.508005 2.925256 0.974122
v -1.508006 3.332718 0.566660
v -1.473006 3.332718 0.566660
v -1.473005 2.925256 0.974122
v -1.473005 2.925255 1.005153
v -1.473005 3.294509 1.374409
v -1.508005 3.294509 1.374409
v -1.508005 2.925255 1.005154
v -1.508005 2.925256 1.744594
v -1.508005 3.294533 1.375317
v -1.473005 3.294533 1.375317
v -1.473005 2.925256 1.744594
v -1.473005 2.925255 1.774354
v -1.473005 3.259201 2.108300
v -1.508006 3.259201 2.108300
v -1.508005 2.925255 1.774354
v -1.508006 2.925256 2.443381
v -1.508006 3.259357 2.109278
v -1.473006 3.259357 2.109278
v -1.473006 2.925256 2.443381
v -1.473006 2.925255 2.472403
v -1.473005 3.227650 2.774798
v -1.508006 3.227650 2.774798
v -1.508006 2.925255 2.472403
v -1.508005 2.925256 3.078253
v -1.508006 3.227350 2.776157
v -1.473006 3.227350 2.776157
v -1.473005 2.925256 3.078253
v -1.473005 2.925255 3.108037
v -1.473005 3.198761 3.381542
v -1.508005 3.198761 3.381542
v -1.508005 2.925255 3.108037
v -1.508006 2.925256 3.656053
v -1.508006 3.198494 3.382812
v -1.473006 3.198494 3.382812
v -1.473006 2.925256 3.656053
v -1.473005 2.925254 3.686632
v -1.473005 3.172342 3.933719
v -1.508005 3.172342 3.933719
v -1.508005 2.925254 3.686632
v -2.504006 2.925849 4.162829
v -2.504006 3.172147 3.936023
v -2.469005 3.172147 3.936023
v -2.469005 2.925849 4.162829
v -2.477929 2.927850 4.188459
v -2.477931 2.927852 -4.188447
v -2.477930 2.910945 -4.188447
v -2.477930 2.910943 4.188460
v -2.494836 2.927850 4.188459
v -2.494835 2.910943 4.188460
v -2.494837 2.910945 -4.188447
v -2.494836 2.927852 -4.188447
v -2.477929 3.188422 4.187762
v -2.477930 3.587316 -4.189011
v -2.477930 3.570429 -4.189815
v -2.477930 3.171535 4.186957
v -2.494835 3.188422 4.187762
v -2.494835 3.171535 4.186958
v -2.494836 3.570429 -4.189815
v -2.494836 3.587316 -4.189011
v -2.492459 2.950943 4.188459
v -2.492460 3.187850 4.188459
v -2.480552 3.187850 4.188459
v -2.480553 2.950943 4.188459
v -2.492460 2.950943 4.191554
v -2.480552 2.950943 4.191554
v -2.480553 3.187850 4.191554
v -2.492459 3.187850 4.191554
v -2.504006 2.939399 -4.199996
v -2.504006 3.559444 -4.199996
v -2.469006 3.559444 -4.199996
v -2.469006 2.939399 -4.199996
v -2.469006 2.925256 -4.160995
v -2.469005 3.528804 -3.557449
v -2.504006 3.528804 -3.557447
v -2.504006 2.925256 -4.160995
v -2.499005 2.925256 -2.951674
v -2.499006 3.528805 -3.555221
v -2.464006 3.528805 -3.555221
v -2.464005 2.925256 -2.951674
v -2.469005 2.925256 -2.921019
v -2.469005 3.472570 -2.373703
v -2.504005 3.472570 -2.373703
v -2.504005 2.925256 -2.921019
v -2.499006 2.925256 -1.824725
v -2.499006 3.472364 -2.371833
v -2.464006 3.472364 -2.371833
v -2.464006 2.925256 -1.824725
v -2.469006 2.925255 -1.795243
v -2.469005 3.421325 -1.299173
v -2.504005 3.421325 -1.299173
v -2.504006 2.925255 -1.795243
v -2.499006 2.925256 -0.802640
v -2.499006 3.421349 -1.298732
v -2.464005 3.421349 -1.298732
v -2.464005 2.925256 -0.802640
v -2.469005 2.925255 -0.773681
v -2.469006 3.374888 -0.324048
v -2.504006 3.374888 -0.324047
v -2.504006 2.925255 -0.773681
v -2.504006 2.925256 0.129997
v -2.504006 3.374644 -0.319390
v -2.469006 3.374644 -0.319390
v -2.469006 2.925256 0.129996
v -2.469006 2.925255 0.158432
v -2.469006 3.332777 0.565955
v -2.504006 3.332777 0.565955
v -2.504006 2.925255 0.158432
v -2.504007 2.925256 0.974122
v -2.504007 3.332718 0.566661
v -2.469006 3.332718 0.566661
v -2.469006 2.925256 0.974122
v -2.469006 2.925255 1.005154
v -2.469006 3.294509 1.374409
v -2.504006 3.294509 1.374409
v -2.504007 2.925255 1.005154
v -2.504006 2.925256 1.744594
v -2.504006 3.294533 1.375318
v -2.469006 3.294533 1.375318
v -2.469006 2.925256 1.744594
v -2.469005 2.925255 1.774356
v -2.469006 3.259201 2.108301
v -2.504006 3.259201 2.108301
v -2.504005 2.925255 1.774356
v -2.504006 2.925256 2.443381
v -2.504007 3.259357 2.109279
v -2.469006 3.259357 2.109279
v -2.469005 2.925256 2.443381
v -2.469005 2.925255 2.472404
v -2.469006 3.227650 2.774800
v -2.504006 3.227650 2.774800
v -2.504006 2.925255 2.472404
v -2.504006 2.925256 3.078253
v -2.504006 3.227350 2.776157
v -2.469006 3.227350 2.776157
v -2.469006 2.925256 3.078253
v -2.469006 2.925255 3.108037
v -2.469005 3.198761 3.381543
v -2.504005 3.198761 3.381543
v -2.504006 2.925255 3.108037
v -2.504006 2.925256 3.656053
v -2.504006 3.198494 3.382813
v -2.469005 3.198494 3.382813
v -2.469005 2.925256 3.656053
v -2.469005 2.925254 3.686632
v -2.469006 3.172342 3.933721
v -2.504006 3.172342 3.933721
v -2.504006 2.925254 3.686632
v -3.500006 2.925849 4.162830
v -3.500006 3.172147 3.936023
v -3.465005 3.172147 3.936023
v -3.465005 2.925849 4.162830
v -3.473929 2.927850 4.188460
v -3.473931 2.927852 -4.188447
v -3.473930 2.910945 -4.188447
v -3.473930 2.910944 4.188460
v -3.490836 2.927850 4.188460
v -3.490836 2.910944 4.188460
v -3.490838 2.910945 -4.188447
v -3.490837 2.927852 -4.188447
v -3.473930 3.188422 4.187764
v -3.473930 3.587316 -4.189009
v -3.473930 3.570429 -4.189814
v -3.473930 3.171535 4.186958
v -3.490836 3.188422 4.187764
v -3.490837 3.171535 4.186958
v -3.490837 3.570429 -4.189814
v -3.490837 3.587316 -4.189009
v -3.488460 2.950944 4.188460
v -3.488459 3.187850 4.188460
v -3.476552 3.187850 4.188460
v -3.476552 2.950944 4.188460
v -3.488459 2.950943 4.191555
v -3.476553 2.950943 4.191555
v -3.476553 3.187849 4.191554
v -3.488460 3.187850 4.191555
v -3.500006 2.939399 -4.199994
v -3.500006 3.559444 -4.199995
v -3.465006 3.559444 -4.199995
v -3.465006 2.939399 -4.199994
v -3.465006 2.925256 -4.160995
v -3.465005 3.528804 -3.557447
v -3.500006 3.528804 -3.557447
v -3.500006 2.925256 -4.160995
v -3.495005 2.925256 -2.951673
v -3.495006 3.528805 -3.555221
v -3.460006 3.528805 -3.555221
v -3.460005 2.925256 -2.951673
v -3.465005 2.925256 -2.921017
v -3.465005 3.472570 -2.373703
v -3.500005 3.472570 -2.373703
v -3.500005 2.925256 -2.921017
v -3.495006 2.925256 -1.824723
v -3.495006 3.472364 -2.371831
v -3.460006 3.472364 -2.371831
v -3.460006 2.925256 -1.824723
v -3.465006 2.925255 -1.795243
v -3.465005 3.421325 -1.299172
v -3.500005 3.421325 -1.299172
v -3.500006 2.925255 -1.795243
v -3.495006 2.925256 -0.802639
v -3.495006 3.421349 -1.298731
v -3.460005 3.421349 -1.298731
v -3.460005 2.925256 -0.802639
v -3.465005 2.925255 -0.773679
v -3.465006 3.374888 -0.324047
v -3.500006 3.374888 -0.324047
v -3.500006 2.925256 -0.773679
v -3.500006 2.925256 0.129997
v -3.500006 3.374644 -0.319389
v -3.465006 3.374644 -0.319389
v -3.465006 2.925256 0.129997
v -3.465006 2.925255 0.158433
v -3.465006 3.332778 0.565956
v -3.500006 3.332778 0.565956
v -3.500006 2.925256 0.158433
v -3.500007 2.925256 0.974123
v -3.500007 3.332718 0.566662
v -3.465006 3.332718 0.566661
v -3.465006 2.925256 0.974123
v -3.465006 2.925255 1.005155
v -3.465006 3.294509 1.374410
v -3.500006 3.294509 1.374410
v -3.500007 2.925255 1.005155
v -3.500006 2.925256 1.744596
v -3.500006 3.294533 1.375319
v -3.465006 3.294533 1.375319
v -3.465006 2.925256 1.744596
v -3.465005 2.925255 1.774356
v -3.465006 3.259201 2.108301
v -3.500006 3.259201 2.108301
v -3.500005 2.925255 1.774356
v -3.500006 2.925256 2.443382
v -3.500007 3.259357 2.109281
v -3.465006 3.259357 2.109281
v -3.465005 2.925256 2.443382
v -3.465005 2.925255 2.472404
v -3.465006 3.227650 2.774800
v -3.500006 3.227650 2.774800
v -3.500006 2.925255 2.472404
v -3.500006 2.925256 3.078254
v -3.500006 3.227350 2.776159
v -3.465006 3.227350 2.776159
v -3.465006 2.925256 3.078254
v -3.465006 2.925255 3.108037
v -3.465005 3.198761 3.381543
v -3.500005 3.198761 3.381543
v -3.500006 2.925255 3.108037
v -3.500006 2.925256 3.656054
v -3.500006 3.198494 3.382813
v -3.465005 3.198494 3.382813
v -3.465005 2.925256 3.656054
v -3.465005 2.925255 3.686634
v -3.465006 3.172342 3.933721
v -3.500006 3.172342 3.933721
v -3.500006 2.925255 3.686634
v -4.496006 2.925849 4.162830
v -4.496006 3.172148 3.936023
v -4.461006 3.172147 3.936023
v -4.461006 2.925849 4.162830
v -4.469929 2.927850 4.188460
v -4.469931 2.927852 -4.188447
v -4.469930 2.910946 -4.188447
v -4.469930 2.910944 4.188461
v -4.486837 2.927850 4.188460
v -4.486836 2.910944 4.188461
v -4.486838 2.910946 -4.188447
v -4.486837 2.927852 -4.188447
v -4.469930 3.188423 4.187764
v -4.469930 3.587316 -4.189009
v -4.469930 3.570429 -4.189814
v -4.469930 3.171535 4.186959
v -4.486837 3.188423 4.187764
v -4.486836 3.171535 4.186959
v -4.486836 3.570429 -4.189814
v -4.486837 3.587316 -4.189009
v -4.484460 2.950944 4.188461
v -4.484459 3.187850 4.188460
v -4.472554 3.187850 4.188460
v -4.472553 2.950944 4.188461
v -4.484459 2.950944 4.191556
v -4.472554 2.950944 4.191556
v -4.472553 3.187850 4.191555
v -4.484460 3.187850 4.191555
v -4.496006 2.939400 -4.199994
v -4.496006 3.559444 -4.199994
v -4.461007 3.559444 -4.199994
v -4.461007 2.939400 -4.199994
v -4.461007 2.925257 -4.160994
v -4.461006 3.528804 -3.557446
v -4.496006 3.528804 -3.557446
v -4.496006 2.925257 -4.160994
v -4.491005 2.925256 -2.951673
v -4.491006 3.528805 -3.555219
v -4.456007 3.528805 -3.555219
v -4.456006 2.925256 -2.951673
v -4.461006 2.925256 -2.921017
v -4.461006 3.472570 -2.373703
v -4.496006 3.472570 -2.373703
v -4.496006 2.925256 -2.921017
v -4.491006 2.925256 -1.824723
v -4.491006 3.472364 -2.371830
v -4.456007 3.472364 -2.371830
v -4.456007 2.925256 -1.824723
v -4.461007 2.925255 -1.795241
v -4.461006 3.421325 -1.299172
v -4.496006 3.421325 -1.299172
v -4.496006 2.925255 -1.795241
v -4.491006 2.925256 -0.802639
v -4.491006 3.421349 -1.298731
v -4.456006 3.421349 -1.298731
v -4.456006 2.925256 -0.802639
v -4.461006 2.925256 -0.773679
v -4.461007 3.374888 -0.324046
v -4.496006 3.374888 -0.324046
v -4.496006 2.925256 -0.773679
v -4.496006 2.925256 0.129998
v -4.496006 3.374644 -0.319389
v -4.461007 3.374644 -0.319389
v -4.461007 2.925256 0.129998
v -4.461007 2.925256 0.158434
v -4.461007 3.332778 0.565957
v -4.496006 3.332778 0.565957
v -4.496006 2.925256 0.158434
v -4.496007 2.925256 0.974123
v -4.496007 3.332719 0.566662
v -4.461007 3.332719 0.566662
v -4.461007 2.925256 0.974123
v -4.461007 2.925256 1.005157
v -4.461007 3.294510 1.374411
v -4.496006 3.294510 1.374411
v -4.496007 2.925256 1.005157
v -4.496006 2.925256 1.744596
v -4.496006 3.294533 1.375319
v -4.461007 3.294533 1.375319
v -4.461007 2.925256 1.744596
v -4.461006 2.925256 1.774356
v -4.461007 3.259201 2.108303
v -4.496006 3.259201 2.108303
v -4.496006 2.925256 1.774356
v -4.496006 2.925256 2.443383
v -4.496007 3.259358 2.109282
v -4.461007 3.259358 2.109282
v -4.461006 2.925256 2.443383
v -4.461006 2.925256 2.472404
v -4.461007 3.227650 2.774801
v -4.496006 3.227650 2.774801
v -4.496006 2.925256 2.472404
v -4.496006 2.925256 3.078254
v -4.496006 3.227350 2.776160
v -4.461007 3.227350 2.776160
v -4.461007 2.925256 3.078254
v -4.461007 2.925256 3.108038
v -4.461006 3.198761 3.381545
v -4.496006 3.198761 3.381545
v -4.496006 2.925256 3.108038
v -4.496006 2.925256 3.656054
v -4.496006 3.198496 3.382814
v -4.461006 3.198496 3.382814
v -4.461006 2.925256 3.656054
v -4.461006 2.925255 3.686635
v -4.461007 3.172342 3.933722
v -4.496006 3.172342 3.933722
v -4.496006 2.925255 3.686635
v -5.492007 2.925849 4.162831
v -5.492007 3.172148 3.936024
v -5.457006 3.172148 3.936024
v -5.457006 2.925849 4.162831
v -5.465930 2.927850 4.188461
v -5.465931 2.927852 -4.188447
v -5.465931 2.910946 -4.188446
v -5.465930 2.910944 4.188462
v -5.482836 2.927850 4.188461
v -5.482836 2.910944 4.188462
v -5.482837 2.910946 -4.188446
v -5.482837 2.927852 -4.188447
v -5.465930 3.188423 4.187765
v -5.465930 3.587317 -4.189009
v -5.465930 3.570430 -4.189813
v -5.465930 3.171536 4.186961
v -5.482836 3.188423 4.187765
v -5.482837 3.171536 4.186961
v -5.482837 3.570430 -4.189813
v -5.482837 3.587317 -4.189009
v -5.480461 2.950944 4.188461
v -5.480460 3.187850 4.188461
v -5.468554 3.187850 4.188461
v -5.468553 2.950944 4.188461
v -5.480460 2.950944 4.191556
v -5.468554 2.950944 4.191556
v -5.468553 3.187850 4.191556
v -5.480461 3.187850 4.191556
v -5.492007 2.939400 -4.199994
v -5.492007 3.559444 -4.199994
v -5.457007 3.559444 -4.199994
v -5.457007 2.939400 -4.199994
v -5.457007 2.925257 -4.160994
v -5.457006 3.528804 -3.557446
v -5.492007 3.528804 -3.557446
v -5.492007 2.925257 -4.160994
v -5.487006 2.925257 -2.951672
v -5.487007 3.528805 -3.555218
v -5.452007 3.528805 -3.555218
v -5.452006 2.925257 -2.951672
v -5.457006 2.925256 -2.921016
v -5.457006 3.472571 -2.373703
v -5.492006 3.472571 -2.373703
v -5.492006 2.925256 -2.921016
v -5.487007 2.925257 -1.824723
v -5.487007 3.472365 -2.371830
v -5.452007 3.472365 -2.371830
v -5.452007 2.925257 -1.824723
v -5.457007 2.925256 -1.795241
v -5.457006 3.421325 -1.299171
v -5.492006 3.421325 -1.299171
v -5.492007 2.925256 -1.795241
v -5.487007 2.925256 -0.802639
v -5.487007 3.421349 -1.298730
v -5.452006 3.421349 -1.298730
v -5.452006 2.925256 -0.802639
v -5.457006 2.925256 -0.773679
v -5.457007 3.374889 -0.324045
v -5.492007 3.374889 -0.324045
v -5.492007 2.925256 -0.773679
v -5.492007 2.925256 0.129999
v -5.492007 3.374644 -0.319388
v -5.457007 3.374644 -0.319388
v -5.457007 2.925256 0.129999
v -5.457007 2.925256 0.158434
v -5.457007 3.332778 0.565957
v -5.492007 3.332778 0.565957
v -5.492007 2.925256 0.158434
v -5.492008 2.925256 0.974124
v -5.492008 3.332719 0.566663
v -5.457007 3.332719 0.566663
v -5.457007 2.925256 0.974124
v -5.457007 2.925256 1.005157
v -5.457007 3.294510 1.374411
v -5.492007 3.294510 1.374411
v -5.492008 2.925256 1.005157
v -5.492007 2.925256 1.744596
v -5.492007 3.294534 1.375320
v -5.457007 3.294534 1.375320
v -5.457007 2.925256 1.744596
v -5.457006 2.925256 1.774357
v -5.457007 3.259202 2.108304
v -5.492007 3.259202 2.108304
v -5.492006 2.925256 1.774357
v -5.492007 2.925256 2.443383
v -5.492008 3.259358 2.109282
v -5.457007 3.259358 2.109282
v -5.457006 2.925256 2.443383
v -5.457006 2.925256 2.472405
v -5.457007 3.227652 2.774801
v -5.492007 3.227652 2.774801
v -5.492007 2.925256 2.472405
v -5.492007 2.925256 3.078254
v -5.492007 3.227351 2.776160
v -5.457007 3.227351 2.776160
v -5.457007 2.925256 3.078254
v -5.457007 2.925256 3.108039
v -5.457006 3.198761 3.381546
v -5.492006 3.198761 3.381546
v -5.492007 2.925256 3.108039
v -5.492007 2.925256 3.656054
v -5.492007 3.198496 3.382815
v -5.457006 3.198496 3.382815
v -5.457006 2.925256 3.656054
v -5.457006 2.925255 3.686635
v -5.457007 3.172342 3.933722
v -5.492007 3.172342 3.933722
v -5.492007 2.925255 3.686635
v -6.488007 2.925850 4.162832
v -6.488007 3.172148 3.936024
v -6.453006 3.172148 3.936024
v -6.453006 2.925850 4.162832
v -6.461930 2.927851 4.188462
v -6.461932 2.927853 -4.188446
v -6.461931 2.910946 -4.188445
v -6.461931 2.910944 4.188462
v -6.478837 2.927851 4.188462
v -6.478837 2.910944 4.188462
v -6.478838 2.910946 -4.188445
v -6.478837 2.927853 -4.188446
v -6.461930 3.188423 4.187766
v -6.461931 3.587317 -4.189006
v -6.461931 3.570430 -4.189812
v -6.461931 3.171536 4.186961
v -6.478837 3.188423 4.187766
v -6.478837 3.171536 4.186961
v -6.478837 3.570430 -4.189812
v -6.478837 3.587317 -4.189006
v -6.476461 2.950944 4.188462
v -6.476460 3.187851 4.188462
v -6.464554 3.187851 4.188462
v -6.464553 2.950944 4.188462
v -6.476460 2.950944 4.191556
v -6.464554 2.950944 4.191556
v -6.464553 3.187850 4.191556
v -6.476461 3.187850 4.191556
v -6.488007 2.939400 -4.199992
v -6.488007 3.559444 -4.199993
v -6.453007 3.559444 -4.199993
v -6.453007 2.939400 -4.199992
v -6.453007 2.925257 -4.160993
v -6.453006 3.528804 -3.557446
v -6.488007 3.528804 -3.557446
v -6.488007 2.925257 -4.160993
v -6.483006 2.925257 -2.951670
v -6.483007 3.528805 -3.555218
v -6.448007 3.528805 -3.555218
v -6.448006 2.925257 -2.951670
v -6.453006 2.925256 -2.921016
v -6.453006 3.472571 -2.373702
v -6.488006 3.472571 -2.373702
v -6.488006 2.925256 -2.921016
v -6.483007 2.925257 -1.824722
v -6.483007 3.472365 -2.371830
v -6.448007 3.472365 -2.371830
v -6.448007 2.925257 -1.824722
v -6.453007 2.925256 -1.795241
v -6.453006 3.421325 -1.299170
v -6.488006 3.421325 -1.299170
v -6.488007 2.925256 -1.795241
v -6.483007 2.925256 -0.802638
v -6.483007 3.421350 -1.298729
v -6.448006 3.421350 -1.298729
v -6.448006 2.925256 -0.802638
v -6.453006 2.925256 -0.773678
v -6.453007 3.374889 -0.324045
v -6.488007 3.374889 -0.324045
v -6.488007 2.925256 -0.773678
v -6.488007 2.925257 0.129999
v -6.488007 3.374644 -0.319387
v -6.453007 3.374644 -0.319387
v -6.453007 2.925257 0.129999
v -6.453007 2.925256 0.158435
v -6.453007 3.332778 0.565958
v -6.488007 3.332778 0.565958
v -6.488007 2.925256 0.158435
v -6.488008 2.925257 0.974126
v -6.488008 3.332719 0.566664
v -6.453007 3.332719 0.566664
v -6.453007 2.925257 0.974126
v -6.453007 2.925256 1.005157
v -6.453007 3.294510 1.374412
v -6.488007 3.294510 1.374412
v -6.488008 2.925256 1.005157
v -6.488007 2.925257 1.744597
v -6.488007 3.294534 1.375320
v -6.453007 3.294534 1.375320
v -6.453007 2.925257 1.744597
v -6.453006 2.925256 1.774357
v -6.453007 3.259202 2.108304
v -6.488007 3.259202 2.108304
v -6.488006 2.925256 1.774357
v -6.488007 2.925256 2.443383
v -6.488008 3.259358 2.109282
v -6.453007 3.259358 2.109282
v -6.453006 2.925256 2.443383
v -6.453006 2.925256 2.472405
v -6.453007 3.227652 2.774801
v -6.488007 3.227652 2.774801
v -6.488007 2.925256 2.472405
v -6.488007 2.925256 3.078255
v -6.488007 3.227351 2.776160
v -6.453007 3.227351 2.776160
v -6.453007 2.925256 3.078255
v -6.453007 2.925256 3.108039
v -6.453006 3.198761 3.381546
v -6.488006 3.198761 3.381546
v -6.488007 2.925256 3.108039
v -6.488007 2.925256 3.656055
v -6.488007 3.198496 3.382817
v -6.453006 3.198496 3.382817
v -6.453006 2.925256 3.656055
v -6.453006 2.925255 3.686635
v -6.453007 3.172342 3.933722
v -6.488007 3.172342 3.933722
v -6.488007 2.925255 3.686635
vt 0.809690 0.986251
vt 0.805541 0.986251
vt 0.805541 0.957415
vt 0.809690 0.957415
vt 0.374695 0.996008
vt 0.369952 0.996008
vt 0.369952 0.000000
vt 0.374695 0.000000
vt 0.398410 0.000000
vt 0.398410 0.996008
vt 0.393667 0.996008
vt 0.393667 0.000000
vt 0.436354 0.995916
vt 0.436354 0.000000
vt 0.441097 0.000000
vt 0.441097 0.995916
vt 0.793090 0.280636
vt 0.797832 0.280636
vt 0.797832 0.285379
vt 0.793090 0.285379
vt 0.526470 0.995916
vt 0.526470 0.000000
vt 0.531213 0.000000
vt 0.531213 0.995916
vt 0.797832 0.271150
vt 0.802575 0.271150
vt 0.802575 0.275893
vt 0.797832 0.275893
vt 0.018972 0.997118
vt 0.014229 0.997118
vt 0.014229 0.000000
vt 0.018972 0.000000
vt 0.109088 0.000000
vt 0.109088 0.997118
vt 0.104345 0.997118
vt 0.104345 0.000000
vt 0.170746 0.996543
vt 0.170746 0.000000
vt 0.175489 0.000000
vt 0.175489 0.996543
vt 0.802575 0.275893
vt 0.807315 0.275893
vt 0.807315 0.280636
vt 0.802575 0.280636
vt 0.199204 0.000000
vt 0.199204 0.996542
vt 0.194461 0.996542
vt 0.194461 0.000000
vt 0.807315 0.572626
vt 0.812055 0.572626
vt 0.812055 0.577369
vt 0.807315 0.577369
vt 0.965613 0.960084
vt 0.961463 0.960084
vt 0.961463 0.929258
vt 0.965613 0.929258
vt 0.776490 0.933693
vt 0.776490 0.964520
vt 0.772340 0.964520
vt 0.772340 0.933693
vt 0.797240 0.994343
vt 0.797240 0.963515
vt 0.799612 0.963515
vt 0.799612 0.994343
vt 0.809690 0.568451
vt 0.809690 0.564301
vt 0.812061 0.564301
vt 0.812061 0.568451
vt 0.768190 0.995347
vt 0.768190 0.964518
vt 0.770561 0.964518
vt 0.770561 0.995347
vt 0.817391 0.652469
vt 0.817391 0.648319
vt 0.819763 0.648319
vt 0.819763 0.652469
vt 0.764040 0.073514
vt 0.759890 0.073514
vt 0.759890 0.000000
vt 0.764040 0.000000
vt 0.784790 0.588108
vt 0.788940 0.588108
vt 0.788940 0.660638
vt 0.784790 0.660638
vt 0.768190 0.660639
vt 0.764040 0.660639
vt 0.764040 0.588108
vt 0.768190 0.588108
vt 0.784790 0.733169
vt 0.788940 0.733169
vt 0.788940 0.798941
vt 0.784790 0.798941
vt 0.801390 0.726388
vt 0.797240 0.726388
vt 0.797240 0.660639
vt 0.801390 0.660639
vt 0.826291 0.349736
vt 0.830441 0.349736
vt 0.830441 0.409350
vt 0.826291 0.409350
vt 0.809690 0.647726
vt 0.805540 0.647726
vt 0.805540 0.588108
vt 0.809690 0.588108
vt 0.784790 0.798941
vt 0.788940 0.798941
vt 0.788940 0.852975
vt 0.784790 0.852975
vt 0.858305 0.108010
vt 0.854155 0.108010
vt 0.854155 0.054005
vt 0.858305 0.054005
vt 0.874906 0.709612
vt 0.879056 0.709612
vt 0.879056 0.758585
vt 0.874906 0.758585
vt 0.886763 0.384800
vt 0.882613 0.384800
vt 0.882613 0.335834
vt 0.886763 0.335834
vt 0.905734 0.000000
vt 0.909884 0.000000
vt 0.909884 0.044374
vt 0.905734 0.044374
vt 0.784790 0.897352
vt 0.780640 0.897352
vt 0.780640 0.852975
vt 0.784790 0.852975
vt 0.925892 0.430648
vt 0.930042 0.430648
vt 0.930042 0.470779
vt 0.925892 0.470779
vt 0.918184 0.749387
vt 0.914034 0.749387
vt 0.914034 0.709237
vt 0.918184 0.709237
vt 0.912256 0.902413
vt 0.916406 0.902413
vt 0.916406 0.938753
vt 0.912256 0.938753
vt 0.895656 0.947848
vt 0.891506 0.947848
vt 0.891506 0.911544
vt 0.895656 0.911544
vt 0.813840 0.923006
vt 0.817990 0.923006
vt 0.817990 0.955874
vt 0.813840 0.955874
vt 0.963834 0.523481
vt 0.959684 0.523481
vt 0.959684 0.490644
vt 0.963834 0.490644
vt 0.973320 0.811310
vt 0.977470 0.811310
vt 0.977470 0.841003
vt 0.973320 0.841003
vt 0.813840 0.984710
vt 0.809690 0.984710
vt 0.809690 0.955873
vt 0.813840 0.955873
vt 0.360466 0.996008
vt 0.355723 0.996008
vt 0.355723 0.000000
vt 0.360466 0.000000
vt 0.365209 0.996008
vt 0.365209 0.000000
vt 0.369952 0.000000
vt 0.369952 0.996008
vt 0.398410 0.995916
vt 0.398410 0.000000
vt 0.403153 0.000000
vt 0.403153 0.995916
vt 0.777675 0.436338
vt 0.782417 0.436338
vt 0.782417 0.441081
vt 0.777675 0.441081
vt 0.436354 0.000000
vt 0.436354 0.995916
vt 0.431611 0.995916
vt 0.431611 0.000000
vt 0.787160 0.441081
vt 0.782417 0.441081
vt 0.782417 0.436338
vt 0.787160 0.436338
vt 0.123317 0.997118
vt 0.118574 0.997118
vt 0.118574 0.000000
vt 0.123317 0.000000
vt 0.132802 0.000000
vt 0.132802 0.997118
vt 0.128059 0.997118
vt 0.128059 0.000000
vt 0.142288 0.996543
vt 0.142288 0.000000
vt 0.147031 0.000000
vt 0.147031 0.996543
vt 0.807905 0.579384
vt 0.812645 0.579384
vt 0.812645 0.584127
vt 0.807905 0.584127
vt 0.189719 0.000000
vt 0.189719 0.996542
vt 0.184976 0.996542
vt 0.184976 0.000000
vt 0.813841 0.523747
vt 0.818581 0.523747
vt 0.818581 0.528490
vt 0.813841 0.528490
vt 0.926485 0.967266
vt 0.922335 0.967266
vt 0.922335 0.936440
vt 0.926485 0.936440
vt 0.879056 0.937249
vt 0.879056 0.968075
vt 0.874906 0.968075
vt 0.874906 0.937249
vt 0.943678 0.996397
vt 0.943678 0.965568
vt 0.946049 0.965568
vt 0.946049 0.996397
vt 0.814430 0.191364
vt 0.814430 0.187214
vt 0.816802 0.187214
vt 0.816802 0.191364
vt 0.776490 0.995348
vt 0.776490 0.964519
vt 0.778862 0.964519
vt 0.778862 0.995348
vt 0.818581 0.527897
vt 0.818581 0.523747
vt 0.820952 0.523747
vt 0.820952 0.527897
vt 0.764040 0.220541
vt 0.759890 0.220541
vt 0.759890 0.147027
vt 0.764040 0.147027
vt 0.784790 0.513612
vt 0.788940 0.513612
vt 0.788940 0.586142
vt 0.784790 0.586142
vt 0.780640 0.660639
vt 0.776490 0.660639
vt 0.776490 0.588108
vt 0.780640 0.588108
vt 0.793090 0.660639
vt 0.797240 0.660639
vt 0.797240 0.726411
vt 0.793090 0.726411
vt 0.805540 0.065772
vt 0.809690 0.065772
vt 0.809690 0.131521
vt 0.805540 0.131521
vt 0.817991 0.349736
vt 0.822141 0.349736
vt 0.822141 0.409350
vt 0.817991 0.409350
vt 0.822140 0.119236
vt 0.817990 0.119236
vt 0.817990 0.059618
vt 0.822140 0.059618
vt 0.845263 0.134881
vt 0.849412 0.134881
vt 0.849412 0.188915
vt 0.845263 0.188915
vt 0.856527 0.768649
vt 0.852377 0.768649
vt 0.852377 0.714644
vt 0.856527 0.714644
vt 0.874905 0.000000
vt 0.879055 0.000000
vt 0.879055 0.048973
vt 0.874905 0.048973
vt 0.887355 0.048967
vt 0.883205 0.048967
vt 0.883205 0.000000
vt 0.887355 0.000000
vt 0.905142 0.272103
vt 0.909292 0.272103
vt 0.909292 0.316477
vt 0.905142 0.316477
vt 0.899213 0.566045
vt 0.895063 0.566045
vt 0.895063 0.521668
vt 0.899213 0.521668
vt 0.925891 0.219938
vt 0.930041 0.219938
vt 0.930041 0.260069
vt 0.925891 0.260069
vt 0.914034 0.749387
vt 0.909884 0.749387
vt 0.909884 0.709237
vt 0.914034 0.709237
vt 0.879056 0.900902
vt 0.883205 0.900902
vt 0.883205 0.937242
vt 0.879056 0.937242
vt 0.949605 0.688873
vt 0.945456 0.688873
vt 0.945456 0.652569
vt 0.949605 0.652569
vt 0.826291 0.922998
vt 0.830441 0.922998
vt 0.830441 0.955866
vt 0.826291 0.955866
vt 0.962649 0.341559
vt 0.958499 0.341559
vt 0.958499 0.308722
vt 0.962649 0.308722
vt 0.973320 0.520338
vt 0.977470 0.520338
vt 0.977470 0.550031
vt 0.973320 0.550031
vt 0.817991 0.984710
vt 0.813841 0.984710
vt 0.813841 0.955874
vt 0.817991 0.955874
vt 0.341494 0.996008
vt 0.336751 0.996008
vt 0.336751 0.000000
vt 0.341494 0.000000
vt 0.327265 0.996008
vt 0.327265 0.000000
vt 0.332008 0.000000
vt 0.332008 0.996008
vt 0.417382 0.995917
vt 0.417382 0.000000
vt 0.422125 0.000000
vt 0.422125 0.995917
vt 0.793090 0.275893
vt 0.797832 0.275893
vt 0.797832 0.280636
vt 0.793090 0.280636
vt 0.417382 0.000000
vt 0.417382 0.995917
vt 0.412639 0.995917
vt 0.412639 0.000000
vt 0.797833 0.263089
vt 0.802575 0.263089
vt 0.802575 0.267832
vt 0.797833 0.267832
vt 0.023715 0.000000
vt 0.028458 0.000000
vt 0.028458 0.997118
vt 0.023715 0.997118
vt 0.075887 0.997118
vt 0.075887 0.000000
vt 0.080630 0.000000
vt 0.080630 0.997118
vt 0.175489 0.996542
vt 0.175489 0.000000
vt 0.180233 0.000000
vt 0.180233 0.996542
vt 0.802575 0.271150
vt 0.807315 0.271150
vt 0.807315 0.275893
vt 0.802575 0.275893
vt 0.203948 0.000000
vt 0.203948 0.996542
vt 0.199204 0.996542
vt 0.199204 0.000000
vt 0.813840 0.519004
vt 0.818580 0.519004
vt 0.818580 0.523747
vt 0.813840 0.523747
vt 0.912256 0.969579
vt 0.908106 0.969579
vt 0.908106 0.938753
vt 0.912256 0.938753
vt 0.969763 0.929258
vt 0.969763 0.960084
vt 0.965613 0.960084
vt 0.965613 0.929258
vt 0.973320 0.922540
vt 0.973320 0.891711
vt 0.975692 0.891711
vt 0.975692 0.922540
vt 0.823323 0.509518
vt 0.823323 0.505368
vt 0.825694 0.505368
vt 0.825694 0.509518
vt 0.946049 0.996397
vt 0.946049 0.965568
vt 0.948421 0.965568
vt 0.948421 0.996397
vt 0.823323 0.513669
vt 0.823323 0.509519
vt 0.825694 0.509519
vt 0.825694 0.513669
vt 0.764040 0.294054
vt 0.759890 0.294054
vt 0.759890 0.220541
vt 0.764040 0.220541
vt 0.784790 0.290123
vt 0.788940 0.290123
vt 0.788940 0.362653
vt 0.784790 0.362653
vt 0.780640 0.733170
vt 0.776490 0.733170
vt 0.776490 0.660639
vt 0.780640 0.660639
vt 0.780640 0.733169
vt 0.784790 0.733169
vt 0.784790 0.798941
vt 0.780640 0.798941
vt 0.809690 0.355870
vt 0.805541 0.355870
vt 0.805541 0.290122
vt 0.809690 0.290122
vt 0.826291 0.528490
vt 0.830441 0.528490
vt 0.830441 0.588104
vt 0.826291 0.588104
vt 0.813840 0.119235
vt 0.809690 0.119235
vt 0.809690 0.059618
vt 0.813840 0.059618
vt 0.772340 0.798942
vt 0.776490 0.798942
vt 0.776490 0.852976
vt 0.772340 0.852976
vt 0.860084 0.546541
vt 0.855934 0.546541
vt 0.855934 0.492536
vt 0.860084 0.492536
vt 0.874906 0.660639
vt 0.879056 0.660639
vt 0.879056 0.709612
vt 0.874906 0.709612
vt 0.886763 0.617799
vt 0.882613 0.617799
vt 0.882613 0.568833
vt 0.886763 0.568833
vt 0.905735 0.660639
vt 0.909884 0.660639
vt 0.909884 0.705013
vt 0.905735 0.705013
vt 0.759890 0.899289
vt 0.755740 0.899289
vt 0.755740 0.854911
vt 0.759890 0.854911
vt 0.925299 0.097108
vt 0.929449 0.097108
vt 0.929449 0.137239
vt 0.925299 0.137239
vt 0.859491 0.922995
vt 0.855341 0.922995
vt 0.855341 0.882845
vt 0.859491 0.882845
vt 0.917592 0.900141
vt 0.921741 0.900141
vt 0.921741 0.936481
vt 0.917592 0.936481
vt 0.909291 0.269629
vt 0.905141 0.269629
vt 0.905141 0.233324
vt 0.909291 0.233324
vt 0.822141 0.922998
vt 0.826291 0.922998
vt 0.826291 0.955866
vt 0.822141 0.955866
vt 0.947828 0.965568
vt 0.943678 0.965568
vt 0.943678 0.932732
vt 0.947828 0.932732
vt 0.973320 0.029693
vt 0.977470 0.029693
vt 0.977470 0.059387
vt 0.973320 0.059387
vt 0.826291 0.955866
vt 0.830441 0.955866
vt 0.830441 0.984702
vt 0.826291 0.984702
vt 0.388924 0.000000
vt 0.393667 0.000000
vt 0.393667 0.996008
vt 0.388924 0.996008
vt 0.350980 0.996008
vt 0.350980 0.000000
vt 0.355723 0.000000
vt 0.355723 0.996008
vt 0.441097 0.995916
vt 0.441097 0.000000
vt 0.445840 0.000000
vt 0.445840 0.995916
vt 0.793683 0.430440
vt 0.798425 0.430440
vt 0.798425 0.435183
vt 0.793683 0.435183
vt 0.426868 0.000000
vt 0.426868 0.995917
vt 0.422125 0.995917
vt 0.422125 0.000000
vt 0.797832 0.275893
vt 0.802575 0.275893
vt 0.802575 0.280636
vt 0.797832 0.280636
vt 0.037944 0.000000
vt 0.042687 0.000000
vt 0.042687 0.997118
vt 0.037944 0.997118
vt 0.018972 0.997118
vt 0.018972 0.000000
vt 0.023715 0.000000
vt 0.023715 0.997118
vt 0.156518 0.996543
vt 0.156518 0.000000
vt 0.161261 0.000000
vt 0.161260 0.996543
vt 0.802575 0.285379
vt 0.807315 0.285379
vt 0.807315 0.290122
vt 0.802575 0.290122
vt 0.208691 0.000000
vt 0.208690 0.996542
vt 0.203948 0.996542
vt 0.203948 0.000000
vt 0.813840 0.514261
vt 0.818580 0.514261
vt 0.818580 0.519004
vt 0.813840 0.519004
vt 0.966799 0.343440
vt 0.962649 0.343440
vt 0.962649 0.312613
vt 0.966799 0.312613
vt 0.956720 0.935152
vt 0.956720 0.965978
vt 0.952570 0.965978
vt 0.952570 0.935152
vt 0.935378 0.996397
vt 0.935378 0.965568
vt 0.937749 0.965568
vt 0.937749 0.996397
vt 0.818581 0.518411
vt 0.818581 0.514261
vt 0.820952 0.514261
vt 0.820952 0.518411
vt 0.927077 0.994422
vt 0.927077 0.963593
vt 0.929449 0.963593
vt 0.929449 0.994422
vt 0.822134 0.652468
vt 0.822134 0.648319
vt 0.824505 0.648319
vt 0.824505 0.652468
vt 0.764040 0.514594
vt 0.759890 0.514594
vt 0.759890 0.441081
vt 0.764040 0.441081
vt 0.784790 0.217593
vt 0.788940 0.217593
vt 0.788940 0.290123
vt 0.784790 0.290123
vt 0.772340 0.072531
vt 0.768190 0.072531
vt 0.768190 0.000000
vt 0.772340 0.000000
vt 0.793090 0.588108
vt 0.797240 0.588108
vt 0.797240 0.653880
vt 0.793090 0.653880
vt 0.801390 0.421642
vt 0.797240 0.421642
vt 0.797240 0.355894
vt 0.801390 0.355894
vt 0.822140 0.588104
vt 0.826290 0.588104
vt 0.826290 0.647718
vt 0.822140 0.647718
vt 0.817991 0.059618
vt 0.813840 0.059618
vt 0.813840 0.000000
vt 0.817991 0.000000
vt 0.847041 0.779867
vt 0.851191 0.779867
vt 0.851191 0.833900
vt 0.847041 0.833900
vt 0.855934 0.600545
vt 0.851784 0.600545
vt 0.851784 0.546540
vt 0.855934 0.546540
vt 0.878463 0.482753
vt 0.882613 0.482753
vt 0.882613 0.531725
vt 0.878463 0.531725
vt 0.886763 0.482746
vt 0.882613 0.482746
vt 0.882613 0.433780
vt 0.886763 0.433780
vt 0.905142 0.355291
vt 0.909292 0.355291
vt 0.909292 0.399666
vt 0.905142 0.399666
vt 0.895063 0.566046
vt 0.890913 0.566046
vt 0.890913 0.521668
vt 0.895063 0.521668
vt 0.921742 0.568833
vt 0.925892 0.568833
vt 0.925892 0.608964
vt 0.921742 0.608964
vt 0.913442 0.608984
vt 0.909292 0.608984
vt 0.909292 0.568833
vt 0.913442 0.568833
vt 0.874906 0.900909
vt 0.879056 0.900909
vt 0.879056 0.937249
vt 0.874906 0.937249
vt 0.950199 0.859212
vt 0.946049 0.859212
vt 0.946049 0.822907
vt 0.950199 0.822907
vt 0.830441 0.922998
vt 0.834591 0.922998
vt 0.834591 0.955866
vt 0.830441 0.955866
vt 0.801390 0.963515
vt 0.797240 0.963515
vt 0.797240 0.930678
vt 0.801390 0.930678
vt 0.972727 0.707881
vt 0.976877 0.707881
vt 0.976877 0.737575
vt 0.972727 0.737575
vt 0.957313 0.844178
vt 0.961463 0.844178
vt 0.961463 0.873014
vt 0.957313 0.873014
vt 0.284578 0.996008
vt 0.279835 0.996008
vt 0.279835 0.000000
vt 0.284578 0.000000
vt 0.275092 0.996008
vt 0.275092 0.000000
vt 0.279835 0.000000
vt 0.279835 0.996008
vt 0.516984 0.995917
vt 0.516984 0.000000
vt 0.521727 0.000000
vt 0.521727 0.995917
vt 0.788940 0.425697
vt 0.793682 0.425697
vt 0.793682 0.430440
vt 0.788940 0.430440
vt 0.431611 0.000000
vt 0.431611 0.995917
vt 0.426868 0.995917
vt 0.426868 0.000000
vt 0.793090 0.285378
vt 0.797832 0.285378
vt 0.797832 0.290121
vt 0.793090 0.290121
vt 0.037944 0.997118
vt 0.033201 0.997118
vt 0.033201 0.000000
vt 0.037944 0.000000
vt 0.075887 0.000000
vt 0.075887 0.997118
vt 0.071145 0.997118
vt 0.071145 0.000000
vt 0.166003 0.996543
vt 0.166003 0.000000
vt 0.170747 0.000000
vt 0.170746 0.996543
vt 0.802575 0.572626
vt 0.807315 0.572626
vt 0.807315 0.577368
vt 0.802575 0.577368
vt 0.184976 0.000000
vt 0.184975 0.996542
vt 0.180233 0.996542
vt 0.180233 0.000000
vt 0.813840 0.509519
vt 0.818580 0.509519
vt 0.818580 0.514261
vt 0.813840 0.514261
vt 0.813841 0.440183
vt 0.809690 0.440183
vt 0.809691 0.409357
vt 0.813841 0.409357
vt 0.817991 0.409357
vt 0.817991 0.440183
vt 0.813841 0.440183
vt 0.813840 0.409357
vt 0.954349 0.996807
vt 0.954349 0.965978
vt 0.956720 0.965978
vt 0.956720 0.996807
vt 0.805541 0.726388
vt 0.805541 0.722237
vt 0.807912 0.722237
vt 0.807912 0.726388
vt 0.784790 0.995347
vt 0.784790 0.964518
vt 0.787161 0.964518
vt 0.787161 0.995347
vt 0.823323 0.505368
vt 0.823323 0.501219
vt 0.825694 0.501219
vt 0.825694 0.505368
vt 0.759890 0.294054
vt 0.755740 0.294054
vt 0.755740 0.220540
vt 0.759890 0.220540
vt 0.780640 0.588108
vt 0.784790 0.588108
vt 0.784790 0.660638
vt 0.780640 0.660638
vt 0.772340 0.146044
vt 0.768190 0.146044
vt 0.768190 0.073514
vt 0.772340 0.073514
vt 0.788940 0.513612
vt 0.793090 0.513612
vt 0.793090 0.579384
vt 0.788940 0.579384
vt 0.801390 0.263065
vt 0.797240 0.263065
vt 0.797240 0.197317
vt 0.801390 0.197317
vt 0.817991 0.528490
vt 0.822141 0.528490
vt 0.822141 0.588104
vt 0.817991 0.588104
vt 0.817991 0.178853
vt 0.813840 0.178853
vt 0.813840 0.119235
vt 0.817991 0.119235
vt 0.813841 0.779874
vt 0.817991 0.779874
vt 0.817991 0.833908
vt 0.813841 0.833908
vt 0.853563 0.492536
vt 0.849412 0.492536
vt 0.849412 0.438531
vt 0.853563 0.438531
vt 0.874313 0.237888
vt 0.878463 0.237888
vt 0.878463 0.286861
vt 0.874313 0.286861
vt 0.883206 0.758579
vt 0.879056 0.758579
vt 0.879056 0.709612
vt 0.883206 0.709612
vt 0.901584 0.705013
vt 0.905735 0.705013
vt 0.905735 0.749388
vt 0.901584 0.749388
vt 0.809690 0.884416
vt 0.805540 0.884416
vt 0.805540 0.840039
vt 0.809690 0.840039
vt 0.805540 0.884416
vt 0.809690 0.884416
vt 0.809690 0.924547
vt 0.805540 0.924547
vt 0.909292 0.444040
vt 0.905142 0.444040
vt 0.905142 0.403889
vt 0.909292 0.403889
vt 0.931228 0.896428
vt 0.935378 0.896428
vt 0.935378 0.932767
vt 0.931228 0.932767
vt 0.946642 0.605137
vt 0.942492 0.605137
vt 0.942492 0.568833
vt 0.946642 0.568833
vt 0.832812 0.102013
vt 0.836962 0.102013
vt 0.836962 0.134881
vt 0.832812 0.134881
vt 0.963242 0.476057
vt 0.959092 0.476057
vt 0.959092 0.443220
vt 0.963242 0.443220
vt 0.972728 0.554346
vt 0.976878 0.554346
vt 0.976878 0.584039
vt 0.972728 0.584039
vt 0.822141 0.984702
vt 0.817991 0.984702
vt 0.817991 0.955866
vt 0.822141 0.955866
vt 0.298807 0.996008
vt 0.294064 0.996008
vt 0.294064 0.000000
vt 0.298807 0.000000
vt 0.298807 0.996008
vt 0.298807 0.000000
vt 0.303550 0.000000
vt 0.303550 0.996008
vt 0.407896 0.995917
vt 0.407896 0.000000
vt 0.412639 0.000000
vt 0.412639 0.995917
vt 0.787160 0.436338
vt 0.791902 0.436338
vt 0.791902 0.441081
vt 0.787160 0.441081
vt 0.488527 0.000000
vt 0.488527 0.995917
vt 0.483784 0.995917
vt 0.483784 0.000000
vt 0.777675 0.441081
vt 0.772932 0.441081
vt 0.772932 0.436338
vt 0.777675 0.436338
vt 0.004743 0.997118
vt 0.000000 0.997118
vt 0.000000 0.000000
vt 0.004743 0.000000
vt 0.033201 0.000000
vt 0.033201 0.997118
vt 0.028458 0.997118
vt 0.028458 0.000000
vt 0.132802 0.996542
vt 0.132802 0.000000
vt 0.137545 0.000000
vt 0.137545 0.996542
vt 0.798425 0.425697
vt 0.803165 0.425697
vt 0.803165 0.430440
vt 0.798425 0.430440
vt 0.237148 0.000000
vt 0.237148 0.996542
vt 0.232405 0.996542
vt 0.232406 0.000000
vt 0.805540 0.647726
vt 0.810280 0.647726
vt 0.810280 0.652468
vt 0.805540 0.652468
vt 0.768190 0.964520
vt 0.764040 0.964520
vt 0.764040 0.933693
vt 0.768190 0.933693
vt 0.788940 0.933692
vt 0.788940 0.964518
vt 0.784790 0.964518
vt 0.784790 0.933692
vt 0.772340 0.995348
vt 0.772340 0.964520
vt 0.774712 0.964520
vt 0.774712 0.995348
vt 0.807315 0.285379
vt 0.807315 0.281229
vt 0.809687 0.281229
vt 0.809687 0.285379
vt 0.994071 0.141165
vt 0.994071 0.110337
vt 0.996443 0.110337
vt 0.996443 0.141165
vt 0.807315 0.271982
vt 0.807315 0.267832
vt 0.809687 0.267832
vt 0.809687 0.271982
vt 0.759890 0.147027
vt 0.755740 0.147027
vt 0.755740 0.073514
vt 0.759890 0.073514
vt 0.776490 0.072530
vt 0.780640 0.072530
vt 0.780640 0.145060
vt 0.776490 0.145060
vt 0.780640 0.513612
vt 0.776490 0.513612
vt 0.776490 0.441081
vt 0.780640 0.441081
vt 0.788940 0.441081
vt 0.793090 0.441081
vt 0.793090 0.506853
vt 0.788940 0.506853
vt 0.805540 0.726388
vt 0.801390 0.726388
vt 0.801390 0.660639
vt 0.805540 0.660639
vt 0.822140 0.059618
vt 0.826290 0.059618
vt 0.826290 0.119232
vt 0.822140 0.119232
vt 0.817990 0.647726
vt 0.813840 0.647726
vt 0.813840 0.588108
vt 0.817990 0.588108
vt 0.832812 0.134881
vt 0.836962 0.134881
vt 0.836962 0.188915
vt 0.832812 0.188915
vt 0.853563 0.660610
vt 0.849413 0.660610
vt 0.849413 0.606605
vt 0.853563 0.606605
vt 0.826291 0.238471
vt 0.830441 0.238471
vt 0.830441 0.287444
vt 0.826291 0.287444
vt 0.817991 0.882875
vt 0.813841 0.882875
vt 0.813841 0.833908
vt 0.817991 0.833908
vt 0.901584 0.044374
vt 0.905734 0.044374
vt 0.905734 0.088748
vt 0.901584 0.088748
vt 0.879055 0.093351
vt 0.874905 0.093351
vt 0.874905 0.048973
vt 0.879055 0.048973
vt 0.826291 0.882867
vt 0.830441 0.882867
vt 0.830441 0.922998
vt 0.826291 0.922998
vt 0.917592 0.484190
vt 0.913442 0.484190
vt 0.913442 0.444040
vt 0.917592 0.444040
vt 0.784790 0.897352
vt 0.788940 0.897352
vt 0.788940 0.933692
vt 0.784790 0.933692
vt 0.939528 0.932732
vt 0.935378 0.932732
vt 0.935378 0.896428
vt 0.939528 0.896428
vt 0.901585 0.793762
vt 0.905735 0.793762
vt 0.905735 0.826630
vt 0.901585 0.826630
vt 0.963242 0.711024
vt 0.959092 0.711024
vt 0.959092 0.678188
vt 0.963242 0.678188
vt 0.972728 0.404098
vt 0.976878 0.404098
vt 0.976878 0.433791
vt 0.972728 0.433791
vt 0.984585 0.342857
vt 0.980435 0.342857
vt 0.980435 0.314021
vt 0.984585 0.314021
vt 0.384181 0.000000
vt 0.388924 0.000000
vt 0.388924 0.996008
vt 0.384181 0.996008
vt 0.303550 0.996008
vt 0.303550 0.000000
vt 0.308293 0.000000
vt 0.308293 0.996008
vt 0.450583 0.995916
vt 0.450583 0.000000
vt 0.455326 0.000000
vt 0.455326 0.995916
vt 0.788940 0.653880
vt 0.793683 0.653880
vt 0.793683 0.658623
vt 0.788940 0.658623
vt 0.450583 0.000000
vt 0.450583 0.995917
vt 0.445840 0.995917
vt 0.445840 0.000000
vt 0.793090 0.263089
vt 0.797832 0.263089
vt 0.797832 0.267832
vt 0.793090 0.267832
vt 0.123317 0.000000
vt 0.128060 0.000000
vt 0.128060 0.997118
vt 0.123317 0.997118
vt 0.113831 0.997118
vt 0.113831 0.000000
vt 0.118574 0.000000
vt 0.118574 0.997118
vt 0.208690 0.996543
vt 0.208691 0.000000
vt 0.213433 0.000000
vt 0.213433 0.996543
vt 0.809690 0.192550
vt 0.814430 0.192550
vt 0.814430 0.197293
vt 0.809690 0.197293
vt 0.227662 0.000000
vt 0.227662 0.996542
vt 0.222919 0.996542
vt 0.222920 0.000000
vt 0.810280 0.647726
vt 0.815020 0.647726
vt 0.815020 0.652469
vt 0.810280 0.652469
vt 0.826291 0.440176
vt 0.822141 0.440176
vt 0.822141 0.409350
vt 0.826291 0.409350
vt 0.963834 0.523481
vt 0.963834 0.554307
vt 0.959684 0.554307
vt 0.959684 0.523481
vt 0.790719 0.994391
vt 0.790719 0.963562
vt 0.793090 0.963562
vt 0.793090 0.994391
vt 0.806127 0.440488
vt 0.806127 0.436338
vt 0.808498 0.436338
vt 0.808498 0.440488
vt 0.882613 0.568065
vt 0.882613 0.537236
vt 0.884984 0.537236
vt 0.884984 0.568065
vt 0.807315 0.280043
vt 0.807315 0.275893
vt 0.809687 0.275893
vt 0.809687 0.280043
vt 0.759890 0.441080
vt 0.755740 0.441080
vt 0.755740 0.367567
vt 0.759890 0.367567
vt 0.780640 0.362653
vt 0.784790 0.362653
vt 0.784790 0.435183
vt 0.780640 0.435183
vt 0.780640 0.290122
vt 0.776490 0.290122
vt 0.776490 0.217591
vt 0.780640 0.217591
vt 0.793090 0.000000
vt 0.797240 0.000000
vt 0.797240 0.065772
vt 0.793090 0.065772
vt 0.809690 0.065748
vt 0.805540 0.065748
vt 0.805540 0.000000
vt 0.809690 0.000000
vt 0.822140 0.119236
vt 0.826290 0.119236
vt 0.826290 0.178849
vt 0.822140 0.178849
vt 0.817990 0.500699
vt 0.813840 0.500699
vt 0.813840 0.441081
vt 0.817990 0.441081
vt 0.801390 0.792136
vt 0.805540 0.792136
vt 0.805540 0.846169
vt 0.801390 0.846169
vt 0.855341 0.833872
vt 0.851191 0.833872
vt 0.851191 0.779867
vt 0.855341 0.779867
vt 0.874313 0.335834
vt 0.878463 0.335834
vt 0.878463 0.384807
vt 0.874313 0.384807
vt 0.847041 0.882867
vt 0.842891 0.882867
vt 0.842891 0.833901
vt 0.847041 0.833901
vt 0.905142 0.316477
vt 0.900992 0.316477
vt 0.900992 0.272103
vt 0.905142 0.272103
vt 0.883205 0.048967
vt 0.887355 0.048967
vt 0.887355 0.093344
vt 0.883205 0.093344
vt 0.817991 0.923006
vt 0.813841 0.923006
vt 0.813841 0.882875
vt 0.817991 0.882875
vt 0.913442 0.484190
vt 0.909292 0.484190
vt 0.909292 0.444040
vt 0.913442 0.444040
vt 0.930635 0.709237
vt 0.934785 0.709237
vt 0.934785 0.745576
vt 0.930635 0.745576
vt 0.943085 0.745541
vt 0.938935 0.745541
vt 0.938935 0.709237
vt 0.943085 0.709237
vt 0.849413 0.405663
vt 0.853563 0.405663
vt 0.853563 0.438531
vt 0.849413 0.438531
vt 0.963242 0.652855
vt 0.959092 0.652855
vt 0.959092 0.620018
vt 0.963242 0.620018
vt 0.972135 0.233620
vt 0.976285 0.233620
vt 0.976285 0.263313
vt 0.972135 0.263313
vt 0.838741 0.984702
vt 0.834591 0.984702
vt 0.834591 0.955866
vt 0.838741 0.955866
vt 0.289321 0.996008
vt 0.284578 0.996008
vt 0.284578 0.000000
vt 0.289321 0.000000
vt 0.289321 0.996008
vt 0.289321 0.000000
vt 0.294064 0.000000
vt 0.294064 0.996008
vt 0.455326 0.995917
vt 0.455326 0.000000
vt 0.460069 0.000000
vt 0.460069 0.995917
vt 0.791902 0.436338
vt 0.796644 0.436338
vt 0.796644 0.441081
vt 0.791902 0.441081
vt 0.464812 0.000000
vt 0.464812 0.995917
vt 0.460069 0.995917
vt 0.460069 0.000000
vt 0.793090 0.271150
vt 0.797832 0.271150
vt 0.797832 0.275893
vt 0.793090 0.275893
vt 0.061659 0.000000
vt 0.066401 0.000000
vt 0.066401 0.997118
vt 0.061659 0.997118
vt 0.080631 0.997118
vt 0.080631 0.000000
vt 0.085373 0.000000
vt 0.085373 0.997118
vt 0.213434 0.996543
vt 0.213434 0.000000
vt 0.218177 0.000000
vt 0.218176 0.996543
vt 0.807315 0.267832
vt 0.802575 0.267832
vt 0.802575 0.263089
vt 0.807315 0.263089
vt 0.232405 0.000000
vt 0.232405 0.996542
vt 0.227662 0.996542
vt 0.227663 0.000000
vt 0.812645 0.653880
vt 0.817385 0.653880
vt 0.817385 0.658623
vt 0.812645 0.658623
vt 0.822141 0.440176
vt 0.817991 0.440176
vt 0.817991 0.409350
vt 0.822141 0.409350
vt 0.927077 0.963593
vt 0.927077 0.932767
vt 0.931228 0.932767
vt 0.931228 0.963593
vt 0.787161 0.995347
vt 0.787161 0.964518
vt 0.789533 0.964518
vt 0.789533 0.995347
vt 0.809690 0.183003
vt 0.809690 0.178853
vt 0.812061 0.178853
vt 0.812061 0.183003
vt 0.765819 0.995348
vt 0.765819 0.964519
vt 0.768190 0.964519
vt 0.768190 0.995348
vt 0.809690 0.572602
vt 0.809690 0.568452
vt 0.812061 0.568452
vt 0.812061 0.572602
vt 0.759890 0.661620
vt 0.755740 0.661620
vt 0.755740 0.588107
vt 0.759890 0.588107
vt 0.780640 0.441081
vt 0.784790 0.441081
vt 0.784790 0.513611
vt 0.780640 0.513611
vt 0.776490 0.290122
vt 0.780640 0.290122
vt 0.780640 0.362653
vt 0.776490 0.362653
vt 0.788940 0.726411
vt 0.793090 0.726411
vt 0.793090 0.792184
vt 0.788940 0.792184
vt 0.805540 0.421642
vt 0.801390 0.421642
vt 0.801390 0.355894
vt 0.805540 0.355894
vt 0.826291 0.409350
vt 0.822141 0.409350
vt 0.822141 0.349736
vt 0.826291 0.349736
vt 0.817991 0.349739
vt 0.813841 0.349739
vt 0.813841 0.290122
vt 0.817991 0.290122
vt 0.797240 0.792136
vt 0.801390 0.792136
vt 0.801390 0.846169
vt 0.797240 0.846169
vt 0.855934 0.404934
vt 0.851784 0.404934
vt 0.851784 0.350929
vt 0.855934 0.350929
vt 0.874313 0.286861
vt 0.878463 0.286861
vt 0.878463 0.335834
vt 0.874313 0.335834
vt 0.886763 0.335827
vt 0.882613 0.335827
vt 0.882613 0.286861
vt 0.886763 0.286861
vt 0.907513 0.566042
vt 0.903363 0.566042
vt 0.903363 0.521668
vt 0.907513 0.521668
vt 0.797240 0.890571
vt 0.793090 0.890571
vt 0.793090 0.846193
vt 0.797240 0.846193
vt 0.809691 0.882874
vt 0.813841 0.882874
vt 0.813841 0.923006
vt 0.809691 0.923006
vt 0.916999 0.137259
vt 0.912849 0.137259
vt 0.912849 0.097108
vt 0.916999 0.097108
vt 0.759890 0.935628
vt 0.755740 0.935628
vt 0.755740 0.899289
vt 0.759890 0.899289
vt 0.947235 0.745541
vt 0.943085 0.745541
vt 0.943085 0.709237
vt 0.947235 0.709237
vt 0.849413 0.102013
vt 0.853563 0.102013
vt 0.853563 0.134881
vt 0.849413 0.134881
vt 0.793090 0.963562
vt 0.788940 0.963562
vt 0.788940 0.930726
vt 0.793090 0.930726
vt 0.976878 0.374404
vt 0.972728 0.374404
vt 0.972728 0.344711
vt 0.976878 0.344711
vt 0.985178 0.432934
vt 0.981028 0.432934
vt 0.981028 0.404098
vt 0.985178 0.404098
vt 0.275092 0.996009
vt 0.270349 0.996009
vt 0.270349 0.000000
vt 0.275092 0.000000
vt 0.265606 0.996009
vt 0.265606 0.000000
vt 0.270349 0.000000
vt 0.270349 0.996009
vt 0.403153 0.995917
vt 0.403153 0.000000
vt 0.407896 0.000000
vt 0.407896 0.995917
vt 0.788940 0.579384
vt 0.793682 0.579384
vt 0.793682 0.584127
vt 0.788940 0.584127
vt 0.483784 0.000000
vt 0.483784 0.995917
vt 0.479041 0.995917
vt 0.479041 0.000000
vt 0.772932 0.441081
vt 0.768190 0.441081
vt 0.768190 0.436338
vt 0.772932 0.436338
vt 0.061659 0.997118
vt 0.056916 0.997118
vt 0.056916 0.000000
vt 0.061659 0.000000
vt 0.009486 0.000000
vt 0.009486 0.997118
vt 0.004743 0.997118
vt 0.004743 0.000000
vt 0.142288 0.000000
vt 0.142288 0.996543
vt 0.137545 0.996543
vt 0.137545 0.000000
vt 0.798425 0.579384
vt 0.803165 0.579384
vt 0.803165 0.584127
vt 0.798425 0.584127
vt 0.222919 0.000000
vt 0.222919 0.996542
vt 0.218176 0.996542
vt 0.218177 0.000000
vt 0.809690 0.183064
vt 0.814430 0.183064
vt 0.814430 0.187807
vt 0.809690 0.187807
vt 0.935378 0.963593
vt 0.931228 0.963593
vt 0.931228 0.932767
vt 0.935378 0.932767
vt 0.772340 0.933692
vt 0.772340 0.964518
vt 0.768190 0.964518
vt 0.768190 0.933692
vt 0.799612 0.994344
vt 0.799612 0.963515
vt 0.801983 0.963515
vt 0.801983 0.994344
vt 0.807315 0.289529
vt 0.807315 0.285379
vt 0.809687 0.285379
vt 0.809687 0.289529
vt 0.860677 0.992368
vt 0.860677 0.961539
vt 0.863048 0.961539
vt 0.863048 0.992368
vt 0.807315 0.267239
vt 0.807315 0.263089
vt 0.809687 0.263089
vt 0.809687 0.267239
vt 0.759890 0.735134
vt 0.755740 0.735134
vt 0.755740 0.661620
vt 0.759890 0.661620
vt 0.780640 0.217593
vt 0.784790 0.217593
vt 0.784790 0.290123
vt 0.780640 0.290123
vt 0.780640 0.436167
vt 0.776490 0.436167
vt 0.776490 0.363636
vt 0.780640 0.363636
vt 0.793090 0.065772
vt 0.797240 0.065772
vt 0.797240 0.131545
vt 0.793090 0.131545
vt 0.805540 0.653856
vt 0.801390 0.653856
vt 0.801390 0.588108
vt 0.805540 0.588108
vt 0.817991 0.588104
vt 0.822141 0.588104
vt 0.822141 0.647718
vt 0.817991 0.647718
vt 0.817991 0.588108
vt 0.813841 0.588108
vt 0.813841 0.528490
vt 0.817991 0.528490
vt 0.834591 0.779867
vt 0.838741 0.779867
vt 0.838741 0.833901
vt 0.834591 0.833901
vt 0.759890 0.854911
vt 0.755740 0.854911
vt 0.755740 0.800906
vt 0.759890 0.800906
vt 0.873720 0.097108
vt 0.877870 0.097108
vt 0.877870 0.146081
vt 0.873720 0.146081
vt 0.883206 0.807552
vt 0.879056 0.807552
vt 0.879056 0.758585
vt 0.883206 0.758585
vt 0.903956 0.827016
vt 0.908106 0.827016
vt 0.908106 0.871390
vt 0.903956 0.871390
vt 0.883205 0.093351
vt 0.879055 0.093351
vt 0.879055 0.048973
vt 0.883205 0.048973
vt 0.834591 0.882867
vt 0.838741 0.882867
vt 0.838741 0.922998
vt 0.834591 0.922998
vt 0.917592 0.260088
vt 0.913442 0.260088
vt 0.913442 0.219938
vt 0.917592 0.219938
vt 0.764040 0.897353
vt 0.768190 0.897353
vt 0.768190 0.933693
vt 0.764040 0.933693
vt 0.943678 0.932732
vt 0.939528 0.932732
vt 0.939528 0.896428
vt 0.943678 0.896428
vt 0.900992 0.488414
vt 0.905142 0.488414
vt 0.905142 0.521282
vt 0.900992 0.521282
vt 0.963834 0.065673
vt 0.959684 0.065673
vt 0.959684 0.032836
vt 0.963834 0.032836
vt 0.972728 0.374404
vt 0.976878 0.374404
vt 0.976878 0.404097
vt 0.972728 0.404097
vt 0.976285 0.314021
vt 0.980435 0.314021
vt 0.980435 0.342857
vt 0.976285 0.342857
vt 0.317779 0.996008
vt 0.313036 0.996008
vt 0.313036 0.000000
vt 0.317779 0.000000
vt 0.341494 0.996008
vt 0.341494 0.000000
vt 0.346237 0.000000
vt 0.346237 0.996008
vt 0.469555 0.995917
vt 0.469555 0.000000
vt 0.474298 0.000000
vt 0.474298 0.995917
vt 0.798425 0.430440
vt 0.803167 0.430440
vt 0.803167 0.435183
vt 0.798425 0.435183
vt 0.498012 0.000000
vt 0.498012 0.995917
vt 0.493269 0.995917
vt 0.493269 0.000000
vt 0.797832 0.285378
vt 0.802575 0.285378
vt 0.802575 0.290121
vt 0.797832 0.290121
vt 0.014229 0.997118
vt 0.009486 0.997118
vt 0.009486 0.000000
vt 0.014229 0.000000
vt 0.071144 0.000000
vt 0.071144 0.997118
vt 0.066401 0.997118
vt 0.066401 0.000000
vt 0.237149 0.996543
vt 0.237149 0.000000
vt 0.241891 0.000000
vt 0.241891 0.996543
vt 0.807905 0.653880
vt 0.812646 0.653880
vt 0.812646 0.658623
vt 0.807905 0.658623
vt 0.265606 0.000000
vt 0.265606 0.996542
vt 0.260863 0.996542
vt 0.260863 0.000000
vt 0.807908 0.435183
vt 0.803167 0.435183
vt 0.803167 0.430440
vt 0.807908 0.430440
vt 0.921742 0.967307
vt 0.917592 0.967307
vt 0.917592 0.936481
vt 0.921742 0.936481
vt 0.883206 0.937242
vt 0.883206 0.968068
vt 0.879056 0.968068
vt 0.879056 0.937242
vt 0.994664 0.992666
vt 0.994664 0.961838
vt 0.997035 0.961838
vt 0.997035 0.992666
vt 0.820952 0.518411
vt 0.820952 0.514261
vt 0.823323 0.514261
vt 0.823323 0.518411
vt 0.937749 0.996397
vt 0.937749 0.965568
vt 0.940121 0.965568
vt 0.940121 0.996397
vt 0.815021 0.652468
vt 0.815021 0.648319
vt 0.817392 0.648319
vt 0.817392 0.652468
vt 0.768190 0.073514
vt 0.764040 0.073514
vt 0.764040 0.000000
vt 0.768190 0.000000
vt 0.772340 0.217591
vt 0.776490 0.217591
vt 0.776490 0.290121
vt 0.772340 0.290121
vt 0.776490 0.436167
vt 0.772340 0.436167
vt 0.772340 0.363636
vt 0.776490 0.363636
vt 0.793090 0.506853
vt 0.797240 0.506853
vt 0.797240 0.572625
vt 0.793090 0.572625
vt 0.805540 0.131521
vt 0.801390 0.131521
vt 0.801390 0.065772
vt 0.805540 0.065772
vt 0.826291 0.290122
vt 0.830441 0.290122
vt 0.830441 0.349735
vt 0.826291 0.349735
vt 0.813840 0.256934
vt 0.809690 0.256934
vt 0.809690 0.197317
vt 0.813840 0.197317
vt 0.841112 0.134881
vt 0.845263 0.134881
vt 0.845263 0.188915
vt 0.841112 0.188915
vt 0.856527 0.714644
vt 0.852377 0.714644
vt 0.852377 0.660639
vt 0.856527 0.660639
vt 0.878463 0.188915
vt 0.882613 0.188915
vt 0.882613 0.237888
vt 0.878463 0.237888
vt 0.830441 0.882867
vt 0.826291 0.882867
vt 0.826291 0.833901
vt 0.830441 0.833901
vt 0.900992 0.355291
vt 0.905142 0.355291
vt 0.905142 0.399666
vt 0.900992 0.399666
vt 0.788940 0.897353
vt 0.784790 0.897353
vt 0.784790 0.852975
vt 0.788940 0.852975
vt 0.922335 0.709237
vt 0.926485 0.709237
vt 0.926485 0.749368
vt 0.922335 0.749368
vt 0.903956 0.911541
vt 0.899806 0.911541
vt 0.899806 0.871390
vt 0.903956 0.871390
vt 0.930042 0.568833
vt 0.934192 0.568833
vt 0.934192 0.605172
vt 0.930042 0.605172
vt 0.899806 0.947848
vt 0.895656 0.947848
vt 0.895656 0.911544
vt 0.899806 0.911544
vt 0.957313 0.811310
vt 0.961463 0.811310
vt 0.961463 0.844178
vt 0.957313 0.844178
vt 0.962649 0.308722
vt 0.958499 0.308722
vt 0.958499 0.275886
vt 0.962649 0.275886
vt 0.972135 0.144540
vt 0.976285 0.144540
vt 0.976285 0.174233
vt 0.972135 0.174233
vt 0.891506 0.947848
vt 0.895656 0.947848
vt 0.895656 0.976684
vt 0.891506 0.976684
vt 0.313036 0.996008
vt 0.308293 0.996008
vt 0.308293 0.000000
vt 0.313036 0.000000
vt 0.346237 0.996008
vt 0.346237 0.000000
vt 0.350980 0.000000
vt 0.350980 0.996008
vt 0.474298 0.995917
vt 0.474298 0.000000
vt 0.479041 0.000000
vt 0.479041 0.995917
vt 0.796645 0.436338
vt 0.801387 0.436338
vt 0.801387 0.441081
vt 0.796645 0.441081
vt 0.469555 0.000000
vt 0.469555 0.995917
vt 0.464812 0.995917
vt 0.464812 0.000000
vt 0.793682 0.579384
vt 0.798425 0.579384
vt 0.798425 0.584127
vt 0.793682 0.584127
vt 0.047430 0.997118
vt 0.042687 0.997118
vt 0.042687 0.000000
vt 0.047430 0.000000
vt 0.113831 0.000000
vt 0.113831 0.997118
vt 0.109088 0.997118
vt 0.109088 0.000000
vt 0.241891 0.996543
vt 0.241891 0.000000
vt 0.246634 0.000000
vt 0.246634 0.996543
vt 0.809690 0.187807
vt 0.814430 0.187807
vt 0.814430 0.192550
vt 0.809690 0.192550
vt 0.166003 0.000000
vt 0.166003 0.996543
vt 0.161260 0.996543
vt 0.161260 0.000000
vt 0.806127 0.441081
vt 0.801387 0.441081
vt 0.801387 0.436338
vt 0.806127 0.436338
vt 0.764040 0.966455
vt 0.759890 0.966455
vt 0.759890 0.935629
vt 0.764040 0.935629
vt 0.887356 0.937236
vt 0.887356 0.968062
vt 0.883206 0.968062
vt 0.883206 0.937236
vt 0.794868 0.994367
vt 0.794868 0.963539
vt 0.797240 0.963539
vt 0.797240 0.994367
vt 0.820952 0.522561
vt 0.820952 0.518411
vt 0.823323 0.518411
vt 0.823323 0.522561
vt 0.868384 0.992365
vt 0.868384 0.961536
vt 0.870755 0.961536
vt 0.870755 0.992365
vt 0.813840 0.183003
vt 0.813840 0.178853
vt 0.816212 0.178853
vt 0.816212 0.183003
vt 0.764040 0.661622
vt 0.759890 0.661622
vt 0.759890 0.588108
vt 0.764040 0.588108
vt 0.768190 0.441081
vt 0.772340 0.441081
vt 0.772340 0.513611
vt 0.768190 0.513611
vt 0.776490 0.660639
vt 0.772340 0.660639
vt 0.772340 0.588108
vt 0.776490 0.588108
vt 0.788940 0.588108
vt 0.793090 0.588108
vt 0.793090 0.653880
vt 0.788940 0.653880
vt 0.805540 0.065748
vt 0.801390 0.065748
vt 0.801390 0.000000
vt 0.805540 0.000000
vt 0.822140 0.000000
vt 0.826291 0.000000
vt 0.826291 0.059614
vt 0.822140 0.059614
vt 0.813841 0.349739
vt 0.809690 0.349739
vt 0.809690 0.290122
vt 0.813841 0.290122
vt 0.832812 0.593743
vt 0.836962 0.593743
vt 0.836962 0.647776
vt 0.832812 0.647776
vt 0.858305 0.054005
vt 0.854155 0.054005
vt 0.854155 0.000000
vt 0.858305 0.000000
vt 0.878463 0.286861
vt 0.882613 0.286861
vt 0.882613 0.335834
vt 0.878463 0.335834
vt 0.813841 0.882875
vt 0.809690 0.882875
vt 0.809690 0.833908
vt 0.813841 0.833908
vt 0.900992 0.444040
vt 0.905142 0.444040
vt 0.905142 0.488414
vt 0.900992 0.488414
vt 0.776490 0.897354
vt 0.772340 0.897354
vt 0.772340 0.852976
vt 0.776490 0.852976
vt 0.868384 0.888537
vt 0.872534 0.888537
vt 0.872534 0.928668
vt 0.868384 0.928668
vt 0.909885 0.749387
vt 0.905735 0.749387
vt 0.905735 0.709237
vt 0.909885 0.709237
vt 0.900992 0.316477
vt 0.905142 0.316477
vt 0.905142 0.352817
vt 0.900992 0.352817
vt 0.946642 0.256242
vt 0.942492 0.256242
vt 0.942492 0.219938
vt 0.946642 0.219938
vt 0.855342 0.955863
vt 0.851192 0.955863
vt 0.851192 0.922995
vt 0.855342 0.922995
vt 0.962649 0.243050
vt 0.958499 0.243050
vt 0.958499 0.210213
vt 0.962649 0.210213
vt 0.969764 0.456760
vt 0.973914 0.456760
vt 0.973914 0.486453
vt 0.969764 0.486453
vt 0.834591 0.984703
vt 0.830441 0.984703
vt 0.830441 0.955866
vt 0.834591 0.955866
vt 0.336751 0.996008
vt 0.332008 0.996008
vt 0.332008 0.000000
vt 0.336751 0.000000
vt 0.317779 0.996008
vt 0.317779 0.000000
vt 0.322522 0.000000
vt 0.322522 0.996008
vt 0.507498 0.995917
vt 0.507498 0.000000
vt 0.512241 0.000000
vt 0.512241 0.995917
vt 0.788940 0.430440
vt 0.793683 0.430440
vt 0.793683 0.435183
vt 0.788940 0.435183
vt 0.516984 0.000000
vt 0.516984 0.995917
vt 0.512241 0.995917
vt 0.512241 0.000000
vt 0.797832 0.572626
vt 0.802575 0.572626
vt 0.802575 0.577369
vt 0.797832 0.577369
vt 0.090116 0.997118
vt 0.085373 0.997118
vt 0.085373 0.000000
vt 0.090116 0.000000
vt 0.104345 0.000000
vt 0.104345 0.997118
vt 0.099602 0.997118
vt 0.099602 0.000000
vt 0.251377 0.996543
vt 0.251377 0.000000
vt 0.256120 0.000000
vt 0.256120 0.996543
vt 0.813840 0.504776
vt 0.818580 0.504776
vt 0.818580 0.509519
vt 0.813840 0.509519
vt 0.156518 0.000000
vt 0.156518 0.996543
vt 0.151774 0.996543
vt 0.151774 0.000000
vt 0.803165 0.658623
vt 0.798425 0.658623
vt 0.798425 0.653880
vt 0.803165 0.653880
vt 0.916406 0.969579
vt 0.912256 0.969579
vt 0.912256 0.938753
vt 0.916406 0.938753
vt 0.969764 0.456760
vt 0.969764 0.487586
vt 0.965614 0.487586
vt 0.965614 0.456760
vt 0.931228 0.994422
vt 0.931228 0.963593
vt 0.933599 0.963593
vt 0.933599 0.994422
vt 0.820952 0.526711
vt 0.820952 0.522562
vt 0.823323 0.522562
vt 0.823323 0.526711
vt 0.992292 0.996132
vt 0.992292 0.965304
vt 0.994664 0.965304
vt 0.994664 0.996132
vt 0.822128 0.658623
vt 0.822128 0.654473
vt 0.824500 0.654473
vt 0.824500 0.658623
vt 0.768190 0.514594
vt 0.764040 0.514594
vt 0.764040 0.441081
vt 0.768190 0.441081
vt 0.784790 0.145062
vt 0.788940 0.145062
vt 0.788940 0.217592
vt 0.784790 0.217592
vt 0.793090 0.217591
vt 0.788940 0.217591
vt 0.788940 0.145060
vt 0.793090 0.145060
vt 0.768190 0.733169
vt 0.772340 0.733169
vt 0.772340 0.798941
vt 0.768190 0.798941
vt 0.809690 0.506829
vt 0.805540 0.506829
vt 0.805540 0.441081
vt 0.809690 0.441081
vt 0.826291 0.178849
vt 0.830441 0.178849
vt 0.830441 0.238463
vt 0.826291 0.238463
vt 0.822140 0.059618
vt 0.817990 0.059618
vt 0.817990 0.000000
vt 0.822140 0.000000
vt 0.768190 0.798941
vt 0.772340 0.798941
vt 0.772340 0.852975
vt 0.768190 0.852975
vt 0.861863 0.188886
vt 0.857713 0.188886
vt 0.857713 0.134881
vt 0.861863 0.134881
vt 0.855341 0.833872
vt 0.859491 0.833872
vt 0.859491 0.882845
vt 0.855341 0.882845
vt 0.886763 0.433773
vt 0.882613 0.433773
vt 0.882613 0.384807
vt 0.886763 0.384807
vt 0.905142 0.568833
vt 0.909292 0.568833
vt 0.909292 0.613207
vt 0.905142 0.613207
vt 0.903363 0.566045
vt 0.899213 0.566045
vt 0.899213 0.521668
vt 0.903363 0.521668
vt 0.822141 0.882867
vt 0.826291 0.882867
vt 0.826291 0.922998
vt 0.822141 0.922998
vt 0.921742 0.608983
vt 0.917592 0.608983
vt 0.917592 0.568833
vt 0.921742 0.568833
vt 0.934192 0.219938
vt 0.938342 0.219938
vt 0.938342 0.256278
vt 0.934192 0.256278
vt 0.784790 0.933657
vt 0.780640 0.933657
vt 0.780640 0.897352
vt 0.784790 0.897352
vt 0.868384 0.928668
vt 0.872534 0.928668
vt 0.872534 0.961536
vt 0.868384 0.961536
vt 0.797240 0.963538
vt 0.793090 0.963538
vt 0.793090 0.930702
vt 0.797240 0.930702
vt 0.973321 0.098596
vt 0.977471 0.098596
vt 0.977471 0.128289
vt 0.973321 0.128289
vt 0.981028 0.432934
vt 0.976878 0.432934
vt 0.976878 0.404098
vt 0.981028 0.404098
vt 0.365209 0.996008
vt 0.360466 0.996008
vt 0.360466 0.000000
vt 0.365209 0.000000
vt 0.322522 0.996008
vt 0.322522 0.000000
vt 0.327265 0.000000
vt 0.327265 0.996008
vt 0.521727 0.995917
vt 0.521727 0.000000
vt 0.526470 0.000000
vt 0.526470 0.995917
vt 0.793683 0.425697
vt 0.798425 0.425697
vt 0.798425 0.430440
vt 0.793683 0.430440
vt 0.493270 0.000000
vt 0.493270 0.995917
vt 0.488527 0.995917
vt 0.488527 0.000000
vt 0.793683 0.653880
vt 0.798425 0.653880
vt 0.798425 0.658623
vt 0.793683 0.658623
vt 0.047430 0.000000
vt 0.052173 0.000000
vt 0.052173 0.997118
vt 0.047430 0.997118
vt 0.090116 0.997118
vt 0.090116 0.000000
vt 0.094859 0.000000
vt 0.094859 0.997118
vt 0.246634 0.996543
vt 0.246634 0.000000
vt 0.251378 0.000000
vt 0.251378 0.996543
vt 0.803165 0.425697
vt 0.807905 0.425697
vt 0.807905 0.430440
vt 0.803165 0.430440
vt 0.194461 0.000000
vt 0.194461 0.996542
vt 0.189718 0.996542
vt 0.189718 0.000000
vt 0.803165 0.653880
vt 0.807905 0.653880
vt 0.807905 0.658623
vt 0.803165 0.658623
vt 0.780640 0.964520
vt 0.776490 0.964520
vt 0.776490 0.933693
vt 0.780640 0.933693
vt 0.759890 0.935628
vt 0.759890 0.966455
vt 0.755740 0.966455
vt 0.755740 0.935628
vt 0.803169 0.994344
vt 0.803169 0.963515
vt 0.805540 0.963515
vt 0.805540 0.994344
vt 0.818581 0.523154
vt 0.818581 0.519004
vt 0.820952 0.519004
vt 0.820952 0.523154
vt 0.941306 0.994387
vt 0.941306 0.963558
vt 0.943677 0.963558
vt 0.943677 0.994387
vt 0.820952 0.505368
vt 0.820952 0.501218
vt 0.823323 0.501218
vt 0.823323 0.505368
vt 0.764040 0.588108
vt 0.759890 0.588108
vt 0.759890 0.514595
vt 0.764040 0.514595
vt 0.768190 0.660639
vt 0.772340 0.660639
vt 0.772340 0.733169
vt 0.768190 0.733169
vt 0.772340 0.660639
vt 0.768190 0.660639
vt 0.768190 0.588108
vt 0.772340 0.588108
vt 0.776490 0.733170
vt 0.780640 0.733170
vt 0.780640 0.798942
vt 0.776490 0.798942
vt 0.801390 0.792136
vt 0.797240 0.792136
vt 0.797240 0.726388
vt 0.801390 0.726388
vt 0.826291 0.119236
vt 0.830441 0.119236
vt 0.830441 0.178849
vt 0.826291 0.178849
vt 0.809690 0.720257
vt 0.805540 0.720257
vt 0.805540 0.660639
vt 0.809690 0.660639
vt 0.836962 0.134881
vt 0.841112 0.134881
vt 0.841112 0.188915
vt 0.836962 0.188915
vt 0.857713 0.188886
vt 0.853563 0.188886
vt 0.853563 0.134881
vt 0.857713 0.134881
vt 0.878463 0.237888
vt 0.882613 0.237888
vt 0.882613 0.286861
vt 0.878463 0.286861
vt 0.822141 0.882867
vt 0.817991 0.882867
vt 0.817991 0.833901
vt 0.822141 0.833901
vt 0.899806 0.827016
vt 0.903956 0.827016
vt 0.903956 0.871390
vt 0.899806 0.871390
vt 0.895656 0.871393
vt 0.891506 0.871393
vt 0.891506 0.827016
vt 0.895656 0.827016
vt 0.797240 0.890547
vt 0.801390 0.890547
vt 0.801390 0.930678
vt 0.797240 0.930678
vt 0.877870 0.186232
vt 0.873720 0.186232
vt 0.873720 0.146081
vt 0.877870 0.146081
vt 0.930041 0.219938
vt 0.934191 0.219938
vt 0.934191 0.256278
vt 0.930041 0.256278
vt 0.950199 0.821996
vt 0.946049 0.821996
vt 0.946049 0.785691
vt 0.950199 0.785691
vt 0.842891 0.922999
vt 0.847041 0.922999
vt 0.847041 0.955867
vt 0.842891 0.955867
vt 0.962649 0.275886
vt 0.958499 0.275886
vt 0.958499 0.243050
vt 0.962649 0.243050
vt 0.970356 0.636649
vt 0.974506 0.636649
vt 0.974506 0.666342
vt 0.970356 0.666342
vt 0.903956 0.976681
vt 0.899806 0.976681
vt 0.899806 0.947845
vt 0.903956 0.947845
vt 0.384181 0.996008
vt 0.379438 0.996008
vt 0.379438 0.000000
vt 0.384181 0.000000
vt 0.374695 0.996008
vt 0.374695 0.000000
vt 0.379438 0.000000
vt 0.379438 0.996008
vt 0.502755 0.995917
vt 0.502755 0.000000
vt 0.507498 0.000000
vt 0.507498 0.995917
vt 0.793090 0.572626
vt 0.797832 0.572626
vt 0.797832 0.577369
vt 0.793090 0.577369
vt 0.502756 0.000000
vt 0.502756 0.995917
vt 0.498013 0.995917
vt 0.498013 0.000000
vt 0.797832 0.280636
vt 0.802575 0.280636
vt 0.802575 0.285379
vt 0.797832 0.285379
vt 0.052173 0.000000
vt 0.056916 0.000000
vt 0.056916 0.997118
vt 0.052173 0.997118
vt 0.094859 0.997118
vt 0.094859 0.000000
vt 0.099602 0.000000
vt 0.099602 0.997118
vt 0.256120 0.996543
vt 0.256120 0.000000
vt 0.260863 0.000000
vt 0.260863 0.996543
vt 0.802575 0.280636
vt 0.807315 0.280636
vt 0.807315 0.285379
vt 0.802575 0.285379
vt 0.151774 0.000000
vt 0.151774 0.996543
vt 0.147031 0.996543
vt 0.147031 0.000000
vt 0.803165 0.579384
vt 0.807905 0.579384
vt 0.807905 0.584127
vt 0.803165 0.584127
vt 0.943677 0.963558
vt 0.939528 0.963558
vt 0.939528 0.932732
vt 0.943677 0.932732
vt 0.830441 0.409350
vt 0.830441 0.440176
vt 0.826291 0.440176
vt 0.826291 0.409350
vt 0.830441 0.528490
vt 0.830441 0.497661
vt 0.832812 0.497661
vt 0.832812 0.528490
vt 0.814430 0.187214
vt 0.814430 0.183064
vt 0.816802 0.183064
vt 0.816802 0.187214
vt 0.830441 0.660526
vt 0.830441 0.629697
vt 0.832812 0.629697
vt 0.832812 0.660526
vt 0.819757 0.658623
vt 0.819757 0.654473
vt 0.822128 0.654473
vt 0.822128 0.658623
vt 0.764040 0.147027
vt 0.759890 0.147027
vt 0.759890 0.073514
vt 0.764040 0.073514
vt 0.768190 0.291106
vt 0.772340 0.291106
vt 0.772340 0.363636
vt 0.768190 0.363636
vt 0.784790 0.072531
vt 0.780640 0.072531
vt 0.780640 0.000000
vt 0.784790 0.000000
vt 0.788940 0.355894
vt 0.793090 0.355894
vt 0.793090 0.421666
vt 0.788940 0.421666
vt 0.809690 0.263065
vt 0.805540 0.263065
vt 0.805540 0.197317
vt 0.809690 0.197317
vt 0.817990 0.119235
vt 0.813840 0.119235
vt 0.813840 0.059621
vt 0.817990 0.059621
vt 0.813840 0.720257
vt 0.809690 0.720257
vt 0.809690 0.660639
vt 0.813840 0.660639
vt 0.817991 0.779867
vt 0.822141 0.779867
vt 0.822141 0.833900
vt 0.817991 0.833900
vt 0.859491 0.833872
vt 0.855341 0.833872
vt 0.855341 0.779867
vt 0.859491 0.779867
vt 0.878463 0.568833
vt 0.882613 0.568833
vt 0.882613 0.617806
vt 0.878463 0.617806
vt 0.883205 0.048967
vt 0.879055 0.048967
vt 0.879055 0.000000
vt 0.883205 0.000000
vt 0.900992 0.568833
vt 0.905142 0.568833
vt 0.905142 0.613207
vt 0.900992 0.613207
vt 0.780640 0.897354
vt 0.776490 0.897354
vt 0.776490 0.852976
vt 0.780640 0.852976
vt 0.929449 0.097108
vt 0.933599 0.097108
vt 0.933599 0.137239
vt 0.929449 0.137239
vt 0.882614 0.657956
vt 0.878463 0.657956
vt 0.878463 0.617806
vt 0.882614 0.617806
vt 0.900991 0.233289
vt 0.905142 0.233289
vt 0.905142 0.269629
vt 0.900991 0.269629
vt 0.950199 0.785691
vt 0.946049 0.785691
vt 0.946049 0.749387
vt 0.950199 0.749387
vt 0.813840 0.289802
vt 0.809690 0.289802
vt 0.809690 0.256934
vt 0.813840 0.256934
vt 0.864827 0.961539
vt 0.860677 0.961539
vt 0.860677 0.928703
vt 0.864827 0.928703
vt 0.874313 0.434485
vt 0.878463 0.434485
vt 0.878463 0.464178
vt 0.874313 0.464178
vt 0.985771 0.811310
vt 0.985771 0.840146
vt 0.981621 0.840146
vt 0.981621 0.811310
vt 0.661520 0.993270
vt 0.661520 0.000000
vt 0.663524 0.000000
vt 0.663524 0.993270
vt 0.705623 0.000000
vt 0.707628 0.000000
vt 0.707628 0.993270
vt 0.705623 0.993270
vt 0.691590 0.993178
vt 0.689585 0.993178
vt 0.689585 0.000000
vt 0.691590 0.000000
vt 0.790944 0.511003
vt 0.790944 0.513008
vt 0.788940 0.513008
vt 0.788940 0.511003
vt 0.717651 0.000000
vt 0.719656 0.000000
vt 0.719656 0.993178
vt 0.717651 0.993178
vt 0.792949 0.421687
vt 0.792949 0.423692
vt 0.790945 0.423692
vt 0.790945 0.421687
vt 0.581330 0.000000
vt 0.581330 0.994380
vt 0.579326 0.994380
vt 0.579326 0.000000
vt 0.555270 0.994380
vt 0.553265 0.994380
vt 0.553265 0.000000
vt 0.555270 0.000000
vt 0.591353 0.993806
vt 0.589349 0.993806
vt 0.589349 0.000000
vt 0.591353 0.000000
vt 0.798962 0.423692
vt 0.798962 0.421688
vt 0.800966 0.421688
vt 0.800966 0.423692
vt 0.611402 0.000000
vt 0.613406 0.000000
vt 0.613406 0.993806
vt 0.611402 0.993806
vt 0.801107 0.577368
vt 0.801107 0.579373
vt 0.799103 0.579373
vt 0.799103 0.577368
vt 0.987409 0.114767
vt 0.987409 0.142854
vt 0.985997 0.142854
vt 0.985997 0.114767
vt 0.947235 0.709237
vt 0.948647 0.709237
vt 0.948647 0.737324
vt 0.947235 0.737324
vt 0.860592 0.892229
vt 0.860225 0.892229
vt 0.860225 0.864139
vt 0.860592 0.864139
vt 0.785293 0.587555
vt 0.784926 0.587555
vt 0.784926 0.586143
vt 0.785293 0.586143
vt 0.859858 0.920320
vt 0.859491 0.920320
vt 0.859491 0.892230
vt 0.859858 0.892230
vt 0.783459 0.587555
vt 0.783092 0.587555
vt 0.783092 0.586143
vt 0.783459 0.586143
vt 0.764040 0.367568
vt 0.764040 0.441081
vt 0.759890 0.441081
vt 0.759890 0.367568
vt 0.784790 0.513611
vt 0.784790 0.441081
vt 0.788940 0.441081
vt 0.788940 0.513611
vt 0.764040 0.733170
vt 0.764040 0.660639
vt 0.768190 0.660639
vt 0.768190 0.733170
vt 0.797240 0.197317
vt 0.797240 0.131545
vt 0.801390 0.131545
vt 0.801390 0.197317
vt 0.797240 0.653856
vt 0.797240 0.588108
vt 0.801390 0.588108
vt 0.801390 0.653856
vt 0.822141 0.779867
vt 0.822141 0.720253
vt 0.826291 0.720253
vt 0.826291 0.779867
vt 0.809690 0.059618
vt 0.809690 0.000000
vt 0.813840 0.000000
vt 0.813840 0.059618
vt 0.842891 0.833900
vt 0.842891 0.779867
vt 0.847041 0.779867
vt 0.847041 0.833901
vt 0.855934 0.296924
vt 0.855934 0.242919
vt 0.860084 0.242919
vt 0.860084 0.296924
vt 0.874312 0.562124
vt 0.874312 0.513151
vt 0.878462 0.513151
vt 0.878462 0.562124
vt 0.883206 0.709606
vt 0.883206 0.660639
vt 0.887356 0.660639
vt 0.887356 0.709606
vt 0.901585 0.793761
vt 0.901585 0.749387
vt 0.905735 0.749387
vt 0.905735 0.793761
vt 0.883205 0.900896
vt 0.883205 0.856518
vt 0.887355 0.856518
vt 0.887355 0.900896
vt 0.860677 0.928703
vt 0.860677 0.888572
vt 0.864827 0.888572
vt 0.864827 0.928703
vt 0.913442 0.608984
vt 0.913442 0.568833
vt 0.917592 0.568833
vt 0.917592 0.608984
vt 0.883205 0.937236
vt 0.883205 0.900896
vt 0.887355 0.900896
vt 0.887355 0.937236
vt 0.903956 0.947845
vt 0.903956 0.911540
vt 0.908106 0.911540
vt 0.908106 0.947845
vt 0.817991 0.955867
vt 0.817991 0.922999
vt 0.822141 0.922999
vt 0.822141 0.955867
vt 0.959684 0.782224
vt 0.959684 0.749387
vt 0.963834 0.749387
vt 0.963834 0.782224
vt 0.972727 0.707881
vt 0.972727 0.678188
vt 0.976877 0.678188
vt 0.976877 0.707881
vt 0.847041 0.955867
vt 0.847041 0.984703
vt 0.842891 0.984703
vt 0.842891 0.955867
vt 0.659515 0.993270
vt 0.659515 0.000000
vt 0.661520 0.000000
vt 0.661520 0.993270
vt 0.703619 0.000000
vt 0.705623 0.000000
vt 0.705623 0.993270
vt 0.703619 0.993270
vt 0.739702 0.993179
vt 0.737698 0.993179
vt 0.737698 0.000000
vt 0.739702 0.000000
vt 0.799103 0.269145
vt 0.799103 0.271150
vt 0.797099 0.271150
vt 0.797099 0.269145
vt 0.739703 0.000000
vt 0.741707 0.000000
vt 0.741707 0.993178
vt 0.739703 0.993178
vt 0.798962 0.421687
vt 0.798962 0.423692
vt 0.796958 0.423692
vt 0.796958 0.421687
vt 0.585340 0.000000
vt 0.585340 0.994380
vt 0.583335 0.994380
vt 0.583335 0.000000
vt 0.565293 0.994380
vt 0.563288 0.994380
vt 0.563288 0.000000
vt 0.565293 0.000000
vt 0.611402 0.993806
vt 0.609397 0.993806
vt 0.609397 0.000000
vt 0.611402 0.000000
vt 0.803110 0.269145
vt 0.803110 0.271150
vt 0.801106 0.271150
vt 0.801106 0.269145
vt 0.633453 0.000000
vt 0.635458 0.000000
vt 0.635458 0.993806
vt 0.633453 0.993806
vt 0.807117 0.577368
vt 0.807117 0.579373
vt 0.805114 0.579373
vt 0.805114 0.577368
vt 0.963242 0.960083
vt 0.963242 0.988171
vt 0.961830 0.988171
vt 0.961830 0.960083
vt 0.783012 0.933657
vt 0.784424 0.933657
vt 0.784424 0.961745
vt 0.783012 0.961745
vt 0.865420 0.900375
vt 0.865053 0.900375
vt 0.865053 0.872284
vt 0.865420 0.872284
vt 0.783826 0.587555
vt 0.783459 0.587555
vt 0.783459 0.586143
vt 0.783826 0.586143
vt 0.868158 0.900340
vt 0.867791 0.900340
vt 0.867791 0.872250
vt 0.868158 0.872250
vt 0.783092 0.587555
vt 0.782726 0.587555
vt 0.782726 0.586143
vt 0.783092 0.586143
vt 0.764040 0.294054
vt 0.764040 0.367568
vt 0.759890 0.367568
vt 0.759890 0.294054
vt 0.784790 0.435183
vt 0.784790 0.362653
vt 0.788940 0.362653
vt 0.788940 0.435183
vt 0.780640 0.145062
vt 0.780640 0.072531
vt 0.784790 0.072531
vt 0.784790 0.145062
vt 0.755740 0.800906
vt 0.755740 0.735134
vt 0.759890 0.735134
vt 0.759890 0.800906
vt 0.805540 0.197293
vt 0.805540 0.131545
vt 0.809690 0.131545
vt 0.809690 0.197293
vt 0.817991 0.349735
vt 0.817991 0.290122
vt 0.822141 0.290122
vt 0.822141 0.349736
vt 0.817990 0.238471
vt 0.817990 0.178853
vt 0.822140 0.178853
vt 0.822140 0.238471
vt 0.845263 0.660639
vt 0.845263 0.606605
vt 0.849412 0.606605
vt 0.849412 0.660639
vt 0.849412 0.188886
vt 0.849412 0.134881
vt 0.853562 0.134881
vt 0.853562 0.188886
vt 0.878463 0.433780
vt 0.878463 0.384807
vt 0.882613 0.384807
vt 0.882613 0.433780
vt 0.883205 0.807545
vt 0.883205 0.758579
vt 0.887355 0.758579
vt 0.887355 0.807545
vt 0.905142 0.488414
vt 0.905142 0.444040
vt 0.909292 0.444040
vt 0.909292 0.488414
vt 0.895656 0.871393
vt 0.895656 0.827016
vt 0.899806 0.827016
vt 0.899806 0.871393
vt 0.788940 0.930726
vt 0.788940 0.890595
vt 0.793090 0.890595
vt 0.793090 0.930726
vt 0.917592 0.484190
vt 0.917592 0.444040
vt 0.921742 0.444040
vt 0.921742 0.484190
vt 0.934785 0.745576
vt 0.934785 0.709237
vt 0.938935 0.709237
vt 0.938935 0.745576
vt 0.946049 0.895516
vt 0.946049 0.859212
vt 0.950199 0.859212
vt 0.950199 0.895516
vt 0.847042 0.955867
vt 0.847042 0.922999
vt 0.851192 0.922999
vt 0.851192 0.955867
vt 0.959092 0.443220
vt 0.959092 0.410384
vt 0.963242 0.410384
vt 0.963242 0.443220
vt 0.973320 0.520338
vt 0.973320 0.490644
vt 0.977470 0.490644
vt 0.977470 0.520338
vt 0.842891 0.955866
vt 0.842891 0.984703
vt 0.838741 0.984703
vt 0.838741 0.955866
vt 0.651496 0.993270
vt 0.651496 0.000000
vt 0.653501 0.000000
vt 0.653500 0.993270
vt 0.657510 0.993270
vt 0.655505 0.993270
vt 0.655505 0.000000
vt 0.657510 0.000000
vt 0.743712 0.993178
vt 0.741707 0.993178
vt 0.741707 0.000000
vt 0.743712 0.000000
vt 0.792949 0.425697
vt 0.792949 0.423692
vt 0.794953 0.423692
vt 0.794953 0.425697
vt 0.701614 0.000000
vt 0.703619 0.000000
vt 0.703619 0.993178
vt 0.701614 0.993178
vt 0.793034 0.511003
vt 0.793034 0.513008
vt 0.791029 0.513008
vt 0.791029 0.511003
vt 0.549256 0.994380
vt 0.549256 0.000000
vt 0.551260 0.000000
vt 0.551260 0.994380
vt 0.585340 0.000000
vt 0.587344 0.000000
vt 0.587344 0.994380
vt 0.585340 0.994380
vt 0.637463 0.993806
vt 0.635458 0.993806
vt 0.635458 0.000000
vt 0.637463 0.000000
vt 0.808980 0.584137
vt 0.808980 0.586142
vt 0.806976 0.586142
vt 0.806976 0.584137
vt 0.631449 0.000000
vt 0.633453 0.000000
vt 0.633453 0.993806
vt 0.631449 0.993806
vt 0.801107 0.579373
vt 0.801107 0.577368
vt 0.803110 0.577368
vt 0.803110 0.579373
vt 0.991644 0.114767
vt 0.991644 0.142855
vt 0.990232 0.142855
vt 0.990232 0.114767
vt 0.933599 0.963593
vt 0.935010 0.963593
vt 0.935011 0.991681
vt 0.933599 0.991681
vt 0.907287 0.516505
vt 0.906920 0.516505
vt 0.906920 0.488414
vt 0.907287 0.488414
vt 0.786759 0.587554
vt 0.786393 0.587554
vt 0.786393 0.586143
vt 0.786759 0.586143
vt 0.859858 0.892230
vt 0.860225 0.892230
vt 0.860225 0.920320
vt 0.859858 0.920320
vt 0.786393 0.587555
vt 0.786026 0.587555
vt 0.786026 0.586143
vt 0.786393 0.586143
vt 0.768190 0.294054
vt 0.768190 0.367567
vt 0.764040 0.367567
vt 0.764040 0.294054
vt 0.788940 0.072530
vt 0.788940 0.000000
vt 0.793090 0.000000
vt 0.793090 0.072530
vt 0.780640 0.217593
vt 0.780640 0.145062
vt 0.784790 0.145062
vt 0.784790 0.217593
vt 0.772340 0.798941
vt 0.772340 0.733169
vt 0.776490 0.733169
vt 0.776490 0.798941
vt 0.797240 0.572602
vt 0.797240 0.506853
vt 0.801390 0.506853
vt 0.801390 0.572602
vt 0.826291 0.647718
vt 0.826291 0.588104
vt 0.830441 0.588104
vt 0.830441 0.647718
vt 0.805540 0.786005
vt 0.805540 0.726388
vt 0.809691 0.726388
vt 0.809691 0.786005
vt 0.776490 0.852976
vt 0.776490 0.798942
vt 0.780640 0.798942
vt 0.780640 0.852976
vt 0.856527 0.714644
vt 0.856527 0.660639
vt 0.860677 0.660639
vt 0.860677 0.714644
vt 0.877870 0.146081
vt 0.877870 0.097108
vt 0.882020 0.097108
vt 0.882020 0.146081
vt 0.882613 0.531719
vt 0.882613 0.482753
vt 0.886763 0.482753
vt 0.886763 0.531719
vt 0.905735 0.660639
vt 0.905735 0.616265
vt 0.909884 0.616265
vt 0.909884 0.660639
vt 0.768190 0.897353
vt 0.768190 0.852975
vt 0.772340 0.852975
vt 0.772340 0.897353
vt 0.926485 0.749368
vt 0.926485 0.709237
vt 0.930634 0.709237
vt 0.930634 0.749368
vt 0.851191 0.922995
vt 0.851191 0.882845
vt 0.855341 0.882845
vt 0.855341 0.922995
vt 0.934192 0.466987
vt 0.934192 0.430648
vt 0.938342 0.430648
vt 0.938342 0.466987
vt 0.947235 0.308407
vt 0.947235 0.272103
vt 0.951385 0.272103
vt 0.951385 0.308407
vt 0.957314 0.906101
vt 0.957314 0.873233
vt 0.961463 0.873233
vt 0.961463 0.906101
vt 0.935378 0.965568
vt 0.935378 0.932732
vt 0.939528 0.932732
vt 0.939528 0.965568
vt 0.977470 0.779080
vt 0.977470 0.808774
vt 0.973320 0.808774
vt 0.973320 0.779080
vt 0.826291 0.955867
vt 0.826291 0.984703
vt 0.822141 0.984703
vt 0.822141 0.955867
vt 0.645481 0.993270
vt 0.645482 0.000000
vt 0.647486 0.000000
vt 0.647486 0.993270
vt 0.669538 0.000000
vt 0.671543 0.000000
vt 0.671543 0.993270
vt 0.669538 0.993270
vt 0.727674 0.993178
vt 0.725670 0.993178
vt 0.725670 0.000000
vt 0.727674 0.000000
vt 0.795094 0.577368
vt 0.795094 0.579373
vt 0.793090 0.579373
vt 0.793090 0.577368
vt 0.715646 0.000000
vt 0.717651 0.000000
vt 0.717651 0.993178
vt 0.715646 0.993178
vt 0.796957 0.584137
vt 0.796957 0.586142
vt 0.794953 0.586142
vt 0.794953 0.584137
vt 0.575316 0.000000
vt 0.575316 0.994380
vt 0.573312 0.994380
vt 0.573312 0.000000
vt 0.557274 0.994380
vt 0.555270 0.994380
vt 0.555270 0.000000
vt 0.557274 0.000000
vt 0.623430 0.993806
vt 0.621425 0.993806
vt 0.621425 0.000000
vt 0.623430 0.000000
vt 0.803165 0.425697
vt 0.803165 0.423692
vt 0.805169 0.423692
vt 0.805169 0.425697
vt 0.605387 0.000000
vt 0.607392 0.000000
vt 0.607392 0.993806
vt 0.605387 0.993806
vt 0.806976 0.658623
vt 0.806976 0.660628
vt 0.804973 0.660628
vt 0.804973 0.658623
vt 0.950199 0.958347
vt 0.950199 0.986435
vt 0.948787 0.986435
vt 0.948787 0.958347
vt 0.975325 0.957345
vt 0.973913 0.957345
vt 0.973913 0.929257
vt 0.975325 0.929257
vt 0.905509 0.657581
vt 0.905142 0.657581
vt 0.905142 0.629491
vt 0.905509 0.629491
vt 0.784926 0.587555
vt 0.784560 0.587555
vt 0.784560 0.586143
vt 0.784926 0.586143
vt 0.860592 0.920320
vt 0.860225 0.920320
vt 0.860225 0.892229
vt 0.860592 0.892229
vt 0.784193 0.586143
vt 0.784559 0.586143
vt 0.784559 0.587555
vt 0.784193 0.587555
vt 0.768190 0.220540
vt 0.768190 0.294054
vt 0.764040 0.294054
vt 0.764040 0.220540
vt 0.788940 0.145060
vt 0.788940 0.072530
vt 0.793090 0.072530
vt 0.793090 0.145060
vt 0.768190 0.291106
vt 0.768190 0.218575
vt 0.772340 0.218575
vt 0.772340 0.291106
vt 0.759890 0.800907
vt 0.759890 0.735135
vt 0.764040 0.735135
vt 0.764040 0.800907
vt 0.797240 0.355870
vt 0.797240 0.290122
vt 0.801390 0.290122
vt 0.801390 0.355870
vt 0.822141 0.720253
vt 0.822141 0.660639
vt 0.826291 0.660639
vt 0.826291 0.720253
vt 0.809690 0.647725
vt 0.809690 0.588108
vt 0.813841 0.588108
vt 0.813841 0.647725
vt 0.780640 0.852974
vt 0.780640 0.798941
vt 0.784790 0.798941
vt 0.784790 0.852974
vt 0.855934 0.242919
vt 0.855934 0.188915
vt 0.860084 0.188915
vt 0.860084 0.242919
vt 0.878463 0.482753
vt 0.878463 0.433780
vt 0.882613 0.433780
vt 0.882613 0.482753
vt 0.883206 0.856518
vt 0.883206 0.807552
vt 0.887356 0.807552
vt 0.887356 0.856518
vt 0.905142 0.188915
vt 0.905142 0.144540
vt 0.909292 0.144540
vt 0.909292 0.188915
vt 0.759890 0.899289
vt 0.759890 0.854912
vt 0.764040 0.854912
vt 0.764040 0.899289
vt 0.801390 0.930678
vt 0.801390 0.890547
vt 0.805540 0.890547
vt 0.805540 0.930678
vt 0.917592 0.260088
vt 0.917592 0.219938
vt 0.921741 0.219938
vt 0.921741 0.260088
vt 0.934192 0.605173
vt 0.934192 0.568833
vt 0.938342 0.568833
vt 0.938342 0.605173
vt 0.945456 0.652569
vt 0.945456 0.616265
vt 0.949606 0.616265
vt 0.949606 0.652569
vt 0.838741 0.955866
vt 0.838741 0.922998
vt 0.842891 0.922998
vt 0.842891 0.955866
vt 0.963835 0.068903
vt 0.963835 0.101740
vt 0.959686 0.101740
vt 0.959686 0.068903
vt 0.973320 0.029693
vt 0.973320 0.000000
vt 0.977470 0.000000
vt 0.977470 0.029693
vt 0.859492 0.955863
vt 0.859492 0.984699
vt 0.855341 0.984699
vt 0.855341 0.955863
vt 0.665529 0.993270
vt 0.665529 0.000000
vt 0.667533 0.000000
vt 0.667533 0.993270
vt 0.713641 0.000000
vt 0.715646 0.000000
vt 0.715646 0.993270
vt 0.713641 0.993270
vt 0.755740 0.993178
vt 0.753735 0.993178
vt 0.753735 0.000000
vt 0.755740 0.000000
vt 0.795094 0.271150
vt 0.795094 0.269145
vt 0.797099 0.269145
vt 0.797099 0.271150
vt 0.691590 0.000000
vt 0.693595 0.000000
vt 0.693594 0.993178
vt 0.691590 0.993178
vt 0.794953 0.658623
vt 0.794953 0.660628
vt 0.792949 0.660628
vt 0.792949 0.658623
vt 0.577321 0.000000
vt 0.577321 0.994380
vt 0.575316 0.994380
vt 0.575316 0.000000
vt 0.559279 0.994380
vt 0.557274 0.994380
vt 0.557274 0.000000
vt 0.559279 0.000000
vt 0.621425 0.993806
vt 0.619421 0.993806
vt 0.619421 0.000000
vt 0.621425 0.000000
vt 0.804972 0.423692
vt 0.804972 0.421687
vt 0.806976 0.421687
vt 0.806976 0.423692
vt 0.597368 0.000000
vt 0.599373 0.000000
vt 0.599373 0.993806
vt 0.597368 0.993806
vt 0.804973 0.421687
vt 0.804973 0.423692
vt 0.802969 0.423692
vt 0.802969 0.421687
vt 0.794869 0.963539
vt 0.794869 0.991627
vt 0.793457 0.991627
vt 0.793457 0.963539
vt 0.985997 0.142855
vt 0.984586 0.142855
vt 0.984586 0.114767
vt 0.985997 0.114767
vt 0.859858 0.892230
vt 0.859491 0.892230
vt 0.859491 0.864139
vt 0.859858 0.864139
vt 0.784193 0.587555
vt 0.783826 0.587555
vt 0.783826 0.586143
vt 0.784193 0.586143
vt 0.860225 0.892230
vt 0.859859 0.892230
vt 0.859859 0.864139
vt 0.860225 0.864139
vt 0.782359 0.586143
vt 0.782726 0.586143
vt 0.782726 0.587555
vt 0.782359 0.587555
vt 0.759890 0.294054
vt 0.759890 0.367567
vt 0.755740 0.367567
vt 0.755740 0.294054
vt 0.780640 0.586142
vt 0.780640 0.513612
vt 0.784790 0.513612
vt 0.784790 0.586142
vt 0.768190 0.218575
vt 0.768190 0.146044
vt 0.772340 0.146044
vt 0.772340 0.218575
vt 0.788940 0.726411
vt 0.788940 0.660639
vt 0.793090 0.660639
vt 0.793090 0.726411
vt 0.797240 0.506829
vt 0.797240 0.441081
vt 0.801390 0.441081
vt 0.801390 0.506829
vt 0.817991 0.779867
vt 0.817991 0.720253
vt 0.822141 0.720253
vt 0.822141 0.779867
vt 0.809690 0.560316
vt 0.809690 0.500699
vt 0.813840 0.500699
vt 0.813840 0.560316
vt 0.841112 0.647776
vt 0.841112 0.593743
vt 0.845263 0.593743
vt 0.845263 0.647776
vt 0.759890 0.854912
vt 0.759890 0.800907
vt 0.764040 0.800907
vt 0.764040 0.854912
vt 0.874313 0.237888
vt 0.874313 0.188915
vt 0.878463 0.188915
vt 0.878463 0.237888
vt 0.879056 0.856525
vt 0.879056 0.807558
vt 0.883206 0.807558
vt 0.883206 0.856525
vt 0.901584 0.044374
vt 0.901584 0.000000
vt 0.905734 0.000000
vt 0.905734 0.044374
vt 0.868384 0.888537
vt 0.868384 0.844159
vt 0.872534 0.844159
vt 0.872534 0.888537
vt 0.842891 0.922998
vt 0.842891 0.882867
vt 0.847042 0.882867
vt 0.847042 0.922998
vt 0.895656 0.911544
vt 0.895656 0.871393
vt 0.899806 0.871393
vt 0.899806 0.911544
vt 0.905142 0.352817
vt 0.905142 0.316477
vt 0.909292 0.316477
vt 0.909292 0.352817
vt 0.938342 0.605137
vt 0.938342 0.568833
vt 0.942492 0.568833
vt 0.942492 0.605137
vt 0.845263 0.134881
vt 0.845263 0.102013
vt 0.849413 0.102013
vt 0.849413 0.134881
vt 0.959091 0.743860
vt 0.959091 0.711024
vt 0.963242 0.711024
vt 0.963242 0.743860
vt 0.972135 0.203927
vt 0.972135 0.174233
vt 0.976285 0.174233
vt 0.976285 0.203927
vt 0.855341 0.955863
vt 0.855341 0.984699
vt 0.851191 0.984699
vt 0.851191 0.955863
vt 0.683571 0.993270
vt 0.683571 0.000000
vt 0.685575 0.000000
vt 0.685575 0.993270
vt 0.683571 0.993270
vt 0.681566 0.993270
vt 0.681566 0.000000
vt 0.683571 0.000000
vt 0.721660 0.993178
vt 0.719656 0.993178
vt 0.719656 0.000000
vt 0.721660 0.000000
vt 0.798962 0.584137
vt 0.798962 0.586142
vt 0.796957 0.586142
vt 0.796957 0.584137
vt 0.721660 0.000000
vt 0.723665 0.000000
vt 0.723665 0.993178
vt 0.721660 0.993178
vt 0.795094 0.269145
vt 0.795094 0.271150
vt 0.793090 0.271150
vt 0.793090 0.269145
vt 0.559279 0.994380
vt 0.559279 0.000000
vt 0.561284 0.000000
vt 0.561284 0.994380
vt 0.581330 0.000000
vt 0.583335 0.000000
vt 0.583335 0.994380
vt 0.581330 0.994380
vt 0.601378 0.993806
vt 0.599373 0.993806
vt 0.599373 0.000000
vt 0.601378 0.000000
vt 0.805113 0.577369
vt 0.805113 0.579373
vt 0.803110 0.579373
vt 0.803110 0.577369
vt 0.595363 0.000000
vt 0.597368 0.000000
vt 0.597368 0.993806
vt 0.595363 0.993806
vt 0.802969 0.658623
vt 0.802969 0.660628
vt 0.800966 0.660628
vt 0.800966 0.658623
vt 0.784423 0.961745
vt 0.784423 0.989832
vt 0.783012 0.989832
vt 0.783012 0.961745
vt 0.967392 0.988172
vt 0.965980 0.988172
vt 0.965980 0.960084
vt 0.967392 0.960084
vt 0.904549 0.157766
vt 0.904916 0.157766
vt 0.904916 0.185857
vt 0.904549 0.185857
vt 0.786026 0.587555
vt 0.785659 0.587555
vt 0.785659 0.586143
vt 0.786026 0.586143
vt 0.906920 0.516505
vt 0.906554 0.516505
vt 0.906554 0.488414
vt 0.906920 0.488414
vt 0.785659 0.587555
vt 0.785293 0.587555
vt 0.785293 0.586143
vt 0.785659 0.586143
vt 0.759890 0.000000
vt 0.759890 0.073514
vt 0.755740 0.073514
vt 0.755740 0.000000
vt 0.780640 0.362653
vt 0.780640 0.290123
vt 0.784790 0.290123
vt 0.784790 0.362653
vt 0.772340 0.587125
vt 0.772340 0.514594
vt 0.776490 0.514594
vt 0.776490 0.587125
vt 0.793090 0.355894
vt 0.793090 0.290122
vt 0.797240 0.290122
vt 0.797240 0.355894
vt 0.801390 0.355870
vt 0.801390 0.290122
vt 0.805540 0.290122
vt 0.805540 0.355870
vt 0.822141 0.349735
vt 0.822141 0.290122
vt 0.826291 0.290122
vt 0.826291 0.349735
vt 0.813841 0.779874
vt 0.813841 0.720257
vt 0.817991 0.720257
vt 0.817991 0.779874
vt 0.834591 0.779867
vt 0.834591 0.833900
vt 0.830441 0.833900
vt 0.830441 0.779867
vt 0.851784 0.350929
vt 0.851784 0.296924
vt 0.855934 0.296924
vt 0.855934 0.350929
vt 0.822141 0.238471
vt 0.822141 0.287444
vt 0.817990 0.287444
vt 0.817991 0.238471
vt 0.847041 0.882867
vt 0.847041 0.833901
vt 0.851191 0.833901
vt 0.851191 0.882867
vt 0.901584 0.705013
vt 0.901584 0.660639
vt 0.905734 0.660639
vt 0.905734 0.705013
vt 0.860677 0.888572
vt 0.860677 0.844194
vt 0.864827 0.844194
vt 0.864827 0.888572
vt 0.834591 0.882867
vt 0.834591 0.922998
vt 0.830441 0.922998
vt 0.830441 0.882867
vt 0.916999 0.137259
vt 0.916999 0.097108
vt 0.921149 0.097108
vt 0.921149 0.137259
vt 0.772340 0.897353
vt 0.772340 0.933692
vt 0.768190 0.933692
vt 0.768190 0.897353
vt 0.938342 0.256242
vt 0.938342 0.219938
vt 0.942492 0.219938
vt 0.942492 0.256242
vt 0.836962 0.134881
vt 0.836962 0.102013
vt 0.841112 0.102013
vt 0.841112 0.134881
vt 0.959092 0.620018
vt 0.959092 0.587182
vt 0.963242 0.587182
vt 0.963242 0.620018
vt 0.972135 0.233620
vt 0.972135 0.203927
vt 0.976285 0.203927
vt 0.976285 0.233620
vt 0.899806 0.947848
vt 0.899806 0.976684
vt 0.895656 0.976684
vt 0.895656 0.947848
vt 0.671543 0.993270
vt 0.671543 0.000000
vt 0.673548 0.000000
vt 0.673548 0.993270
vt 0.709632 0.000000
vt 0.711637 0.000000
vt 0.711637 0.993270
vt 0.709632 0.993270
vt 0.747721 0.993178
vt 0.745716 0.993178
vt 0.745717 0.000000
vt 0.747721 0.000000
vt 0.798962 0.658623
vt 0.798962 0.660628
vt 0.796958 0.660628
vt 0.796958 0.658623
vt 0.735693 0.993178
vt 0.733688 0.993178
vt 0.733689 0.000000
vt 0.735693 0.000000
vt 0.796958 0.658623
vt 0.796958 0.660628
vt 0.794954 0.660628
vt 0.794954 0.658623
vt 0.553265 0.000000
vt 0.553265 0.994380
vt 0.551260 0.994380
vt 0.551260 0.000000
vt 0.549255 0.994380
vt 0.547251 0.994380
vt 0.547251 0.000000
vt 0.549255 0.000000
vt 0.619421 0.993806
vt 0.617416 0.993806
vt 0.617416 0.000000
vt 0.619421 0.000000
vt 0.801106 0.269145
vt 0.801106 0.271150
vt 0.799103 0.271150
vt 0.799103 0.269145
vt 0.625435 0.000000
vt 0.627439 0.000000
vt 0.627439 0.993806
vt 0.625435 0.993806
vt 0.807172 0.423692
vt 0.807172 0.425697
vt 0.805169 0.425697
vt 0.805169 0.423692
vt 0.988821 0.142854
vt 0.988821 0.114767
vt 0.990232 0.114767
vt 0.990232 0.142854
vt 0.870756 0.961536
vt 0.872167 0.961536
vt 0.872167 0.989624
vt 0.870756 0.989624
vt 0.860225 0.864139
vt 0.859858 0.864139
vt 0.859858 0.836048
vt 0.860225 0.836048
vt 0.779791 0.586143
vt 0.780158 0.586143
vt 0.780158 0.587555
vt 0.779791 0.587555
vt 0.865420 0.872284
vt 0.865053 0.872284
vt 0.865053 0.844194
vt 0.865420 0.844194
vt 0.780525 0.586143
vt 0.780892 0.586143
vt 0.780892 0.587555
vt 0.780525 0.587555
vt 0.759890 0.514594
vt 0.759890 0.588107
vt 0.755740 0.588107
vt 0.755740 0.514594
vt 0.780640 0.733169
vt 0.780640 0.660639
vt 0.784790 0.660639
vt 0.784790 0.733169
vt 0.776490 0.217592
vt 0.776490 0.145061
vt 0.780640 0.145061
vt 0.780640 0.217592
vt 0.793090 0.506853
vt 0.793090 0.441081
vt 0.797240 0.441081
vt 0.797240 0.506853
vt 0.801390 0.572602
vt 0.801390 0.506853
vt 0.805540 0.506853
vt 0.805540 0.572602
vt 0.822141 0.238467
vt 0.822141 0.178853
vt 0.826291 0.178853
vt 0.826291 0.238467
vt 0.813840 0.256934
vt 0.813840 0.197317
vt 0.817990 0.197317
vt 0.817990 0.256934
vt 0.788940 0.846217
vt 0.788940 0.792183
vt 0.793090 0.792183
vt 0.793090 0.846217
vt 0.851784 0.242919
vt 0.851784 0.188915
vt 0.855934 0.188915
vt 0.855934 0.242919
vt 0.874313 0.433780
vt 0.874313 0.384807
vt 0.878463 0.384807
vt 0.878463 0.433780
vt 0.882613 0.286854
vt 0.882613 0.237888
vt 0.886763 0.237888
vt 0.886763 0.286854
vt 0.905141 0.188915
vt 0.905141 0.233289
vt 0.900991 0.233289
vt 0.900991 0.188915
vt 0.886763 0.566045
vt 0.886763 0.521668
vt 0.890913 0.521668
vt 0.890913 0.566045
vt 0.925299 0.097108
vt 0.925299 0.137239
vt 0.921149 0.137239
vt 0.921149 0.097108
vt 0.909292 0.260088
vt 0.909292 0.219938
vt 0.913442 0.219938
vt 0.913442 0.260088
vt 0.922335 0.936440
vt 0.922335 0.900100
vt 0.926485 0.900100
vt 0.926485 0.936440
vt 0.943678 0.932732
vt 0.943678 0.896428
vt 0.947828 0.896428
vt 0.947828 0.932732
vt 0.853563 0.438531
vt 0.853563 0.405663
vt 0.857713 0.405663
vt 0.857713 0.438531
vt 0.801390 0.963515
vt 0.801390 0.930678
vt 0.805540 0.930678
vt 0.805540 0.963515
vt 0.976878 0.584039
vt 0.976878 0.613732
vt 0.972727 0.613732
vt 0.972727 0.584039
vt 0.963835 0.782224
vt 0.963835 0.811060
vt 0.959685 0.811060
vt 0.959685 0.782224
vt 0.675552 0.993270
vt 0.675552 0.000000
vt 0.677557 0.000000
vt 0.677557 0.993270
vt 0.679562 0.993270
vt 0.677557 0.993270
vt 0.677557 0.000000
vt 0.679562 0.000000
vt 0.749726 0.993178
vt 0.747721 0.993178
vt 0.747721 0.000000
vt 0.749726 0.000000
vt 0.794953 0.423692
vt 0.794953 0.421687
vt 0.796958 0.421687
vt 0.796958 0.423692
vt 0.735693 0.000000
vt 0.737698 0.000000
vt 0.737698 0.993178
vt 0.735693 0.993178
vt 0.798962 0.423692
vt 0.798962 0.425697
vt 0.796958 0.425697
vt 0.796958 0.423692
vt 0.573312 0.000000
vt 0.573312 0.994380
vt 0.571307 0.994380
vt 0.571307 0.000000
vt 0.543242 0.994380
vt 0.541237 0.994380
vt 0.541237 0.000000
vt 0.543241 0.000000
vt 0.639467 0.993806
vt 0.637463 0.993806
vt 0.637463 0.000000
vt 0.639467 0.000000
vt 0.809121 0.577368
vt 0.809121 0.579373
vt 0.807117 0.579373
vt 0.807117 0.577368
vt 0.623430 0.000000
vt 0.625435 0.000000
vt 0.625435 0.993806
vt 0.623430 0.993806
vt 0.806976 0.584137
vt 0.806976 0.586142
vt 0.804972 0.586142
vt 0.804972 0.584137
vt 0.930861 0.963593
vt 0.930861 0.991681
vt 0.929449 0.991681
vt 0.929449 0.963593
vt 0.771973 0.992606
vt 0.770561 0.992606
vt 0.770561 0.964518
vt 0.771973 0.964518
vt 0.861043 0.119868
vt 0.860677 0.119868
vt 0.860677 0.091778
vt 0.861043 0.091778
vt 0.781259 0.586143
vt 0.781625 0.586143
vt 0.781625 0.587555
vt 0.781259 0.587555
vt 0.860592 0.864139
vt 0.860225 0.864139
vt 0.860225 0.836048
vt 0.860592 0.836048
vt 0.781626 0.586143
vt 0.781992 0.586143
vt 0.781992 0.587555
vt 0.781626 0.587555
vt 0.759890 0.441080
vt 0.759890 0.514594
vt 0.755740 0.514594
vt 0.755740 0.441080
vt 0.784790 0.145061
vt 0.784790 0.072531
vt 0.788940 0.072531
vt 0.788940 0.145061
vt 0.772340 0.733170
vt 0.772340 0.660639
vt 0.776490 0.660639
vt 0.776490 0.733170
vt 0.797240 0.197317
vt 0.797240 0.263089
vt 0.793090 0.263089
vt 0.793090 0.197317
vt 0.801390 0.792136
vt 0.801390 0.726388
vt 0.805540 0.726388
vt 0.805540 0.792136
vt 0.822141 0.588104
vt 0.822141 0.528490
vt 0.826291 0.528490
vt 0.826291 0.588104
vt 0.813840 0.409357
vt 0.813840 0.349739
vt 0.817990 0.349739
vt 0.817990 0.409357
vt 0.793090 0.846193
vt 0.793090 0.792160
vt 0.797240 0.792160
vt 0.797240 0.846193
vt 0.851784 0.546540
vt 0.851784 0.492536
vt 0.855934 0.492536
vt 0.855934 0.546540
vt 0.874313 0.513151
vt 0.874313 0.464178
vt 0.878463 0.464178
vt 0.878463 0.513151
vt 0.882613 0.237881
vt 0.882613 0.188915
vt 0.886763 0.188915
vt 0.886763 0.237881
vt 0.905141 0.233289
vt 0.905141 0.188915
vt 0.909292 0.188915
vt 0.909292 0.233289
vt 0.887356 0.871393
vt 0.887356 0.827016
vt 0.891506 0.827016
vt 0.891506 0.871393
vt 0.921742 0.260069
vt 0.921742 0.219938
vt 0.925892 0.219938
vt 0.925892 0.260069
vt 0.891506 0.911544
vt 0.891506 0.871393
vt 0.895656 0.871393
vt 0.895656 0.911544
vt 0.759890 0.935629
vt 0.759890 0.899290
vt 0.764040 0.899290
vt 0.764040 0.935629
vt 0.887356 0.947848
vt 0.887356 0.911544
vt 0.891506 0.911544
vt 0.891506 0.947848
vt 0.809691 0.955873
vt 0.809691 0.923006
vt 0.813841 0.923006
vt 0.813841 0.955873
vt 0.959685 0.134576
vt 0.959685 0.101740
vt 0.963835 0.101740
vt 0.963835 0.134576
vt 0.973321 0.098596
vt 0.973321 0.068903
vt 0.977471 0.068903
vt 0.977471 0.098596
vt 0.908106 0.947845
vt 0.908106 0.976681
vt 0.903956 0.976681
vt 0.903956 0.947845
vt 0.653501 0.993270
vt 0.653501 0.000000
vt 0.655505 0.000000
vt 0.655505 0.993270
vt 0.679562 0.000000
vt 0.681566 0.000000
vt 0.681566 0.993270
vt 0.679562 0.993270
vt 0.695600 0.993178
vt 0.693595 0.993178
vt 0.693595 0.000000
vt 0.695600 0.000000
vt 0.790944 0.584137
vt 0.790944 0.586142
vt 0.788940 0.586142
vt 0.788940 0.584137
vt 0.723665 0.000000
vt 0.725670 0.000000
vt 0.725670 0.993178
vt 0.723665 0.993178
vt 0.794953 0.584137
vt 0.794953 0.586142
vt 0.792949 0.586142
vt 0.792949 0.584137
vt 0.571307 0.000000
vt 0.571307 0.994380
vt 0.569302 0.994380
vt 0.569302 0.000000
vt 0.535222 0.994380
vt 0.533218 0.994380
vt 0.533217 0.000000
vt 0.535222 0.000000
vt 0.603383 0.993806
vt 0.601378 0.993806
vt 0.601378 0.000000
vt 0.603383 0.000000
vt 0.805113 0.269145
vt 0.805113 0.271150
vt 0.803110 0.271150
vt 0.803110 0.269145
vt 0.593359 0.000000
vt 0.595363 0.000000
vt 0.595363 0.993806
vt 0.593359 0.993806
vt 0.800966 0.658623
vt 0.800966 0.660628
vt 0.798962 0.660628
vt 0.798962 0.658623
vt 0.988821 0.114767
vt 0.988821 0.142855
vt 0.987409 0.142855
vt 0.987409 0.114767
vt 0.864460 0.989627
vt 0.863048 0.989627
vt 0.863048 0.961539
vt 0.864460 0.961539
vt 0.860225 0.807958
vt 0.860592 0.807958
vt 0.860592 0.836048
vt 0.860225 0.836048
vt 0.781259 0.587555
vt 0.780892 0.587555
vt 0.780892 0.586143
vt 0.781259 0.586143
vt 0.857346 0.572457
vt 0.857713 0.572457
vt 0.857713 0.600548
vt 0.857346 0.600548
vt 0.780525 0.587555
vt 0.780158 0.587555
vt 0.780158 0.586143
vt 0.780525 0.586143
vt 0.759890 0.147027
vt 0.759890 0.220540
vt 0.755740 0.220540
vt 0.755740 0.147027
vt 0.784790 0.072530
vt 0.784790 0.000000
vt 0.788940 0.000000
vt 0.788940 0.072530
vt 0.772340 0.513612
vt 0.772340 0.441081
vt 0.776490 0.441081
vt 0.776490 0.513612
vt 0.793090 0.421666
vt 0.793090 0.355894
vt 0.797240 0.355894
vt 0.797240 0.421666
vt 0.801390 0.197293
vt 0.801390 0.131545
vt 0.805540 0.131545
vt 0.805540 0.197293
vt 0.822140 0.500695
vt 0.822140 0.441081
vt 0.826290 0.441081
vt 0.826290 0.500695
vt 0.813841 0.720257
vt 0.813841 0.660639
vt 0.817991 0.660639
vt 0.817991 0.720257
vt 0.809691 0.786005
vt 0.809691 0.840039
vt 0.805540 0.840039
vt 0.805541 0.786005
vt 0.851784 0.296924
vt 0.851784 0.242919
vt 0.855934 0.242919
vt 0.855934 0.296924
vt 0.826291 0.238471
vt 0.826291 0.287444
vt 0.822141 0.287444
vt 0.822141 0.238471
vt 0.882020 0.146075
vt 0.882020 0.097108
vt 0.886170 0.097108
vt 0.886170 0.146075
vt 0.904549 0.141482
vt 0.904549 0.097108
vt 0.908699 0.097108
vt 0.908699 0.141482
vt 0.793090 0.846217
vt 0.793090 0.890595
vt 0.788940 0.890595
vt 0.788940 0.846217
vt 0.822141 0.882867
vt 0.822141 0.922998
vt 0.817991 0.922998
vt 0.817991 0.882867
vt 0.903956 0.911541
vt 0.903956 0.871390
vt 0.908106 0.871390
vt 0.908106 0.911541
vt 0.780640 0.897354
vt 0.780640 0.933693
vt 0.776490 0.933693
vt 0.776490 0.897354
vt 0.899806 0.947844
vt 0.899806 0.911540
vt 0.903956 0.911540
vt 0.903956 0.947844
vt 0.855341 0.955863
vt 0.855341 0.922996
vt 0.859492 0.922996
vt 0.859492 0.955863
vt 0.959092 0.587182
vt 0.959092 0.554346
vt 0.963242 0.554346
vt 0.963242 0.587182
vt 0.972135 0.293006
vt 0.972135 0.263313
vt 0.976285 0.263313
vt 0.976285 0.293006
vt 0.983993 0.942419
vt 0.983993 0.971255
vt 0.979842 0.971255
vt 0.979842 0.942419
vt 0.647486 0.993270
vt 0.647486 0.000000
vt 0.649491 0.000000
vt 0.649491 0.993270
vt 0.663524 0.000000
vt 0.665529 0.000000
vt 0.665529 0.993270
vt 0.663524 0.993270
vt 0.733688 0.993178
vt 0.731684 0.993178
vt 0.731684 0.000000
vt 0.733688 0.000000
vt 0.788940 0.660628
vt 0.788940 0.658623
vt 0.790944 0.658623
vt 0.790944 0.660628
vt 0.727674 0.000000
vt 0.729679 0.000000
vt 0.729679 0.993178
vt 0.727675 0.993178
vt 0.792949 0.423692
vt 0.792949 0.425697
vt 0.790945 0.425697
vt 0.790945 0.423692
vt 0.569302 0.000000
vt 0.569302 0.994380
vt 0.567298 0.994380
vt 0.567298 0.000000
vt 0.539232 0.994380
vt 0.537227 0.994380
vt 0.537227 0.000000
vt 0.539232 0.000000
vt 0.643476 0.993806
vt 0.641472 0.993806
vt 0.641472 0.000000
vt 0.643476 0.000000
vt 0.808979 0.658623
vt 0.808979 0.660628
vt 0.806976 0.660628
vt 0.806976 0.658623
vt 0.639467 0.000000
vt 0.641472 0.000000
vt 0.641472 0.993806
vt 0.639467 0.993806
vt 0.807117 0.269145
vt 0.807117 0.271150
vt 0.805114 0.271150
vt 0.805114 0.269145
vt 0.857346 0.572457
vt 0.857346 0.600545
vt 0.855934 0.600545
vt 0.855934 0.572457
vt 0.822507 0.779867
vt 0.823919 0.779867
vt 0.823919 0.807955
vt 0.822507 0.807955
vt 0.860225 0.836048
vt 0.859858 0.836048
vt 0.859858 0.807958
vt 0.860225 0.807958
vt 0.776857 0.586143
vt 0.777223 0.586143
vt 0.777223 0.587555
vt 0.776857 0.587555
vt 0.860592 0.807958
vt 0.860225 0.807958
vt 0.860225 0.779867
vt 0.860592 0.779867
vt 0.778691 0.586143
vt 0.779058 0.586143
vt 0.779058 0.587555
vt 0.778691 0.587555
vt 0.768190 0.073514
vt 0.768190 0.147027
vt 0.764040 0.147027
vt 0.764040 0.073514
vt 0.776490 0.000000
vt 0.776490 0.072530
vt 0.772340 0.072530
vt 0.772340 0.000000
vt 0.776490 0.072531
vt 0.776490 0.000000
vt 0.780640 0.000000
vt 0.780640 0.072531
vt 0.797240 0.065772
vt 0.797240 0.000000
vt 0.801390 0.000000
vt 0.801390 0.065772
vt 0.801390 0.263065
vt 0.801390 0.197317
vt 0.805540 0.197317
vt 0.805540 0.263065
vt 0.826290 0.059614
vt 0.826290 0.000000
vt 0.830440 0.000000
vt 0.830440 0.059614
vt 0.809690 0.500699
vt 0.809690 0.441081
vt 0.813840 0.441081
vt 0.813840 0.500699
vt 0.838741 0.833901
vt 0.838741 0.779867
vt 0.842891 0.779867
vt 0.842891 0.833901
vt 0.857713 0.438531
vt 0.857713 0.492536
vt 0.853563 0.492536
vt 0.853563 0.438531
vt 0.874906 0.807558
vt 0.874906 0.758585
vt 0.879056 0.758585
vt 0.879056 0.807558
vt 0.834591 0.882867
vt 0.834591 0.833901
vt 0.838741 0.833901
vt 0.838741 0.882867
vt 0.904549 0.141482
vt 0.904549 0.185857
vt 0.900399 0.185857
vt 0.900399 0.141482
vt 0.801390 0.890547
vt 0.801390 0.846169
vt 0.805541 0.846169
vt 0.805540 0.890547
vt 0.921742 0.484171
vt 0.921742 0.444040
vt 0.925892 0.444040
vt 0.925892 0.484171
vt 0.908699 0.137259
vt 0.908699 0.097108
vt 0.912849 0.097108
vt 0.912849 0.137259
vt 0.930042 0.466987
vt 0.930042 0.430648
vt 0.934192 0.430648
vt 0.934192 0.466987
vt 0.946642 0.256242
vt 0.946642 0.219938
vt 0.950792 0.219938
vt 0.950792 0.256242
vt 0.834591 0.955866
vt 0.834591 0.922998
vt 0.838741 0.922998
vt 0.838741 0.955866
vt 0.959092 0.410384
vt 0.959092 0.377547
vt 0.963242 0.377547
vt 0.963242 0.410384
vt 0.969763 0.958951
vt 0.969763 0.929257
vt 0.973913 0.929257
vt 0.973913 0.958951
vt 0.891506 0.947848
vt 0.891506 0.976684
vt 0.887356 0.976684
vt 0.887356 0.947848
vt 0.657510 0.993270
vt 0.657510 0.000000
vt 0.659515 0.000000
vt 0.659515 0.993270
vt 0.687580 0.993270
vt 0.685575 0.993270
vt 0.685575 0.000000
vt 0.687580 0.000000
vt 0.731684 0.993178
vt 0.729679 0.993178
vt 0.729679 0.000000
vt 0.731684 0.000000
vt 0.796958 0.423692
vt 0.796958 0.425697
vt 0.794954 0.425697
vt 0.794954 0.423692
vt 0.687580 0.000000
vt 0.689585 0.000000
vt 0.689585 0.993178
vt 0.687581 0.993178
vt 0.790944 0.423692
vt 0.790944 0.425697
vt 0.788940 0.425697
vt 0.788940 0.423692
vt 0.563288 0.000000
vt 0.563288 0.994380
vt 0.561284 0.994380
vt 0.561284 0.000000
vt 0.537227 0.994380
vt 0.535223 0.994380
vt 0.535222 0.000000
vt 0.537227 0.000000
vt 0.617416 0.993806
vt 0.615411 0.993806
vt 0.615411 0.000000
vt 0.617416 0.000000
vt 0.802969 0.660628
vt 0.802969 0.658623
vt 0.804973 0.658623
vt 0.804973 0.660628
vt 0.591354 0.000000
vt 0.593359 0.000000
vt 0.593358 0.993806
vt 0.591354 0.993806
vt 0.800965 0.584137
vt 0.800965 0.586142
vt 0.798962 0.586142
vt 0.798962 0.584137
vt 0.886397 0.617806
vt 0.886397 0.645894
vt 0.884985 0.645894
vt 0.884985 0.617806
vt 0.905142 0.488414
vt 0.906554 0.488414
vt 0.906554 0.516502
vt 0.905142 0.516502
vt 0.853563 0.106790
vt 0.853930 0.106790
vt 0.853930 0.134881
vt 0.853563 0.134881
vt 0.777224 0.586143
vt 0.777590 0.586143
vt 0.777590 0.587555
vt 0.777224 0.587555
vt 0.859858 0.779867
vt 0.860225 0.779867
vt 0.860225 0.807958
vt 0.859858 0.807958
vt 0.776856 0.587555
vt 0.776490 0.587555
vt 0.776490 0.586143
vt 0.776856 0.586143
vt 0.764040 0.661621
vt 0.764040 0.735135
vt 0.759890 0.735135
vt 0.759890 0.661621
vt 0.772340 0.514594
vt 0.772340 0.587124
vt 0.768190 0.587124
vt 0.768190 0.514594
vt 0.772340 0.363636
vt 0.772340 0.291105
vt 0.776490 0.291105
vt 0.776490 0.363636
vt 0.793090 0.197317
vt 0.793090 0.131545
vt 0.797240 0.131545
vt 0.797240 0.197317
vt 0.801390 0.506829
vt 0.801390 0.441081
vt 0.805540 0.441081
vt 0.805540 0.506829
vt 0.822141 0.660639
vt 0.822141 0.720253
vt 0.817991 0.720253
vt 0.817991 0.660639
vt 0.809690 0.409357
vt 0.809690 0.349739
vt 0.813841 0.349739
vt 0.813841 0.409357
vt 0.809690 0.833908
vt 0.809691 0.779874
vt 0.813841 0.779874
vt 0.813841 0.833908
vt 0.855934 0.404934
vt 0.855934 0.350929
vt 0.860084 0.350929
vt 0.860084 0.404934
vt 0.874313 0.617806
vt 0.874313 0.568833
vt 0.878463 0.568833
vt 0.878463 0.617806
vt 0.838741 0.882867
vt 0.838741 0.833901
vt 0.842891 0.833901
vt 0.842891 0.882867
vt 0.905142 0.399665
vt 0.905142 0.444040
vt 0.900992 0.444040
vt 0.900992 0.399665
vt 0.797240 0.890547
vt 0.797240 0.846170
vt 0.801390 0.846170
vt 0.801390 0.890547
vt 0.847041 0.922999
vt 0.847041 0.882867
vt 0.851192 0.882867
vt 0.851192 0.922998
vt 0.891506 0.871393
vt 0.891506 0.911544
vt 0.887356 0.911544
vt 0.887356 0.871393
vt 0.927078 0.932767
vt 0.927078 0.896428
vt 0.931228 0.896428
vt 0.931228 0.932767
vt 0.946642 0.605137
vt 0.946642 0.568833
vt 0.950792 0.568833
vt 0.950792 0.605137
vt 0.845263 0.102013
vt 0.845263 0.134881
vt 0.841112 0.134881
vt 0.841112 0.102013
vt 0.958499 0.210213
vt 0.958499 0.177377
vt 0.962649 0.177377
vt 0.962649 0.210213
vt 0.966799 0.342307
vt 0.966799 0.312613
vt 0.970949 0.312613
vt 0.970949 0.342307
vt 0.851191 0.955867
vt 0.851191 0.984703
vt 0.847041 0.984703
vt 0.847041 0.955867
vt 0.667533 0.993270
vt 0.667533 0.000000
vt 0.669538 0.000000
vt 0.669538 0.993270
vt 0.707628 0.000000
vt 0.709632 0.000000
vt 0.709632 0.993270
vt 0.707628 0.993270
vt 0.699609 0.993178
vt 0.697604 0.993178
vt 0.697604 0.000000
vt 0.699609 0.000000
vt 0.790944 0.586142
vt 0.790944 0.584137
vt 0.792949 0.584137
vt 0.792949 0.586142
vt 0.699609 0.000000
vt 0.701614 0.000000
vt 0.701614 0.993178
vt 0.699609 0.993178
vt 0.794953 0.421687
vt 0.794953 0.423692
vt 0.792949 0.423692
vt 0.792949 0.421687
vt 0.547251 0.000000
vt 0.547251 0.994380
vt 0.545246 0.994380
vt 0.545246 0.000000
vt 0.533217 0.994380
vt 0.531213 0.994380
vt 0.531213 0.000000
vt 0.533217 0.000000
vt 0.605387 0.993806
vt 0.603383 0.993806
vt 0.603383 0.000000
vt 0.605387 0.000000
vt 0.798962 0.425697
vt 0.798962 0.423692
vt 0.800966 0.423692
vt 0.800966 0.425697
vt 0.627439 0.000000
vt 0.629444 0.000000
vt 0.629444 0.993806
vt 0.627439 0.993806
vt 0.804972 0.584137
vt 0.804972 0.586142
vt 0.802969 0.586142
vt 0.802969 0.584137
vt 0.939754 0.458736
vt 0.939754 0.486824
vt 0.938343 0.486824
vt 0.938342 0.458736
vt 0.938342 0.430648
vt 0.939754 0.430648
vt 0.939754 0.458735
vt 0.938342 0.458735
vt 0.861410 0.091778
vt 0.861777 0.091778
vt 0.861777 0.119868
vt 0.861410 0.119868
vt 0.779058 0.586143
vt 0.779424 0.586143
vt 0.779424 0.587555
vt 0.779058 0.587555
vt 0.861043 0.091778
vt 0.861410 0.091778
vt 0.861410 0.119868
vt 0.861043 0.119868
vt 0.779424 0.586143
vt 0.779791 0.586143
vt 0.779791 0.587555
vt 0.779424 0.587555
vt 0.768190 0.514594
vt 0.768190 0.588108
vt 0.764040 0.588108
vt 0.764040 0.514594
vt 0.788940 0.660639
vt 0.788940 0.733169
vt 0.784790 0.733169
vt 0.784790 0.660639
vt 0.788940 0.290122
vt 0.788940 0.217591
vt 0.793090 0.217591
vt 0.793090 0.290122
vt 0.797240 0.131545
vt 0.797240 0.065772
vt 0.801390 0.065772
vt 0.801390 0.131545
vt 0.805540 0.572602
vt 0.805540 0.506853
vt 0.809690 0.506853
vt 0.809690 0.572602
vt 0.830441 0.059618
vt 0.830441 0.119232
vt 0.826291 0.119232
vt 0.826291 0.059618
vt 0.817990 0.178853
vt 0.817990 0.119236
vt 0.822140 0.119236
vt 0.822140 0.178853
vt 0.764040 0.852976
vt 0.764040 0.798942
vt 0.768190 0.798942
vt 0.768190 0.852976
vt 0.856527 0.768649
vt 0.856527 0.714644
vt 0.860677 0.714644
vt 0.860677 0.768649
vt 0.851191 0.882845
vt 0.851191 0.833872
vt 0.855341 0.833872
vt 0.855341 0.882845
vt 0.883205 0.758579
vt 0.883205 0.709612
vt 0.887355 0.709612
vt 0.887355 0.758579
vt 0.909884 0.044374
vt 0.909884 0.088748
vt 0.905734 0.088748
vt 0.905734 0.044374
vt 0.874906 0.900909
vt 0.874906 0.856531
vt 0.879056 0.856531
vt 0.879056 0.900909
vt 0.793090 0.930702
vt 0.793090 0.890571
vt 0.797240 0.890571
vt 0.797240 0.930702
vt 0.918185 0.749387
vt 0.918185 0.709237
vt 0.922335 0.709237
vt 0.922335 0.749387
vt 0.908106 0.938753
vt 0.908106 0.902413
vt 0.912256 0.902413
vt 0.912256 0.938753
vt 0.947235 0.344711
vt 0.947235 0.308407
vt 0.951385 0.308407
vt 0.951385 0.344711
vt 0.961463 0.906101
vt 0.961463 0.938969
vt 0.957314 0.938969
vt 0.957314 0.906101
vt 0.959684 0.032836
vt 0.959684 0.000000
vt 0.963834 0.000000
vt 0.963834 0.032836
vt 0.977470 0.749387
vt 0.977470 0.779080
vt 0.973320 0.779080
vt 0.973320 0.749387
vt 0.981621 0.811310
vt 0.981621 0.840147
vt 0.977471 0.840147
vt 0.977471 0.811310
vt 0.673548 0.993270
vt 0.673548 0.000000
vt 0.675552 0.000000
vt 0.675552 0.993270
vt 0.711637 0.000000
vt 0.713641 0.000000
vt 0.713641 0.993270
vt 0.711637 0.993270
vt 0.751730 0.993178
vt 0.749726 0.993178
vt 0.749726 0.000000
vt 0.751730 0.000000
vt 0.799103 0.577369
vt 0.799103 0.579373
vt 0.797099 0.579373
vt 0.797099 0.577369
vt 0.751730 0.000000
vt 0.753735 0.000000
vt 0.753735 0.993178
vt 0.751730 0.993178
vt 0.797099 0.577368
vt 0.797099 0.579373
vt 0.795094 0.579373
vt 0.795094 0.577368
vt 0.579326 0.000000
vt 0.579326 0.994380
vt 0.577321 0.994380
vt 0.577321 0.000000
vt 0.545246 0.994380
vt 0.543242 0.994380
vt 0.543242 0.000000
vt 0.545246 0.000000
vt 0.609397 0.993806
vt 0.607392 0.993806
vt 0.607392 0.000000
vt 0.609397 0.000000
vt 0.800966 0.425697
vt 0.800966 0.423692
vt 0.802969 0.423692
vt 0.802969 0.425697
vt 0.587344 0.000000
vt 0.589349 0.000000
vt 0.589349 0.993806
vt 0.587344 0.993806
vt 0.802969 0.584137
vt 0.802969 0.586142
vt 0.800965 0.586142
vt 0.800965 0.584137
vt 0.886396 0.537236
vt 0.886396 0.565324
vt 0.884984 0.565324
vt 0.884984 0.537236
vt 0.884392 0.146081
vt 0.885804 0.146081
vt 0.885804 0.174169
vt 0.884392 0.174169
vt 0.868158 0.872250
vt 0.867791 0.872250
vt 0.867791 0.844159
vt 0.868158 0.844159
vt 0.777590 0.586143
vt 0.777957 0.586143
vt 0.777957 0.587555
vt 0.777590 0.587555
vt 0.859858 0.864139
vt 0.859491 0.864139
vt 0.859491 0.836048
vt 0.859858 0.836048
vt 0.778324 0.586143
vt 0.778691 0.586143
vt 0.778691 0.587555
vt 0.778324 0.587555
vt 0.768190 0.367567
vt 0.768190 0.441081
vt 0.764040 0.441081
vt 0.764040 0.367567
vt 0.776490 0.145061
vt 0.776490 0.217591
vt 0.772340 0.217591
vt 0.772340 0.145061
vt 0.772340 0.145061
vt 0.772340 0.072530
vt 0.776490 0.072530
vt 0.776490 0.145061
vt 0.764040 0.798942
vt 0.764040 0.733170
vt 0.768190 0.733170
vt 0.768190 0.798942
vt 0.793090 0.792160
vt 0.793090 0.726411
vt 0.797240 0.726411
vt 0.797240 0.792160
vt 0.830440 0.441081
vt 0.830440 0.500695
vt 0.826290 0.500695
vt 0.826290 0.441081
vt 0.809690 0.178853
vt 0.809690 0.119235
vt 0.813840 0.119235
vt 0.813840 0.178853
vt 0.836962 0.647776
vt 0.836962 0.593743
vt 0.841112 0.593743
vt 0.841112 0.647776
vt 0.853563 0.660610
vt 0.853563 0.606605
vt 0.857713 0.606605
vt 0.857713 0.660610
vt 0.874906 0.856531
vt 0.874906 0.807558
vt 0.879056 0.807558
vt 0.879056 0.856531
vt 0.830441 0.882867
vt 0.830441 0.833901
vt 0.834591 0.833901
vt 0.834591 0.882867
vt 0.904549 0.097108
vt 0.904549 0.141482
vt 0.900399 0.141482
vt 0.900399 0.097108
vt 0.879056 0.900902
vt 0.879056 0.856525
vt 0.883205 0.856525
vt 0.883205 0.900902
vt 0.925892 0.608964
vt 0.925892 0.568833
vt 0.930042 0.568833
vt 0.930042 0.608964
vt 0.878463 0.617806
vt 0.878463 0.657957
vt 0.874313 0.657957
vt 0.874313 0.617806
vt 0.772340 0.933693
vt 0.772340 0.897354
vt 0.776490 0.897354
vt 0.776490 0.933693
vt 0.947235 0.180844
vt 0.947235 0.144540
vt 0.951385 0.144540
vt 0.951385 0.180844
vt 0.805541 0.957416
vt 0.805541 0.924548
vt 0.809690 0.924548
vt 0.809690 0.957416
vt 0.959092 0.377548
vt 0.959092 0.344711
vt 0.963242 0.344711
vt 0.963242 0.377548
vt 0.975099 0.312613
vt 0.975099 0.342307
vt 0.970949 0.342307
vt 0.970949 0.312613
vt 0.979843 0.942419
vt 0.979843 0.971255
vt 0.975692 0.971255
vt 0.975692 0.942419
vt 0.649491 0.993270
vt 0.649491 0.000000
vt 0.651496 0.000000
vt 0.651495 0.993270
vt 0.645481 0.993270
vt 0.643476 0.993270
vt 0.643476 0.000000
vt 0.645481 0.000000
vt 0.697604 0.993178
vt 0.695600 0.993178
vt 0.695600 0.000000
vt 0.697604 0.000000
vt 0.790945 0.421687
vt 0.790945 0.423692
vt 0.788940 0.423692
vt 0.788940 0.421687
vt 0.743712 0.000000
vt 0.745717 0.000000
vt 0.745717 0.993178
vt 0.743712 0.993178
vt 0.792949 0.658623
vt 0.792949 0.660628
vt 0.790945 0.660628
vt 0.790945 0.658623
vt 0.539232 0.994380
vt 0.539232 0.000000
vt 0.541237 0.000000
vt 0.541236 0.994380
vt 0.565293 0.000000
vt 0.567298 0.000000
vt 0.567298 0.994380
vt 0.565293 0.994380
vt 0.615411 0.993806
vt 0.613407 0.993806
vt 0.613407 0.000000
vt 0.615411 0.000000
vt 0.802969 0.421687
vt 0.802969 0.423692
vt 0.800966 0.423692
vt 0.800966 0.421687
vt 0.629444 0.000000
vt 0.631449 0.000000
vt 0.631449 0.993806
vt 0.629444 0.993806
vt 0.808979 0.421687
vt 0.808979 0.423692
vt 0.806976 0.423692
vt 0.806976 0.421687
vt 0.823919 0.807955
vt 0.823919 0.836043
vt 0.822507 0.836043
vt 0.822507 0.807955
vt 0.822507 0.836043
vt 0.823919 0.836043
vt 0.823919 0.864131
vt 0.822507 0.864131
vt 0.859858 0.836048
vt 0.859491 0.836048
vt 0.859491 0.807958
vt 0.859858 0.807958
vt 0.777957 0.586143
vt 0.778324 0.586143
vt 0.778324 0.587555
vt 0.777957 0.587555
vt 0.859491 0.779867
vt 0.859858 0.779867
vt 0.859858 0.807958
vt 0.859491 0.807958
vt 0.781992 0.586143
vt 0.782359 0.586143
vt 0.782359 0.587555
vt 0.781992 0.587555
vt 0.768190 0.147027
vt 0.768190 0.220540
vt 0.764040 0.220540
vt 0.764040 0.147027
vt 0.772340 0.363636
vt 0.772340 0.436166
vt 0.768190 0.436166
vt 0.768190 0.363636
vt 0.776490 0.586143
vt 0.776490 0.513612
vt 0.780640 0.513612
vt 0.780640 0.586143
vt 0.788940 0.355894
vt 0.788940 0.290122
vt 0.793090 0.290122
vt 0.793090 0.355894
vt 0.805541 0.421642
vt 0.805541 0.355894
vt 0.809690 0.355894
vt 0.809690 0.421642
vt 0.822140 0.441081
vt 0.822140 0.500695
vt 0.817990 0.500695
vt 0.817990 0.441081
vt 0.809690 0.779874
vt 0.809690 0.720257
vt 0.813840 0.720257
vt 0.813840 0.779874
vt 0.826291 0.833900
vt 0.826291 0.779867
vt 0.830441 0.779867
vt 0.830441 0.833900
vt 0.855934 0.350929
vt 0.855934 0.296924
vt 0.860084 0.296924
vt 0.860084 0.350929
vt 0.878463 0.384807
vt 0.878463 0.335834
vt 0.882613 0.335834
vt 0.882613 0.384807
vt 0.879056 0.709606
vt 0.879056 0.660639
vt 0.883205 0.660639
vt 0.883205 0.709606
vt 0.905142 0.613207
vt 0.905142 0.657581
vt 0.900992 0.657581
vt 0.900992 0.613207
vt 0.764040 0.897353
vt 0.764040 0.852976
vt 0.768189 0.852976
vt 0.768189 0.897353
vt 0.838741 0.922998
vt 0.838741 0.882867
vt 0.842891 0.882867
vt 0.842891 0.922998
vt 0.877870 0.186231
vt 0.877870 0.146081
vt 0.882020 0.146081
vt 0.882020 0.186231
vt 0.878463 0.568065
vt 0.878463 0.531726
vt 0.882613 0.531726
vt 0.882613 0.568065
vt 0.947235 0.217148
vt 0.947235 0.180844
vt 0.951385 0.180844
vt 0.951385 0.217148
vt 0.813840 0.289802
vt 0.813840 0.256934
vt 0.817990 0.256934
vt 0.817990 0.289802
vt 0.958499 0.177377
vt 0.958499 0.144540
vt 0.962649 0.144540
vt 0.962649 0.177377
vt 0.961464 0.938969
vt 0.961463 0.968662
vt 0.957314 0.968662
vt 0.957314 0.938969
vt 0.998221 0.615634
vt 0.998221 0.655335
vt 0.995850 0.655335
vt 0.995850 0.615635
vt 0.828065 0.526711
vt 0.828065 0.522562
vt 0.829788 0.522562
vt 0.829788 0.526711
vt 0.999407 0.391500
vt 0.999407 0.431201
vt 0.997036 0.431200
vt 0.997036 0.391500
vt 0.833829 0.765996
vt 0.833829 0.761846
vt 0.835552 0.761846
vt 0.835552 0.765996
vt 0.930634 0.345623
vt 0.930634 0.272103
vt 0.933006 0.272103
vt 0.933006 0.345623
vt 0.826291 0.770146
vt 0.826291 0.765996
vt 0.828661 0.765996
vt 0.828661 0.770146
vt 0.930634 0.218060
vt 0.930634 0.144540
vt 0.933006 0.144540
vt 0.933006 0.218060
vt 0.826291 0.774296
vt 0.826291 0.770146
vt 0.828661 0.770146
vt 0.828661 0.774296
vt 0.849412 0.290121
vt 0.849412 0.188915
vt 0.851784 0.188915
vt 0.851784 0.290122
vt 0.940988 0.137259
vt 0.940988 0.141408
vt 0.939289 0.141408
vt 0.939289 0.137259
vt 0.849412 0.101207
vt 0.849412 0.000000
vt 0.851784 0.000000
vt 0.851784 0.101207
vt 0.940317 0.891243
vt 0.940317 0.895393
vt 0.938618 0.895393
vt 0.938618 0.891243
vt 0.832812 0.528490
vt 0.832812 0.629697
vt 0.830441 0.629697
vt 0.830440 0.528490
vt 0.872929 0.560007
vt 0.872929 0.564157
vt 0.871229 0.564157
vt 0.871229 0.560007
vt 0.842298 0.391328
vt 0.842298 0.492536
vt 0.839927 0.492535
vt 0.839927 0.391328
vt 0.924113 0.568315
vt 0.924113 0.564165
vt 0.925813 0.564165
vt 0.925813 0.568315
vt 0.864827 0.464247
vt 0.864827 0.372470
vt 0.867198 0.372470
vt 0.867198 0.464247
vt 0.935376 0.695812
vt 0.935376 0.699962
vt 0.933676 0.699962
vt 0.933676 0.695812
vt 0.867791 0.000000
vt 0.867791 0.091777
vt 0.865420 0.091778
vt 0.865420 0.000000
vt 0.935455 0.351141
vt 0.935455 0.355291
vt 0.933756 0.355291
vt 0.933756 0.351141
vt 0.870162 0.000000
vt 0.870162 0.091743
vt 0.867791 0.091743
vt 0.867791 0.000000
vt 0.930594 0.691621
vt 0.930594 0.695771
vt 0.928895 0.695771
vt 0.928895 0.691621
vt 0.869570 0.280692
vt 0.869570 0.372435
vt 0.867199 0.372435
vt 0.867198 0.280692
vt 0.861777 0.095927
vt 0.861777 0.091777
vt 0.863477 0.091777
vt 0.863477 0.095927
vt 0.892099 0.743823
vt 0.892099 0.660639
vt 0.894470 0.660639
vt 0.894470 0.743823
vt 0.823919 0.876581
vt 0.823919 0.880731
vt 0.822220 0.880731
vt 0.822220 0.876581
vt 0.895656 0.097108
vt 0.895656 0.180292
vt 0.893284 0.180292
vt 0.893284 0.097108
vt 0.877040 0.564682
vt 0.877040 0.568832
vt 0.875341 0.568832
vt 0.875341 0.564682
vt 0.891506 0.652021
vt 0.891506 0.568833
vt 0.893878 0.568833
vt 0.893878 0.652021
vt 0.919330 0.705087
vt 0.919330 0.709237
vt 0.917631 0.709237
vt 0.917631 0.705087
vt 0.894470 0.000000
vt 0.894470 0.083188
vt 0.892098 0.083188
vt 0.892098 0.000000
vt 0.921741 0.264219
vt 0.921741 0.260069
vt 0.923441 0.260069
vt 0.923441 0.264219
vt 0.911663 0.430689
vt 0.911663 0.355291
vt 0.914035 0.355291
vt 0.914035 0.430689
vt 0.933084 0.264238
vt 0.933084 0.268388
vt 0.931384 0.268388
vt 0.931384 0.264238
vt 0.909884 0.075398
vt 0.909884 0.000000
vt 0.912256 0.000000
vt 0.912256 0.075397
vt 0.934705 0.212876
vt 0.934705 0.217026
vt 0.933006 0.217026
vt 0.933006 0.212876
vt 0.921742 0.691621
vt 0.921742 0.616265
vt 0.924113 0.616265
vt 0.924113 0.691621
vt 0.918381 0.083698
vt 0.918381 0.087848
vt 0.916682 0.087848
vt 0.916682 0.083698
vt 0.925892 0.355291
vt 0.925892 0.430648
vt 0.923521 0.430648
vt 0.923521 0.355291
vt 0.934625 0.709237
vt 0.934625 0.705087
vt 0.936325 0.705087
vt 0.936325 0.709237
vt 0.931820 0.891243
vt 0.931820 0.822907
vt 0.934192 0.822907
vt 0.934192 0.891244
vt 0.894153 0.083188
vt 0.894153 0.087338
vt 0.892454 0.087338
vt 0.892454 0.083188
vt 0.935970 0.490644
vt 0.935970 0.558980
vt 0.933599 0.558981
vt 0.933599 0.490644
vt 0.933084 0.484190
vt 0.933084 0.488340
vt 0.931385 0.488340
vt 0.931385 0.484190
vt 0.942492 0.340429
vt 0.942492 0.272103
vt 0.944863 0.272103
vt 0.944863 0.340429
vt 0.917789 0.438989
vt 0.917789 0.443139
vt 0.916090 0.443139
vt 0.916090 0.438989
vt 0.943678 0.749387
vt 0.943678 0.817713
vt 0.941306 0.817713
vt 0.941306 0.749387
vt 0.921188 0.268388
vt 0.921188 0.264238
vt 0.922887 0.264238
vt 0.922887 0.268388
vt 0.956720 0.616265
vt 0.956720 0.678184
vt 0.954349 0.678184
vt 0.954349 0.616265
vt 0.929527 0.705087
vt 0.929527 0.709237
vt 0.927828 0.709237
vt 0.927828 0.705087
vt 0.954349 0.616265
vt 0.954349 0.554346
vt 0.956720 0.554346
vt 0.956720 0.616265
vt 0.886091 0.178319
vt 0.886091 0.182469
vt 0.884392 0.182469
vt 0.884392 0.178319
vt 0.953756 0.144540
vt 0.953756 0.206463
vt 0.951385 0.206463
vt 0.951385 0.144540
vt 0.918698 0.691621
vt 0.918698 0.695771
vt 0.916999 0.695771
vt 0.916999 0.691621
vt 0.950199 0.552567
vt 0.950199 0.490644
vt 0.952570 0.490645
vt 0.952570 0.552567
vt 0.921030 0.705087
vt 0.921030 0.700937
vt 0.922729 0.700937
vt 0.922729 0.705087
vt 0.966206 0.867309
vt 0.966206 0.811310
vt 0.968578 0.811310
vt 0.968578 0.867309
vt 0.916090 0.609057
vt 0.916090 0.613207
vt 0.914390 0.613207
vt 0.914390 0.609057
vt 0.968578 0.867309
vt 0.968578 0.923307
vt 0.966206 0.923307
vt 0.966206 0.867309
vt 0.859333 0.547557
vt 0.859333 0.551707
vt 0.857634 0.551707
vt 0.857634 0.547557
vt 0.966207 0.124928
vt 0.966207 0.068903
vt 0.968578 0.068903
vt 0.968578 0.124928
vt 0.919489 0.430689
vt 0.919489 0.434839
vt 0.917789 0.434839
vt 0.917789 0.430689
vt 0.968577 0.749387
vt 0.968577 0.805412
vt 0.966206 0.805412
vt 0.966206 0.749387
vt 0.934783 0.488340
vt 0.934783 0.484190
vt 0.936483 0.484190
vt 0.936483 0.488340
vt 0.975692 0.891711
vt 0.975692 0.841003
vt 0.978064 0.841003
vt 0.978064 0.891711
vt 0.916090 0.430689
vt 0.916090 0.434839
vt 0.914390 0.434839
vt 0.914390 0.430689
vt 0.978657 0.435745
vt 0.978657 0.486453
vt 0.976285 0.486453
vt 0.976285 0.435745
vt 0.921781 0.695812
vt 0.921781 0.699962
vt 0.920081 0.699962
vt 0.920081 0.695812
vt 0.983992 0.344711
vt 0.983992 0.395368
vt 0.981621 0.395368
vt 0.981621 0.344711
vt 0.918896 0.137259
vt 0.918896 0.141408
vt 0.917197 0.141408
vt 0.917197 0.137259
vt 0.979249 0.728845
vt 0.979249 0.678188
vt 0.981621 0.678188
vt 0.981620 0.728845
vt 0.911149 0.095638
vt 0.911149 0.091488
vt 0.912848 0.091488
vt 0.912848 0.095638
vt 0.986956 0.000000
vt 0.986956 0.045863
vt 0.984585 0.045863
vt 0.984584 0.000000
vt 0.857329 0.118281
vt 0.857329 0.122431
vt 0.855629 0.122431
vt 0.855629 0.118281
vt 0.985178 0.886867
vt 0.985178 0.841003
vt 0.987549 0.841003
vt 0.987549 0.886867
vt 0.912691 0.434839
vt 0.912691 0.438989
vt 0.910991 0.438989
vt 0.910991 0.434839
vt 0.989327 0.536463
vt 0.989327 0.490645
vt 0.991699 0.490644
vt 0.991699 0.536463
vt 0.918461 0.351141
vt 0.918461 0.355291
vt 0.916762 0.355291
vt 0.916762 0.351141
vt 0.991699 0.296994
vt 0.991699 0.342812
vt 0.989328 0.342812
vt 0.989328 0.296994
vt 0.914982 0.083697
vt 0.914982 0.079547
vt 0.916682 0.079547
vt 0.916682 0.083697
vt 0.994071 0.338427
vt 0.994071 0.296994
vt 0.996442 0.296994
vt 0.996442 0.338427
vt 0.934783 0.609057
vt 0.934783 0.613207
vt 0.933084 0.613207
vt 0.933084 0.609057
vt 0.994071 0.790821
vt 0.994071 0.749387
vt 0.996442 0.749387
vt 0.996442 0.790821
vt 0.916682 0.083698
vt 0.916682 0.087848
vt 0.914982 0.087848
vt 0.914982 0.083698
vt 0.998813 0.749387
vt 0.998813 0.789088
vt 0.996442 0.789088
vt 0.996442 0.749387
vt 0.832812 0.656376
vt 0.832812 0.652226
vt 0.834534 0.652226
vt 0.834534 0.656376
vt 1.000000 0.144540
vt 1.000000 0.184241
vt 0.997629 0.184241
vt 0.997629 0.144540
vt 0.833829 0.770146
vt 0.833829 0.765996
vt 0.835552 0.765996
vt 0.835552 0.770146
vt 0.924113 0.564165
vt 0.924113 0.490644
vt 0.926484 0.490644
vt 0.926484 0.564165
vt 0.825694 0.526711
vt 0.825694 0.522562
vt 0.828065 0.522562
vt 0.828065 0.526711
vt 0.924113 0.073520
vt 0.924113 0.000000
vt 0.926484 0.000000
vt 0.926484 0.073520
vt 0.818581 0.508925
vt 0.818581 0.504776
vt 0.820952 0.504776
vt 0.820952 0.508925
vt 0.830441 0.492535
vt 0.830441 0.391328
vt 0.832812 0.391329
vt 0.832812 0.492536
vt 0.921188 0.484190
vt 0.921188 0.488340
vt 0.919489 0.488340
vt 0.919489 0.484190
vt 0.847634 0.761846
vt 0.847634 0.660639
vt 0.850006 0.660639
vt 0.850006 0.761846
vt 0.940989 0.818758
vt 0.940989 0.822907
vt 0.939290 0.822907
vt 0.939290 0.818758
vt 0.850006 0.761846
vt 0.850006 0.660639
vt 0.852377 0.660639
vt 0.852377 0.761846
vt 0.937392 0.691621
vt 0.937392 0.695771
vt 0.935692 0.695771
vt 0.935692 0.691621
vt 0.851784 0.101207
vt 0.851784 0.000000
vt 0.854155 0.000000
vt 0.854155 0.101207
vt 0.940988 0.141408
vt 0.940988 0.137259
vt 0.942688 0.137259
vt 0.942688 0.141408
vt 0.865420 0.660639
vt 0.865420 0.752416
vt 0.863049 0.752416
vt 0.863049 0.660639
vt 0.935298 0.558980
vt 0.935298 0.563130
vt 0.933599 0.563130
vt 0.933599 0.558980
vt 0.864827 0.280692
vt 0.864827 0.188915
vt 0.867198 0.188915
vt 0.867198 0.280692
vt 0.912691 0.438989
vt 0.912691 0.443139
vt 0.910991 0.443139
vt 0.910991 0.438989
vt 0.874906 0.752416
vt 0.874906 0.844159
vt 0.872534 0.844159
vt 0.872534 0.752416
vt 0.942096 0.684601
vt 0.942096 0.688751
vt 0.940396 0.688751
vt 0.940396 0.684601
vt 0.871941 0.464178
vt 0.871941 0.372435
vt 0.874313 0.372435
vt 0.874313 0.464178
vt 0.935376 0.699962
vt 0.935376 0.695812
vt 0.937075 0.695812
vt 0.937075 0.699962
vt 0.900992 0.568833
vt 0.900992 0.652017
vt 0.898620 0.652017
vt 0.898620 0.568833
vt 0.925140 0.260069
vt 0.925140 0.264219
vt 0.923441 0.264219
vt 0.923441 0.260069
vt 0.896249 0.438476
vt 0.896249 0.355291
vt 0.898620 0.355291
vt 0.898620 0.438476
vt 0.857633 0.568307
vt 0.857633 0.572457
vt 0.855934 0.572457
vt 0.855934 0.568307
vt 0.860084 0.409347
vt 0.860084 0.492535
vt 0.857713 0.492536
vt 0.857713 0.409347
vt 0.922729 0.705087
vt 0.922729 0.709237
vt 0.921030 0.709237
vt 0.921030 0.705087
vt 0.832812 0.204256
vt 0.832812 0.287444
vt 0.830441 0.287444
vt 0.830441 0.204256
vt 0.939881 0.268388
vt 0.939881 0.264238
vt 0.941581 0.264238
vt 0.941581 0.268388
vt 0.917592 0.749387
vt 0.917592 0.824785
vt 0.915220 0.824785
vt 0.915220 0.749387
vt 0.904350 0.091488
vt 0.904350 0.095638
vt 0.902651 0.095638
vt 0.902651 0.091488
vt 0.912256 0.075397
vt 0.912256 0.000000
vt 0.914627 0.000000
vt 0.914627 0.075397
vt 0.902651 0.091488
vt 0.902651 0.095638
vt 0.900951 0.095638
vt 0.900951 0.091488
vt 0.921149 0.272103
vt 0.921149 0.347459
vt 0.918777 0.347459
vt 0.918777 0.272103
vt 0.917789 0.609057
vt 0.917789 0.613207
vt 0.916090 0.613207
vt 0.916090 0.609057
vt 0.921149 0.355291
vt 0.921149 0.430648
vt 0.918778 0.430648
vt 0.918778 0.355291
vt 0.847448 0.761846
vt 0.847448 0.765996
vt 0.845749 0.765996
vt 0.845749 0.761846
vt 0.938342 0.137239
vt 0.938342 0.068903
vt 0.940714 0.068903
vt 0.940714 0.137239
vt 0.912098 0.137259
vt 0.912098 0.141408
vt 0.910399 0.141408
vt 0.910399 0.137259
vt 0.940713 0.000000
vt 0.940713 0.068336
vt 0.938341 0.068336
vt 0.938341 0.000000
vt 0.932689 0.474929
vt 0.932689 0.479079
vt 0.930990 0.479079
vt 0.930990 0.474929
vt 0.944863 0.477091
vt 0.944863 0.408765
vt 0.947234 0.408765
vt 0.947234 0.477091
vt 0.919488 0.264238
vt 0.919488 0.268388
vt 0.917789 0.268388
vt 0.917789 0.264238
vt 0.943085 0.137229
vt 0.943085 0.068903
vt 0.945457 0.068903
vt 0.945457 0.137229
vt 0.921188 0.438989
vt 0.921188 0.434839
vt 0.922888 0.434839
vt 0.922888 0.438989
vt 0.957314 0.068903
vt 0.957314 0.130822
vt 0.954942 0.130822
vt 0.954942 0.068903
vt 0.884313 0.533086
vt 0.884313 0.537236
vt 0.882613 0.537236
vt 0.882613 0.533086
vt 0.956721 0.468553
vt 0.956721 0.406634
vt 0.959092 0.406634
vt 0.959092 0.468553
vt 0.886091 0.182469
vt 0.886091 0.186619
vt 0.884392 0.186619
vt 0.884392 0.182469
vt 0.954349 0.344711
vt 0.954349 0.406634
vt 0.951978 0.406634
vt 0.951978 0.344711
vt 0.917946 0.091488
vt 0.917946 0.095638
vt 0.916247 0.095638
vt 0.916247 0.091488
vt 0.954941 0.000000
vt 0.954941 0.061923
vt 0.952570 0.061923
vt 0.952570 0.000000
vt 0.921188 0.434839
vt 0.921188 0.430689
vt 0.922888 0.430689
vt 0.922888 0.434839
vt 0.970357 0.400709
vt 0.970357 0.344711
vt 0.972728 0.344711
vt 0.972728 0.400709
vt 0.823919 0.872431
vt 0.823919 0.876581
vt 0.822220 0.876581
vt 0.822220 0.872431
vt 0.973320 0.000000
vt 0.973320 0.055998
vt 0.970949 0.055998
vt 0.970949 0.000000
vt 0.928578 0.079547
vt 0.928578 0.083697
vt 0.926878 0.083697
vt 0.926878 0.079547
vt 0.965614 0.410384
vt 0.965614 0.466408
vt 0.963242 0.466408
vt 0.963242 0.410384
vt 0.918381 0.075397
vt 0.918381 0.079547
vt 0.916682 0.079547
vt 0.916682 0.075397
vt 0.966206 0.490645
vt 0.966206 0.546669
vt 0.963834 0.546669
vt 0.963835 0.490644
vt 0.934705 0.217026
vt 0.934705 0.212876
vt 0.936405 0.212876
vt 0.936405 0.217026
vt 0.976285 0.195248
vt 0.976285 0.144540
vt 0.978657 0.144540
vt 0.978657 0.195248
vt 0.916090 0.484190
vt 0.916090 0.488340
vt 0.914390 0.488340
vt 0.914390 0.484190
vt 0.975692 0.942419
vt 0.975692 0.891711
vt 0.978064 0.891711
vt 0.978064 0.942419
vt 0.915497 0.137259
vt 0.915497 0.141408
vt 0.913798 0.141408
vt 0.913798 0.137259
vt 0.981028 0.195198
vt 0.981028 0.144540
vt 0.983399 0.144540
vt 0.983399 0.195198
vt 0.919330 0.700937
vt 0.919330 0.705087
vt 0.917631 0.705087
vt 0.917631 0.700937
vt 0.981028 0.296613
vt 0.981028 0.245956
vt 0.983399 0.245956
vt 0.983399 0.296613
vt 0.912691 0.268388
vt 0.912691 0.264238
vt 0.914390 0.264238
vt 0.914390 0.268388
vt 0.986957 0.068903
vt 0.986957 0.114767
vt 0.984586 0.114766
vt 0.984586 0.068903
vt 0.857622 0.774296
vt 0.857622 0.778446
vt 0.855923 0.778446
vt 0.855923 0.774296
vt 0.983993 0.390575
vt 0.983992 0.344711
vt 0.986364 0.344711
vt 0.986364 0.390574
vt 0.936088 0.470779
vt 0.936088 0.474929
vt 0.934389 0.474929
vt 0.934389 0.470779
vt 0.991700 0.114722
vt 0.991700 0.068903
vt 0.994071 0.068903
vt 0.994071 0.114722
vt 0.918382 0.695812
vt 0.918382 0.699962
vt 0.916682 0.699962
vt 0.916682 0.695812
vt 0.994071 0.296994
vt 0.994071 0.342812
vt 0.991700 0.342812
vt 0.991700 0.296994
vt 0.928658 0.355291
vt 0.928658 0.351141
vt 0.930357 0.351141
vt 0.930357 0.355291
vt 0.992885 0.282450
vt 0.992885 0.241016
vt 0.995257 0.241016
vt 0.995257 0.282450
vt 0.913283 0.699962
vt 0.913283 0.704112
vt 0.911584 0.704112
vt 0.911584 0.699962
vt 0.994071 0.110336
vt 0.994071 0.068903
vt 0.996443 0.068903
vt 0.996443 0.110336
vt 0.857633 0.547557
vt 0.857633 0.551707
vt 0.855934 0.551707
vt 0.855934 0.547557
vt 0.997628 0.798713
vt 0.997628 0.838413
vt 0.995257 0.838413
vt 0.995257 0.798713
vt 0.832107 0.774296
vt 0.832107 0.770146
vt 0.833829 0.770146
vt 0.833829 0.774296
vt 0.965613 0.960084
vt 0.965613 0.999784
vt 0.963242 0.999784
vt 0.963242 0.960084
vt 0.828065 0.518411
vt 0.828066 0.514261
vt 0.829788 0.514261
vt 0.829788 0.518411
vt 0.933598 0.000000
vt 0.933598 0.073520
vt 0.931227 0.073520
vt 0.931227 0.000000
vt 0.828065 0.522561
vt 0.828065 0.518411
vt 0.830436 0.518411
vt 0.830436 0.522561
vt 0.930635 0.428812
vt 0.930635 0.355291
vt 0.933006 0.355292
vt 0.933006 0.428812
vt 0.828065 0.505368
vt 0.828065 0.501218
vt 0.830436 0.501218
vt 0.830436 0.505368
vt 0.840519 0.660639
vt 0.840519 0.761846
vt 0.838148 0.761846
vt 0.838148 0.660639
vt 0.857328 0.109981
vt 0.857328 0.114130
vt 0.855629 0.114130
vt 0.855629 0.109981
vt 0.826291 0.761846
vt 0.826291 0.660639
vt 0.828662 0.660639
vt 0.828662 0.761846
vt 0.912690 0.264238
vt 0.912690 0.268388
vt 0.910991 0.268388
vt 0.910991 0.264238
vt 0.835184 0.391329
vt 0.835184 0.492535
vt 0.832812 0.492535
vt 0.832812 0.391329
vt 0.937591 0.818758
vt 0.937591 0.822907
vt 0.935891 0.822907
vt 0.935891 0.818758
vt 0.831034 0.660639
vt 0.831034 0.761846
vt 0.828662 0.761846
vt 0.828662 0.660639
vt 0.920398 0.695771
vt 0.920398 0.691621
vt 0.922097 0.691621
vt 0.922097 0.695771
vt 0.867199 0.568833
vt 0.867199 0.660610
vt 0.864827 0.660610
vt 0.864827 0.568833
vt 0.941581 0.609057
vt 0.941581 0.613207
vt 0.939882 0.613207
vt 0.939882 0.609057
vt 0.867791 0.752416
vt 0.867791 0.844194
vt 0.865420 0.844194
vt 0.865420 0.752417
vt 0.935219 0.891243
vt 0.935219 0.895393
vt 0.933520 0.895393
vt 0.933520 0.891243
vt 0.871942 0.568833
vt 0.871942 0.660576
vt 0.869570 0.660576
vt 0.869570 0.568833
vt 0.937590 0.137259
vt 0.937590 0.141408
vt 0.935890 0.141408
vt 0.935890 0.137259
vt 0.871941 0.280692
vt 0.871941 0.372435
vt 0.869570 0.372435
vt 0.869570 0.280692
vt 0.929685 0.609057
vt 0.929685 0.613207
vt 0.927986 0.613207
vt 0.927986 0.609057
vt 0.899213 0.827008
vt 0.899213 0.743823
vt 0.901584 0.743823
vt 0.901584 0.827008
vt 0.923797 0.691621
vt 0.923797 0.695771
vt 0.922097 0.695771
vt 0.922097 0.691621
vt 0.898620 0.355287
vt 0.898620 0.272103
vt 0.900991 0.272103
vt 0.900991 0.355287
vt 0.938618 0.891243
vt 0.938618 0.895393
vt 0.936918 0.895393
vt 0.936918 0.891243
vt 0.889727 0.000000
vt 0.889727 0.083188
vt 0.887355 0.083188
vt 0.887356 0.000000
vt 0.921860 0.351141
vt 0.921860 0.355291
vt 0.920161 0.355291
vt 0.920161 0.351141
vt 0.889135 0.568833
vt 0.889135 0.652021
vt 0.886763 0.652021
vt 0.886763 0.568833
vt 0.838928 0.778447
vt 0.838928 0.774296
vt 0.840627 0.774296
vt 0.840627 0.778447
vt 0.917592 0.824785
vt 0.917592 0.900182
vt 0.915220 0.900182
vt 0.915220 0.824785
vt 0.916682 0.691662
vt 0.916682 0.695812
vt 0.914983 0.695812
vt 0.914983 0.691662
vt 0.914035 0.347500
vt 0.914035 0.272103
vt 0.916406 0.272103
vt 0.916406 0.347500
vt 0.941423 0.700936
vt 0.941423 0.705086
vt 0.939723 0.705086
vt 0.939723 0.700936
vt 0.923520 0.144540
vt 0.923520 0.219897
vt 0.921149 0.219897
vt 0.921149 0.144540
vt 0.942134 0.260069
vt 0.942134 0.264219
vt 0.940435 0.264219
vt 0.940435 0.260069
vt 0.919370 0.566001
vt 0.919370 0.490644
vt 0.921742 0.490645
vt 0.921741 0.566001
vt 0.916090 0.264238
vt 0.916090 0.260088
vt 0.917789 0.260088
vt 0.917789 0.264238
vt 0.938934 0.822907
vt 0.938934 0.891243
vt 0.936563 0.891243
vt 0.936563 0.822907
vt 0.937155 0.351141
vt 0.937155 0.355291
vt 0.935455 0.355291
vt 0.935455 0.351141
vt 0.937749 0.212876
vt 0.937749 0.144540
vt 0.940120 0.144540
vt 0.940120 0.212876
vt 0.906841 0.399739
vt 0.906841 0.403889
vt 0.905142 0.403889
vt 0.905142 0.399739
vt 0.942492 0.144540
vt 0.942492 0.212866
vt 0.940120 0.212866
vt 0.940120 0.144540
vt 0.921780 0.079547
vt 0.921780 0.083697
vt 0.920081 0.083697
vt 0.920081 0.079547
vt 0.942492 0.408765
vt 0.942492 0.477091
vt 0.940120 0.477091
vt 0.940120 0.408765
vt 0.925140 0.264219
vt 0.925140 0.260069
vt 0.926840 0.260069
vt 0.926840 0.264219
vt 0.954942 0.873229
vt 0.954942 0.811310
vt 0.957313 0.811310
vt 0.957313 0.873229
vt 0.906050 0.091488
vt 0.906050 0.095638
vt 0.904350 0.095638
vt 0.904350 0.091488
vt 0.958499 0.206460
vt 0.958499 0.268378
vt 0.956128 0.268378
vt 0.956128 0.206460
vt 0.916089 0.264238
vt 0.916089 0.268388
vt 0.914390 0.268388
vt 0.914390 0.264238
vt 0.954942 0.490644
vt 0.954942 0.552567
vt 0.952570 0.552567
vt 0.952570 0.490644
vt 0.921188 0.609057
vt 0.921188 0.613207
vt 0.919489 0.613207
vt 0.919489 0.609057
vt 0.951977 0.740111
vt 0.951977 0.678188
vt 0.954349 0.678188
vt 0.954349 0.740111
vt 0.940989 0.822907
vt 0.940989 0.818758
vt 0.942688 0.818758
vt 0.942688 0.822907
vt 0.970949 0.805386
vt 0.970949 0.749387
vt 0.973320 0.749387
vt 0.973320 0.805386
vt 0.930911 0.564165
vt 0.930911 0.568315
vt 0.929211 0.568315
vt 0.929211 0.564165
vt 0.973321 0.811310
vt 0.973321 0.867308
vt 0.970949 0.867309
vt 0.970949 0.811310
vt 0.857633 0.564157
vt 0.857633 0.568307
vt 0.855934 0.568307
vt 0.855934 0.564157
vt 0.965613 0.666395
vt 0.965613 0.610370
vt 0.967985 0.610370
vt 0.967985 0.666395
vt 0.924587 0.434839
vt 0.924587 0.438989
vt 0.922888 0.438989
vt 0.922888 0.434839
vt 0.965613 0.734212
vt 0.965613 0.678188
vt 0.967984 0.678188
vt 0.967984 0.734212
vt 0.917789 0.264238
vt 0.917789 0.260088
vt 0.919488 0.260088
vt 0.919488 0.264238
vt 0.979249 0.605053
vt 0.979249 0.554346
vt 0.981620 0.554346
vt 0.981620 0.605053
vt 0.935891 0.818758
vt 0.935891 0.822907
vt 0.934192 0.822907
vt 0.934192 0.818758
vt 0.979250 0.395419
vt 0.979250 0.344711
vt 0.981621 0.344711
vt 0.981621 0.395419
vt 0.937155 0.346991
vt 0.937155 0.351141
vt 0.935455 0.351141
vt 0.935455 0.346991
vt 0.984585 0.068903
vt 0.984585 0.119561
vt 0.982214 0.119561
vt 0.982214 0.068903
vt 0.927512 0.564165
vt 0.927512 0.568315
vt 0.925812 0.568315
vt 0.925812 0.564165
vt 0.983399 0.296563
vt 0.983399 0.245906
vt 0.985771 0.245906
vt 0.985771 0.296563
vt 0.939803 0.217026
vt 0.939803 0.212876
vt 0.941503 0.212876
vt 0.941503 0.217026
vt 0.984585 0.536508
vt 0.984585 0.490644
vt 0.986956 0.490644
vt 0.986956 0.536508
vt 0.929093 0.137259
vt 0.929093 0.141408
vt 0.927393 0.141408
vt 0.927393 0.137259
vt 0.987549 0.886867
vt 0.987549 0.932730
vt 0.985178 0.932730
vt 0.985178 0.886867
vt 0.917789 0.264238
vt 0.917789 0.268388
vt 0.916089 0.268388
vt 0.916089 0.264238
vt 0.988142 0.481564
vt 0.988142 0.435745
vt 0.990514 0.435745
vt 0.990514 0.481564
vt 0.926444 0.091488
vt 0.926444 0.095638
vt 0.924744 0.095638
vt 0.924744 0.091488
vt 0.988142 0.286880
vt 0.988142 0.241061
vt 0.990514 0.241061
vt 0.990514 0.286880
vt 0.924744 0.091488
vt 0.924744 0.087338
vt 0.926443 0.087338
vt 0.926443 0.091488
vt 0.992292 0.882437
vt 0.992292 0.841003
vt 0.994664 0.841003
vt 0.994664 0.882437
vt 0.832061 0.761846
vt 0.832061 0.765996
vt 0.830361 0.765996
vt 0.830361 0.761846
vt 0.993478 0.719621
vt 0.993478 0.678188
vt 0.995849 0.678188
vt 0.995849 0.719621
vt 0.928578 0.075397
vt 0.928578 0.079547
vt 0.926879 0.079547
vt 0.926879 0.075397
vt 0.998220 0.554346
vt 0.998220 0.594046
vt 0.995849 0.594046
vt 0.995849 0.554346
vt 0.832812 0.660526
vt 0.832812 0.656376
vt 0.834534 0.656376
vt 0.834534 0.660526
vt 0.997036 0.841003
vt 0.997035 0.880704
vt 0.994664 0.880704
vt 0.994664 0.841003
vt 0.832107 0.778446
vt 0.832107 0.774296
vt 0.833829 0.774296
vt 0.833829 0.778446
vt 0.874906 0.844159
vt 0.874906 0.917680
vt 0.872534 0.917680
vt 0.872534 0.844160
vt 0.826291 0.765996
vt 0.826291 0.761846
vt 0.828662 0.761846
vt 0.828662 0.765996
vt 0.927078 0.896428
vt 0.927078 0.822907
vt 0.929449 0.822908
vt 0.929449 0.896428
vt 0.825694 0.505368
vt 0.825694 0.501219
vt 0.828066 0.501219
vt 0.828066 0.505368
vt 0.837555 0.101207
vt 0.837555 0.000000
vt 0.839926 0.000000
vt 0.839926 0.101207
vt 0.929291 0.345623
vt 0.929291 0.349773
vt 0.927591 0.349773
vt 0.927591 0.345623
vt 0.847041 0.391329
vt 0.847041 0.492536
vt 0.844670 0.492536
vt 0.844670 0.391329
vt 0.936997 0.558981
vt 0.936997 0.563131
vt 0.935298 0.563131
vt 0.935298 0.558981
vt 0.837555 0.492536
vt 0.837555 0.593742
vt 0.835184 0.593742
vt 0.835184 0.492536
vt 0.844274 0.656489
vt 0.844274 0.660639
vt 0.842575 0.660639
vt 0.842575 0.656489
vt 0.832812 0.290122
vt 0.832812 0.391328
vt 0.830441 0.391328
vt 0.830441 0.290122
vt 0.917789 0.488340
vt 0.917789 0.484190
vt 0.919489 0.484190
vt 0.919489 0.488340
vt 0.864827 0.372470
vt 0.864827 0.280692
vt 0.867198 0.280692
vt 0.867198 0.372470
vt 0.928539 0.260069
vt 0.928539 0.264219
vt 0.926840 0.264219
vt 0.926840 0.260069
vt 0.861863 0.188886
vt 0.861863 0.097108
vt 0.864234 0.097108
vt 0.864234 0.188886
vt 0.936324 0.700937
vt 0.936324 0.705086
vt 0.934625 0.705086
vt 0.934625 0.700937
vt 0.869570 0.568833
vt 0.869570 0.660576
vt 0.867199 0.660576
vt 0.867199 0.568833
vt 0.926128 0.700936
vt 0.926128 0.705086
vt 0.924429 0.705086
vt 0.924429 0.700936
vt 0.867198 0.555990
vt 0.867199 0.464247
vt 0.869570 0.464247
vt 0.869570 0.555990
vt 0.894588 0.186620
vt 0.894588 0.182469
vt 0.896288 0.182469
vt 0.896288 0.186620
vt 0.894470 0.827008
vt 0.894470 0.743823
vt 0.896842 0.743823
vt 0.896842 0.827008
vt 0.826291 0.875760
vt 0.826291 0.879910
vt 0.824591 0.879910
vt 0.824591 0.875760
vt 0.896842 0.660639
vt 0.896842 0.743823
vt 0.894470 0.743823
vt 0.894470 0.660639
vt 0.857633 0.555857
vt 0.857633 0.560007
vt 0.855934 0.560007
vt 0.855934 0.555857
vt 0.896249 0.438475
vt 0.896249 0.521664
vt 0.893877 0.521664
vt 0.893877 0.438475
vt 0.927591 0.479079
vt 0.927591 0.483229
vt 0.925892 0.483229
vt 0.925892 0.479079
vt 0.898620 0.272103
vt 0.898620 0.355291
vt 0.896249 0.355291
vt 0.896249 0.272103
vt 0.936404 0.427778
vt 0.936404 0.423627
vt 0.938104 0.423627
vt 0.938104 0.427778
vt 0.911663 0.347501
vt 0.911663 0.272103
vt 0.914035 0.272103
vt 0.914035 0.347500
vt 0.906841 0.517132
vt 0.906841 0.521282
vt 0.905142 0.521282
vt 0.905142 0.517132
vt 0.914627 0.691662
vt 0.914627 0.616265
vt 0.916999 0.616265
vt 0.916999 0.691662
vt 0.934705 0.340439
vt 0.934705 0.344589
vt 0.933006 0.344589
vt 0.933006 0.340439
vt 0.917592 0.900141
vt 0.917592 0.824785
vt 0.919963 0.824785
vt 0.919963 0.900141
vt 0.940435 0.260069
vt 0.940435 0.264219
vt 0.938735 0.264219
vt 0.938735 0.260069
vt 0.919370 0.075356
vt 0.919370 0.000000
vt 0.921741 0.000000
vt 0.921741 0.075356
vt 0.911583 0.083698
vt 0.911583 0.079548
vt 0.913283 0.079548
vt 0.913283 0.083698
vt 0.935970 0.000000
vt 0.935970 0.068336
vt 0.933598 0.068336
vt 0.933598 0.000000
vt 0.907434 0.705087
vt 0.907434 0.709237
vt 0.905734 0.709237
vt 0.905734 0.705087
vt 0.933599 0.137239
vt 0.933599 0.068903
vt 0.935971 0.068903
vt 0.935971 0.137239
vt 0.937788 0.474929
vt 0.937788 0.479079
vt 0.936088 0.479079
vt 0.936088 0.474929
vt 0.942492 0.477091
vt 0.942492 0.408765
vt 0.944863 0.408765
vt 0.944863 0.477091
vt 0.940396 0.558981
vt 0.940396 0.563131
vt 0.938697 0.563131
vt 0.938697 0.558981
vt 0.942492 0.408755
vt 0.942492 0.340429
vt 0.944863 0.340429
vt 0.944863 0.408755
vt 0.920081 0.087847
vt 0.920081 0.083698
vt 0.921780 0.083698
vt 0.921780 0.087847
vt 0.947828 0.958347
vt 0.947828 0.896428
vt 0.950199 0.896428
vt 0.950199 0.958347
vt 0.935337 0.260069
vt 0.935337 0.264219
vt 0.933637 0.264219
vt 0.933637 0.260069
vt 0.957313 0.811306
vt 0.957313 0.749387
vt 0.959685 0.749387
vt 0.959685 0.811306
vt 0.935692 0.691621
vt 0.935692 0.695771
vt 0.933993 0.695771
vt 0.933993 0.691621
vt 0.953756 0.217148
vt 0.953756 0.279071
vt 0.951385 0.279072
vt 0.951385 0.217149
vt 0.939881 0.264238
vt 0.939881 0.268388
vt 0.938182 0.268388
vt 0.938182 0.264238
vt 0.951977 0.616265
vt 0.951977 0.554342
vt 0.954349 0.554342
vt 0.954349 0.616265
vt 0.938104 0.427777
vt 0.938104 0.423627
vt 0.939804 0.423627
vt 0.939804 0.427777
vt 0.970949 0.923307
vt 0.970949 0.867309
vt 0.973321 0.867309
vt 0.973321 0.923307
vt 0.886012 0.533087
vt 0.886012 0.537236
vt 0.884313 0.537236
vt 0.884313 0.533087
vt 0.970356 0.734186
vt 0.970356 0.678188
vt 0.972727 0.678188
vt 0.972727 0.734186
vt 0.857329 0.114131
vt 0.857329 0.118281
vt 0.855629 0.118281
vt 0.855629 0.114131
vt 0.963242 0.610370
vt 0.963242 0.554346
vt 0.965613 0.554346
vt 0.965613 0.610370
vt 0.938182 0.609057
vt 0.938182 0.613207
vt 0.936483 0.613207
vt 0.936483 0.609057
vt 0.966206 0.546669
vt 0.966206 0.490644
vt 0.968577 0.490645
vt 0.968577 0.546669
vt 0.912848 0.095638
vt 0.912848 0.091488
vt 0.914547 0.091488
vt 0.914547 0.095638
vt 0.979842 0.490644
vt 0.979842 0.541352
vt 0.977470 0.541352
vt 0.977470 0.490644
vt 0.914390 0.434839
vt 0.914390 0.438989
vt 0.912691 0.438989
vt 0.912691 0.434839
vt 0.977470 0.800095
vt 0.977470 0.749387
vt 0.979842 0.749387
vt 0.979842 0.800095
vt 0.913283 0.083698
vt 0.913283 0.087847
vt 0.911583 0.087847
vt 0.911583 0.083698
vt 0.982213 0.749387
vt 0.982213 0.800045
vt 0.979842 0.800045
vt 0.979842 0.749387
vt 0.939882 0.609057
vt 0.939882 0.613207
vt 0.938182 0.613207
vt 0.938182 0.609057
vt 0.982806 0.841003
vt 0.982806 0.891661
vt 0.980435 0.891661
vt 0.980435 0.841003
vt 0.910991 0.613207
vt 0.910991 0.609057
vt 0.912691 0.609057
vt 0.912691 0.613207
vt 0.985771 0.241061
vt 0.985771 0.195198
vt 0.988142 0.195198
vt 0.988142 0.241061
vt 0.859333 0.564157
vt 0.859333 0.568307
vt 0.857633 0.568307
vt 0.857633 0.564157
vt 0.986956 0.536508
vt 0.986956 0.490644
vt 0.989328 0.490644
vt 0.989328 0.536508
vt 0.913283 0.075397
vt 0.913283 0.079547
vt 0.911584 0.079547
vt 0.911584 0.075397
vt 0.992885 0.435745
vt 0.992885 0.481564
vt 0.990514 0.481564
vt 0.990514 0.435745
vt 0.938104 0.340439
vt 0.938104 0.344589
vt 0.936405 0.344589
vt 0.936405 0.340439
vt 0.993478 0.615634
vt 0.993478 0.661453
vt 0.991107 0.661453
vt 0.991107 0.615634
vt 0.920081 0.079547
vt 0.920081 0.075397
vt 0.921780 0.075397
vt 0.921780 0.079547
vt 0.995257 0.144540
vt 0.995257 0.185974
vt 0.992886 0.185974
vt 0.992886 0.144540
vt 0.928578 0.695812
vt 0.928578 0.699962
vt 0.926879 0.699962
vt 0.926879 0.695812
vt 0.992292 0.923870
vt 0.992293 0.882437
vt 0.994664 0.882437
vt 0.994664 0.923870
vt 0.857633 0.560007
vt 0.857633 0.564157
vt 0.855934 0.564157
vt 0.855934 0.560007
vt 0.996442 0.039700
vt 0.996442 0.000000
vt 0.998813 0.000000
vt 0.998813 0.039700
vt 0.830384 0.770146
vt 0.830384 0.765996
vt 0.832107 0.765996
vt 0.832107 0.770146
vt 0.996443 0.108604
vt 0.996443 0.068903
vt 0.998814 0.068903
vt 0.998814 0.108604
vt 0.812055 0.576776
vt 0.812055 0.572626
vt 0.813778 0.572626
vt 0.813778 0.576776
vt 0.926485 0.689785
vt 0.926485 0.616265
vt 0.928856 0.616265
vt 0.928856 0.689785
vt 0.823323 0.518412
vt 0.823323 0.514261
vt 0.825694 0.514261
vt 0.825694 0.518412
vt 0.926485 0.564165
vt 0.926485 0.490644
vt 0.928856 0.490644
vt 0.928856 0.564165
vt 0.788940 0.511003
vt 0.788940 0.506853
vt 0.791311 0.506853
vt 0.791311 0.511003
vt 0.835184 0.492536
vt 0.835184 0.593743
vt 0.832812 0.593742
vt 0.832812 0.492536
vt 0.850361 0.602043
vt 0.850361 0.606193
vt 0.848661 0.606193
vt 0.848661 0.602043
vt 0.837555 0.290122
vt 0.837555 0.391328
vt 0.835184 0.391329
vt 0.835184 0.290122
vt 0.931384 0.264238
vt 0.931384 0.268388
vt 0.929685 0.268388
vt 0.929685 0.264238
vt 0.847041 0.101207
vt 0.847041 0.000000
vt 0.849412 0.000000
vt 0.849412 0.101207
vt 0.845726 0.770146
vt 0.845726 0.774296
vt 0.844026 0.774296
vt 0.844026 0.770146
vt 0.844670 0.290122
vt 0.844670 0.391328
vt 0.842298 0.391328
vt 0.842298 0.290122
vt 0.917789 0.613207
vt 0.917789 0.609057
vt 0.919489 0.609057
vt 0.919489 0.613207
vt 0.860085 0.568833
vt 0.860084 0.660610
vt 0.857713 0.660610
vt 0.857713 0.568833
vt 0.926128 0.705087
vt 0.926128 0.709237
vt 0.924429 0.709237
vt 0.924429 0.705087
vt 0.862455 0.464247
vt 0.862455 0.556024
vt 0.860084 0.556025
vt 0.860084 0.464247
vt 0.894153 0.087338
vt 0.894153 0.091488
vt 0.892454 0.091488
vt 0.892454 0.087338
vt 0.864827 0.280727
vt 0.864827 0.372470
vt 0.862455 0.372470
vt 0.862455 0.280727
vt 0.926286 0.264238
vt 0.926286 0.268389
vt 0.924587 0.268389
vt 0.924587 0.264238
vt 0.871941 0.372435
vt 0.871941 0.464178
vt 0.869570 0.464178
vt 0.869570 0.372435
vt 0.891783 0.658345
vt 0.891783 0.654194
vt 0.893482 0.654194
vt 0.893482 0.658345
vt 0.896249 0.652017
vt 0.896249 0.568833
vt 0.898620 0.568833
vt 0.898620 0.652017
vt 0.929291 0.474929
vt 0.929291 0.479079
vt 0.927591 0.479079
vt 0.927591 0.474929
vt 0.898620 0.438476
vt 0.898620 0.521660
vt 0.896249 0.521660
vt 0.896249 0.438476
vt 0.886091 0.174169
vt 0.886091 0.178319
vt 0.884392 0.178319
vt 0.884392 0.174169
vt 0.896249 0.188915
vt 0.896249 0.272103
vt 0.893877 0.272103
vt 0.893877 0.188915
vt 0.927591 0.474929
vt 0.927591 0.479079
vt 0.925892 0.479079
vt 0.925892 0.474929
vt 0.898620 0.188915
vt 0.898620 0.272103
vt 0.896249 0.272103
vt 0.896249 0.188915
vt 0.936483 0.488340
vt 0.936483 0.484190
vt 0.938182 0.484190
vt 0.938182 0.488340
vt 0.914034 0.219938
vt 0.914034 0.144540
vt 0.916406 0.144540
vt 0.916406 0.219938
vt 0.870275 0.091778
vt 0.870275 0.095928
vt 0.868575 0.095928
vt 0.868575 0.091778
vt 0.912256 0.566042
vt 0.912256 0.490644
vt 0.914627 0.490644
vt 0.914627 0.566042
vt 0.867830 0.564157
vt 0.867830 0.568307
vt 0.866131 0.568307
vt 0.866131 0.564157
vt 0.921149 0.347459
vt 0.921149 0.272103
vt 0.923520 0.272103
vt 0.923520 0.347459
vt 0.941453 0.478523
vt 0.941453 0.482674
vt 0.939754 0.482674
vt 0.939754 0.478523
vt 0.923520 0.219897
vt 0.923520 0.144540
vt 0.925892 0.144540
vt 0.925892 0.219897
vt 0.913283 0.704112
vt 0.913283 0.699962
vt 0.914983 0.699962
vt 0.914983 0.704112
vt 0.933006 0.212876
vt 0.933006 0.144540
vt 0.935377 0.144541
vt 0.935377 0.212876
vt 0.871229 0.560007
vt 0.871229 0.564157
vt 0.869530 0.564157
vt 0.869530 0.560007
vt 0.935377 0.272103
vt 0.935377 0.340439
vt 0.933006 0.340439
vt 0.933006 0.272103
vt 0.930278 0.695812
vt 0.930278 0.699962
vt 0.928578 0.699962
vt 0.928578 0.695812
vt 0.947234 0.144540
vt 0.947234 0.212866
vt 0.944863 0.212866
vt 0.944863 0.144540
vt 0.938182 0.264238
vt 0.938182 0.268388
vt 0.936482 0.268388
vt 0.936482 0.264238
vt 0.947235 0.340429
vt 0.947235 0.408755
vt 0.944863 0.408755
vt 0.944863 0.340429
vt 0.917946 0.095638
vt 0.917946 0.091488
vt 0.919646 0.091488
vt 0.919646 0.095638
vt 0.954349 0.406630
vt 0.954349 0.344711
vt 0.956720 0.344711
vt 0.956720 0.406630
vt 0.855629 0.122431
vt 0.855629 0.126581
vt 0.853930 0.126581
vt 0.853930 0.122431
vt 0.954942 0.873233
vt 0.954942 0.935152
vt 0.952570 0.935152
vt 0.952571 0.873233
vt 0.929291 0.479079
vt 0.929291 0.483229
vt 0.927591 0.483229
vt 0.927591 0.479079
vt 0.953756 0.279072
vt 0.953756 0.340994
vt 0.951385 0.340994
vt 0.951385 0.279072
vt 0.890754 0.087338
vt 0.890754 0.091488
vt 0.889055 0.091488
vt 0.889055 0.087338
vt 0.954349 0.616265
vt 0.954349 0.678188
vt 0.951977 0.678188
vt 0.951977 0.616265
vt 0.910991 0.488340
vt 0.910991 0.484190
vt 0.912691 0.484190
vt 0.912691 0.488340
vt 0.970356 0.678188
vt 0.970356 0.734186
vt 0.967985 0.734186
vt 0.967984 0.678188
vt 0.892889 0.182469
vt 0.892889 0.186620
vt 0.891190 0.186620
vt 0.891190 0.182469
vt 0.967392 0.256563
vt 0.967392 0.200565
vt 0.969764 0.200565
vt 0.969764 0.256563
vt 0.926286 0.484190
vt 0.926286 0.488340
vt 0.924587 0.488340
vt 0.924587 0.484190
vt 0.965021 0.256589
vt 0.965021 0.312613
vt 0.962649 0.312614
vt 0.962649 0.256589
vt 0.864431 0.564157
vt 0.864431 0.568308
vt 0.862732 0.568308
vt 0.862732 0.564157
vt 0.966206 0.811310
vt 0.966206 0.867335
vt 0.963835 0.867334
vt 0.963835 0.811310
vt 0.890084 0.658344
vt 0.890084 0.654194
vt 0.891783 0.654194
vt 0.891783 0.658344
vt 0.973914 0.486453
vt 0.973914 0.435745
vt 0.976285 0.435745
vt 0.976285 0.486453
vt 0.892454 0.091488
vt 0.892454 0.095639
vt 0.890754 0.095639
vt 0.890754 0.091488
vt 0.976877 0.728896
vt 0.976877 0.678188
vt 0.979249 0.678188
vt 0.979249 0.728896
vt 0.895853 0.091488
vt 0.895853 0.095639
vt 0.894153 0.095639
vt 0.894153 0.091488
vt 0.981621 0.666292
vt 0.981621 0.615635
vt 0.983992 0.615634
vt 0.983992 0.666292
vt 0.896881 0.654194
vt 0.896881 0.658345
vt 0.895182 0.658345
vt 0.895182 0.654194
vt 0.983992 0.678188
vt 0.983992 0.728845
vt 0.981620 0.728845
vt 0.981620 0.678188
vt 0.894470 0.087334
vt 0.894470 0.083184
vt 0.896169 0.083184
vt 0.896169 0.087334
vt 0.987549 0.932730
vt 0.987550 0.886867
vt 0.989921 0.886867
vt 0.989921 0.932730
vt 0.894153 0.091488
vt 0.894153 0.095639
vt 0.892454 0.095639
vt 0.892454 0.091488
vt 0.987550 0.978593
vt 0.987549 0.932730
vt 0.989921 0.932730
vt 0.989921 0.978593
vt 0.926287 0.609057
vt 0.926287 0.613207
vt 0.924587 0.613207
vt 0.924587 0.609057
vt 0.991107 0.724007
vt 0.991107 0.678188
vt 0.993478 0.678188
vt 0.993478 0.724006
vt 0.937788 0.470779
vt 0.937788 0.474929
vt 0.936088 0.474929
vt 0.936088 0.470779
vt 0.993478 0.344711
vt 0.993478 0.390530
vt 0.991107 0.390530
vt 0.991107 0.344711
vt 0.920595 0.141408
vt 0.920595 0.137259
vt 0.922295 0.137259
vt 0.922295 0.141408
vt 0.860677 0.091777
vt 0.860677 0.133211
vt 0.858305 0.133211
vt 0.858305 0.091777
vt 0.850361 0.597893
vt 0.850361 0.602043
vt 0.848661 0.602043
vt 0.848661 0.597893
vt 0.882020 0.187515
vt 0.882020 0.146081
vt 0.884392 0.146081
vt 0.884392 0.187515
vt 0.850824 0.765996
vt 0.850824 0.770146
vt 0.849125 0.770146
vt 0.849125 0.765996
vt 0.995849 0.717888
vt 0.995849 0.678188
vt 0.998220 0.678188
vt 0.998220 0.717888
vt 0.830384 0.778446
vt 0.830384 0.774296
vt 0.832107 0.774296
vt 0.832107 0.778446
vt 0.997629 0.144540
vt 0.997629 0.184241
vt 0.995257 0.184241
vt 0.995257 0.144540
vt 0.812061 0.183003
vt 0.812061 0.178853
vt 0.813784 0.178853
vt 0.813784 0.183003
vt 0.931227 0.564165
vt 0.931227 0.490644
vt 0.933599 0.490644
vt 0.933599 0.564165
vt 0.826876 0.652469
vt 0.826876 0.648319
vt 0.829247 0.648319
vt 0.829247 0.652469
vt 0.931227 0.689785
vt 0.931227 0.616265
vt 0.933599 0.616265
vt 0.933599 0.689785
vt 0.828065 0.509518
vt 0.828065 0.505368
vt 0.830436 0.505368
vt 0.830436 0.509518
vt 0.839927 0.391328
vt 0.839927 0.290122
vt 0.842298 0.290122
vt 0.842298 0.391328
vt 0.849148 0.761846
vt 0.849148 0.765996
vt 0.847448 0.765996
vt 0.847448 0.761846
vt 0.839927 0.290121
vt 0.839927 0.188915
vt 0.842298 0.188915
vt 0.842298 0.290121
vt 0.895853 0.087338
vt 0.895853 0.091488
vt 0.894153 0.091488
vt 0.894153 0.087338
vt 0.849413 0.290122
vt 0.849413 0.391328
vt 0.847041 0.391328
vt 0.847041 0.290122
vt 0.910991 0.434839
vt 0.910991 0.438989
vt 0.909292 0.438989
vt 0.909292 0.434839
vt 0.845263 0.660639
vt 0.845263 0.761846
vt 0.842891 0.761846
vt 0.842891 0.660639
vt 0.940396 0.563131
vt 0.940396 0.558981
vt 0.942096 0.558981
vt 0.942096 0.563131
vt 0.865420 0.752416
vt 0.865420 0.844194
vt 0.863049 0.844194
vt 0.863049 0.752416
vt 0.852524 0.774296
vt 0.852524 0.778446
vt 0.850824 0.778446
vt 0.850824 0.774296
vt 0.864234 0.188886
vt 0.864234 0.097108
vt 0.866605 0.097108
vt 0.866605 0.188885
vt 0.939290 0.818757
vt 0.939290 0.822907
vt 0.937590 0.822907
vt 0.937590 0.818757
vt 0.826291 0.779867
vt 0.826291 0.871610
vt 0.823919 0.871610
vt 0.823919 0.779867
vt 0.939723 0.705087
vt 0.939723 0.709237
vt 0.938024 0.709237
vt 0.938024 0.705087
vt 0.868977 0.188851
vt 0.868977 0.097108
vt 0.871348 0.097108
vt 0.871348 0.188851
vt 0.906841 0.403889
vt 0.906841 0.399739
vt 0.908541 0.399739
vt 0.908541 0.403889
vt 0.899213 0.660639
vt 0.899213 0.743823
vt 0.896842 0.743823
vt 0.896842 0.660639
vt 0.934191 0.137259
vt 0.934191 0.141409
vt 0.932491 0.141409
vt 0.932491 0.137259
vt 0.896841 0.083184
vt 0.896841 0.000000
vt 0.899212 0.000000
vt 0.899212 0.083184
vt 0.930277 0.075397
vt 0.930277 0.079547
vt 0.928578 0.079547
vt 0.928578 0.075397
vt 0.889134 0.188915
vt 0.889134 0.272103
vt 0.886763 0.272103
vt 0.886763 0.188915
vt 0.911583 0.075398
vt 0.911583 0.079548
vt 0.909884 0.079548
vt 0.909884 0.075398
vt 0.886170 0.180296
vt 0.886170 0.097108
vt 0.888541 0.097108
vt 0.888541 0.180296
vt 0.938024 0.705086
vt 0.938024 0.700936
vt 0.939723 0.700936
vt 0.939723 0.705086
vt 0.911663 0.144540
vt 0.911663 0.219938
vt 0.909292 0.219938
vt 0.909292 0.144540
vt 0.910991 0.609057
vt 0.910991 0.613207
vt 0.909292 0.613207
vt 0.909292 0.609057
vt 0.910478 0.827016
vt 0.910478 0.902413
vt 0.908106 0.902413
vt 0.908106 0.827016
vt 0.841332 0.652226
vt 0.841332 0.656376
vt 0.839633 0.656376
vt 0.839633 0.652226
vt 0.922334 0.824744
vt 0.922334 0.900100
vt 0.919963 0.900100
vt 0.919963 0.824744
vt 0.910991 0.347500
vt 0.910991 0.351650
vt 0.909292 0.351650
vt 0.909292 0.347500
vt 0.921149 0.144541
vt 0.921149 0.219897
vt 0.918777 0.219897
vt 0.918777 0.144540
vt 0.937708 0.568315
vt 0.937708 0.564165
vt 0.939407 0.564165
vt 0.939407 0.568315
vt 0.938341 0.490645
vt 0.938341 0.558981
vt 0.935970 0.558981
vt 0.935970 0.490644
vt 0.931977 0.695812
vt 0.931977 0.699962
vt 0.930278 0.699962
vt 0.930278 0.695812
vt 0.934192 0.891243
vt 0.934192 0.822908
vt 0.936563 0.822907
vt 0.936563 0.891243
vt 0.840875 0.656489
vt 0.840875 0.660639
vt 0.839176 0.660639
vt 0.839176 0.656489
vt 0.941306 0.891233
vt 0.941306 0.822908
vt 0.943678 0.822907
vt 0.943678 0.891233
vt 0.890754 0.083188
vt 0.890754 0.087338
vt 0.889055 0.087338
vt 0.889055 0.083188
vt 0.943085 0.068903
vt 0.943085 0.137229
vt 0.940714 0.137229
vt 0.940714 0.068903
vt 0.919488 0.268388
vt 0.919488 0.264238
vt 0.921188 0.264238
vt 0.921188 0.268388
vt 0.954349 0.468553
vt 0.954349 0.406634
vt 0.956721 0.406634
vt 0.956721 0.468553
vt 0.871229 0.564157
vt 0.871229 0.568307
vt 0.869530 0.568307
vt 0.869530 0.564157
vt 0.956127 0.144540
vt 0.956128 0.206459
vt 0.953756 0.206459
vt 0.953756 0.144540
vt 0.859412 0.405197
vt 0.859412 0.409347
vt 0.857713 0.409347
vt 0.857713 0.405197
vt 0.952571 0.068903
vt 0.952571 0.130826
vt 0.950200 0.130826
vt 0.950200 0.068903
vt 0.875341 0.564683
vt 0.875341 0.568833
vt 0.873641 0.568833
vt 0.873641 0.564683
vt 0.951978 0.406634
vt 0.951978 0.468557
vt 0.949606 0.468557
vt 0.949606 0.406634
vt 0.893482 0.658344
vt 0.893482 0.654194
vt 0.895182 0.654194
vt 0.895182 0.658344
vt 0.969764 0.256563
vt 0.969764 0.312561
vt 0.967392 0.312561
vt 0.967392 0.256563
vt 0.931226 0.705087
vt 0.931226 0.709237
vt 0.929527 0.709237
vt 0.929527 0.705087
vt 0.968578 0.124902
vt 0.968578 0.068903
vt 0.970950 0.068903
vt 0.970950 0.124902
vt 0.835529 0.770146
vt 0.835529 0.774296
vt 0.833829 0.774296
vt 0.833829 0.770146
vt 0.965613 0.610370
vt 0.965613 0.554346
vt 0.967985 0.554346
vt 0.967985 0.610370
vt 0.911584 0.691662
vt 0.911584 0.695812
vt 0.909884 0.695812
vt 0.909884 0.691662
vt 0.967985 0.400735
vt 0.967985 0.456760
vt 0.965614 0.456760
vt 0.965614 0.400735
vt 0.909885 0.699962
vt 0.909885 0.695812
vt 0.911584 0.695812
vt 0.911584 0.699962
vt 0.979249 0.615635
vt 0.979249 0.666342
vt 0.976878 0.666342
vt 0.976878 0.615634
vt 0.939289 0.137259
vt 0.939289 0.141409
vt 0.937589 0.141409
vt 0.937589 0.137259
vt 0.978657 0.195248
vt 0.978657 0.144541
vt 0.981028 0.144540
vt 0.981028 0.195248
vt 0.844026 0.770146
vt 0.844026 0.774296
vt 0.842327 0.774296
vt 0.842327 0.770146
vt 0.983399 0.486402
vt 0.983399 0.435745
vt 0.985771 0.435745
vt 0.985771 0.486402
vt 0.897552 0.091488
vt 0.897552 0.095638
vt 0.895853 0.095638
vt 0.895853 0.091488
vt 0.984585 0.749387
vt 0.984585 0.800045
vt 0.982213 0.800045
vt 0.982213 0.749387
vt 0.908699 0.141409
vt 0.908699 0.137259
vt 0.910399 0.137259
vt 0.910399 0.141409
vt 0.986956 0.795250
vt 0.986956 0.749387
vt 0.989328 0.749387
vt 0.989328 0.795250
vt 0.931226 0.700937
vt 0.931226 0.705087
vt 0.929527 0.705087
vt 0.929527 0.700937
vt 0.987549 0.886867
vt 0.987549 0.841003
vt 0.989921 0.841003
vt 0.989921 0.886867
vt 0.848661 0.597893
vt 0.848661 0.602043
vt 0.846962 0.602043
vt 0.846962 0.597893
vt 0.990514 0.190359
vt 0.990514 0.144540
vt 0.992886 0.144540
vt 0.992886 0.190359
vt 0.844732 0.648076
vt 0.844732 0.652226
vt 0.843032 0.652226
vt 0.843032 0.648076
vt 0.991699 0.749387
vt 0.991699 0.795206
vt 0.989327 0.795206
vt 0.989327 0.749387
vt 0.919330 0.709237
vt 0.919330 0.705087
vt 0.921030 0.705087
vt 0.921030 0.709237
vt 0.989921 0.391500
vt 0.989921 0.432933
vt 0.987550 0.432933
vt 0.987550 0.391500
vt 0.850361 0.593743
vt 0.850361 0.597893
vt 0.848661 0.597893
vt 0.848661 0.593743
vt 0.989921 0.432933
vt 0.989921 0.391500
vt 0.992293 0.391500
vt 0.992293 0.432933
vt 0.849125 0.774296
vt 0.849125 0.778446
vt 0.847425 0.778446
vt 0.847425 0.774296
vt 0.998813 0.490645
vt 0.998813 0.530345
vt 0.996442 0.530345
vt 0.996442 0.490644
vt 0.830441 0.497661
vt 0.830441 0.493511
vt 0.832163 0.493511
vt 0.832163 0.497661
vt 0.999407 0.960105
vt 0.999407 0.999805
vt 0.997036 0.999805
vt 0.997036 0.960105
vt 0.828662 0.778446
vt 0.828662 0.774296
vt 0.830384 0.774296
vt 0.830384 0.778446
vt 0.931227 0.616265
vt 0.931227 0.689785
vt 0.928856 0.689785
vt 0.928856 0.616265
vt 0.823323 0.526711
vt 0.823323 0.522561
vt 0.825694 0.522561
vt 0.825694 0.526711
vt 0.928263 0.428812
vt 0.928263 0.355291
vt 0.930635 0.355291
vt 0.930635 0.428812
vt 0.823323 0.522561
vt 0.823323 0.518411
vt 0.825694 0.518411
vt 0.825694 0.522561
vt 0.847041 0.492536
vt 0.847041 0.593743
vt 0.844670 0.593742
vt 0.844670 0.492536
vt 0.926879 0.075397
vt 0.926879 0.079547
vt 0.925179 0.079547
vt 0.925179 0.075397
vt 0.837555 0.188915
vt 0.837555 0.290121
vt 0.835184 0.290122
vt 0.835184 0.188915
vt 0.930792 0.141409
vt 0.930792 0.137259
vt 0.932491 0.137259
vt 0.932491 0.141409
vt 0.844670 0.492536
vt 0.844670 0.593742
vt 0.842298 0.593742
vt 0.842298 0.492536
vt 0.931542 0.087338
vt 0.931542 0.091488
vt 0.929842 0.091488
vt 0.929842 0.087338
vt 0.849413 0.188915
vt 0.849413 0.290122
vt 0.847041 0.290122
vt 0.847041 0.188915
vt 0.940317 0.895394
vt 0.940317 0.891244
vt 0.942016 0.891244
vt 0.942016 0.895394
vt 0.864827 0.464247
vt 0.864827 0.556025
vt 0.862455 0.556024
vt 0.862455 0.464247
vt 0.926878 0.079548
vt 0.926878 0.083698
vt 0.925179 0.083698
vt 0.925179 0.079548
vt 0.864827 0.188915
vt 0.864827 0.280692
vt 0.862455 0.280692
vt 0.862455 0.188915
vt 0.938697 0.684601
vt 0.938697 0.688751
vt 0.936997 0.688751
vt 0.936997 0.684601
vt 0.867199 0.280657
vt 0.867198 0.188915
vt 0.869570 0.188915
vt 0.869570 0.280657
vt 0.931542 0.091488
vt 0.931542 0.095638
vt 0.929842 0.095638
vt 0.929842 0.091488
vt 0.870163 0.660639
vt 0.870163 0.752381
vt 0.867791 0.752381
vt 0.867791 0.660639
vt 0.912691 0.434839
vt 0.912691 0.430689
vt 0.914390 0.430689
vt 0.914390 0.434839
vt 0.893878 0.438479
vt 0.893878 0.521664
vt 0.891506 0.521664
vt 0.891506 0.438479
vt 0.911583 0.083698
vt 0.911583 0.087848
vt 0.909884 0.087848
vt 0.909884 0.083698
vt 0.893878 0.355291
vt 0.893878 0.438475
vt 0.891506 0.438475
vt 0.891506 0.355291
vt 0.850824 0.774296
vt 0.850824 0.778446
vt 0.849125 0.778446
vt 0.849125 0.774296
vt 0.891506 0.438479
vt 0.891506 0.521667
vt 0.889135 0.521668
vt 0.889134 0.438479
vt 0.848661 0.593742
vt 0.848661 0.597893
vt 0.846962 0.597893
vt 0.846962 0.593742
vt 0.893284 0.097108
vt 0.893284 0.180296
vt 0.890913 0.180296
vt 0.890913 0.097108
vt 0.937155 0.355291
vt 0.937155 0.351141
vt 0.938854 0.351141
vt 0.938854 0.355291
vt 0.907513 0.566042
vt 0.907513 0.490644
vt 0.909884 0.490644
vt 0.909884 0.566042
vt 0.900951 0.083188
vt 0.900951 0.087338
vt 0.899252 0.087338
vt 0.899252 0.083188
vt 0.905735 0.824785
vt 0.905735 0.749387
vt 0.908106 0.749387
vt 0.908106 0.824785
vt 0.826291 0.871610
vt 0.826291 0.875760
vt 0.824591 0.875760
vt 0.824591 0.871610
vt 0.916406 0.347459
vt 0.916406 0.272103
vt 0.918777 0.272103
vt 0.918777 0.347459
vt 0.897552 0.087338
vt 0.897552 0.091488
vt 0.895853 0.091488
vt 0.895853 0.087338
vt 0.916999 0.691621
vt 0.916999 0.616265
vt 0.919370 0.616265
vt 0.919370 0.691621
vt 0.918381 0.083698
vt 0.918381 0.079548
vt 0.920081 0.079548
vt 0.920081 0.083698
vt 0.937749 0.355291
vt 0.937749 0.423627
vt 0.935377 0.423627
vt 0.935377 0.355291
vt 0.889055 0.089194
vt 0.889055 0.093344
vt 0.887355 0.093344
vt 0.887355 0.089194
vt 0.936563 0.817723
vt 0.936563 0.749387
vt 0.938935 0.749387
vt 0.938935 0.817723
vt 0.823919 0.864131
vt 0.823919 0.868281
vt 0.822220 0.868281
vt 0.822220 0.864131
vt 0.940120 0.408765
vt 0.940120 0.340439
vt 0.942492 0.340439
vt 0.942492 0.408765
vt 0.898581 0.654194
vt 0.898581 0.658344
vt 0.896881 0.658344
vt 0.896881 0.654194
vt 0.940713 0.558971
vt 0.940713 0.490644
vt 0.943084 0.490645
vt 0.943084 0.558971
vt 0.937036 0.264219
vt 0.937036 0.260069
vt 0.938735 0.260069
vt 0.938735 0.264219
vt 0.957314 0.130822
vt 0.957314 0.068903
vt 0.959685 0.068903
vt 0.959685 0.130822
vt 0.932057 0.351141
vt 0.932057 0.355291
vt 0.930357 0.355291
vt 0.930357 0.351141
vt 0.957313 0.552563
vt 0.957313 0.490644
vt 0.959684 0.490644
vt 0.959684 0.552563
vt 0.924744 0.091488
vt 0.924744 0.095638
vt 0.923045 0.095638
vt 0.923045 0.091488
vt 0.952571 0.811310
vt 0.952571 0.873233
vt 0.950199 0.873233
vt 0.950199 0.811310
vt 0.897988 0.182469
vt 0.897988 0.186619
vt 0.896288 0.186619
vt 0.896288 0.182469
vt 0.950199 0.490644
vt 0.950199 0.552567
vt 0.947827 0.552567
vt 0.947827 0.490644
vt 0.899252 0.095638
vt 0.899252 0.091488
vt 0.900951 0.091488
vt 0.900951 0.095638
vt 0.970949 0.749387
vt 0.970949 0.805386
vt 0.968578 0.805386
vt 0.968578 0.749387
vt 0.859333 0.560007
vt 0.859333 0.564157
vt 0.857633 0.564157
vt 0.857633 0.560007
vt 0.970356 0.610344
vt 0.970356 0.666342
vt 0.967985 0.666342
vt 0.967985 0.610344
vt 0.851112 0.397363
vt 0.851112 0.401513
vt 0.849412 0.401513
vt 0.849412 0.397363
vt 0.966207 0.068903
vt 0.966207 0.124928
vt 0.963835 0.124928
vt 0.963835 0.068903
vt 0.899252 0.083188
vt 0.899252 0.087338
vt 0.897552 0.087338
vt 0.897552 0.083188
vt 0.966206 0.000000
vt 0.966206 0.056024
vt 0.963834 0.056024
vt 0.963834 0.000000
vt 0.899252 0.091488
vt 0.899252 0.087338
vt 0.900951 0.087338
vt 0.900951 0.091488
vt 0.979250 0.344711
vt 0.979250 0.395419
vt 0.976878 0.395419
vt 0.976878 0.344711
vt 0.920081 0.075398
vt 0.920081 0.079548
vt 0.918381 0.079548
vt 0.918381 0.075398
vt 0.978657 0.263313
vt 0.978657 0.314021
vt 0.976285 0.314021
vt 0.976285 0.263313
vt 0.899252 0.091488
vt 0.899252 0.095638
vt 0.897552 0.095638
vt 0.897552 0.091488
vt 0.982213 0.490644
vt 0.982213 0.541302
vt 0.979841 0.541302
vt 0.979841 0.490645
vt 0.892454 0.087338
vt 0.892454 0.091488
vt 0.890754 0.091488
vt 0.890754 0.087338
vt 0.982214 0.068903
vt 0.982214 0.119561
vt 0.979843 0.119560
vt 0.979843 0.068903
vt 0.898581 0.658344
vt 0.898581 0.654194
vt 0.900280 0.654194
vt 0.900280 0.658344
vt 0.983992 0.661498
vt 0.983992 0.615634
vt 0.986364 0.615634
vt 0.986364 0.661498
vt 0.853760 0.602043
vt 0.853760 0.606193
vt 0.852061 0.606193
vt 0.852061 0.602043
vt 0.983992 0.600209
vt 0.983992 0.554346
vt 0.986363 0.554346
vt 0.986363 0.600209
vt 0.850847 0.761846
vt 0.850847 0.765996
vt 0.849148 0.765996
vt 0.849148 0.761846
vt 0.988735 0.661453
vt 0.988735 0.615635
vt 0.991107 0.615634
vt 0.991107 0.661453
vt 0.899252 0.087338
vt 0.899252 0.091488
vt 0.897552 0.091488
vt 0.897552 0.087338
vt 0.988735 0.600164
vt 0.988735 0.554346
vt 0.991106 0.554346
vt 0.991106 0.600164
vt 0.937075 0.699962
vt 0.937075 0.695812
vt 0.938775 0.695812
vt 0.938775 0.699962
vt 0.985771 0.840146
vt 0.985771 0.798713
vt 0.988142 0.798713
vt 0.988142 0.840146
vt 0.926958 0.351141
vt 0.926958 0.355291
vt 0.925259 0.355291
vt 0.925259 0.351141
vt 0.988142 0.840146
vt 0.988142 0.798713
vt 0.990514 0.798713
vt 0.990514 0.840146
vt 0.850824 0.774296
vt 0.850824 0.770146
vt 0.852524 0.770146
vt 0.852524 0.774296
vt 0.995850 0.384411
vt 0.995850 0.344711
vt 0.998221 0.344711
vt 0.998221 0.384412
vt 0.832107 0.770146
vt 0.832107 0.765996
vt 0.833829 0.765996
vt 0.833829 0.770146
vt 0.995257 0.475445
vt 0.995257 0.435745
vt 0.997628 0.435745
vt 0.997628 0.475446
vt 0.812061 0.568452
vt 0.812061 0.564302
vt 0.813784 0.564302
vt 0.813784 0.568452
vt 0.931820 0.749387
vt 0.931820 0.822907
vt 0.929449 0.822907
vt 0.929449 0.749387
vt 0.825694 0.518411
vt 0.825694 0.514261
vt 0.828065 0.514261
vt 0.828065 0.518411
vt 0.928263 0.218060
vt 0.928263 0.144540
vt 0.930634 0.144540
vt 0.930634 0.218060
vt 0.825694 0.509518
vt 0.825694 0.505368
vt 0.828066 0.505368
vt 0.828066 0.509518
vt 0.849412 0.391329
vt 0.849412 0.492536
vt 0.847041 0.492535
vt 0.847041 0.391329
vt 0.927393 0.137259
vt 0.927393 0.141409
vt 0.925694 0.141409
vt 0.925694 0.137259
vt 0.851784 0.492536
vt 0.851784 0.593742
vt 0.849412 0.593743
vt 0.849412 0.492536
vt 0.938854 0.346991
vt 0.938854 0.351141
vt 0.937155 0.351141
vt 0.937155 0.346991
vt 0.835184 0.188915
vt 0.835184 0.290121
vt 0.832812 0.290121
vt 0.832812 0.188915
vt 0.934389 0.474929
vt 0.934389 0.479079
vt 0.932689 0.479079
vt 0.932689 0.474929
vt 0.837555 0.000000
vt 0.837555 0.101207
vt 0.835184 0.101207
vt 0.835184 0.000000
vt 0.922887 0.268388
vt 0.922887 0.264238
vt 0.924587 0.264238
vt 0.924587 0.268388
vt 0.862456 0.660610
vt 0.862456 0.568833
vt 0.864827 0.568833
vt 0.864827 0.660610
vt 0.855629 0.118281
vt 0.855629 0.122431
vt 0.853930 0.122431
vt 0.853930 0.118281
vt 0.863048 0.091777
vt 0.863048 0.000000
vt 0.865419 0.000000
vt 0.865419 0.091778
vt 0.911584 0.699962
vt 0.911584 0.704112
vt 0.909884 0.704112
vt 0.909884 0.699962
vt 0.874313 0.568833
vt 0.874313 0.660576
vt 0.871942 0.660576
vt 0.871942 0.568833
vt 0.934389 0.479079
vt 0.934389 0.483229
vt 0.932689 0.483229
vt 0.932689 0.479079
vt 0.874905 0.000000
vt 0.874905 0.091743
vt 0.872534 0.091743
vt 0.872534 0.000000
vt 0.930990 0.474929
vt 0.930990 0.470779
vt 0.932690 0.470779
vt 0.932690 0.474929
vt 0.898620 0.438475
vt 0.898620 0.355291
vt 0.900992 0.355291
vt 0.900992 0.438475
vt 0.932056 0.346991
vt 0.932056 0.351141
vt 0.930357 0.351141
vt 0.930357 0.346991
vt 0.898620 0.272099
vt 0.898620 0.188915
vt 0.900991 0.188915
vt 0.900991 0.272099
vt 0.865176 0.095928
vt 0.865176 0.091778
vt 0.866876 0.091778
vt 0.866876 0.095928
vt 0.889727 0.827016
vt 0.889727 0.743827
vt 0.892099 0.743827
vt 0.892099 0.827016
vt 0.910833 0.705087
vt 0.910833 0.709237
vt 0.909133 0.709237
vt 0.909133 0.705087
vt 0.889727 0.743827
vt 0.889727 0.660639
vt 0.892099 0.660639
vt 0.892099 0.743827
vt 0.919489 0.438989
vt 0.919489 0.434839
vt 0.921188 0.434839
vt 0.921188 0.438989
vt 0.912256 0.490644
vt 0.912256 0.566042
vt 0.909884 0.566042
vt 0.909884 0.490644
vt 0.910991 0.260088
vt 0.910991 0.264238
vt 0.909292 0.264238
vt 0.909292 0.260088
vt 0.914627 0.616265
vt 0.914627 0.691662
vt 0.912256 0.691662
vt 0.912256 0.616265
vt 0.888384 0.654194
vt 0.888384 0.658344
vt 0.886684 0.658344
vt 0.886684 0.654194
vt 0.921741 0.075356
vt 0.921741 0.000000
vt 0.924113 0.000000
vt 0.924113 0.075356
vt 0.931977 0.079548
vt 0.931977 0.083698
vt 0.930277 0.083698
vt 0.930277 0.079548
vt 0.922335 0.824744
vt 0.922335 0.749387
vt 0.924706 0.749387
vt 0.924706 0.824744
vt 0.919331 0.705087
vt 0.919331 0.700937
vt 0.921030 0.700937
vt 0.921030 0.705087
vt 0.935377 0.340439
vt 0.935377 0.272103
vt 0.937749 0.272103
vt 0.937749 0.340439
vt 0.886685 0.654194
vt 0.886685 0.658344
vt 0.884985 0.658344
vt 0.884985 0.654194
vt 0.935970 0.068336
vt 0.935970 0.000000
vt 0.938341 0.000000
vt 0.938341 0.068336
vt 0.933756 0.351141
vt 0.933756 0.355291
vt 0.932057 0.355291
vt 0.932057 0.351141
vt 0.940713 0.068326
vt 0.940712 0.000000
vt 0.943084 0.000000
vt 0.943084 0.068326
vt 0.931977 0.075397
vt 0.931977 0.079547
vt 0.930277 0.079547
vt 0.930277 0.075397
vt 0.940713 0.684591
vt 0.940713 0.616265
vt 0.943084 0.616265
vt 0.943084 0.684591
vt 0.918896 0.141409
vt 0.918896 0.137259
vt 0.920595 0.137259
vt 0.920595 0.141409
vt 0.956127 0.206459
vt 0.956127 0.144540
vt 0.958499 0.144540
vt 0.958499 0.206459
vt 0.910991 0.484190
vt 0.910991 0.488340
vt 0.909292 0.488340
vt 0.909292 0.484190
vt 0.956720 0.678184
vt 0.956720 0.616265
vt 0.959092 0.616265
vt 0.959092 0.678184
vt 0.867830 0.560007
vt 0.867830 0.564157
vt 0.866131 0.564157
vt 0.866131 0.560007
vt 0.954942 0.749387
vt 0.954942 0.811310
vt 0.952570 0.811310
vt 0.952570 0.749387
vt 0.931938 0.260069
vt 0.931938 0.264219
vt 0.930238 0.264219
vt 0.930238 0.260069
vt 0.954942 0.811310
vt 0.954942 0.873233
vt 0.952570 0.873233
vt 0.952570 0.811310
vt 0.931820 0.895394
vt 0.931820 0.891244
vt 0.933520 0.891244
vt 0.933520 0.895394
vt 0.969764 0.312562
vt 0.969764 0.256563
vt 0.972135 0.256563
vt 0.972135 0.312562
vt 0.871974 0.091778
vt 0.871974 0.095928
vt 0.870275 0.095928
vt 0.870275 0.091778
vt 0.969764 0.256563
vt 0.969764 0.200565
vt 0.972135 0.200565
vt 0.972135 0.256563
vt 0.927195 0.691621
vt 0.927195 0.695771
vt 0.925496 0.695771
vt 0.925496 0.691621
vt 0.963835 0.929257
vt 0.963835 0.873233
vt 0.966206 0.873233
vt 0.966206 0.929257
vt 0.932294 0.691621
vt 0.932294 0.695771
vt 0.930594 0.695771
vt 0.930594 0.691621
vt 0.965021 0.256589
vt 0.965021 0.200565
vt 0.967392 0.200565
vt 0.967392 0.256589
vt 0.909449 0.095638
vt 0.909449 0.091488
vt 0.911148 0.091488
vt 0.911148 0.095638
vt 0.979841 0.000000
vt 0.979841 0.050708
vt 0.977470 0.050708
vt 0.977470 0.000000
vt 0.912532 0.705087
vt 0.912532 0.709237
vt 0.910833 0.709237
vt 0.910833 0.705087
vt 0.979843 0.068903
vt 0.979843 0.119611
vt 0.977471 0.119611
vt 0.977471 0.068903
vt 0.939803 0.340439
vt 0.939803 0.344589
vt 0.938104 0.344589
vt 0.938104 0.340439
vt 0.985771 0.195198
vt 0.985771 0.245855
vt 0.983400 0.245855
vt 0.983400 0.195198
vt 0.932610 0.564165
vt 0.932610 0.568315
vt 0.930911 0.568315
vt 0.930911 0.564165
vt 0.985771 0.144540
vt 0.985771 0.195198
vt 0.983400 0.195198
vt 0.983400 0.144540
vt 0.931542 0.091488
vt 0.931542 0.087338
vt 0.933241 0.087338
vt 0.933241 0.091488
vt 0.986363 0.600209
vt 0.986363 0.554346
vt 0.988735 0.554346
vt 0.988735 0.600209
vt 0.852060 0.602043
vt 0.852060 0.606193
vt 0.850361 0.606193
vt 0.850361 0.602043
vt 0.986364 0.390574
vt 0.986364 0.344711
vt 0.988735 0.344711
vt 0.988735 0.390574
vt 0.927591 0.345623
vt 0.927591 0.349773
vt 0.925892 0.349773
vt 0.925892 0.345623
vt 0.994071 0.490644
vt 0.994071 0.536463
vt 0.991699 0.536463
vt 0.991699 0.490645
vt 0.899687 0.182469
vt 0.899687 0.186619
vt 0.897987 0.186619
vt 0.897987 0.182469
vt 0.990514 0.241016
vt 0.990514 0.195198
vt 0.992885 0.195198
vt 0.992885 0.241016
vt 0.938104 0.217026
vt 0.938104 0.212876
vt 0.939803 0.212876
vt 0.939803 0.217026
vt 0.991699 0.790821
vt 0.991699 0.749387
vt 0.994071 0.749387
vt 0.994071 0.790821
vt 0.851112 0.393213
vt 0.851112 0.397363
vt 0.849413 0.397363
vt 0.849413 0.393213
vt 0.990514 0.840146
vt 0.990514 0.798713
vt 0.992885 0.798713
vt 0.992885 0.840146
vt 0.926879 0.695812
vt 0.926879 0.699962
vt 0.925180 0.699962
vt 0.925180 0.695812
vt 0.997036 0.922137
vt 0.997036 0.961838
vt 0.994664 0.961838
vt 0.994664 0.922137
vt 0.812061 0.572602
vt 0.812061 0.568452
vt 0.813784 0.568452
vt 0.813784 0.572602
vt 0.997036 0.882437
vt 0.997036 0.922137
vt 0.994664 0.922137
vt 0.994664 0.882437
vt 0.832812 0.652226
vt 0.832812 0.648076
vt 0.834534 0.648076
vt 0.834534 0.652226
vt 0.931820 0.822907
vt 0.931820 0.896428
vt 0.929449 0.896428
vt 0.929449 0.822907
vt 0.824499 0.658623
vt 0.824499 0.654473
vt 0.826871 0.654473
vt 0.826871 0.658623
vt 0.928856 0.564165
vt 0.928856 0.490644
vt 0.931227 0.490644
vt 0.931227 0.564165
vt 0.824505 0.652469
vt 0.824505 0.648319
vt 0.826877 0.648319
vt 0.826877 0.652469
vt 0.837555 0.593742
vt 0.837555 0.492535
vt 0.839927 0.492536
vt 0.839927 0.593742
vt 0.855459 0.602043
vt 0.855459 0.606193
vt 0.853760 0.606193
vt 0.853760 0.602043
vt 0.847634 0.660639
vt 0.847634 0.761846
vt 0.845263 0.761846
vt 0.845263 0.660639
vt 0.924429 0.705087
vt 0.924429 0.709237
vt 0.922729 0.709237
vt 0.922729 0.705087
vt 0.842298 0.492536
vt 0.842298 0.593742
vt 0.839927 0.593742
vt 0.839927 0.492536
vt 0.909133 0.705087
vt 0.909133 0.709237
vt 0.907434 0.709237
vt 0.907434 0.705087
vt 0.842891 0.660639
vt 0.842891 0.761846
vt 0.840520 0.761846
vt 0.840520 0.660639
vt 0.922888 0.434839
vt 0.922888 0.430689
vt 0.924587 0.430689
vt 0.924587 0.434839
vt 0.864827 0.556025
vt 0.864827 0.464247
vt 0.867198 0.464247
vt 0.867198 0.556025
vt 0.914390 0.260088
vt 0.914390 0.264238
vt 0.912691 0.264238
vt 0.912691 0.260088
vt 0.864827 0.372470
vt 0.864827 0.464247
vt 0.862455 0.464247
vt 0.862455 0.372470
vt 0.933241 0.091488
vt 0.933241 0.095639
vt 0.931542 0.095639
vt 0.931542 0.091488
vt 0.872534 0.660639
vt 0.872534 0.752382
vt 0.870163 0.752382
vt 0.870163 0.660639
vt 0.933637 0.260069
vt 0.933637 0.264219
vt 0.931938 0.264219
vt 0.931938 0.260069
vt 0.874313 0.188915
vt 0.874313 0.280658
vt 0.871941 0.280658
vt 0.871941 0.188915
vt 0.909884 0.083698
vt 0.909884 0.079548
vt 0.911583 0.079548
vt 0.911583 0.083698
vt 0.893877 0.355287
vt 0.893877 0.272103
vt 0.896249 0.272103
vt 0.896249 0.355287
vt 0.933676 0.695812
vt 0.933676 0.699962
vt 0.931977 0.699962
vt 0.931977 0.695812
vt 0.899213 0.743823
vt 0.899213 0.827007
vt 0.896842 0.827008
vt 0.896842 0.743823
vt 0.930277 0.079548
vt 0.930277 0.083698
vt 0.928578 0.083698
vt 0.928578 0.079548
vt 0.889727 0.743827
vt 0.889727 0.827016
vt 0.887356 0.827016
vt 0.887356 0.743827
vt 0.933084 0.609057
vt 0.933084 0.613207
vt 0.931385 0.613207
vt 0.931385 0.609057
vt 0.890913 0.097108
vt 0.890913 0.180296
vt 0.888542 0.180296
vt 0.888542 0.097108
vt 0.937392 0.695771
vt 0.937392 0.691621
vt 0.939091 0.691621
vt 0.939091 0.695771
vt 0.914627 0.075397
vt 0.914627 0.000000
vt 0.916998 0.000000
vt 0.916998 0.075397
vt 0.889055 0.083188
vt 0.889055 0.087338
vt 0.887355 0.087338
vt 0.887355 0.083188
vt 0.910477 0.824785
vt 0.910477 0.749387
vt 0.912849 0.749387
vt 0.912849 0.824785
vt 0.842575 0.656489
vt 0.842575 0.660639
vt 0.840875 0.660639
vt 0.840875 0.656489
vt 0.865420 0.919550
vt 0.865420 0.844194
vt 0.867791 0.844194
vt 0.867791 0.919550
vt 0.933520 0.817723
vt 0.933520 0.821873
vt 0.931820 0.821873
vt 0.931820 0.817723
vt 0.918778 0.355291
vt 0.918778 0.430648
vt 0.916406 0.430648
vt 0.916406 0.355291
vt 0.919489 0.434839
vt 0.919489 0.430689
vt 0.921188 0.430689
vt 0.921188 0.434839
vt 0.931820 0.817723
vt 0.931820 0.749387
vt 0.934192 0.749387
vt 0.934192 0.817724
vt 0.886684 0.645894
vt 0.886684 0.650044
vt 0.884985 0.650044
vt 0.884985 0.645894
vt 0.935377 0.355291
vt 0.935377 0.423627
vt 0.933006 0.423627
vt 0.933006 0.355291
vt 0.840650 0.761846
vt 0.840650 0.765996
vt 0.838951 0.765996
vt 0.838951 0.761846
vt 0.945456 0.616265
vt 0.945456 0.684591
vt 0.943084 0.684591
vt 0.943084 0.616265
vt 0.933756 0.346991
vt 0.933756 0.351141
vt 0.932056 0.351141
vt 0.932056 0.346991
vt 0.947827 0.000000
vt 0.947827 0.068326
vt 0.945456 0.068326
vt 0.945456 0.000000
vt 0.918461 0.355291
vt 0.918461 0.351141
vt 0.920161 0.351141
vt 0.920161 0.355291
vt 0.957313 0.000000
vt 0.957313 0.061919
vt 0.954941 0.061919
vt 0.954941 0.000000
vt 0.867830 0.568307
vt 0.867830 0.564157
vt 0.869530 0.564157
vt 0.869530 0.568307
vt 0.959092 0.344711
vt 0.959092 0.406630
vt 0.956721 0.406630
vt 0.956721 0.344711
vt 0.910991 0.438989
vt 0.910991 0.443139
vt 0.909292 0.443139
vt 0.909292 0.438989
vt 0.949606 0.344711
vt 0.949606 0.406634
vt 0.947235 0.406634
vt 0.947235 0.344711
vt 0.931385 0.484190
vt 0.931385 0.488340
vt 0.929685 0.488340
vt 0.929685 0.484190
vt 0.949606 0.678188
vt 0.949606 0.616265
vt 0.951977 0.616265
vt 0.951977 0.678188
vt 0.909292 0.268388
vt 0.909292 0.264238
vt 0.910991 0.264238
vt 0.910991 0.268388
vt 0.970949 0.490644
vt 0.970949 0.546643
vt 0.968577 0.546643
vt 0.968577 0.490644
vt 0.869530 0.560007
vt 0.869530 0.564157
vt 0.867831 0.564157
vt 0.867831 0.560007
vt 0.967985 0.610344
vt 0.967985 0.554346
vt 0.970356 0.554346
vt 0.970356 0.610344
vt 0.837251 0.761846
vt 0.837251 0.765996
vt 0.835552 0.765996
vt 0.835552 0.761846
vt 0.963835 0.873233
vt 0.963835 0.929258
vt 0.961463 0.929258
vt 0.961464 0.873233
vt 0.934309 0.564165
vt 0.934309 0.568315
vt 0.932610 0.568315
vt 0.932610 0.564165
vt 0.965613 0.610370
vt 0.965613 0.666395
vt 0.963242 0.666395
vt 0.963242 0.610370
vt 0.909292 0.434839
vt 0.909292 0.430689
vt 0.910991 0.430689
vt 0.910991 0.434839
vt 0.980435 0.891711
vt 0.980435 0.942419
vt 0.978064 0.942419
vt 0.978064 0.891711
vt 0.934389 0.470779
vt 0.934389 0.474929
vt 0.932689 0.474929
vt 0.932689 0.470779
vt 0.978657 0.245956
vt 0.978657 0.195248
vt 0.981028 0.195248
vt 0.981028 0.245956
vt 0.861032 0.564157
vt 0.861032 0.568308
vt 0.859333 0.568308
vt 0.859333 0.564157
vt 0.984584 0.000000
vt 0.984584 0.050657
vt 0.982213 0.050657
vt 0.982213 0.000000
vt 0.933993 0.691621
vt 0.933993 0.695771
vt 0.932293 0.695771
vt 0.932293 0.691621
vt 0.982807 0.942369
vt 0.982807 0.891711
vt 0.985178 0.891711
vt 0.985178 0.942369
vt 0.907749 0.095638
vt 0.907749 0.091488
vt 0.909449 0.091488
vt 0.909449 0.095638
vt 0.988735 0.678188
vt 0.988735 0.724051
vt 0.986363 0.724051
vt 0.986363 0.678188
vt 0.854223 0.774296
vt 0.854223 0.778446
vt 0.852524 0.778446
vt 0.852524 0.774296
vt 0.986364 0.661498
vt 0.986364 0.615634
vt 0.988735 0.615634
vt 0.988735 0.661498
vt 0.855629 0.126581
vt 0.855629 0.130731
vt 0.853930 0.130731
vt 0.853930 0.126581
vt 0.991106 0.678188
vt 0.991106 0.724006
vt 0.988735 0.724007
vt 0.988735 0.678188
vt 0.929527 0.700937
vt 0.929527 0.705087
vt 0.927827 0.705087
vt 0.927827 0.700937
vt 0.991699 0.000000
vt 0.991699 0.045819
vt 0.989327 0.045819
vt 0.989327 0.000000
vt 0.918698 0.695771
vt 0.918698 0.691621
vt 0.920398 0.691621
vt 0.920398 0.695771
vt 0.993478 0.595779
vt 0.993478 0.554346
vt 0.995849 0.554346
vt 0.995849 0.595779
vt 0.855629 0.130731
vt 0.855629 0.134881
vt 0.853930 0.134881
vt 0.853930 0.130731
vt 0.995850 0.344711
vt 0.995850 0.386144
vt 0.993478 0.386144
vt 0.993478 0.344711
vt 0.854223 0.770146
vt 0.854223 0.774296
vt 0.852524 0.774296
vt 0.852524 0.770146
vt 0.999407 0.920404
vt 0.999407 0.960105
vt 0.997036 0.960105
vt 0.997036 0.920404
vt 0.828662 0.774296
vt 0.828662 0.770146
vt 0.830384 0.770146
vt 0.830384 0.774296
vt 0.969763 0.960084
vt 0.969763 0.999784
vt 0.967392 0.999784
vt 0.967392 0.960084
vt 0.830384 0.774296
vt 0.830384 0.770146
vt 0.832107 0.770146
vt 0.832107 0.774296
vt 0.924706 0.898264
vt 0.924706 0.824744
vt 0.927077 0.824744
vt 0.927077 0.898264
vt 0.817386 0.658623
vt 0.817386 0.654473
vt 0.819757 0.654473
vt 0.819757 0.658623
vt 0.924706 0.822907
vt 0.924706 0.749387
vt 0.927077 0.749387
vt 0.927077 0.822907
vt 0.814430 0.196700
vt 0.814430 0.192550
vt 0.816802 0.192550
vt 0.816802 0.196700
vt 0.847041 0.290122
vt 0.847041 0.391329
vt 0.844670 0.391329
vt 0.844670 0.290122
vt 0.928895 0.691621
vt 0.928895 0.695771
vt 0.927196 0.695771
vt 0.927196 0.691621
vt 0.844669 0.101207
vt 0.844669 0.000000
vt 0.847041 0.000000
vt 0.847041 0.101207
vt 0.873641 0.564683
vt 0.873641 0.568833
vt 0.871942 0.568833
vt 0.871942 0.564683
vt 0.833405 0.660639
vt 0.833405 0.761846
vt 0.831034 0.761846
vt 0.831034 0.660639
vt 0.894588 0.182469
vt 0.894588 0.186620
vt 0.892889 0.186620
vt 0.892889 0.182469
vt 0.832812 0.000000
vt 0.832812 0.101207
vt 0.830440 0.101207
vt 0.830441 0.000000
vt 0.939723 0.709237
vt 0.939723 0.705087
vt 0.941423 0.705087
vt 0.941423 0.709237
vt 0.860677 0.091777
vt 0.860677 0.000000
vt 0.863048 0.000000
vt 0.863048 0.091777
vt 0.937036 0.260069
vt 0.937036 0.264219
vt 0.935337 0.264219
vt 0.935337 0.260069
vt 0.860677 0.752416
vt 0.860677 0.660639
vt 0.863048 0.660639
vt 0.863048 0.752416
vt 0.913363 0.351141
vt 0.913363 0.355291
vt 0.911663 0.355291
vt 0.911663 0.351141
vt 0.869570 0.372470
vt 0.869570 0.464213
vt 0.867198 0.464213
vt 0.867198 0.372470
vt 0.929685 0.484190
vt 0.929685 0.488340
vt 0.927986 0.488340
vt 0.927986 0.484190
vt 0.870163 0.752417
vt 0.870163 0.844160
vt 0.867791 0.844159
vt 0.867791 0.752417
vt 0.888384 0.658344
vt 0.888384 0.654194
vt 0.890083 0.654194
vt 0.890083 0.658344
vt 0.892099 0.827011
vt 0.892099 0.743827
vt 0.894470 0.743827
vt 0.894470 0.827011
vt 0.914390 0.484190
vt 0.914390 0.488340
vt 0.912691 0.488340
vt 0.912691 0.484190
vt 0.891506 0.355287
vt 0.891506 0.272103
vt 0.893877 0.272103
vt 0.893877 0.355287
vt 0.857159 0.602043
vt 0.857159 0.606193
vt 0.855460 0.606193
vt 0.855460 0.602043
vt 0.893877 0.188915
vt 0.893877 0.272103
vt 0.891506 0.272103
vt 0.891506 0.188915
vt 0.843032 0.648076
vt 0.843032 0.652226
vt 0.841332 0.652226
vt 0.841332 0.648076
vt 0.891506 0.188915
vt 0.891506 0.272103
vt 0.889134 0.272103
vt 0.889135 0.188915
vt 0.925892 0.474929
vt 0.925892 0.470779
vt 0.927591 0.470779
vt 0.927591 0.474929
vt 0.908106 0.824785
vt 0.908106 0.749387
vt 0.910478 0.749387
vt 0.910478 0.824785
vt 0.842327 0.774296
vt 0.842327 0.778446
vt 0.840627 0.778446
vt 0.840627 0.774296
vt 0.912849 0.902413
vt 0.912849 0.827016
vt 0.915220 0.827016
vt 0.915220 0.902413
vt 0.912690 0.260088
vt 0.912690 0.264238
vt 0.910991 0.264238
vt 0.910991 0.260088
vt 0.923520 0.347459
vt 0.923520 0.272103
vt 0.925892 0.272103
vt 0.925892 0.347459
vt 0.916089 0.260088
vt 0.916089 0.264238
vt 0.914390 0.264238
vt 0.914390 0.260088
vt 0.916999 0.566001
vt 0.916999 0.490644
vt 0.919370 0.490645
vt 0.919370 0.566001
vt 0.938697 0.688751
vt 0.938697 0.684601
vt 0.940396 0.684601
vt 0.940396 0.688751
vt 0.934192 0.817723
vt 0.934192 0.749387
vt 0.936563 0.749388
vt 0.936563 0.817724
vt 0.934705 0.423627
vt 0.934705 0.427777
vt 0.933006 0.427777
vt 0.933006 0.423627
vt 0.933599 0.684601
vt 0.933599 0.616265
vt 0.935970 0.616265
vt 0.935970 0.684601
vt 0.930990 0.479079
vt 0.930990 0.483229
vt 0.929291 0.483229
vt 0.929291 0.479079
vt 0.943678 0.817713
vt 0.943678 0.749387
vt 0.946049 0.749387
vt 0.946049 0.817713
vt 0.924587 0.484190
vt 0.924587 0.488340
vt 0.922888 0.488340
vt 0.922888 0.484190
vt 0.943084 0.068326
vt 0.943084 0.000000
vt 0.945455 0.000000
vt 0.945456 0.068326
vt 0.853930 0.114130
vt 0.853930 0.109980
vt 0.855629 0.109980
vt 0.855629 0.114130
vt 0.957313 0.061919
vt 0.957313 0.000000
vt 0.959684 0.000000
vt 0.959684 0.061919
vt 0.922888 0.484190
vt 0.922888 0.488340
vt 0.921188 0.488340
vt 0.921188 0.484190
vt 0.954349 0.740107
vt 0.954349 0.678188
vt 0.956720 0.678188
vt 0.956720 0.740107
vt 0.938104 0.212876
vt 0.938104 0.217026
vt 0.936405 0.217026
vt 0.936405 0.212876
vt 0.952571 0.749387
vt 0.952571 0.811310
vt 0.950199 0.811310
vt 0.950199 0.749387
vt 0.917789 0.434839
vt 0.917789 0.438989
vt 0.916090 0.438989
vt 0.916090 0.434839
vt 0.949606 0.406634
vt 0.949606 0.344711
vt 0.951977 0.344711
vt 0.951977 0.406634
vt 0.916090 0.434839
vt 0.916090 0.430689
vt 0.917789 0.430689
vt 0.917789 0.434839
vt 0.967392 0.200539
vt 0.967392 0.144540
vt 0.969764 0.144540
vt 0.969764 0.200539
vt 0.839633 0.652226
vt 0.839633 0.648076
vt 0.841332 0.648076
vt 0.841332 0.652226
vt 0.967985 0.400709
vt 0.967985 0.344711
vt 0.970357 0.344711
vt 0.970357 0.400709
vt 0.859322 0.770146
vt 0.859322 0.774296
vt 0.857622 0.774296
vt 0.857622 0.770146
vt 0.962649 0.256589
vt 0.962649 0.200565
vt 0.965020 0.200565
vt 0.965020 0.256589
vt 0.843032 0.652226
vt 0.843032 0.656376
vt 0.841332 0.656376
vt 0.841332 0.652226
vt 0.965021 0.144540
vt 0.965021 0.200565
vt 0.962649 0.200565
vt 0.962649 0.144540
vt 0.842326 0.778446
vt 0.842326 0.774296
vt 0.844026 0.774296
vt 0.844026 0.778446
vt 0.978657 0.203927
vt 0.978657 0.254634
vt 0.976285 0.254634
vt 0.976285 0.203927
vt 0.846962 0.593743
vt 0.846962 0.597893
vt 0.845263 0.597893
vt 0.845263 0.593743
vt 0.979249 0.554346
vt 0.979249 0.605053
vt 0.976878 0.605053
vt 0.976878 0.554346
vt 0.916090 0.434839
vt 0.916090 0.438989
vt 0.914390 0.438989
vt 0.914390 0.434839
vt 0.983399 0.435745
vt 0.983399 0.486402
vt 0.981028 0.486402
vt 0.981028 0.435745
vt 0.915062 0.351141
vt 0.915062 0.355291
vt 0.913363 0.355291
vt 0.913363 0.351141
vt 0.982213 0.000000
vt 0.982213 0.050657
vt 0.979841 0.050657
vt 0.979841 0.000000
vt 0.855629 0.126581
vt 0.855629 0.122431
vt 0.857328 0.122431
vt 0.857328 0.126581
vt 0.986957 0.296994
vt 0.986957 0.342857
vt 0.984585 0.342857
vt 0.984585 0.296994
vt 0.857329 0.126581
vt 0.857329 0.130731
vt 0.855629 0.130731
vt 0.855629 0.126581
vt 0.987549 0.932730
vt 0.987549 0.978593
vt 0.985178 0.978593
vt 0.985178 0.932730
vt 0.857622 0.770146
vt 0.857622 0.774296
vt 0.855923 0.774296
vt 0.855923 0.770146
vt 0.992292 0.932730
vt 0.992292 0.978549
vt 0.989921 0.978549
vt 0.989921 0.932730
vt 0.844049 0.761846
vt 0.844049 0.765996
vt 0.842350 0.765996
vt 0.842350 0.761846
vt 0.991700 0.068903
vt 0.991700 0.114722
vt 0.989328 0.114722
vt 0.989328 0.068903
vt 0.871974 0.095928
vt 0.871974 0.091778
vt 0.873674 0.091778
vt 0.873674 0.095928
vt 0.994070 0.532078
vt 0.994070 0.490644
vt 0.996442 0.490644
vt 0.996442 0.532078
vt 0.925180 0.695812
vt 0.925180 0.699962
vt 0.923480 0.699962
vt 0.923480 0.695812
vt 0.994070 0.041433
vt 0.994070 0.000000
vt 0.996442 0.000000
vt 0.996442 0.041433
vt 0.859333 0.555857
vt 0.859333 0.560007
vt 0.857634 0.560007
vt 0.857634 0.555857
vt 0.969763 0.998651
vt 0.969763 0.958951
vt 0.972135 0.958951
vt 0.972135 0.998651
vt 0.816212 0.183003
vt 0.816212 0.178853
vt 0.817934 0.178853
vt 0.817934 0.183003
vt 0.998814 0.296994
vt 0.998814 0.336694
vt 0.996442 0.336694
vt 0.996442 0.296994
vt 0.807905 0.429847
vt 0.807905 0.425697
vt 0.809628 0.425697
vt 0.809628 0.429847
vt 0.925892 0.428812
vt 0.925892 0.355291
vt 0.928263 0.355291
vt 0.928263 0.428812
vt 0.825694 0.513668
vt 0.825694 0.509518
vt 0.828066 0.509518
vt 0.828066 0.513668
vt 0.925892 0.345623
vt 0.925892 0.272103
vt 0.928263 0.272103
vt 0.928263 0.345623
vt 0.818581 0.513668
vt 0.818581 0.509518
vt 0.820952 0.509518
vt 0.820952 0.513668
vt 0.849412 0.391328
vt 0.849412 0.290122
vt 0.851784 0.290122
vt 0.851784 0.391329
vt 0.928658 0.351141
vt 0.928658 0.355291
vt 0.926958 0.355291
vt 0.926958 0.351141
vt 0.847041 0.593743
vt 0.847041 0.492536
vt 0.849412 0.492536
vt 0.849412 0.593742
vt 0.924587 0.438989
vt 0.924587 0.443139
vt 0.922888 0.443139
vt 0.922888 0.438989
vt 0.842298 0.290122
vt 0.842298 0.188915
vt 0.844670 0.188915
vt 0.844670 0.290122
vt 0.913283 0.695812
vt 0.913283 0.699962
vt 0.911584 0.699962
vt 0.911584 0.695812
vt 0.844669 0.000000
vt 0.844669 0.101207
vt 0.842298 0.101207
vt 0.842298 0.000000
vt 0.939754 0.486824
vt 0.939754 0.482674
vt 0.941453 0.482674
vt 0.941453 0.486824
vt 0.860677 0.844194
vt 0.860677 0.752416
vt 0.863048 0.752417
vt 0.863048 0.844194
vt 0.849124 0.770146
vt 0.849124 0.774296
vt 0.847425 0.774296
vt 0.847425 0.770146
vt 0.862456 0.568833
vt 0.862456 0.660610
vt 0.860085 0.660610
vt 0.860085 0.568833
vt 0.891190 0.182469
vt 0.891190 0.186620
vt 0.889490 0.186620
vt 0.889490 0.182469
vt 0.874313 0.280692
vt 0.874313 0.372435
vt 0.871941 0.372435
vt 0.871941 0.280692
vt 0.889055 0.095639
vt 0.889055 0.091488
vt 0.890754 0.091488
vt 0.890754 0.095639
vt 0.872534 0.752417
vt 0.872534 0.844160
vt 0.870163 0.844159
vt 0.870163 0.752417
vt 0.887791 0.186620
vt 0.887791 0.182469
vt 0.889490 0.182469
vt 0.889490 0.186620
vt 0.896249 0.355287
vt 0.896249 0.438472
vt 0.893878 0.438472
vt 0.893878 0.355287
vt 0.936405 0.340439
vt 0.936405 0.344589
vt 0.934705 0.344589
vt 0.934705 0.340439
vt 0.893878 0.652017
vt 0.893878 0.568833
vt 0.896249 0.568833
vt 0.896249 0.652017
vt 0.850824 0.770146
vt 0.850824 0.774296
vt 0.849125 0.774296
vt 0.849125 0.770146
vt 0.889134 0.438479
vt 0.889135 0.355291
vt 0.891506 0.355291
vt 0.891506 0.438479
vt 0.845726 0.774296
vt 0.845726 0.778446
vt 0.844026 0.778446
vt 0.844026 0.774296
vt 0.891506 0.272103
vt 0.891506 0.355291
vt 0.889134 0.355291
vt 0.889135 0.272103
vt 0.926128 0.705087
vt 0.926128 0.700937
vt 0.927828 0.700937
vt 0.927828 0.705087
vt 0.909292 0.347500
vt 0.909292 0.272103
vt 0.911663 0.272103
vt 0.911663 0.347500
vt 0.837933 0.648076
vt 0.837933 0.652226
vt 0.836234 0.652226
vt 0.836234 0.648076
vt 0.916999 0.490644
vt 0.916999 0.566042
vt 0.914627 0.566042
vt 0.914627 0.490644
vt 0.934625 0.705087
vt 0.934625 0.709237
vt 0.932926 0.709237
vt 0.932926 0.705087
vt 0.923520 0.355291
vt 0.923520 0.430648
vt 0.921149 0.430648
vt 0.921149 0.355291
vt 0.917631 0.705087
vt 0.917631 0.709237
vt 0.915931 0.709237
vt 0.915931 0.705087
vt 0.921742 0.566001
vt 0.921742 0.490644
vt 0.924113 0.490644
vt 0.924113 0.566001
vt 0.915062 0.355291
vt 0.915062 0.351141
vt 0.916762 0.351141
vt 0.916762 0.355291
vt 0.935971 0.137239
vt 0.935971 0.068903
vt 0.938342 0.068903
vt 0.938342 0.137239
vt 0.934783 0.264238
vt 0.934783 0.268388
vt 0.933084 0.268388
vt 0.933084 0.264238
vt 0.938341 0.684601
vt 0.938341 0.616265
vt 0.940713 0.616265
vt 0.940713 0.684601
vt 0.937788 0.479079
vt 0.937788 0.483229
vt 0.936088 0.483229
vt 0.936088 0.479079
vt 0.947827 0.490644
vt 0.947827 0.558970
vt 0.945456 0.558970
vt 0.945456 0.490644
vt 0.846962 0.602043
vt 0.846962 0.606193
vt 0.845263 0.606193
vt 0.845263 0.602043
vt 0.942492 0.212866
vt 0.942492 0.144540
vt 0.944863 0.144540
vt 0.944863 0.212866
vt 0.822220 0.872431
vt 0.822220 0.868281
vt 0.823919 0.868281
vt 0.823919 0.872431
vt 0.953756 0.330302
vt 0.953756 0.268383
vt 0.956127 0.268383
vt 0.956127 0.330302
vt 0.842327 0.770146
vt 0.842327 0.774296
vt 0.840627 0.774296
vt 0.840627 0.770146
vt 0.953756 0.268383
vt 0.953756 0.206463
vt 0.956128 0.206463
vt 0.956128 0.268382
vt 0.914982 0.075397
vt 0.914982 0.079547
vt 0.913283 0.079547
vt 0.913283 0.075397
vt 0.954942 0.068903
vt 0.954942 0.130826
vt 0.952571 0.130826
vt 0.952571 0.068903
vt 0.914390 0.609057
vt 0.914390 0.613207
vt 0.912691 0.613207
vt 0.912691 0.609057
vt 0.954349 0.406634
vt 0.954349 0.468557
vt 0.951978 0.468557
vt 0.951978 0.406634
vt 0.912691 0.443139
vt 0.912691 0.438989
vt 0.914390 0.438989
vt 0.914390 0.443139
vt 0.968578 0.867309
vt 0.968578 0.811310
vt 0.970949 0.811311
vt 0.970949 0.867309
vt 0.921345 0.095639
vt 0.921345 0.091489
vt 0.923045 0.091488
vt 0.923045 0.095639
vt 0.970357 0.456734
vt 0.970357 0.400735
vt 0.972728 0.400735
vt 0.972728 0.456734
vt 0.935890 0.137259
vt 0.935890 0.141409
vt 0.934191 0.141409
vt 0.934191 0.137259
vt 0.963242 0.400735
vt 0.963242 0.344711
vt 0.965613 0.344711
vt 0.965613 0.400735
vt 0.838928 0.770146
vt 0.838928 0.774296
vt 0.837228 0.774296
vt 0.837228 0.770146
vt 0.961463 0.867335
vt 0.961463 0.811310
vt 0.963835 0.811310
vt 0.963835 0.867335
vt 0.845725 0.774296
vt 0.845725 0.770146
vt 0.847425 0.770146
vt 0.847425 0.774296
vt 0.970949 0.867309
vt 0.970949 0.918016
vt 0.968578 0.918016
vt 0.968578 0.867309
vt 0.844731 0.652226
vt 0.844731 0.656376
vt 0.843032 0.656376
vt 0.843032 0.652226
vt 0.865420 0.970258
vt 0.865420 0.919550
vt 0.867791 0.919550
vt 0.867791 0.970258
vt 0.936997 0.684601
vt 0.936997 0.688751
vt 0.935298 0.688751
vt 0.935298 0.684601
vt 0.981620 0.605003
vt 0.981620 0.554346
vt 0.983992 0.554346
vt 0.983992 0.605003
vt 0.915931 0.705087
vt 0.915931 0.709237
vt 0.914232 0.709237
vt 0.914232 0.705087
vt 0.983399 0.195248
vt 0.983399 0.245906
vt 0.981028 0.245905
vt 0.981028 0.195248
vt 0.912532 0.709237
vt 0.912532 0.705087
vt 0.914232 0.705087
vt 0.914232 0.709237
vt 0.986957 0.342857
vt 0.986957 0.296994
vt 0.989328 0.296994
vt 0.989328 0.342857
vt 0.928143 0.087338
vt 0.928143 0.091488
vt 0.926444 0.091488
vt 0.926444 0.087338
vt 0.985771 0.291719
vt 0.985771 0.245855
vt 0.988142 0.245855
vt 0.988142 0.291718
vt 0.931385 0.609057
vt 0.931385 0.613207
vt 0.929685 0.613207
vt 0.929685 0.609057
vt 0.989921 0.932685
vt 0.989921 0.886867
vt 0.992292 0.886867
vt 0.992292 0.932685
vt 0.839633 0.652226
vt 0.839633 0.656376
vt 0.837933 0.656376
vt 0.837933 0.652226
vt 0.992292 0.841003
vt 0.992292 0.886822
vt 0.989921 0.886822
vt 0.989921 0.841003
vt 0.854223 0.774296
vt 0.854223 0.770146
vt 0.855922 0.770146
vt 0.855922 0.774296
vt 0.992885 0.840146
vt 0.992886 0.798713
vt 0.995257 0.798713
vt 0.995257 0.840146
vt 0.837228 0.770146
vt 0.837228 0.774296
vt 0.835528 0.774296
vt 0.835528 0.770146
vt 0.995257 0.435745
vt 0.995257 0.477178
vt 0.992885 0.477178
vt 0.992885 0.435745
vt 0.927828 0.705087
vt 0.927828 0.709237
vt 0.926128 0.709237
vt 0.926128 0.705087
vt 0.997036 0.391500
vt 0.997036 0.431201
vt 0.994664 0.431201
vt 0.994664 0.391500
vt 0.807908 0.434590
vt 0.807908 0.430440
vt 0.809630 0.430440
vt 0.809630 0.434590
vt 0.997628 0.234898
vt 0.997628 0.274599
vt 0.995257 0.274599
vt 0.995257 0.234898
vt 0.832107 0.765996
vt 0.832107 0.761846
vt 0.833829 0.761846
vt 0.833829 0.765996
vt 0.931227 0.000000
vt 0.931227 0.073520
vt 0.928855 0.073520
vt 0.928855 0.000000
vt 0.826870 0.658623
vt 0.826870 0.654473
vt 0.829242 0.654473
vt 0.829242 0.658623
vt 0.928263 0.345623
vt 0.928263 0.272103
vt 0.930634 0.272103
vt 0.930634 0.345623
vt 0.826291 0.778446
vt 0.826291 0.774296
vt 0.828662 0.774296
vt 0.828662 0.778446
vt 0.839927 0.391329
vt 0.839927 0.492535
vt 0.837555 0.492535
vt 0.837555 0.391329
vt 0.837251 0.765996
vt 0.837251 0.770146
vt 0.835552 0.770146
vt 0.835552 0.765996
vt 0.839927 0.290122
vt 0.839927 0.391328
vt 0.837555 0.391328
vt 0.837555 0.290122
vt 0.921345 0.091488
vt 0.921345 0.095638
vt 0.919646 0.095638
vt 0.919646 0.091488
vt 0.832812 0.101207
vt 0.832812 0.202414
vt 0.830441 0.202414
vt 0.830440 0.101207
vt 0.913283 0.691662
vt 0.913283 0.695812
vt 0.911584 0.695812
vt 0.911584 0.691662
vt 0.835777 0.660639
vt 0.835777 0.761846
vt 0.833405 0.761846
vt 0.833405 0.660639
vt 0.941107 0.568315
vt 0.941107 0.564165
vt 0.942806 0.564165
vt 0.942806 0.568315
vt 0.858305 0.091777
vt 0.858305 0.000000
vt 0.860677 0.000000
vt 0.860676 0.091778
vt 0.927986 0.484190
vt 0.927986 0.488340
vt 0.926286 0.488340
vt 0.926286 0.484190
vt 0.862455 0.372470
vt 0.862456 0.464247
vt 0.860084 0.464247
vt 0.860084 0.372470
vt 0.916682 0.699962
vt 0.916682 0.704112
vt 0.914983 0.704112
vt 0.914983 0.699962
vt 0.871941 0.188915
vt 0.871941 0.280657
vt 0.869570 0.280657
vt 0.869570 0.188915
vt 0.845748 0.765996
vt 0.845748 0.770146
vt 0.844049 0.770146
vt 0.844049 0.765996
vt 0.873720 0.097108
vt 0.873720 0.188851
vt 0.871348 0.188851
vt 0.871348 0.097108
vt 0.921780 0.079547
vt 0.921780 0.075397
vt 0.923480 0.075397
vt 0.923480 0.079547
vt 0.899213 0.083184
vt 0.899213 0.000000
vt 0.901584 0.000000
vt 0.901584 0.083184
vt 0.941107 0.564165
vt 0.941107 0.568315
vt 0.939408 0.568315
vt 0.939408 0.564165
vt 0.899213 0.743823
vt 0.899213 0.660639
vt 0.901585 0.660639
vt 0.901585 0.743823
vt 0.930990 0.470779
vt 0.930990 0.474929
vt 0.929291 0.474929
vt 0.929291 0.470779
vt 0.886763 0.438479
vt 0.886763 0.355291
vt 0.889135 0.355291
vt 0.889135 0.438479
vt 0.865176 0.091777
vt 0.865176 0.095927
vt 0.863477 0.095927
vt 0.863477 0.091777
vt 0.889134 0.272103
vt 0.889134 0.355291
vt 0.886763 0.355291
vt 0.886763 0.272103
vt 0.939091 0.695771
vt 0.939091 0.691621
vt 0.940790 0.691621
vt 0.940790 0.695771
vt 0.911663 0.219938
vt 0.911663 0.144540
vt 0.914035 0.144540
vt 0.914034 0.219938
vt 0.907749 0.091488
vt 0.907749 0.095638
vt 0.906050 0.095638
vt 0.906050 0.091488
vt 0.910478 0.902413
vt 0.910478 0.827016
vt 0.912849 0.827016
vt 0.912849 0.902413
vt 0.847448 0.765996
vt 0.847448 0.770146
vt 0.845749 0.770146
vt 0.845749 0.765996
vt 0.916406 0.219897
vt 0.916406 0.144540
vt 0.918777 0.144540
vt 0.918777 0.219897
vt 0.918381 0.079548
vt 0.918381 0.083698
vt 0.916682 0.083698
vt 0.916682 0.079548
vt 0.919370 0.000000
vt 0.919370 0.075356
vt 0.916998 0.075356
vt 0.916998 0.000000
vt 0.922295 0.141408
vt 0.922295 0.137259
vt 0.923994 0.137259
vt 0.923994 0.141408
vt 0.938341 0.616265
vt 0.938341 0.684601
vt 0.935970 0.684601
vt 0.935970 0.616265
vt 0.912691 0.430689
vt 0.912691 0.434839
vt 0.910991 0.434839
vt 0.910991 0.430689
vt 0.935377 0.212876
vt 0.935377 0.144540
vt 0.937749 0.144540
vt 0.937749 0.212876
vt 0.914983 0.691662
vt 0.914983 0.695812
vt 0.913283 0.695812
vt 0.913283 0.691662
vt 0.940120 0.340429
vt 0.940120 0.272103
vt 0.942492 0.272103
vt 0.942492 0.340429
vt 0.866131 0.560007
vt 0.866131 0.564157
vt 0.864431 0.564157
vt 0.864431 0.560007
vt 0.938935 0.891234
vt 0.938935 0.822907
vt 0.941306 0.822908
vt 0.941306 0.891234
vt 0.940474 0.699962
vt 0.940474 0.695812
vt 0.942173 0.695812
vt 0.942173 0.699962
vt 0.958499 0.268378
vt 0.958499 0.330297
vt 0.956128 0.330297
vt 0.956128 0.268378
vt 0.868575 0.091777
vt 0.868575 0.095927
vt 0.866876 0.095927
vt 0.866876 0.091777
vt 0.954942 0.935152
vt 0.954942 0.873233
vt 0.957314 0.873233
vt 0.957314 0.935152
vt 0.924429 0.700937
vt 0.924429 0.705086
vt 0.922729 0.705086
vt 0.922729 0.700937
vt 0.950200 0.068903
vt 0.950200 0.130826
vt 0.947828 0.130826
vt 0.947828 0.068903
vt 0.919489 0.434839
vt 0.919489 0.438989
vt 0.917789 0.438989
vt 0.917789 0.434839
vt 0.952571 0.873233
vt 0.952571 0.935156
vt 0.950199 0.935156
vt 0.950199 0.873233
vt 0.921781 0.699962
vt 0.921781 0.695812
vt 0.923480 0.695812
vt 0.923480 0.699962
vt 0.968577 0.055998
vt 0.968577 0.000000
vt 0.970949 0.000000
vt 0.970949 0.055998
vt 0.913283 0.087848
vt 0.913283 0.083698
vt 0.914982 0.083698
vt 0.914982 0.087848
vt 0.970357 0.400735
vt 0.970357 0.456733
vt 0.967985 0.456733
vt 0.967985 0.400735
vt 0.844026 0.765996
vt 0.844026 0.770146
vt 0.842327 0.770146
vt 0.842327 0.765996
vt 0.965021 0.200565
vt 0.965021 0.144540
vt 0.967392 0.144540
vt 0.967392 0.200565
vt 0.866131 0.564157
vt 0.866131 0.568307
vt 0.864431 0.568307
vt 0.864431 0.564157
vt 0.967985 0.344711
vt 0.967985 0.400735
vt 0.965614 0.400735
vt 0.965614 0.344711
vt 0.933756 0.351141
vt 0.933756 0.346991
vt 0.935456 0.346991
vt 0.935456 0.351141
vt 0.974506 0.666342
vt 0.974506 0.615634
vt 0.976878 0.615634
vt 0.976878 0.666342
vt 0.913797 0.137259
vt 0.913797 0.141408
vt 0.912098 0.141408
vt 0.912098 0.137259
vt 0.973321 0.891711
vt 0.973321 0.841003
vt 0.975692 0.841003
vt 0.975692 0.891711
vt 0.921188 0.260088
vt 0.921188 0.264238
vt 0.919488 0.264238
vt 0.919488 0.260088
vt 0.982213 0.541302
vt 0.982213 0.490644
vt 0.984584 0.490644
vt 0.984584 0.541302
vt 0.921188 0.438989
vt 0.921188 0.443139
vt 0.919489 0.443139
vt 0.919489 0.438989
vt 0.783011 0.933657
vt 0.783011 0.984314
vt 0.780640 0.984314
vt 0.780640 0.933657
vt 0.921860 0.355291
vt 0.921860 0.351141
vt 0.923560 0.351141
vt 0.923560 0.355291
vt 0.986956 0.045863
vt 0.986956 0.000000
vt 0.989327 0.000000
vt 0.989327 0.045863
vt 0.830362 0.761846
vt 0.830362 0.765996
vt 0.828662 0.765996
vt 0.828662 0.761846
vt 0.985771 0.190403
vt 0.985771 0.144540
vt 0.988142 0.144540
vt 0.988142 0.190403
vt 0.857633 0.551707
vt 0.857633 0.555857
vt 0.855934 0.555857
vt 0.855934 0.551707
vt 0.988142 0.241017
vt 0.988142 0.195198
vt 0.990514 0.195198
vt 0.990514 0.241017
vt 0.864431 0.560007
vt 0.864431 0.564157
vt 0.862732 0.564157
vt 0.862732 0.560007
vt 0.992885 0.241017
vt 0.992885 0.286835
vt 0.990514 0.286835
vt 0.990514 0.241017
vt 0.940790 0.695771
vt 0.940790 0.691621
vt 0.942490 0.691621
vt 0.942490 0.695771
vt 0.993478 0.657068
vt 0.993478 0.615634
vt 0.995849 0.615634
vt 0.995849 0.657068
vt 0.859322 0.774296
vt 0.859322 0.778446
vt 0.857622 0.778446
vt 0.857622 0.774296
vt 0.992292 0.965303
vt 0.992292 0.923870
vt 0.994664 0.923870
vt 0.994664 0.965303
vt 0.938697 0.558981
vt 0.938697 0.563131
vt 0.936997 0.563131
vt 0.936997 0.558981
vt 0.999407 0.880704
vt 0.999407 0.920404
vt 0.997036 0.920404
vt 0.997036 0.880704
vt 0.828065 0.513669
vt 0.828065 0.509519
vt 0.829788 0.509519
vt 0.829788 0.513669
vt 0.999407 0.841003
vt 0.999407 0.880704
vt 0.997036 0.880704
vt 0.997036 0.841003
vt 0.828662 0.770146
vt 0.828662 0.765996
vt 0.830384 0.765996
vt 0.830384 0.770146
vt 0.928263 0.144540
vt 0.928263 0.218060
vt 0.925892 0.218060
vt 0.925892 0.144540
vt 0.819763 0.652469
vt 0.819763 0.648319
vt 0.822134 0.648319
vt 0.822134 0.652469
vt 0.924113 0.689785
vt 0.924113 0.616265
vt 0.926485 0.616265
vt 0.926485 0.689785
vt 0.820952 0.509519
vt 0.820952 0.505369
vt 0.823323 0.505369
vt 0.823323 0.509519
vt 0.832812 0.391329
vt 0.832812 0.290122
vt 0.835184 0.290122
vt 0.835184 0.391329
vt 0.927986 0.264238
vt 0.927986 0.268388
vt 0.926286 0.268388
vt 0.926286 0.264238
vt 0.835183 0.000000
vt 0.835183 0.101207
vt 0.832812 0.101207
vt 0.832812 0.000000
vt 0.848661 0.602043
vt 0.848661 0.606193
vt 0.846962 0.606193
vt 0.846962 0.602043
vt 0.844670 0.391329
vt 0.844670 0.492535
vt 0.842298 0.492535
vt 0.842298 0.391329
vt 0.925259 0.351141
vt 0.925259 0.355291
vt 0.923560 0.355291
vt 0.923560 0.351141
vt 0.847041 0.188915
vt 0.847041 0.290122
vt 0.844670 0.290122
vt 0.844670 0.188915
vt 0.916090 0.488340
vt 0.916090 0.484190
vt 0.917789 0.484190
vt 0.917789 0.488340
vt 0.865420 0.752416
vt 0.865420 0.660639
vt 0.867791 0.660639
vt 0.867791 0.752416
vt 0.929291 0.470779
vt 0.929291 0.474929
vt 0.927591 0.474929
vt 0.927591 0.470779
vt 0.866606 0.188886
vt 0.866606 0.097108
vt 0.868977 0.097108
vt 0.868977 0.188886
vt 0.936918 0.891243
vt 0.936918 0.895393
vt 0.935219 0.895393
vt 0.935219 0.891243
vt 0.872534 0.000000
vt 0.872534 0.091743
vt 0.870162 0.091743
vt 0.870162 0.000000
vt 0.925179 0.075397
vt 0.925179 0.079547
vt 0.923480 0.079547
vt 0.923480 0.075397
vt 0.871941 0.464247
vt 0.871941 0.555990
vt 0.869570 0.555990
vt 0.869570 0.464247
vt 0.927985 0.268388
vt 0.927985 0.264238
vt 0.929685 0.264238
vt 0.929685 0.268388
vt 0.896841 0.000000
vt 0.896841 0.083184
vt 0.894470 0.083184
vt 0.894470 0.000000
vt 0.916247 0.091488
vt 0.916247 0.095638
vt 0.914547 0.095638
vt 0.914547 0.091488
vt 0.898027 0.097108
vt 0.898027 0.180292
vt 0.895656 0.180292
vt 0.895656 0.097108
vt 0.930990 0.474929
vt 0.930990 0.479079
vt 0.929291 0.479079
vt 0.929291 0.474929
vt 0.889134 0.438479
vt 0.889134 0.521668
vt 0.886763 0.521668
vt 0.886763 0.438479
vt 0.836234 0.652226
vt 0.836234 0.656376
vt 0.834534 0.656376
vt 0.834534 0.652226
vt 0.889727 0.660639
vt 0.889727 0.743827
vt 0.887356 0.743827
vt 0.887356 0.660639
vt 0.837228 0.778447
vt 0.837228 0.774296
vt 0.838928 0.774296
vt 0.838928 0.778447
vt 0.909884 0.691662
vt 0.909884 0.616265
vt 0.912256 0.616265
vt 0.912256 0.691662
vt 0.925179 0.079547
vt 0.925179 0.083697
vt 0.923480 0.083697
vt 0.923480 0.079547
vt 0.909292 0.430689
vt 0.909292 0.355291
vt 0.911663 0.355291
vt 0.911663 0.430689
vt 0.892454 0.083188
vt 0.892454 0.087338
vt 0.890754 0.087338
vt 0.890754 0.083188
vt 0.919963 0.749387
vt 0.919963 0.824744
vt 0.917592 0.824744
vt 0.917592 0.749387
vt 0.861032 0.560007
vt 0.861032 0.564157
vt 0.859333 0.564157
vt 0.859333 0.560007
vt 0.922334 0.749387
vt 0.922334 0.824744
vt 0.919963 0.824744
vt 0.919963 0.749387
vt 0.913283 0.083697
vt 0.913283 0.079547
vt 0.914982 0.079547
vt 0.914982 0.083697
vt 0.938935 0.817723
vt 0.938935 0.749387
vt 0.941306 0.749387
vt 0.941306 0.817723
vt 0.934783 0.484190
vt 0.934783 0.488340
vt 0.933084 0.488340
vt 0.933084 0.484190
vt 0.938341 0.558980
vt 0.938341 0.490644
vt 0.940713 0.490644
vt 0.940713 0.558980
vt 0.932926 0.700936
vt 0.932926 0.705086
vt 0.931226 0.705086
vt 0.931226 0.700936
vt 0.947235 0.272103
vt 0.947235 0.340429
vt 0.944863 0.340429
vt 0.944863 0.272103
vt 0.836234 0.648076
vt 0.836234 0.652226
vt 0.834534 0.652226
vt 0.834534 0.648076
vt 0.943084 0.558971
vt 0.943084 0.490644
vt 0.945456 0.490644
vt 0.945456 0.558971
vt 0.884985 0.654194
vt 0.884985 0.650044
vt 0.886684 0.650044
vt 0.886684 0.654194
vt 0.959092 0.554346
vt 0.959092 0.616265
vt 0.956720 0.616265
vt 0.956720 0.554346
vt 0.837228 0.774296
vt 0.837228 0.778447
vt 0.835529 0.778447
vt 0.835529 0.774296
vt 0.954942 0.552564
vt 0.954942 0.490644
vt 0.957313 0.490644
vt 0.957313 0.552563
vt 0.930792 0.137259
vt 0.930792 0.141408
vt 0.929093 0.141408
vt 0.929093 0.137259
vt 0.947827 0.061923
vt 0.947827 0.000000
vt 0.950198 0.000000
vt 0.950198 0.061923
vt 0.914983 0.695812
vt 0.914983 0.699962
vt 0.913283 0.699962
vt 0.913283 0.695812
vt 0.951977 0.678188
vt 0.951977 0.740111
vt 0.949606 0.740111
vt 0.949606 0.678188
vt 0.934309 0.568315
vt 0.934309 0.564165
vt 0.936009 0.564165
vt 0.936009 0.568315
vt 0.972135 0.144540
vt 0.972135 0.200539
vt 0.969764 0.200539
vt 0.969764 0.144540
vt 0.853930 0.118280
vt 0.853930 0.114130
vt 0.855629 0.114130
vt 0.855629 0.118280
vt 0.970949 0.546643
vt 0.970949 0.490644
vt 0.973320 0.490644
vt 0.973320 0.546643
vt 0.857329 0.130731
vt 0.857329 0.134881
vt 0.855629 0.134881
vt 0.855629 0.130731
vt 0.963835 0.805412
vt 0.963835 0.749387
vt 0.966206 0.749387
vt 0.966206 0.805412
vt 0.840627 0.770146
vt 0.840627 0.774296
vt 0.838928 0.774296
vt 0.838928 0.770146
vt 0.963242 0.734212
vt 0.963242 0.678188
vt 0.965613 0.678188
vt 0.965613 0.734212
vt 0.837251 0.765996
vt 0.837251 0.761846
vt 0.838951 0.761846
vt 0.838951 0.765996
vt 0.874906 0.917680
vt 0.874906 0.968388
vt 0.872534 0.968388
vt 0.872534 0.917680
vt 0.847425 0.774296
vt 0.847425 0.778446
vt 0.845726 0.778446
vt 0.845726 0.774296
vt 0.978064 0.891711
vt 0.978064 0.841003
vt 0.980435 0.841003
vt 0.980435 0.891711
vt 0.916090 0.438989
vt 0.916090 0.443139
vt 0.914390 0.443139
vt 0.914390 0.438989
vt 0.980435 0.942369
vt 0.980435 0.891711
vt 0.982807 0.891711
vt 0.982807 0.942369
vt 0.862732 0.564157
vt 0.862732 0.568307
vt 0.861032 0.568307
vt 0.861032 0.564157
vt 0.979249 0.666292
vt 0.979249 0.615634
vt 0.981620 0.615635
vt 0.981621 0.666292
vt 0.934389 0.479079
vt 0.934389 0.474929
vt 0.936088 0.474929
vt 0.936088 0.479079
vt 0.984585 0.795250
vt 0.984585 0.749387
vt 0.986956 0.749387
vt 0.986956 0.795250
vt 0.916682 0.075397
vt 0.916682 0.079547
vt 0.914982 0.079547
vt 0.914982 0.075397
vt 0.983992 0.724051
vt 0.983992 0.678188
vt 0.986363 0.678188
vt 0.986363 0.724051
vt 0.859333 0.551707
vt 0.859333 0.555857
vt 0.857633 0.555857
vt 0.857633 0.551707
vt 0.988142 0.190359
vt 0.988142 0.144540
vt 0.990514 0.144540
vt 0.990514 0.190359
vt 0.839176 0.656489
vt 0.839176 0.660639
vt 0.837476 0.660639
vt 0.837476 0.656489
vt 0.991107 0.344711
vt 0.991107 0.390530
vt 0.988735 0.390530
vt 0.988735 0.344711
vt 0.936324 0.705087
vt 0.936324 0.700937
vt 0.938024 0.700937
vt 0.938024 0.705087
vt 0.884985 0.617806
vt 0.884985 0.659239
vt 0.882613 0.659239
vt 0.882614 0.617806
vt 0.922888 0.609057
vt 0.922888 0.613207
vt 0.921188 0.613207
vt 0.921188 0.609057
vt 0.985178 0.432933
vt 0.985178 0.391500
vt 0.987550 0.391500
vt 0.987550 0.432933
vt 0.855923 0.774296
vt 0.855923 0.778446
vt 0.854223 0.778446
vt 0.854223 0.774296
vt 0.974506 0.958951
vt 0.974506 0.998651
vt 0.972135 0.998651
vt 0.972135 0.958951
vt 0.807911 0.726388
vt 0.807911 0.722238
vt 0.809634 0.722238
vt 0.809634 0.726388
vt 0.997629 0.195198
vt 0.997629 0.234898
vt 0.995257 0.234898
vt 0.995257 0.195198
vt 0.791311 0.511003
vt 0.791311 0.506853
vt 0.793034 0.506853
vt 0.793034 0.511003
vt 0.926484 0.073520
vt 0.926484 0.000000
vt 0.928855 0.000000
vt 0.928855 0.073520
vt 0.825694 0.522562
vt 0.825694 0.518412
vt 0.828065 0.518412
vt 0.828065 0.522562
vt 0.927078 0.822907
vt 0.927078 0.749387
vt 0.929449 0.749387
vt 0.929449 0.822907
vt 0.820952 0.513669
vt 0.820952 0.509519
vt 0.823323 0.509519
vt 0.823323 0.513669
vt 0.835777 0.761846
vt 0.835777 0.660639
vt 0.838148 0.660639
vt 0.838148 0.761846
vt 0.929211 0.564165
vt 0.929211 0.568315
vt 0.927512 0.568315
vt 0.927512 0.564165
vt 0.839927 0.101207
vt 0.839927 0.000000
vt 0.842298 0.000000
vt 0.842298 0.101207
vt 0.839633 0.648076
vt 0.839633 0.652226
vt 0.837933 0.652226
vt 0.837933 0.648076
vt 0.839927 0.188915
vt 0.839927 0.290121
vt 0.837555 0.290121
vt 0.837555 0.188915
vt 0.862732 0.560007
vt 0.862732 0.564157
vt 0.861032 0.564157
vt 0.861032 0.560007
vt 0.835184 0.492535
vt 0.835184 0.391329
vt 0.837555 0.391329
vt 0.837555 0.492535
vt 0.921188 0.443139
vt 0.921188 0.438989
vt 0.922888 0.438989
vt 0.922888 0.443139
vt 0.860084 0.280692
vt 0.860084 0.188915
vt 0.862456 0.188915
vt 0.862456 0.280692
vt 0.845748 0.761846
vt 0.845748 0.765996
vt 0.844049 0.765996
vt 0.844049 0.761846
vt 0.860084 0.372470
vt 0.860084 0.280692
vt 0.862456 0.280692
vt 0.862455 0.372469
vt 0.937708 0.564165
vt 0.937708 0.568315
vt 0.936009 0.568315
vt 0.936009 0.564165
vt 0.874313 0.464247
vt 0.874313 0.555990
vt 0.871941 0.555990
vt 0.871941 0.464247
vt 0.929842 0.091488
vt 0.929842 0.095638
vt 0.928143 0.095638
vt 0.928143 0.091488
vt 0.874906 0.660639
vt 0.874906 0.752382
vt 0.872534 0.752381
vt 0.872534 0.660639
vt 0.934783 0.268388
vt 0.934783 0.264238
vt 0.936483 0.264238
vt 0.936483 0.268388
vt 0.898620 0.521660
vt 0.898620 0.438476
vt 0.900992 0.438476
vt 0.900992 0.521660
vt 0.938024 0.705087
vt 0.938024 0.709237
vt 0.936325 0.709237
vt 0.936325 0.705087
vt 0.898027 0.180292
vt 0.898027 0.097108
vt 0.900398 0.097108
vt 0.900398 0.180292
vt 0.851112 0.401513
vt 0.851112 0.405663
vt 0.849413 0.405663
vt 0.849413 0.401513
vt 0.889135 0.652021
vt 0.889135 0.568833
vt 0.891506 0.568833
vt 0.891506 0.652021
vt 0.837933 0.652226
vt 0.837933 0.656376
vt 0.836234 0.656376
vt 0.836234 0.652226
vt 0.892098 0.000000
vt 0.892098 0.083188
vt 0.889727 0.083188
vt 0.889727 0.000000
vt 0.923797 0.695771
vt 0.923797 0.691621
vt 0.925496 0.691621
vt 0.925496 0.695771
vt 0.914035 0.430689
vt 0.914035 0.355291
vt 0.916406 0.355291
vt 0.916406 0.430689
vt 0.837476 0.656489
vt 0.837476 0.660639
vt 0.835777 0.660639
vt 0.835777 0.656489
vt 0.912849 0.824785
vt 0.912849 0.749387
vt 0.915220 0.749387
vt 0.915220 0.824785
vt 0.932926 0.705087
vt 0.932926 0.709237
vt 0.931226 0.709237
vt 0.931226 0.705087
vt 0.919370 0.691621
vt 0.919370 0.616265
vt 0.921742 0.616265
vt 0.921742 0.691621
vt 0.930239 0.260069
vt 0.930239 0.264219
vt 0.928539 0.264219
vt 0.928539 0.260069
vt 0.924706 0.824744
vt 0.924706 0.900100
vt 0.922335 0.900100
vt 0.922335 0.824744
vt 0.914983 0.699962
vt 0.914983 0.695812
vt 0.916682 0.695812
vt 0.916682 0.699962
vt 0.940120 0.272103
vt 0.940120 0.340439
vt 0.937749 0.340439
vt 0.937749 0.272103
vt 0.934625 0.700937
vt 0.934625 0.705087
vt 0.932926 0.705087
vt 0.932926 0.700937
vt 0.940120 0.355291
vt 0.940120 0.423627
vt 0.937749 0.423627
vt 0.937749 0.355291
vt 0.932690 0.479079
vt 0.932690 0.483229
vt 0.930990 0.483229
vt 0.930990 0.479079
vt 0.943678 0.891234
vt 0.943678 0.822907
vt 0.946049 0.822907
vt 0.946049 0.891233
vt 0.923480 0.079547
vt 0.923480 0.083697
vt 0.921780 0.083698
vt 0.921780 0.079547
vt 0.947828 0.068903
vt 0.947828 0.137229
vt 0.945457 0.137229
vt 0.945457 0.068903
vt 0.917789 0.443139
vt 0.917789 0.438989
vt 0.919488 0.438989
vt 0.919488 0.443139
vt 0.954942 0.811306
vt 0.954942 0.749388
vt 0.957313 0.749388
vt 0.957313 0.811306
vt 0.842350 0.761846
vt 0.842350 0.765996
vt 0.840650 0.765996
vt 0.840650 0.761846
vt 0.956720 0.740107
vt 0.956720 0.678188
vt 0.959092 0.678188
vt 0.959092 0.740107
vt 0.936483 0.609057
vt 0.936483 0.613207
vt 0.934783 0.613207
vt 0.934783 0.609057
vt 0.949606 0.408755
vt 0.949606 0.470678
vt 0.947235 0.470678
vt 0.947235 0.408755
vt 0.940474 0.695812
vt 0.940474 0.699962
vt 0.938775 0.699962
vt 0.938775 0.695812
vt 0.952570 0.000000
vt 0.952570 0.061923
vt 0.950199 0.061923
vt 0.950198 0.000000
vt 0.915497 0.141408
vt 0.915497 0.137259
vt 0.917197 0.137259
vt 0.917197 0.141408
vt 0.973321 0.068903
vt 0.973321 0.124902
vt 0.970950 0.124902
vt 0.970950 0.068903
vt 0.922888 0.613207
vt 0.922888 0.609057
vt 0.924587 0.609057
vt 0.924587 0.613207
vt 0.972728 0.554346
vt 0.972728 0.610344
vt 0.970356 0.610344
vt 0.970356 0.554346
vt 0.927986 0.609057
vt 0.927986 0.613207
vt 0.926286 0.613207
vt 0.926286 0.609057
vt 0.968577 0.000000
vt 0.968577 0.056024
vt 0.966206 0.056024
vt 0.966206 0.000000
vt 0.920081 0.695812
vt 0.920081 0.699963
vt 0.918382 0.699963
vt 0.918382 0.695812
vt 0.967392 0.256589
vt 0.967392 0.312614
vt 0.965021 0.312613
vt 0.965021 0.256589
vt 0.845263 0.602043
vt 0.845263 0.597893
vt 0.846962 0.597893
vt 0.846962 0.602043
vt 0.981028 0.435745
vt 0.981028 0.486453
vt 0.978657 0.486453
vt 0.978657 0.435745
vt 0.925694 0.137259
vt 0.925694 0.141409
vt 0.923995 0.141409
vt 0.923995 0.137259
vt 0.978657 0.305342
vt 0.978657 0.254634
vt 0.981028 0.254634
vt 0.981028 0.305342
vt 0.935298 0.684601
vt 0.935298 0.688751
vt 0.933599 0.688751
vt 0.933599 0.684601
vt 0.952570 0.935156
vt 0.952570 0.985813
vt 0.950199 0.985813
vt 0.950199 0.935156
vt 0.929842 0.087338
vt 0.929842 0.091488
vt 0.928143 0.091488
vt 0.928143 0.087338
vt 0.985178 0.841003
vt 0.985178 0.891661
vt 0.982807 0.891661
vt 0.982807 0.841003
vt 0.934705 0.427777
vt 0.934705 0.423627
vt 0.936405 0.423627
vt 0.936405 0.427777
vt 0.988142 0.435745
vt 0.988142 0.481609
vt 0.985771 0.481608
vt 0.985771 0.435745
vt 0.936089 0.479079
vt 0.936089 0.483229
vt 0.934389 0.483229
vt 0.934389 0.479079
vt 0.989329 0.068903
vt 0.989329 0.114766
vt 0.986957 0.114767
vt 0.986957 0.068903
vt 0.924744 0.087338
vt 0.924744 0.091488
vt 0.923044 0.091488
vt 0.923044 0.087338
vt 0.993478 0.554346
vt 0.993478 0.600164
vt 0.991107 0.600164
vt 0.991107 0.554346
vt 0.920081 0.083698
vt 0.920081 0.087848
vt 0.918381 0.087848
vt 0.918381 0.083698
vt 0.994070 0.000000
vt 0.994070 0.045819
vt 0.991699 0.045819
vt 0.991699 0.000000
vt 0.886091 0.186620
vt 0.886091 0.182469
vt 0.887791 0.182469
vt 0.887791 0.186620
vt 0.992885 0.236631
vt 0.992885 0.195198
vt 0.995257 0.195198
vt 0.995257 0.236631
vt 0.835529 0.774296
vt 0.835529 0.778447
vt 0.833829 0.778447
vt 0.833829 0.774296
vt 0.994664 0.391500
vt 0.994664 0.432933
vt 0.992293 0.432933
vt 0.992293 0.391500
vt 0.928143 0.091488
vt 0.928143 0.095638
vt 0.926444 0.095638
vt 0.926444 0.091488
vn 0.0000 0.6774 0.7356
vn 1.0000 0.0000 0.0000
vn -1.0000 0.0000 0.0000
vn 0.0000 1.0000 0.0000
vn 0.0000 0.0000 1.0000
vn -0.0000 -1.0000 -0.0000
vn 0.0000 0.0000 -1.0000
vn 0.0000 0.9989 0.0476
vn 0.0000 -0.0476 0.9989
vn 0.0000 -0.9989 -0.0476
vn 0.0000 0.0476 -0.9989
vn 0.0000 0.7071 -0.7071
vn 0.0000 0.7071 0.7071
vn 0.0000 0.0475 -0.9989
vn 0.0000 -0.0475 0.9989
vn 0.0000 -0.6774 -0.7356
vn -1.0000 0.0001 0.0000
vn 0.0000 -0.0001 -1.0000
vn 0.0000 0.0001 1.0000
vn 0.0000 -0.7071 0.7071
vn 0.0000 -0.7071 -0.7071
vn 1.0000 -0.0001 -0.0000
vn 0.0000 1.0000 0.0003
vn -1.0000 -0.0000 -0.0002
vn -1.0000 -0.0001 0.0000
vn 0.0000 -1.0000 -0.0003
vn 0.0000 -1.0000 0.0001
vn 0.0000 1.0000 0.0001
vn 1.0000 0.0000 0.0003
vn 0.0000 -1.0000 -0.0001
vn 0.0000 1.0000 -0.0001
vn 0.0000 1.0000 0.0002
vn 0.0000 -0.7356 0.6774
vn 0.0000 0.7356 -0.6774
vn 0.0000 -0.7070 -0.7072
vn 0.0000 -0.7071 -0.7072
vn 0.0000 0.7071 0.7072
vn 0.0000 0.7070 0.7072
vn 0.0000 -0.7072 0.7071
vn 0.0000 0.7072 -0.7071
vn 0.0000 -0.7072 0.7070
usemtl None
s 1
f 1/1/1 2/2/1 3/3/1 4/4/1
f 5/5/2 6/6/2 7/7/2 8/8/2
f 9/9/3 10/10/3 11/11/3 12/12/3
f 5/13/4 8/14/4 10/15/4 9/16/4
f 6/17/5 5/18/5 9/19/5 12/20/5
f 7/21/6 6/22/6 12/23/6 11/24/6
f 8/25/7 7/26/7 11/27/7 10/28/7
f 13/29/2 14/30/2 15/31/2 16/32/2
f 17/33/3 18/34/3 19/35/3 20/36/3
f 13/37/8 16/38/8 18/39/8 17/40/8
f 14/41/9 13/42/9 17/43/9 20/44/9
f 15/45/10 14/46/10 20/47/10 19/48/10
f 16/49/11 15/50/11 19/51/11 18/52/11
f 21/53/5 22/54/5 23/55/5 24/56/5
f 25/57/7 26/58/7 27/59/7 28/60/7
f 21/61/3 24/62/3 26/63/3 25/64/3
f 22/65/6 21/66/6 25/67/6 28/68/6
f 23/69/2 22/70/2 28/71/2 27/72/2
f 24/73/4 23/74/4 27/75/4 26/76/4
f 29/77/5 30/78/5 31/79/5 32/80/5
f 33/81/12 34/82/12 35/83/12 36/84/12
f 37/85/13 38/86/13 39/87/13 40/88/13
f 41/89/12 42/90/12 43/91/12 44/92/12
f 45/93/13 46/94/13 47/95/13 48/96/13
f 49/97/12 50/98/12 51/99/12 52/100/12
f 53/101/13 54/102/13 55/103/13 56/104/13
f 57/105/12 58/106/12 59/107/12 60/108/12
f 61/109/13 62/110/13 63/111/13 64/112/13
f 65/113/12 66/114/12 67/115/12 68/116/12
f 69/117/13 70/118/13 71/119/13 72/120/13
f 73/121/12 74/122/12 75/123/12 76/124/12
f 77/125/13 78/126/13 79/127/13 80/128/13
f 81/129/12 82/130/12 83/131/12 84/132/12
f 85/133/13 86/134/13 87/135/13 88/136/13
f 89/137/12 90/138/12 91/139/12 92/140/12
f 93/141/13 94/142/13 95/143/13 96/144/13
f 97/145/12 98/146/12 99/147/12 100/148/12
f 101/149/13 102/150/13 103/151/13 104/152/13
f 105/153/12 106/154/12 107/155/12 108/156/12
f 109/157/1 110/158/1 111/159/1 112/160/1
f 113/161/2 114/162/2 115/163/2 116/164/2
f 117/165/3 118/166/3 119/167/3 120/168/3
f 113/169/4 116/170/4 118/171/4 117/172/4
f 114/173/5 113/174/5 117/175/5 120/176/5
f 115/177/6 114/178/6 120/179/6 119/180/6
f 116/181/7 115/182/7 119/183/7 118/184/7
f 121/185/2 122/186/2 123/187/2 124/188/2
f 125/189/3 126/190/3 127/191/3 128/192/3
f 121/193/8 124/194/8 126/195/8 125/196/8
f 122/197/9 121/198/9 125/199/9 128/200/9
f 123/201/10 122/202/10 128/203/10 127/204/10
f 124/205/11 123/206/11 127/207/11 126/208/11
f 129/209/5 130/210/5 131/211/5 132/212/5
f 133/213/7 134/214/7 135/215/7 136/216/7
f 129/217/3 132/218/3 134/219/3 133/220/3
f 130/221/6 129/222/6 133/223/6 136/224/6
f 131/225/2 130/226/2 136/227/2 135/228/2
f 132/229/4 131/230/4 135/231/4 134/232/4
f 137/233/5 138/234/5 139/235/5 140/236/5
f 141/237/12 142/238/12 143/239/12 144/240/12
f 145/241/13 146/242/13 147/243/13 148/244/13
f 149/245/12 150/246/12 151/247/12 152/248/12
f 153/249/13 154/250/13 155/251/13 156/252/13
f 157/253/12 158/254/12 159/255/12 160/256/12
f 161/257/13 162/258/13 163/259/13 164/260/13
f 165/261/12 166/262/12 167/263/12 168/264/12
f 169/265/13 170/266/13 171/267/13 172/268/13
f 173/269/12 174/270/12 175/271/12 176/272/12
f 177/273/13 178/274/13 179/275/13 180/276/13
f 181/277/12 182/278/12 183/279/12 184/280/12
f 185/281/13 186/282/13 187/283/13 188/284/13
f 189/285/12 190/286/12 191/287/12 192/288/12
f 193/289/13 194/290/13 195/291/13 196/292/13
f 197/293/12 198/294/12 199/295/12 200/296/12
f 201/297/13 202/298/13 203/299/13 204/300/13
f 205/301/12 206/302/12 207/303/12 208/304/12
f 209/305/13 210/306/13 211/307/13 212/308/13
f 213/309/12 214/310/12 215/311/12 216/312/12
f 217/313/1 218/314/1 219/315/1 220/316/1
f 221/317/2 222/318/2 223/319/2 224/320/2
f 225/321/3 226/322/3 227/323/3 228/324/3
f 221/325/4 224/326/4 226/327/4 225/328/4
f 222/329/5 221/330/5 225/331/5 228/332/5
f 223/333/6 222/334/6 228/335/6 227/336/6
f 224/337/7 223/338/7 227/339/7 226/340/7
f 229/341/2 230/342/2 231/343/2 232/344/2
f 233/345/3 234/346/3 235/347/3 236/348/3
f 229/349/8 232/350/8 234/351/8 233/352/8
f 230/353/9 229/354/9 233/355/9 236/356/9
f 231/357/10 230/358/10 236/359/10 235/360/10
f 232/361/11 231/362/11 235/363/11 234/364/11
f 237/365/5 238/366/5 239/367/5 240/368/5
f 241/369/7 242/370/7 243/371/7 244/372/7
f 237/373/3 240/374/3 242/375/3 241/376/3
f 238/377/6 237/378/6 241/379/6 244/380/6
f 239/381/2 238/382/2 244/383/2 243/384/2
f 240/385/4 239/386/4 243/387/4 242/388/4
f 245/389/5 246/390/5 247/391/5 248/392/5
f 249/393/12 250/394/12 251/395/12 252/396/12
f 253/397/13 254/398/13 255/399/13 256/400/13
f 257/401/12 258/402/12 259/403/12 260/404/12
f 261/405/13 262/406/13 263/407/13 264/408/13
f 265/409/12 266/410/12 267/411/12 268/412/12
f 269/413/13 270/414/13 271/415/13 272/416/13
f 273/417/12 274/418/12 275/419/12 276/420/12
f 277/421/13 278/422/13 279/423/13 280/424/13
f 281/425/12 282/426/12 283/427/12 284/428/12
f 285/429/13 286/430/13 287/431/13 288/432/13
f 289/433/12 290/434/12 291/435/12 292/436/12
f 293/437/13 294/438/13 295/439/13 296/440/13
f 297/441/12 298/442/12 299/443/12 300/444/12
f 301/445/13 302/446/13 303/447/13 304/448/13
f 305/449/12 306/450/12 307/451/12 308/452/12
f 309/453/13 310/454/13 311/455/13 312/456/13
f 313/457/12 314/458/12 315/459/12 316/460/12
f 317/461/13 318/462/13 319/463/13 320/464/13
f 321/465/12 322/466/12 323/467/12 324/468/12
f 325/469/1 326/470/1 327/471/1 328/472/1
f 329/473/2 330/474/2 331/475/2 332/476/2
f 333/477/3 334/478/3 335/479/3 336/480/3
f 329/481/4 332/482/4 334/483/4 333/484/4
f 330/485/5 329/486/5 333/487/5 336/488/5
f 331/489/6 330/490/6 336/491/6 335/492/6
f 332/493/7 331/494/7 335/495/7 334/496/7
f 337/497/2 338/498/2 339/499/2 340/500/2
f 341/501/3 342/502/3 343/503/3 344/504/3
f 337/505/8 340/506/8 342/507/8 341/508/8
f 338/509/9 337/510/9 341/511/9 344/512/9
f 339/513/10 338/514/10 344/515/10 343/516/10
f 340/517/11 339/518/11 343/519/11 342/520/11
f 345/521/5 346/522/5 347/523/5 348/524/5
f 349/525/7 350/526/7 351/527/7 352/528/7
f 345/529/3 348/530/3 350/531/3 349/532/3
f 346/533/6 345/534/6 349/535/6 352/536/6
f 347/537/2 346/538/2 352/539/2 351/540/2
f 348/541/4 347/542/4 351/543/4 350/544/4
f 353/545/5 354/546/5 355/547/5 356/548/5
f 357/549/12 358/550/12 359/551/12 360/552/12
f 361/553/13 362/554/13 363/555/13 364/556/13
f 365/557/12 366/558/12 367/559/12 368/560/12
f 369/561/13 370/562/13 371/563/13 372/564/13
f 373/565/12 374/566/12 375/567/12 376/568/12
f 377/569/13 378/570/13 379/571/13 380/572/13
f 381/573/12 382/574/12 383/575/12 384/576/12
f 385/577/13 386/578/13 387/579/13 388/580/13
f 389/581/12 390/582/12 391/583/12 392/584/12
f 393/585/13 394/586/13 395/587/13 396/588/13
f 397/589/12 398/590/12 399/591/12 400/592/12
f 401/593/13 402/594/13 403/595/13 404/596/13
f 405/597/12 406/598/12 407/599/12 408/600/12
f 409/601/13 410/602/13 411/603/13 412/604/13
f 413/605/12 414/606/12 415/607/12 416/608/12
f 417/609/13 418/610/13 419/611/13 420/612/13
f 421/613/12 422/614/12 423/615/12 424/616/12
f 425/617/13 426/618/13 427/619/13 428/620/13
f 429/621/12 430/622/12 431/623/12 432/624/12
f 433/625/1 434/626/1 435/627/1 436/628/1
f 437/629/2 438/630/2 439/631/2 440/632/2
f 441/633/3 442/634/3 443/635/3 444/636/3
f 437/637/4 440/638/4 442/639/4 441/640/4
f 438/641/5 437/642/5 441/643/5 444/644/5
f 439/645/6 438/646/6 444/647/6 443/648/6
f 440/649/7 439/650/7 443/651/7 442/652/7
f 445/653/2 446/654/2 447/655/2 448/656/2
f 449/657/3 450/658/3 451/659/3 452/660/3
f 445/661/8 448/662/8 450/663/8 449/664/8
f 446/665/9 445/666/9 449/667/9 452/668/9
f 447/669/10 446/670/10 452/671/10 451/672/10
f 448/673/11 447/674/11 451/675/11 450/676/11
f 453/677/5 454/678/5 455/679/5 456/680/5
f 457/681/7 458/682/7 459/683/7 460/684/7
f 453/685/3 456/686/3 458/687/3 457/688/3
f 454/689/6 453/690/6 457/691/6 460/692/6
f 455/693/2 454/694/2 460/695/2 459/696/2
f 456/697/4 455/698/4 459/699/4 458/700/4
f 461/701/5 462/702/5 463/703/5 464/704/5
f 465/705/12 466/706/12 467/707/12 468/708/12
f 469/709/13 470/710/13 471/711/13 472/712/13
f 473/713/12 474/714/12 475/715/12 476/716/12
f 477/717/13 478/718/13 479/719/13 480/720/13
f 481/721/12 482/722/12 483/723/12 484/724/12
f 485/725/13 486/726/13 487/727/13 488/728/13
f 489/729/12 490/730/12 491/731/12 492/732/12
f 493/733/13 494/734/13 495/735/13 496/736/13
f 497/737/12 498/738/12 499/739/12 500/740/12
f 501/741/13 502/742/13 503/743/13 504/744/13
f 505/745/12 506/746/12 507/747/12 508/748/12
f 509/749/13 510/750/13 511/751/13 512/752/13
f 513/753/12 514/754/12 515/755/12 516/756/12
f 517/757/13 518/758/13 519/759/13 520/760/13
f 521/761/12 522/762/12 523/763/12 524/764/12
f 525/765/13 526/766/13 527/767/13 528/768/13
f 529/769/12 530/770/12 531/771/12 532/772/12
f 533/773/13 534/774/13 535/775/13 536/776/13
f 537/777/12 538/778/12 539/779/12 540/780/12
f 541/781/1 542/782/1 543/783/1 544/784/1
f 545/785/2 546/786/2 547/787/2 548/788/2
f 549/789/3 550/790/3 551/791/3 552/792/3
f 545/793/4 548/794/4 550/795/4 549/796/4
f 546/797/5 545/798/5 549/799/5 552/800/5
f 547/801/6 546/802/6 552/803/6 551/804/6
f 548/805/7 547/806/7 551/807/7 550/808/7
f 553/809/2 554/810/2 555/811/2 556/812/2
f 557/813/3 558/814/3 559/815/3 560/816/3
f 553/817/8 556/818/8 558/819/8 557/820/8
f 554/821/9 553/822/9 557/823/9 560/824/9
f 555/825/10 554/826/10 560/827/10 559/828/10
f 556/829/11 555/830/11 559/831/11 558/832/11
f 561/833/5 562/834/5 563/835/5 564/836/5
f 565/837/7 566/838/7 567/839/7 568/840/7
f 561/841/3 564/842/3 566/843/3 565/844/3
f 562/845/6 561/846/6 565/847/6 568/848/6
f 563/849/2 562/850/2 568/851/2 567/852/2
f 564/853/4 563/854/4 567/855/4 566/856/4
f 569/857/5 570/858/5 571/859/5 572/860/5
f 573/861/12 574/862/12 575/863/12 576/864/12
f 577/865/13 578/866/13 579/867/13 580/868/13
f 581/869/12 582/870/12 583/871/12 584/872/12
f 585/873/13 586/874/13 587/875/13 588/876/13
f 589/877/12 590/878/12 591/879/12 592/880/12
f 593/881/13 594/882/13 595/883/13 596/884/13
f 597/885/12 598/886/12 599/887/12 600/888/12
f 601/889/13 602/890/13 603/891/13 604/892/13
f 605/893/12 606/894/12 607/895/12 608/896/12
f 609/897/13 610/898/13 611/899/13 612/900/13
f 613/901/12 614/902/12 615/903/12 616/904/12
f 617/905/13 618/906/13 619/907/13 620/908/13
f 621/909/12 622/910/12 623/911/12 624/912/12
f 625/913/13 626/914/13 627/915/13 628/916/13
f 629/917/12 630/918/12 631/919/12 632/920/12
f 633/921/13 634/922/13 635/923/13 636/924/13
f 637/925/12 638/926/12 639/927/12 640/928/12
f 641/929/13 642/930/13 643/931/13 644/932/13
f 645/933/12 646/934/12 647/935/12 648/936/12
f 649/937/1 650/938/1 651/939/1 652/940/1
f 653/941/2 654/942/2 655/943/2 656/944/2
f 657/945/3 658/946/3 659/947/3 660/948/3
f 653/949/4 656/950/4 658/951/4 657/952/4
f 654/953/5 653/954/5 657/955/5 660/956/5
f 655/957/6 654/958/6 660/959/6 659/960/6
f 656/961/7 655/962/7 659/963/7 658/964/7
f 661/965/2 662/966/2 663/967/2 664/968/2
f 665/969/3 666/970/3 667/971/3 668/972/3
f 661/973/8 664/974/8 666/975/8 665/976/8
f 662/977/9 661/978/9 665/979/9 668/980/9
f 663/981/10 662/982/10 668/983/10 667/984/10
f 664/985/11 663/986/11 667/987/11 666/988/11
f 669/989/5 670/990/5 671/991/5 672/992/5
f 673/993/7 674/994/7 675/995/7 676/996/7
f 669/997/3 672/998/3 674/999/3 673/1000/3
f 670/1001/6 669/1002/6 673/1003/6 676/1004/6
f 671/1005/2 670/1006/2 676/1007/2 675/1008/2
f 672/1009/4 671/1010/4 675/1011/4 674/1012/4
f 677/1013/5 678/1014/5 679/1015/5 680/1016/5
f 681/1017/12 682/1018/12 683/1019/12 684/1020/12
f 685/1021/13 686/1022/13 687/1023/13 688/1024/13
f 689/1025/12 690/1026/12 691/1027/12 692/1028/12
f 693/1029/13 694/1030/13 695/1031/13 696/1032/13
f 697/1033/12 698/1034/12 699/1035/12 700/1036/12
f 701/1037/13 702/1038/13 703/1039/13 704/1040/13
f 705/1041/12 706/1042/12 707/1043/12 708/1044/12
f 709/1045/13 710/1046/13 711/1047/13 712/1048/13
f 713/1049/12 714/1050/12 715/1051/12 716/1052/12
f 717/1053/13 718/1054/13 719/1055/13 720/1056/13
f 721/1057/12 722/1058/12 723/1059/12 724/1060/12
f 725/1061/13 726/1062/13 727/1063/13 728/1064/13
f 729/1065/12 730/1066/12 731/1067/12 732/1068/12
f 733/1069/13 734/1070/13 735/1071/13 736/1072/13
f 737/1073/12 738/1074/12 739/1075/12 740/1076/12
f 741/1077/13 742/1078/13 743/1079/13 744/1080/13
f 745/1081/12 746/1082/12 747/1083/12 748/1084/12
f 749/1085/13 750/1086/13 751/1087/13 752/1088/13
f 753/1089/12 754/1090/12 755/1091/12 756/1092/12
f 757/1093/1 758/1094/1 759/1095/1 760/1096/1
f 761/1097/2 762/1098/2 763/1099/2 764/1100/2
f 765/1101/3 766/1102/3 767/1103/3 768/1104/3
f 761/1105/4 764/1106/4 766/1107/4 765/1108/4
f 762/1109/5 761/1110/5 765/1111/5 768/1112/5
f 763/1113/6 762/1114/6 768/1115/6 767/1116/6
f 764/1117/7 763/1118/7 767/1119/7 766/1120/7
f 769/1121/2 770/1122/2 771/1123/2 772/1124/2
f 773/1125/3 774/1126/3 775/1127/3 776/1128/3
f 769/1129/8 772/1130/8 774/1131/8 773/1132/8
f 770/1133/9 769/1134/9 773/1135/9 776/1136/9
f 771/1137/10 770/1138/10 776/1139/10 775/1140/10
f 772/1141/11 771/1142/11 775/1143/11 774/1144/11
f 777/1145/5 778/1146/5 779/1147/5 780/1148/5
f 781/1149/7 782/1150/7 783/1151/7 784/1152/7
f 777/1153/3 780/1154/3 782/1155/3 781/1156/3
f 778/1157/6 777/1158/6 781/1159/6 784/1160/6
f 779/1161/2 778/1162/2 784/1163/2 783/1164/2
f 780/1165/4 779/1166/4 783/1167/4 782/1168/4
f 785/1169/5 786/1170/5 787/1171/5 788/1172/5
f 789/1173/12 790/1174/12 791/1175/12 792/1176/12
f 793/1177/13 794/1178/13 795/1179/13 796/1180/13
f 797/1181/12 798/1182/12 799/1183/12 800/1184/12
f 801/1185/13 802/1186/13 803/1187/13 804/1188/13
f 805/1189/12 806/1190/12 807/1191/12 808/1192/12
f 809/1193/13 810/1194/13 811/1195/13 812/1196/13
f 813/1197/12 814/1198/12 815/1199/12 816/1200/12
f 817/1201/13 818/1202/13 819/1203/13 820/1204/13
f 821/1205/12 822/1206/12 823/1207/12 824/1208/12
f 825/1209/13 826/1210/13 827/1211/13 828/1212/13
f 829/1213/12 830/1214/12 831/1215/12 832/1216/12
f 833/1217/13 834/1218/13 835/1219/13 836/1220/13
f 837/1221/12 838/1222/12 839/1223/12 840/1224/12
f 841/1225/13 842/1226/13 843/1227/13 844/1228/13
f 845/1229/12 846/1230/12 847/1231/12 848/1232/12
f 849/1233/13 850/1234/13 851/1235/13 852/1236/13
f 853/1237/12 854/1238/12 855/1239/12 856/1240/12
f 857/1241/13 858/1242/13 859/1243/13 860/1244/13
f 861/1245/12 862/1246/12 863/1247/12 864/1248/12
f 865/1249/1 866/1250/1 867/1251/1 868/1252/1
f 869/1253/2 870/1254/2 871/1255/2 872/1256/2
f 873/1257/3 874/1258/3 875/1259/3 876/1260/3
f 869/1261/4 872/1262/4 874/1263/4 873/1264/4
f 870/1265/5 869/1266/5 873/1267/5 876/1268/5
f 871/1269/6 870/1270/6 876/1271/6 875/1272/6
f 872/1273/7 871/1274/7 875/1275/7 874/1276/7
f 877/1277/2 878/1278/2 879/1279/2 880/1280/2
f 881/1281/3 882/1282/3 883/1283/3 884/1284/3
f 877/1285/8 880/1286/8 882/1287/8 881/1288/8
f 878/1289/9 877/1290/9 881/1291/9 884/1292/9
f 879/1293/10 878/1294/10 884/1295/10 883/1296/10
f 880/1297/11 879/1298/11 883/1299/11 882/1300/11
f 885/1301/5 886/1302/5 887/1303/5 888/1304/5
f 889/1305/7 890/1306/7 891/1307/7 892/1308/7
f 885/1309/3 888/1310/3 890/1311/3 889/1312/3
f 886/1313/6 885/1314/6 889/1315/6 892/1316/6
f 887/1317/2 886/1318/2 892/1319/2 891/1320/2
f 888/1321/4 887/1322/4 891/1323/4 890/1324/4
f 893/1325/5 894/1326/5 895/1327/5 896/1328/5
f 897/1329/12 898/1330/12 899/1331/12 900/1332/12
f 901/1333/13 902/1334/13 903/1335/13 904/1336/13
f 905/1337/12 906/1338/12 907/1339/12 908/1340/12
f 909/1341/13 910/1342/13 911/1343/13 912/1344/13
f 913/1345/12 914/1346/12 915/1347/12 916/1348/12
f 917/1349/13 918/1350/13 919/1351/13 920/1352/13
f 921/1353/12 922/1354/12 923/1355/12 924/1356/12
f 925/1357/13 926/1358/13 927/1359/13 928/1360/13
f 929/1361/12 930/1362/12 931/1363/12 932/1364/12
f 933/1365/13 934/1366/13 935/1367/13 936/1368/13
f 937/1369/12 938/1370/12 939/1371/12 940/1372/12
f 941/1373/13 942/1374/13 943/1375/13 944/1376/13
f 945/1377/12 946/1378/12 947/1379/12 948/1380/12
f 949/1381/13 950/1382/13 951/1383/13 952/1384/13
f 953/1385/12 954/1386/12 955/1387/12 956/1388/12
f 957/1389/13 958/1390/13 959/1391/13 960/1392/13
f 961/1393/12 962/1394/12 963/1395/12 964/1396/12
f 965/1397/13 966/1398/13 967/1399/13 968/1400/13
f 969/1401/12 970/1402/12 971/1403/12 972/1404/12
f 973/1405/1 974/1406/1 975/1407/1 976/1408/1
f 977/1409/2 978/1410/2 979/1411/2 980/1412/2
f 981/1413/3 982/1414/3 983/1415/3 984/1416/3
f 977/1417/4 980/1418/4 982/1419/4 981/1420/4
f 978/1421/5 977/1422/5 981/1423/5 984/1424/5
f 979/1425/6 978/1426/6 984/1427/6 983/1428/6
f 980/1429/7 979/1430/7 983/1431/7 982/1432/7
f 985/1433/2 986/1434/2 987/1435/2 988/1436/2
f 989/1437/3 990/1438/3 991/1439/3 992/1440/3
f 985/1441/8 988/1442/8 990/1443/8 989/1444/8
f 986/1445/9 985/1446/9 989/1447/9 992/1448/9
f 987/1449/10 986/1450/10 992/1451/10 991/1452/10
f 988/1453/14 987/1454/14 991/1455/14 990/1456/14
f 993/1457/5 994/1458/5 995/1459/5 996/1460/5
f 997/1461/7 998/1462/7 999/1463/7 1000/1464/7
f 993/1465/3 996/1466/3 998/1467/3 997/1468/3
f 994/1469/6 993/1470/6 997/1471/6 1000/1472/6
f 995/1473/2 994/1474/2 1000/1475/2 999/1476/2
f 996/1477/4 995/1478/4 999/1479/4 998/1480/4
f 1001/1481/5 1002/1482/5 1003/1483/5 1004/1484/5
f 1005/1485/12 1006/1486/12 1007/1487/12 1008/1488/12
f 1009/1489/13 1010/1490/13 1011/1491/13 1012/1492/13
f 1013/1493/12 1014/1494/12 1015/1495/12 1016/1496/12
f 1017/1497/13 1018/1498/13 1019/1499/13 1020/1500/13
f 1021/1501/12 1022/1502/12 1023/1503/12 1024/1504/12
f 1025/1505/13 1026/1506/13 1027/1507/13 1028/1508/13
f 1029/1509/12 1030/1510/12 1031/1511/12 1032/1512/12
f 1033/1513/13 1034/1514/13 1035/1515/13 1036/1516/13
f 1037/1517/12 1038/1518/12 1039/1519/12 1040/1520/12
f 1041/1521/13 1042/1522/13 1043/1523/13 1044/1524/13
f 1045/1525/12 1046/1526/12 1047/1527/12 1048/1528/12
f 1049/1529/13 1050/1530/13 1051/1531/13 1052/1532/13
f 1053/1533/12 1054/1534/12 1055/1535/12 1056/1536/12
f 1057/1537/13 1058/1538/13 1059/1539/13 1060/1540/13
f 1061/1541/12 1062/1542/12 1063/1543/12 1064/1544/12
f 1065/1545/13 1066/1546/13 1067/1547/13 1068/1548/13
f 1069/1549/12 1070/1550/12 1071/1551/12 1072/1552/12
f 1073/1553/13 1074/1554/13 1075/1555/13 1076/1556/13
f 1077/1557/12 1078/1558/12 1079/1559/12 1080/1560/12
f 1081/1561/1 1082/1562/1 1083/1563/1 1084/1564/1
f 1085/1565/2 1086/1566/2 1087/1567/2 1088/1568/2
f 1089/1569/3 1090/1570/3 1091/1571/3 1092/1572/3
f 1085/1573/4 1088/1574/4 1090/1575/4 1089/1576/4
f 1086/1577/5 1085/1578/5 1089/1579/5 1092/1580/5
f 1087/1581/6 1086/1582/6 1092/1583/6 1091/1584/6
f 1088/1585/7 1087/1586/7 1091/1587/7 1090/1588/7
f 1093/1589/2 1094/1590/2 1095/1591/2 1096/1592/2
f 1097/1593/3 1098/1594/3 1099/1595/3 1100/1596/3
f 1093/1597/8 1096/1598/8 1098/1599/8 1097/1600/8
f 1094/1601/15 1093/1602/15 1097/1603/15 1100/1604/15
f 1095/1605/10 1094/1606/10 1100/1607/10 1099/1608/10
f 1096/1609/11 1095/1610/11 1099/1611/11 1098/1612/11
f 1101/1613/5 1102/1614/5 1103/1615/5 1104/1616/5
f 1105/1617/7 1106/1618/7 1107/1619/7 1108/1620/7
f 1101/1621/3 1104/1622/3 1106/1623/3 1105/1624/3
f 1102/1625/6 1101/1626/6 1105/1627/6 1108/1628/6
f 1103/1629/2 1102/1630/2 1108/1631/2 1107/1632/2
f 1104/1633/4 1103/1634/4 1107/1635/4 1106/1636/4
f 1109/1637/5 1110/1638/5 1111/1639/5 1112/1640/5
f 1113/1641/12 1114/1642/12 1115/1643/12 1116/1644/12
f 1117/1645/13 1118/1646/13 1119/1647/13 1120/1648/13
f 1121/1649/12 1122/1650/12 1123/1651/12 1124/1652/12
f 1125/1653/13 1126/1654/13 1127/1655/13 1128/1656/13
f 1129/1657/12 1130/1658/12 1131/1659/12 1132/1660/12
f 1133/1661/13 1134/1662/13 1135/1663/13 1136/1664/13
f 1137/1665/12 1138/1666/12 1139/1667/12 1140/1668/12
f 1141/1669/13 1142/1670/13 1143/1671/13 1144/1672/13
f 1145/1673/12 1146/1674/12 1147/1675/12 1148/1676/12
f 1149/1677/13 1150/1678/13 1151/1679/13 1152/1680/13
f 1153/1681/12 1154/1682/12 1155/1683/12 1156/1684/12
f 1157/1685/13 1158/1686/13 1159/1687/13 1160/1688/13
f 1161/1689/12 1162/1690/12 1163/1691/12 1164/1692/12
f 1165/1693/13 1166/1694/13 1167/1695/13 1168/1696/13
f 1169/1697/12 1170/1698/12 1171/1699/12 1172/1700/12
f 1173/1701/13 1174/1702/13 1175/1703/13 1176/1704/13
f 1177/1705/12 1178/1706/12 1179/1707/12 1180/1708/12
f 1181/1709/13 1182/1710/13 1183/1711/13 1184/1712/13
f 1185/1713/12 1186/1714/12 1187/1715/12 1188/1716/12
f 1189/1717/1 1190/1718/1 1191/1719/1 1192/1720/1
f 1193/1721/2 1194/1722/2 1195/1723/2 1196/1724/2
f 1197/1725/3 1198/1726/3 1199/1727/3 1200/1728/3
f 1193/1729/4 1196/1730/4 1198/1731/4 1197/1732/4
f 1194/1733/5 1193/1734/5 1197/1735/5 1200/1736/5
f 1195/1737/6 1194/1738/6 1200/1739/6 1199/1740/6
f 1196/1741/7 1195/1742/7 1199/1743/7 1198/1744/7
f 1201/1745/2 1202/1746/2 1203/1747/2 1204/1748/2
f 1205/1749/3 1206/1750/3 1207/1751/3 1208/1752/3
f 1201/1753/8 1204/1754/8 1206/1755/8 1205/1756/8
f 1202/1757/15 1201/1758/15 1205/1759/15 1208/1760/15
f 1203/1761/10 1202/1762/10 1208/1763/10 1207/1764/10
f 1204/1765/11 1203/1766/11 1207/1767/11 1206/1768/11
f 1209/1769/5 1210/1770/5 1211/1771/5 1212/1772/5
f 1213/1773/7 1214/1774/7 1215/1775/7 1216/1776/7
f 1209/1777/3 1212/1778/3 1214/1779/3 1213/1780/3
f 1210/1781/6 1209/1782/6 1213/1783/6 1216/1784/6
f 1211/1785/2 1210/1786/2 1216/1787/2 1215/1788/2
f 1212/1789/4 1211/1790/4 1215/1791/4 1214/1792/4
f 1217/1793/5 1218/1794/5 1219/1795/5 1220/1796/5
f 1221/1797/12 1222/1798/12 1223/1799/12 1224/1800/12
f 1225/1801/13 1226/1802/13 1227/1803/13 1228/1804/13
f 1229/1805/12 1230/1806/12 1231/1807/12 1232/1808/12
f 1233/1809/13 1234/1810/13 1235/1811/13 1236/1812/13
f 1237/1813/12 1238/1814/12 1239/1815/12 1240/1816/12
f 1241/1817/13 1242/1818/13 1243/1819/13 1244/1820/13
f 1245/1821/12 1246/1822/12 1247/1823/12 1248/1824/12
f 1249/1825/13 1250/1826/13 1251/1827/13 1252/1828/13
f 1253/1829/12 1254/1830/12 1255/1831/12 1256/1832/12
f 1257/1833/13 1258/1834/13 1259/1835/13 1260/1836/13
f 1261/1837/12 1262/1838/12 1263/1839/12 1264/1840/12
f 1265/1841/13 1266/1842/13 1267/1843/13 1268/1844/13
f 1269/1845/12 1270/1846/12 1271/1847/12 1272/1848/12
f 1273/1849/13 1274/1850/13 1275/1851/13 1276/1852/13
f 1277/1853/12 1278/1854/12 1279/1855/12 1280/1856/12
f 1281/1857/13 1282/1858/13 1283/1859/13 1284/1860/13
f 1285/1861/12 1286/1862/12 1287/1863/12 1288/1864/12
f 1289/1865/13 1290/1866/13 1291/1867/13 1292/1868/13
f 1293/1869/12 1294/1870/12 1295/1871/12 1296/1872/12
f 1297/1873/1 1298/1874/1 1299/1875/1 1300/1876/1
f 1301/1877/2 1302/1878/2 1303/1879/2 1304/1880/2
f 1305/1881/3 1306/1882/3 1307/1883/3 1308/1884/3
f 1301/1885/4 1304/1886/4 1306/1887/4 1305/1888/4
f 1302/1889/5 1301/1890/5 1305/1891/5 1308/1892/5
f 1303/1893/6 1302/1894/6 1308/1895/6 1307/1896/6
f 1304/1897/7 1303/1898/7 1307/1899/7 1306/1900/7
f 1309/1901/2 1310/1902/2 1311/1903/2 1312/1904/2
f 1313/1905/3 1314/1906/3 1315/1907/3 1316/1908/3
f 1309/1909/8 1312/1910/8 1314/1911/8 1313/1912/8
f 1310/1913/9 1309/1914/9 1313/1915/9 1316/1916/9
f 1311/1917/10 1310/1918/10 1316/1919/10 1315/1920/10
f 1312/1921/14 1311/1922/14 1315/1923/14 1314/1924/14
f 1317/1925/5 1318/1926/5 1319/1927/5 1320/1928/5
f 1321/1929/7 1322/1930/7 1323/1931/7 1324/1932/7
f 1317/1933/3 1320/1934/3 1322/1935/3 1321/1936/3
f 1318/1937/6 1317/1938/6 1321/1939/6 1324/1940/6
f 1319/1941/2 1318/1942/2 1324/1943/2 1323/1944/2
f 1320/1945/4 1319/1946/4 1323/1947/4 1322/1948/4
f 1325/1949/5 1326/1950/5 1327/1951/5 1328/1952/5
f 1329/1953/12 1330/1954/12 1331/1955/12 1332/1956/12
f 1333/1957/13 1334/1958/13 1335/1959/13 1336/1960/13
f 1337/1961/12 1338/1962/12 1339/1963/12 1340/1964/12
f 1341/1965/13 1342/1966/13 1343/1967/13 1344/1968/13
f 1345/1969/12 1346/1970/12 1347/1971/12 1348/1972/12
f 1349/1973/13 1350/1974/13 1351/1975/13 1352/1976/13
f 1353/1977/12 1354/1978/12 1355/1979/12 1356/1980/12
f 1357/1981/13 1358/1982/13 1359/1983/13 1360/1984/13
f 1361/1985/12 1362/1986/12 1363/1987/12 1364/1988/12
f 1365/1989/13 1366/1990/13 1367/1991/13 1368/1992/13
f 1369/1993/12 1370/1994/12 1371/1995/12 1372/1996/12
f 1373/1997/13 1374/1998/13 1375/1999/13 1376/2000/13
f 1377/2001/12 1378/2002/12 1379/2003/12 1380/2004/12
f 1381/2005/13 1382/2006/13 1383/2007/13 1384/2008/13
f 1385/2009/12 1386/2010/12 1387/2011/12 1388/2012/12
f 1389/2013/13 1390/2014/13 1391/2015/13 1392/2016/13
f 1393/2017/12 1394/2018/12 1395/2019/12 1396/2020/12
f 1397/2021/13 1398/2022/13 1399/2023/13 1400/2024/13
f 1401/2025/12 1402/2026/12 1403/2027/12 1404/2028/12
f 1405/2029/1 1406/2030/1 1407/2031/1 1408/2032/1
f 1409/2033/2 1410/2034/2 1411/2035/2 1412/2036/2
f 1413/2037/3 1414/2038/3 1415/2039/3 1416/2040/3
f 1409/2041/4 1412/2042/4 1414/2043/4 1413/2044/4
f 1410/2045/5 1409/2046/5 1413/2047/5 1416/2048/5
f 1411/2049/6 1410/2050/6 1416/2051/6 1415/2052/6
f 1412/2053/7 1411/2054/7 1415/2055/7 1414/2056/7
f 1417/2057/2 1418/2058/2 1419/2059/2 1420/2060/2
f 1421/2061/3 1422/2062/3 1423/2063/3 1424/2064/3
f 1417/2065/8 1420/2066/8 1422/2067/8 1421/2068/8
f 1418/2069/9 1417/2070/9 1421/2071/9 1424/2072/9
f 1419/2073/10 1418/2074/10 1424/2075/10 1423/2076/10
f 1420/2077/11 1419/2078/11 1423/2079/11 1422/2080/11
f 1425/2081/5 1426/2082/5 1427/2083/5 1428/2084/5
f 1429/2085/7 1430/2086/7 1431/2087/7 1432/2088/7
f 1425/2089/3 1428/2090/3 1430/2091/3 1429/2092/3
f 1426/2093/6 1425/2094/6 1429/2095/6 1432/2096/6
f 1427/2097/2 1426/2098/2 1432/2099/2 1431/2100/2
f 1428/2101/4 1427/2102/4 1431/2103/4 1430/2104/4
f 1433/2105/5 1434/2106/5 1435/2107/5 1436/2108/5
f 1437/2109/12 1438/2110/12 1439/2111/12 1440/2112/12
f 1441/2113/13 1442/2114/13 1443/2115/13 1444/2116/13
f 1445/2117/12 1446/2118/12 1447/2119/12 1448/2120/12
f 1449/2121/13 1450/2122/13 1451/2123/13 1452/2124/13
f 1453/2125/12 1454/2126/12 1455/2127/12 1456/2128/12
f 1457/2129/13 1458/2130/13 1459/2131/13 1460/2132/13
f 1461/2133/12 1462/2134/12 1463/2135/12 1464/2136/12
f 1465/2137/13 1466/2138/13 1467/2139/13 1468/2140/13
f 1469/2141/12 1470/2142/12 1471/2143/12 1472/2144/12
f 1473/2145/13 1474/2146/13 1475/2147/13 1476/2148/13
f 1477/2149/12 1478/2150/12 1479/2151/12 1480/2152/12
f 1481/2153/13 1482/2154/13 1483/2155/13 1484/2156/13
f 1485/2157/12 1486/2158/12 1487/2159/12 1488/2160/12
f 1489/2161/13 1490/2162/13 1491/2163/13 1492/2164/13
f 1493/2165/12 1494/2166/12 1495/2167/12 1496/2168/12
f 1497/2169/13 1498/2170/13 1499/2171/13 1500/2172/13
f 1501/2173/12 1502/2174/12 1503/2175/12 1504/2176/12
f 1505/2177/13 1506/2178/13 1507/2179/13 1508/2180/13
f 1509/2181/12 1510/2182/12 1511/2183/12 1512/2184/12
f 1513/2185/16 1514/2186/16 1515/2187/16 1516/2188/16
f 1517/2189/17 1518/2190/17 1519/2191/17 1520/2192/17
f 1521/2193/2 1522/2194/2 1523/2195/2 1524/2196/2
f 1517/2197/6 1521/2198/6 1524/2199/6 1518/2200/6
f 1520/2201/18 1522/2202/18 1521/2203/18 1517/2204/18
f 1519/2205/4 1523/2206/4 1522/2207/4 1520/2208/4
f 1518/2209/19 1524/2210/19 1523/2211/19 1519/2212/19
f 1525/2213/17 1526/2214/17 1527/2215/17 1528/2216/17
f 1529/2217/2 1530/2218/2 1531/2219/2 1532/2220/2
f 1525/2221/10 1529/2222/10 1532/2223/10 1526/2224/10
f 1528/2225/11 1530/2226/11 1529/2227/11 1525/2228/11
f 1527/2229/8 1531/2230/8 1530/2231/8 1528/2232/8
f 1526/2233/9 1532/2234/9 1531/2235/9 1527/2236/9
f 1533/2237/7 1534/2238/7 1535/2239/7 1536/2240/7
f 1537/2241/5 1538/2242/5 1539/2243/5 1540/2244/5
f 1533/2245/3 1537/2246/3 1540/2247/3 1534/2248/3
f 1536/2249/6 1538/2250/6 1537/2251/6 1533/2252/6
f 1535/2253/2 1539/2254/2 1538/2255/2 1536/2256/2
f 1534/2257/4 1540/2258/4 1539/2259/4 1535/2260/4
f 1541/2261/7 1542/2262/7 1543/2263/7 1544/2264/7
f 1545/2265/20 1546/2266/20 1547/2267/20 1548/2268/20
f 1549/2269/21 1550/2270/21 1551/2271/21 1552/2272/21
f 1553/2273/20 1554/2274/20 1555/2275/20 1556/2276/20
f 1557/2277/21 1558/2278/21 1559/2279/21 1560/2280/21
f 1561/2281/20 1562/2282/20 1563/2283/20 1564/2284/20
f 1565/2285/21 1566/2286/21 1567/2287/21 1568/2288/21
f 1569/2289/20 1570/2290/20 1571/2291/20 1572/2292/20
f 1573/2293/21 1574/2294/21 1575/2295/21 1576/2296/21
f 1577/2297/20 1578/2298/20 1579/2299/20 1580/2300/20
f 1581/2301/21 1582/2302/21 1583/2303/21 1584/2304/21
f 1585/2305/20 1586/2306/20 1587/2307/20 1588/2308/20
f 1589/2309/21 1590/2310/21 1591/2311/21 1592/2312/21
f 1593/2313/20 1594/2314/20 1595/2315/20 1596/2316/20
f 1597/2317/21 1598/2318/21 1599/2319/21 1600/2320/21
f 1601/2321/20 1602/2322/20 1603/2323/20 1604/2324/20
f 1605/2325/21 1606/2326/21 1607/2327/21 1608/2328/21
f 1609/2329/20 1610/2330/20 1611/2331/20 1612/2332/20
f 1613/2333/21 1614/2334/21 1615/2335/21 1616/2336/21
f 1617/2337/20 1618/2338/20 1619/2339/20 1620/2340/20
f 1621/2341/16 1622/2342/16 1623/2343/16 1624/2344/16
f 1625/2345/3 1626/2346/3 1627/2347/3 1628/2348/3
f 1629/2349/2 1630/2350/2 1631/2351/2 1632/2352/2
f 1625/2353/6 1629/2354/6 1632/2355/6 1626/2356/6
f 1628/2357/18 1630/2358/18 1629/2359/18 1625/2360/18
f 1627/2361/4 1631/2362/4 1630/2363/4 1628/2364/4
f 1626/2365/19 1632/2366/19 1631/2367/19 1627/2368/19
f 1633/2369/3 1634/2370/3 1635/2371/3 1636/2372/3
f 1637/2373/2 1638/2374/2 1639/2375/2 1640/2376/2
f 1633/2377/10 1637/2378/10 1640/2379/10 1634/2380/10
f 1636/2381/11 1638/2382/11 1637/2383/11 1633/2384/11
f 1635/2385/8 1639/2386/8 1638/2387/8 1636/2388/8
f 1634/2389/9 1640/2390/9 1639/2391/9 1635/2392/9
f 1641/2393/7 1642/2394/7 1643/2395/7 1644/2396/7
f 1645/2397/5 1646/2398/5 1647/2399/5 1648/2400/5
f 1641/2401/3 1645/2402/3 1648/2403/3 1642/2404/3
f 1644/2405/6 1646/2406/6 1645/2407/6 1641/2408/6
f 1643/2409/2 1647/2410/2 1646/2411/2 1644/2412/2
f 1642/2413/4 1648/2414/4 1647/2415/4 1643/2416/4
f 1649/2417/7 1650/2418/7 1651/2419/7 1652/2420/7
f 1653/2421/20 1654/2422/20 1655/2423/20 1656/2424/20
f 1657/2425/21 1658/2426/21 1659/2427/21 1660/2428/21
f 1661/2429/20 1662/2430/20 1663/2431/20 1664/2432/20
f 1665/2433/21 1666/2434/21 1667/2435/21 1668/2436/21
f 1669/2437/20 1670/2438/20 1671/2439/20 1672/2440/20
f 1673/2441/21 1674/2442/21 1675/2443/21 1676/2444/21
f 1677/2445/20 1678/2446/20 1679/2447/20 1680/2448/20
f 1681/2449/21 1682/2450/21 1683/2451/21 1684/2452/21
f 1685/2453/20 1686/2454/20 1687/2455/20 1688/2456/20
f 1689/2457/21 1690/2458/21 1691/2459/21 1692/2460/21
f 1693/2461/20 1694/2462/20 1695/2463/20 1696/2464/20
f 1697/2465/21 1698/2466/21 1699/2467/21 1700/2468/21
f 1701/2469/20 1702/2470/20 1703/2471/20 1704/2472/20
f 1705/2473/21 1706/2474/21 1707/2475/21 1708/2476/21
f 1709/2477/20 1710/2478/20 1711/2479/20 1712/2480/20
f 1713/2481/21 1714/2482/21 1715/2483/21 1716/2484/21
f 1717/2485/20 1718/2486/20 1719/2487/20 1720/2488/20
f 1721/2489/21 1722/2490/21 1723/2491/21 1724/2492/21
f 1725/2493/20 1726/2494/20 1727/2495/20 1728/2496/20
f 1729/2497/16 1730/2498/16 1731/2499/16 1732/2500/16
f 1733/2501/3 1734/2502/3 1735/2503/3 1736/2504/3
f 1737/2505/22 1738/2506/22 1739/2507/22 1740/2508/22
f 1733/2509/6 1737/2510/6 1740/2511/6 1734/2512/6
f 1736/2513/7 1738/2514/7 1737/2515/7 1733/2516/7
f 1735/2517/4 1739/2518/4 1738/2519/4 1736/2520/4
f 1734/2521/5 1740/2522/5 1739/2523/5 1735/2524/5
f 1741/2525/3 1742/2526/3 1743/2527/3 1744/2528/3
f 1745/2529/2 1746/2530/2 1747/2531/2 1748/2532/2
f 1741/2533/10 1745/2534/10 1748/2535/10 1742/2536/10
f 1744/2537/11 1746/2538/11 1745/2539/11 1741/2540/11
f 1743/2541/8 1747/2542/8 1746/2543/8 1744/2544/8
f 1742/2545/9 1748/2546/9 1747/2547/9 1743/2548/9
f 1749/2549/7 1750/2550/7 1751/2551/7 1752/2552/7
f 1753/2553/5 1754/2554/5 1755/2555/5 1756/2556/5
f 1749/2557/3 1753/2558/3 1756/2559/3 1750/2560/3
f 1752/2561/6 1754/2562/6 1753/2563/6 1749/2564/6
f 1751/2565/2 1755/2566/2 1754/2567/2 1752/2568/2
f 1750/2569/23 1756/2570/23 1755/2571/23 1751/2572/23
f 1757/2573/7 1758/2574/7 1759/2575/7 1760/2576/7
f 1761/2577/20 1762/2578/20 1763/2579/20 1764/2580/20
f 1765/2581/21 1766/2582/21 1767/2583/21 1768/2584/21
f 1769/2585/20 1770/2586/20 1771/2587/20 1772/2588/20
f 1773/2589/21 1774/2590/21 1775/2591/21 1776/2592/21
f 1777/2593/20 1778/2594/20 1779/2595/20 1780/2596/20
f 1781/2597/21 1782/2598/21 1783/2599/21 1784/2600/21
f 1785/2601/20 1786/2602/20 1787/2603/20 1788/2604/20
f 1789/2605/21 1790/2606/21 1791/2607/21 1792/2608/21
f 1793/2609/20 1794/2610/20 1795/2611/20 1796/2612/20
f 1797/2613/21 1798/2614/21 1799/2615/21 1800/2616/21
f 1801/2617/20 1802/2618/20 1803/2619/20 1804/2620/20
f 1805/2621/21 1806/2622/21 1807/2623/21 1808/2624/21
f 1809/2625/20 1810/2626/20 1811/2627/20 1812/2628/20
f 1813/2629/21 1814/2630/21 1815/2631/21 1816/2632/21
f 1817/2633/20 1818/2634/20 1819/2635/20 1820/2636/20
f 1821/2637/21 1822/2638/21 1823/2639/21 1824/2640/21
f 1825/2641/20 1826/2642/20 1827/2643/20 1828/2644/20
f 1829/2645/21 1830/2646/21 1831/2647/21 1832/2648/21
f 1833/2649/20 1834/2650/20 1835/2651/20 1836/2652/20
f 1837/2653/16 1838/2654/16 1839/2655/16 1840/2656/16
f 1841/2657/3 1842/2658/3 1843/2659/3 1844/2660/3
f 1845/2661/2 1846/2662/2 1847/2663/2 1848/2664/2
f 1841/2665/6 1845/2666/6 1848/2667/6 1842/2668/6
f 1844/2669/18 1846/2670/18 1845/2671/18 1841/2672/18
f 1843/2673/4 1847/2674/4 1846/2675/4 1844/2676/4
f 1842/2677/19 1848/2678/19 1847/2679/19 1843/2680/19
f 1849/2681/3 1850/2682/3 1851/2683/3 1852/2684/3
f 1853/2685/2 1854/2686/2 1855/2687/2 1856/2688/2
f 1849/2689/10 1853/2690/10 1856/2691/10 1850/2692/10
f 1852/2693/11 1854/2694/11 1853/2695/11 1849/2696/11
f 1851/2697/8 1855/2698/8 1854/2699/8 1852/2700/8
f 1850/2701/9 1856/2702/9 1855/2703/9 1851/2704/9
f 1857/2705/7 1858/2706/7 1859/2707/7 1860/2708/7
f 1861/2709/5 1862/2710/5 1863/2711/5 1864/2712/5
f 1857/2713/24 1861/2714/24 1864/2715/24 1858/2716/24
f 1860/2717/6 1862/2718/6 1861/2719/6 1857/2720/6
f 1859/2721/2 1863/2722/2 1862/2723/2 1860/2724/2
f 1858/2725/4 1864/2726/4 1863/2727/4 1859/2728/4
f 1865/2729/7 1866/2730/7 1867/2731/7 1868/2732/7
f 1869/2733/20 1870/2734/20 1871/2735/20 1872/2736/20
f 1873/2737/21 1874/2738/21 1875/2739/21 1876/2740/21
f 1877/2741/20 1878/2742/20 1879/2743/20 1880/2744/20
f 1881/2745/21 1882/2746/21 1883/2747/21 1884/2748/21
f 1885/2749/20 1886/2750/20 1887/2751/20 1888/2752/20
f 1889/2753/21 1890/2754/21 1891/2755/21 1892/2756/21
f 1893/2757/20 1894/2758/20 1895/2759/20 1896/2760/20
f 1897/2761/21 1898/2762/21 1899/2763/21 1900/2764/21
f 1901/2765/20 1902/2766/20 1903/2767/20 1904/2768/20
f 1905/2769/21 1906/2770/21 1907/2771/21 1908/2772/21
f 1909/2773/20 1910/2774/20 1911/2775/20 1912/2776/20
f 1913/2777/21 1914/2778/21 1915/2779/21 1916/2780/21
f 1917/2781/20 1918/2782/20 1919/2783/20 1920/2784/20
f 1921/2785/21 1922/2786/21 1923/2787/21 1924/2788/21
f 1925/2789/20 1926/2790/20 1927/2791/20 1928/2792/20
f 1929/2793/21 1930/2794/21 1931/2795/21 1932/2796/21
f 1933/2797/20 1934/2798/20 1935/2799/20 1936/2800/20
f 1937/2801/21 1938/2802/21 1939/2803/21 1940/2804/21
f 1941/2805/20 1942/2806/20 1943/2807/20 1944/2808/20
f 1945/2809/16 1946/2810/16 1947/2811/16 1948/2812/16
f 1949/2813/25 1950/2814/25 1951/2815/25 1952/2816/25
f 1953/2817/2 1954/2818/2 1955/2819/2 1956/2820/2
f 1949/2821/6 1953/2822/6 1956/2823/6 1950/2824/6
f 1952/2825/18 1954/2826/18 1953/2827/18 1949/2828/18
f 1951/2829/4 1955/2830/4 1954/2831/4 1952/2832/4
f 1950/2833/19 1956/2834/19 1955/2835/19 1951/2836/19
f 1957/2837/3 1958/2838/3 1959/2839/3 1960/2840/3
f 1961/2841/2 1962/2842/2 1963/2843/2 1964/2844/2
f 1957/2845/10 1961/2846/10 1964/2847/10 1958/2848/10
f 1960/2849/11 1962/2850/11 1961/2851/11 1957/2852/11
f 1959/2853/8 1963/2854/8 1962/2855/8 1960/2856/8
f 1958/2857/9 1964/2858/9 1963/2859/9 1959/2860/9
f 1965/2861/7 1966/2862/7 1967/2863/7 1968/2864/7
f 1969/2865/5 1970/2866/5 1971/2867/5 1972/2868/5
f 1965/2869/24 1969/2870/24 1972/2871/24 1966/2872/24
f 1968/2873/6 1970/2874/6 1969/2875/6 1965/2876/6
f 1967/2877/2 1971/2878/2 1970/2879/2 1968/2880/2
f 1966/2881/4 1972/2882/4 1971/2883/4 1967/2884/4
f 1973/2885/7 1974/2886/7 1975/2887/7 1976/2888/7
f 1977/2889/20 1978/2890/20 1979/2891/20 1980/2892/20
f 1981/2893/21 1982/2894/21 1983/2895/21 1984/2896/21
f 1985/2897/20 1986/2898/20 1987/2899/20 1988/2900/20
f 1989/2901/21 1990/2902/21 1991/2903/21 1992/2904/21
f 1993/2905/20 1994/2906/20 1995/2907/20 1996/2908/20
f 1997/2909/21 1998/2910/21 1999/2911/21 2000/2912/21
f 2001/2913/20 2002/2914/20 2003/2915/20 2004/2916/20
f 2005/2917/21 2006/2918/21 2007/2919/21 2008/2920/21
f 2009/2921/20 2010/2922/20 2011/2923/20 2012/2924/20
f 2013/2925/21 2014/2926/21 2015/2927/21 2016/2928/21
f 2017/2929/20 2018/2930/20 2019/2931/20 2020/2932/20
f 2021/2933/21 2022/2934/21 2023/2935/21 2024/2936/21
f 2025/2937/20 2026/2938/20 2027/2939/20 2028/2940/20
f 2029/2941/21 2030/2942/21 2031/2943/21 2032/2944/21
f 2033/2945/20 2034/2946/20 2035/2947/20 2036/2948/20
f 2037/2949/21 2038/2950/21 2039/2951/21 2040/2952/21
f 2041/2953/20 2042/2954/20 2043/2955/20 2044/2956/20
f 2045/2957/21 2046/2958/21 2047/2959/21 2048/2960/21
f 2049/2961/20 2050/2962/20 2051/2963/20 2052/2964/20
f 2053/2965/16 2054/2966/16 2055/2967/16 2056/2968/16
f 2057/2969/3 2058/2970/3 2059/2971/3 2060/2972/3
f 2061/2973/2 2062/2974/2 2063/2975/2 2064/2976/2
f 2057/2977/6 2061/2978/6 2064/2979/6 2058/2980/6
f 2060/2981/7 2062/2982/7 2061/2983/7 2057/2984/7
f 2059/2985/4 2063/2986/4 2062/2987/4 2060/2988/4
f 2058/2989/5 2064/2990/5 2063/2991/5 2059/2992/5
f 2065/2993/3 2066/2994/3 2067/2995/3 2068/2996/3
f 2069/2997/2 2070/2998/2 2071/2999/2 2072/3000/2
f 2065/3001/10 2069/3002/10 2072/3003/10 2066/3004/10
f 2068/3005/11 2070/3006/11 2069/3007/11 2065/3008/11
f 2067/3009/8 2071/3010/8 2070/3011/8 2068/3012/8
f 2066/3013/9 2072/3014/9 2071/3015/9 2067/3016/9
f 2073/3017/7 2074/3018/7 2075/3019/7 2076/3020/7
f 2077/3021/5 2078/3022/5 2079/3023/5 2080/3024/5
f 2073/3025/3 2077/3026/3 2080/3027/3 2074/3028/3
f 2076/3029/26 2078/3030/26 2077/3031/26 2073/3032/26
f 2075/3033/2 2079/3034/2 2078/3035/2 2076/3036/2
f 2074/3037/4 2080/3038/4 2079/3039/4 2075/3040/4
f 2081/3041/7 2082/3042/7 2083/3043/7 2084/3044/7
f 2085/3045/20 2086/3046/20 2087/3047/20 2088/3048/20
f 2089/3049/21 2090/3050/21 2091/3051/21 2092/3052/21
f 2093/3053/20 2094/3054/20 2095/3055/20 2096/3056/20
f 2097/3057/21 2098/3058/21 2099/3059/21 2100/3060/21
f 2101/3061/20 2102/3062/20 2103/3063/20 2104/3064/20
f 2105/3065/21 2106/3066/21 2107/3067/21 2108/3068/21
f 2109/3069/20 2110/3070/20 2111/3071/20 2112/3072/20
f 2113/3073/21 2114/3074/21 2115/3075/21 2116/3076/21
f 2117/3077/20 2118/3078/20 2119/3079/20 2120/3080/20
f 2121/3081/21 2122/3082/21 2123/3083/21 2124/3084/21
f 2125/3085/20 2126/3086/20 2127/3087/20 2128/3088/20
f 2129/3089/21 2130/3090/21 2131/3091/21 2132/3092/21
f 2133/3093/20 2134/3094/20 2135/3095/20 2136/3096/20
f 2137/3097/21 2138/3098/21 2139/3099/21 2140/3100/21
f 2141/3101/20 2142/3102/20 2143/3103/20 2144/3104/20
f 2145/3105/21 2146/3106/21 2147/3107/21 2148/3108/21
f 2149/3109/20 2150/3110/20 2151/3111/20 2152/3112/20
f 2153/3113/21 2154/3114/21 2155/3115/21 2156/3116/21
f 2157/3117/20 2158/3118/20 2159/3119/20 2160/3120/20
f 2161/3121/16 2162/3122/16 2163/3123/16 2164/3124/16
f 2165/3125/3 2166/3126/3 2167/3127/3 2168/3128/3
f 2169/3129/2 2170/3130/2 2171/3131/2 2172/3132/2
f 2165/3133/6 2169/3134/6 2172/3135/6 2166/3136/6
f 2168/3137/18 2170/3138/18 2169/3139/18 2165/3140/18
f 2167/3141/4 2171/3142/4 2170/3143/4 2168/3144/4
f 2166/3145/19 2172/3146/19 2171/3147/19 2167/3148/19
f 2173/3149/3 2174/3150/3 2175/3151/3 2176/3152/3
f 2177/3153/2 2178/3154/2 2179/3155/2 2180/3156/2
f 2173/3157/10 2177/3158/10 2180/3159/10 2174/3160/10
f 2176/3161/11 2178/3162/11 2177/3163/11 2173/3164/11
f 2175/3165/8 2179/3166/8 2178/3167/8 2176/3168/8
f 2174/3169/9 2180/3170/9 2179/3171/9 2175/3172/9
f 2181/3173/7 2182/3174/7 2183/3175/7 2184/3176/7
f 2185/3177/5 2186/3178/5 2187/3179/5 2188/3180/5
f 2181/3181/3 2185/3182/3 2188/3183/3 2182/3184/3
f 2184/3185/6 2186/3186/6 2185/3187/6 2181/3188/6
f 2183/3189/2 2187/3190/2 2186/3191/2 2184/3192/2
f 2182/3193/4 2188/3194/4 2187/3195/4 2183/3196/4
f 2189/3197/7 2190/3198/7 2191/3199/7 2192/3200/7
f 2193/3201/20 2194/3202/20 2195/3203/20 2196/3204/20
f 2197/3205/21 2198/3206/21 2199/3207/21 2200/3208/21
f 2201/3209/20 2202/3210/20 2203/3211/20 2204/3212/20
f 2205/3213/21 2206/3214/21 2207/3215/21 2208/3216/21
f 2209/3217/20 2210/3218/20 2211/3219/20 2212/3220/20
f 2213/3221/21 2214/3222/21 2215/3223/21 2216/3224/21
f 2217/3225/20 2218/3226/20 2219/3227/20 2220/3228/20
f 2221/3229/21 2222/3230/21 2223/3231/21 2224/3232/21
f 2225/3233/20 2226/3234/20 2227/3235/20 2228/3236/20
f 2229/3237/21 2230/3238/21 2231/3239/21 2232/3240/21
f 2233/3241/20 2234/3242/20 2235/3243/20 2236/3244/20
f 2237/3245/21 2238/3246/21 2239/3247/21 2240/3248/21
f 2241/3249/20 2242/3250/20 2243/3251/20 2244/3252/20
f 2245/3253/21 2246/3254/21 2247/3255/21 2248/3256/21
f 2249/3257/20 2250/3258/20 2251/3259/20 2252/3260/20
f 2253/3261/21 2254/3262/21 2255/3263/21 2256/3264/21
f 2257/3265/20 2258/3266/20 2259/3267/20 2260/3268/20
f 2261/3269/21 2262/3270/21 2263/3271/21 2264/3272/21
f 2265/3273/20 2266/3274/20 2267/3275/20 2268/3276/20
f 2269/3277/16 2270/3278/16 2271/3279/16 2272/3280/16
f 2273/3281/3 2274/3282/3 2275/3283/3 2276/3284/3
f 2277/3285/2 2278/3286/2 2279/3287/2 2280/3288/2
f 2273/3289/6 2277/3290/6 2280/3291/6 2274/3292/6
f 2276/3293/7 2278/3294/7 2277/3295/7 2273/3296/7
f 2275/3297/4 2279/3298/4 2278/3299/4 2276/3300/4
f 2274/3301/19 2280/3302/19 2279/3303/19 2275/3304/19
f 2281/3305/3 2282/3306/3 2283/3307/3 2284/3308/3
f 2285/3309/2 2286/3310/2 2287/3311/2 2288/3312/2
f 2281/3313/10 2285/3314/10 2288/3315/10 2282/3316/10
f 2284/3317/11 2286/3318/11 2285/3319/11 2281/3320/11
f 2283/3321/8 2287/3322/8 2286/3323/8 2284/3324/8
f 2282/3325/9 2288/3326/9 2287/3327/9 2283/3328/9
f 2289/3329/7 2290/3330/7 2291/3331/7 2292/3332/7
f 2293/3333/5 2294/3334/5 2295/3335/5 2296/3336/5
f 2289/3337/3 2293/3338/3 2296/3339/3 2290/3340/3
f 2292/3341/6 2294/3342/6 2293/3343/6 2289/3344/6
f 2291/3345/2 2295/3346/2 2294/3347/2 2292/3348/2
f 2290/3349/4 2296/3350/4 2295/3351/4 2291/3352/4
f 2297/3353/7 2298/3354/7 2299/3355/7 2300/3356/7
f 2301/3357/20 2302/3358/20 2303/3359/20 2304/3360/20
f 2305/3361/21 2306/3362/21 2307/3363/21 2308/3364/21
f 2309/3365/20 2310/3366/20 2311/3367/20 2312/3368/20
f 2313/3369/21 2314/3370/21 2315/3371/21 2316/3372/21
f 2317/3373/20 2318/3374/20 2319/3375/20 2320/3376/20
f 2321/3377/21 2322/3378/21 2323/3379/21 2324/3380/21
f 2325/3381/20 2326/3382/20 2327/3383/20 2328/3384/20
f 2329/3385/21 2330/3386/21 2331/3387/21 2332/3388/21
f 2333/3389/20 2334/3390/20 2335/3391/20 2336/3392/20
f 2337/3393/21 2338/3394/21 2339/3395/21 2340/3396/21
f 2341/3397/20 2342/3398/20 2343/3399/20 2344/3400/20
f 2345/3401/21 2346/3402/21 2347/3403/21 2348/3404/21
f 2349/3405/20 2350/3406/20 2351/3407/20 2352/3408/20
f 2353/3409/21 2354/3410/21 2355/3411/21 2356/3412/21
f 2357/3413/20 2358/3414/20 2359/3415/20 2360/3416/20
f 2361/3417/21 2362/3418/21 2363/3419/21 2364/3420/21
f 2365/3421/20 2366/3422/20 2367/3423/20 2368/3424/20
f 2369/3425/21 2370/3426/21 2371/3427/21 2372/3428/21
f 2373/3429/20 2374/3430/20 2375/3431/20 2376/3432/20
f 2377/3433/16 2378/3434/16 2379/3435/16 2380/3436/16
f 2381/3437/3 2382/3438/3 2383/3439/3 2384/3440/3
f 2385/3441/2 2386/3442/2 2387/3443/2 2388/3444/2
f 2381/3445/6 2385/3446/6 2388/3447/6 2382/3448/6
f 2384/3449/18 2386/3450/18 2385/3451/18 2381/3452/18
f 2383/3453/4 2387/3454/4 2386/3455/4 2384/3456/4
f 2382/3457/5 2388/3458/5 2387/3459/5 2383/3460/5
f 2389/3461/3 2390/3462/3 2391/3463/3 2392/3464/3
f 2393/3465/2 2394/3466/2 2395/3467/2 2396/3468/2
f 2389/3469/10 2393/3470/10 2396/3471/10 2390/3472/10
f 2392/3473/11 2394/3474/11 2393/3475/11 2389/3476/11
f 2391/3477/8 2395/3478/8 2394/3479/8 2392/3480/8
f 2390/3481/9 2396/3482/9 2395/3483/9 2391/3484/9
f 2397/3485/7 2398/3486/7 2399/3487/7 2400/3488/7
f 2401/3489/5 2402/3490/5 2403/3491/5 2404/3492/5
f 2397/3493/3 2401/3494/3 2404/3495/3 2398/3496/3
f 2400/3497/6 2402/3498/6 2401/3499/6 2397/3500/6
f 2399/3501/2 2403/3502/2 2402/3503/2 2400/3504/2
f 2398/3505/23 2404/3506/23 2403/3507/23 2399/3508/23
f 2405/3509/7 2406/3510/7 2407/3511/7 2408/3512/7
f 2409/3513/20 2410/3514/20 2411/3515/20 2412/3516/20
f 2413/3517/21 2414/3518/21 2415/3519/21 2416/3520/21
f 2417/3521/20 2418/3522/20 2419/3523/20 2420/3524/20
f 2421/3525/21 2422/3526/21 2423/3527/21 2424/3528/21
f 2425/3529/20 2426/3530/20 2427/3531/20 2428/3532/20
f 2429/3533/21 2430/3534/21 2431/3535/21 2432/3536/21
f 2433/3537/20 2434/3538/20 2435/3539/20 2436/3540/20
f 2437/3541/21 2438/3542/21 2439/3543/21 2440/3544/21
f 2441/3545/20 2442/3546/20 2443/3547/20 2444/3548/20
f 2445/3549/21 2446/3550/21 2447/3551/21 2448/3552/21
f 2449/3553/20 2450/3554/20 2451/3555/20 2452/3556/20
f 2453/3557/21 2454/3558/21 2455/3559/21 2456/3560/21
f 2457/3561/20 2458/3562/20 2459/3563/20 2460/3564/20
f 2461/3565/21 2462/3566/21 2463/3567/21 2464/3568/21
f 2465/3569/20 2466/3570/20 2467/3571/20 2468/3572/20
f 2469/3573/21 2470/3574/21 2471/3575/21 2472/3576/21
f 2473/3577/20 2474/3578/20 2475/3579/20 2476/3580/20
f 2477/3581/21 2478/3582/21 2479/3583/21 2480/3584/21
f 2481/3585/20 2482/3586/20 2483/3587/20 2484/3588/20
f 2485/3589/16 2486/3590/16 2487/3591/16 2488/3592/16
f 2489/3593/3 2490/3594/3 2491/3595/3 2492/3596/3
f 2493/3597/2 2494/3598/2 2495/3599/2 2496/3600/2
f 2489/3601/6 2493/3602/6 2496/3603/6 2490/3604/6
f 2492/3605/18 2494/3606/18 2493/3607/18 2489/3608/18
f 2491/3609/4 2495/3610/4 2494/3611/4 2492/3612/4
f 2490/3613/19 2496/3614/19 2495/3615/19 2491/3616/19
f 2497/3617/3 2498/3618/3 2499/3619/3 2500/3620/3
f 2501/3621/2 2502/3622/2 2503/3623/2 2504/3624/2
f 2497/3625/10 2501/3626/10 2504/3627/10 2498/3628/10
f 2500/3629/11 2502/3630/11 2501/3631/11 2497/3632/11
f 2499/3633/8 2503/3634/8 2502/3635/8 2500/3636/8
f 2498/3637/9 2504/3638/9 2503/3639/9 2499/3640/9
f 2505/3641/7 2506/3642/7 2507/3643/7 2508/3644/7
f 2509/3645/5 2510/3646/5 2511/3647/5 2512/3648/5
f 2505/3649/3 2509/3650/3 2512/3651/3 2506/3652/3
f 2508/3653/27 2510/3654/27 2509/3655/27 2505/3656/27
f 2507/3657/2 2511/3658/2 2510/3659/2 2508/3660/2
f 2506/3661/28 2512/3662/28 2511/3663/28 2507/3664/28
f 2513/3665/7 2514/3666/7 2515/3667/7 2516/3668/7
f 2517/3669/20 2518/3670/20 2519/3671/20 2520/3672/20
f 2521/3673/21 2522/3674/21 2523/3675/21 2524/3676/21
f 2525/3677/20 2526/3678/20 2527/3679/20 2528/3680/20
f 2529/3681/21 2530/3682/21 2531/3683/21 2532/3684/21
f 2533/3685/20 2534/3686/20 2535/3687/20 2536/3688/20
f 2537/3689/21 2538/3690/21 2539/3691/21 2540/3692/21
f 2541/3693/20 2542/3694/20 2543/3695/20 2544/3696/20
f 2545/3697/21 2546/3698/21 2547/3699/21 2548/3700/21
f 2549/3701/20 2550/3702/20 2551/3703/20 2552/3704/20
f 2553/3705/21 2554/3706/21 2555/3707/21 2556/3708/21
f 2557/3709/20 2558/3710/20 2559/3711/20 2560/3712/20
f 2561/3713/21 2562/3714/21 2563/3715/21 2564/3716/21
f 2565/3717/20 2566/3718/20 2567/3719/20 2568/3720/20
f 2569/3721/21 2570/3722/21 2571/3723/21 2572/3724/21
f 2573/3725/20 2574/3726/20 2575/3727/20 2576/3728/20
f 2577/3729/21 2578/3730/21 2579/3731/21 2580/3732/21
f 2581/3733/20 2582/3734/20 2583/3735/20 2584/3736/20
f 2585/3737/21 2586/3738/21 2587/3739/21 2588/3740/21
f 2589/3741/20 2590/3742/20 2591/3743/20 2592/3744/20
f 2593/3745/16 2594/3746/16 2595/3747/16 2596/3748/16
f 2597/3749/3 2598/3750/3 2599/3751/3 2600/3752/3
f 2601/3753/2 2602/3754/2 2603/3755/2 2604/3756/2
f 2597/3757/6 2601/3758/6 2604/3759/6 2598/3760/6
f 2600/3761/7 2602/3762/7 2601/3763/7 2597/3764/7
f 2599/3765/4 2603/3766/4 2602/3767/4 2600/3768/4
f 2598/3769/5 2604/3770/5 2603/3771/5 2599/3772/5
f 2605/3773/3 2606/3774/3 2607/3775/3 2608/3776/3
f 2609/3777/2 2610/3778/2 2611/3779/2 2612/3780/2
f 2605/3781/10 2609/3782/10 2612/3783/10 2606/3784/10
f 2608/3785/11 2610/3786/11 2609/3787/11 2605/3788/11
f 2607/3789/8 2611/3790/8 2610/3791/8 2608/3792/8
f 2606/3793/9 2612/3794/9 2611/3795/9 2607/3796/9
f 2613/3797/7 2614/3798/7 2615/3799/7 2616/3800/7
f 2617/3801/5 2618/3802/5 2619/3803/5 2620/3804/5
f 2613/3805/3 2617/3806/3 2620/3807/3 2614/3808/3
f 2616/3809/6 2618/3810/6 2617/3811/6 2613/3812/6
f 2615/3813/29 2619/3814/29 2618/3815/29 2616/3816/29
f 2614/3817/28 2620/3818/28 2619/3819/28 2615/3820/28
f 2621/3821/7 2622/3822/7 2623/3823/7 2624/3824/7
f 2625/3825/20 2626/3826/20 2627/3827/20 2628/3828/20
f 2629/3829/21 2630/3830/21 2631/3831/21 2632/3832/21
f 2633/3833/20 2634/3834/20 2635/3835/20 2636/3836/20
f 2637/3837/21 2638/3838/21 2639/3839/21 2640/3840/21
f 2641/3841/20 2642/3842/20 2643/3843/20 2644/3844/20
f 2645/3845/21 2646/3846/21 2647/3847/21 2648/3848/21
f 2649/3849/20 2650/3850/20 2651/3851/20 2652/3852/20
f 2653/3853/21 2654/3854/21 2655/3855/21 2656/3856/21
f 2657/3857/20 2658/3858/20 2659/3859/20 2660/3860/20
f 2661/3861/21 2662/3862/21 2663/3863/21 2664/3864/21
f 2665/3865/20 2666/3866/20 2667/3867/20 2668/3868/20
f 2669/3869/21 2670/3870/21 2671/3871/21 2672/3872/21
f 2673/3873/20 2674/3874/20 2675/3875/20 2676/3876/20
f 2677/3877/21 2678/3878/21 2679/3879/21 2680/3880/21
f 2681/3881/20 2682/3882/20 2683/3883/20 2684/3884/20
f 2685/3885/21 2686/3886/21 2687/3887/21 2688/3888/21
f 2689/3889/20 2690/3890/20 2691/3891/20 2692/3892/20
f 2693/3893/21 2694/3894/21 2695/3895/21 2696/3896/21
f 2697/3897/20 2698/3898/20 2699/3899/20 2700/3900/20
f 2701/3901/16 2702/3902/16 2703/3903/16 2704/3904/16
f 2705/3905/3 2706/3906/3 2707/3907/3 2708/3908/3
f 2709/3909/2 2710/3910/2 2711/3911/2 2712/3912/2
f 2705/3913/6 2709/3914/6 2712/3915/6 2706/3916/6
f 2708/3917/18 2710/3918/18 2709/3919/18 2705/3920/18
f 2707/3921/4 2711/3922/4 2710/3923/4 2708/3924/4
f 2706/3925/5 2712/3926/5 2711/3927/5 2707/3928/5
f 2713/3929/3 2714/3930/3 2715/3931/3 2716/3932/3
f 2717/3933/2 2718/3934/2 2719/3935/2 2720/3936/2
f 2713/3937/10 2717/3938/10 2720/3939/10 2714/3940/10
f 2716/3941/11 2718/3942/11 2717/3943/11 2713/3944/11
f 2715/3945/8 2719/3946/8 2718/3947/8 2716/3948/8
f 2714/3949/9 2720/3950/9 2719/3951/9 2715/3952/9
f 2721/3953/7 2722/3954/7 2723/3955/7 2724/3956/7
f 2725/3957/5 2726/3958/5 2727/3959/5 2728/3960/5
f 2721/3961/3 2725/3962/3 2728/3963/3 2722/3964/3
f 2724/3965/6 2726/3966/6 2725/3967/6 2721/3968/6
f 2723/3969/2 2727/3970/2 2726/3971/2 2724/3972/2
f 2722/3973/4 2728/3974/4 2727/3975/4 2723/3976/4
f 2729/3977/7 2730/3978/7 2731/3979/7 2732/3980/7
f 2733/3981/20 2734/3982/20 2735/3983/20 2736/3984/20
f 2737/3985/21 2738/3986/21 2739/3987/21 2740/3988/21
f 2741/3989/20 2742/3990/20 2743/3991/20 2744/3992/20
f 2745/3993/21 2746/3994/21 2747/3995/21 2748/3996/21
f 2749/3997/20 2750/3998/20 2751/3999/20 2752/4000/20
f 2753/4001/21 2754/4002/21 2755/4003/21 2756/4004/21
f 2757/4005/20 2758/4006/20 2759/4007/20 2760/4008/20
f 2761/4009/21 2762/4010/21 2763/4011/21 2764/4012/21
f 2765/4013/20 2766/4014/20 2767/4015/20 2768/4016/20
f 2769/4017/21 2770/4018/21 2771/4019/21 2772/4020/21
f 2773/4021/20 2774/4022/20 2775/4023/20 2776/4024/20
f 2777/4025/21 2778/4026/21 2779/4027/21 2780/4028/21
f 2781/4029/20 2782/4030/20 2783/4031/20 2784/4032/20
f 2785/4033/21 2786/4034/21 2787/4035/21 2788/4036/21
f 2789/4037/20 2790/4038/20 2791/4039/20 2792/4040/20
f 2793/4041/21 2794/4042/21 2795/4043/21 2796/4044/21
f 2797/4045/20 2798/4046/20 2799/4047/20 2800/4048/20
f 2801/4049/21 2802/4050/21 2803/4051/21 2804/4052/21
f 2805/4053/20 2806/4054/20 2807/4055/20 2808/4056/20
f 2809/4057/16 2810/4058/16 2811/4059/16 2812/4060/16
f 2813/4061/3 2814/4062/3 2815/4063/3 2816/4064/3
f 2817/4065/2 2818/4066/2 2819/4067/2 2820/4068/2
f 2813/4069/6 2817/4070/6 2820/4071/6 2814/4072/6
f 2816/4073/18 2818/4074/18 2817/4075/18 2813/4076/18
f 2815/4077/4 2819/4078/4 2818/4079/4 2816/4080/4
f 2814/4081/19 2820/4082/19 2819/4083/19 2815/4084/19
f 2821/4085/3 2822/4086/3 2823/4087/3 2824/4088/3
f 2825/4089/2 2826/4090/2 2827/4091/2 2828/4092/2
f 2821/4093/10 2825/4094/10 2828/4095/10 2822/4096/10
f 2824/4097/11 2826/4098/11 2825/4099/11 2821/4100/11
f 2823/4101/8 2827/4102/8 2826/4103/8 2824/4104/8
f 2822/4105/9 2828/4106/9 2827/4107/9 2823/4108/9
f 2829/4109/7 2830/4110/7 2831/4111/7 2832/4112/7
f 2833/4113/5 2834/4114/5 2835/4115/5 2836/4116/5
f 2829/4117/3 2833/4118/3 2836/4119/3 2830/4120/3
f 2832/4121/30 2834/4122/30 2833/4123/30 2829/4124/30
f 2831/4125/2 2835/4126/2 2834/4127/2 2832/4128/2
f 2830/4129/31 2836/4130/31 2835/4131/31 2831/4132/31
f 2837/4133/7 2838/4134/7 2839/4135/7 2840/4136/7
f 2841/4137/20 2842/4138/20 2843/4139/20 2844/4140/20
f 2845/4141/21 2846/4142/21 2847/4143/21 2848/4144/21
f 2849/4145/20 2850/4146/20 2851/4147/20 2852/4148/20
f 2853/4149/21 2854/4150/21 2855/4151/21 2856/4152/21
f 2857/4153/20 2858/4154/20 2859/4155/20 2860/4156/20
f 2861/4157/21 2862/4158/21 2863/4159/21 2864/4160/21
f 2865/4161/20 2866/4162/20 2867/4163/20 2868/4164/20
f 2869/4165/21 2870/4166/21 2871/4167/21 2872/4168/21
f 2873/4169/20 2874/4170/20 2875/4171/20 2876/4172/20
f 2877/4173/21 2878/4174/21 2879/4175/21 2880/4176/21
f 2881/4177/20 2882/4178/20 2883/4179/20 2884/4180/20
f 2885/4181/21 2886/4182/21 2887/4183/21 2888/4184/21
f 2889/4185/20 2890/4186/20 2891/4187/20 2892/4188/20
f 2893/4189/21 2894/4190/21 2895/4191/21 2896/4192/21
f 2897/4193/20 2898/4194/20 2899/4195/20 2900/4196/20
f 2901/4197/21 2902/4198/21 2903/4199/21 2904/4200/21
f 2905/4201/20 2906/4202/20 2907/4203/20 2908/4204/20
f 2909/4205/21 2910/4206/21 2911/4207/21 2912/4208/21
f 2913/4209/20 2914/4210/20 2915/4211/20 2916/4212/20
f 2917/4213/16 2918/4214/16 2919/4215/16 2920/4216/16
f 2921/4217/17 2922/4218/17 2923/4219/17 2924/4220/17
f 2925/4221/22 2926/4222/22 2927/4223/22 2928/4224/22
f 2921/4225/6 2925/4226/6 2928/4227/6 2922/4228/6
f 2924/4229/7 2926/4230/7 2925/4231/7 2921/4232/7
f 2923/4233/4 2927/4234/4 2926/4235/4 2924/4236/4
f 2922/4237/19 2928/4238/19 2927/4239/19 2923/4240/19
f 2929/4241/3 2930/4242/3 2931/4243/3 2932/4244/3
f 2933/4245/2 2934/4246/2 2935/4247/2 2936/4248/2
f 2929/4249/10 2933/4250/10 2936/4251/10 2930/4252/10
f 2932/4253/11 2934/4254/11 2933/4255/11 2929/4256/11
f 2931/4257/8 2935/4258/8 2934/4259/8 2932/4260/8
f 2930/4261/9 2936/4262/9 2935/4263/9 2931/4264/9
f 2937/4265/7 2938/4266/7 2939/4267/7 2940/4268/7
f 2941/4269/5 2942/4270/5 2943/4271/5 2944/4272/5
f 2937/4273/3 2941/4274/3 2944/4275/3 2938/4276/3
f 2940/4277/30 2942/4278/30 2941/4279/30 2937/4280/30
f 2939/4281/2 2943/4282/2 2942/4283/2 2940/4284/2
f 2938/4285/32 2944/4286/32 2943/4287/32 2939/4288/32
f 2945/4289/7 2946/4290/7 2947/4291/7 2948/4292/7
f 2949/4293/20 2950/4294/20 2951/4295/20 2952/4296/20
f 2953/4297/21 2954/4298/21 2955/4299/21 2956/4300/21
f 2957/4301/20 2958/4302/20 2959/4303/20 2960/4304/20
f 2961/4305/21 2962/4306/21 2963/4307/21 2964/4308/21
f 2965/4309/20 2966/4310/20 2967/4311/20 2968/4312/20
f 2969/4313/21 2970/4314/21 2971/4315/21 2972/4316/21
f 2973/4317/20 2974/4318/20 2975/4319/20 2976/4320/20
f 2977/4321/21 2978/4322/21 2979/4323/21 2980/4324/21
f 2981/4325/20 2982/4326/20 2983/4327/20 2984/4328/20
f 2985/4329/21 2986/4330/21 2987/4331/21 2988/4332/21
f 2989/4333/20 2990/4334/20 2991/4335/20 2992/4336/20
f 2993/4337/21 2994/4338/21 2995/4339/21 2996/4340/21
f 2997/4341/20 2998/4342/20 2999/4343/20 3000/4344/20
f 3001/4345/21 3002/4346/21 3003/4347/21 3004/4348/21
f 3005/4349/20 3006/4350/20 3007/4351/20 3008/4352/20
f 3009/4353/21 3010/4354/21 3011/4355/21 3012/4356/21
f 3013/4357/20 3014/4358/20 3015/4359/20 3016/4360/20
f 3017/4361/21 3018/4362/21 3019/4363/21 3020/4364/21
f 3021/4365/20 3022/4366/20 3023/4367/20 3024/4368/20
f 1/4369/3 4/4370/3 1514/4371/3 1513/4372/3
f 2/4373/33 1/4374/33 1513/4375/33 1516/4376/33
f 3/4377/2 2/4378/2 1516/4379/2 1515/4380/2
f 4/4381/34 3/4382/34 1515/4383/34 1514/4384/34
f 29/4385/3 32/4386/3 1542/4387/3 1541/4388/3
f 30/4389/6 29/4390/6 1541/4391/6 1544/4392/6
f 31/4393/2 30/4394/2 1544/4395/2 1543/4396/2
f 32/4397/4 31/4398/4 1543/4399/4 1542/4400/4
f 33/4401/2 36/4402/2 1546/4403/2 1545/4404/2
f 34/4405/35 33/4406/35 1545/4407/35 1548/4408/35
f 35/4409/3 34/4410/3 1548/4411/3 1547/4412/3
f 36/4413/13 35/4414/13 1547/4415/13 1546/4416/13
f 37/4417/3 40/4418/3 1550/4419/3 1549/4420/3
f 38/4421/20 37/4422/20 1549/4423/20 1552/4424/20
f 39/4425/2 38/4426/2 1552/4427/2 1551/4428/2
f 40/4429/12 39/4430/12 1551/4431/12 1550/4432/12
f 41/4433/2 44/4434/2 1554/4435/2 1553/4436/2
f 42/4437/21 41/4438/21 1553/4439/21 1556/4440/21
f 43/4441/3 42/4442/3 1556/4443/3 1555/4444/3
f 44/4445/13 43/4446/13 1555/4447/13 1554/4448/13
f 45/4449/3 48/4450/3 1558/4451/3 1557/4452/3
f 46/4453/20 45/4454/20 1557/4455/20 1560/4456/20
f 47/4457/2 46/4458/2 1560/4459/2 1559/4460/2
f 48/4461/12 47/4462/12 1559/4463/12 1558/4464/12
f 49/4465/2 52/4466/2 1562/4467/2 1561/4468/2
f 50/4469/21 49/4470/21 1561/4471/21 1564/4472/21
f 51/4473/3 50/4474/3 1564/4475/3 1563/4476/3
f 52/4477/13 51/4478/13 1563/4479/13 1562/4480/13
f 53/4481/3 56/4482/3 1566/4483/3 1565/4484/3
f 54/4485/20 53/4486/20 1565/4487/20 1568/4488/20
f 55/4489/2 54/4490/2 1568/4491/2 1567/4492/2
f 56/4493/12 55/4494/12 1567/4495/12 1566/4496/12
f 57/4497/2 60/4498/2 1570/4499/2 1569/4500/2
f 58/4501/36 57/4502/36 1569/4503/36 1572/4504/36
f 59/4505/3 58/4506/3 1572/4507/3 1571/4508/3
f 60/4509/13 59/4510/13 1571/4511/13 1570/4512/13
f 61/4513/3 64/4514/3 1574/4515/3 1573/4516/3
f 62/4517/20 61/4518/20 1573/4519/20 1576/4520/20
f 63/4521/2 62/4522/2 1576/4523/2 1575/4524/2
f 64/4525/12 63/4526/12 1575/4527/12 1574/4528/12
f 65/4529/2 68/4530/2 1578/4531/2 1577/4532/2
f 66/4533/21 65/4534/21 1577/4535/21 1580/4536/21
f 67/4537/3 66/4538/3 1580/4539/3 1579/4540/3
f 68/4541/13 67/4542/13 1579/4543/13 1578/4544/13
f 69/4545/3 72/4546/3 1582/4547/3 1581/4548/3
f 70/4549/20 69/4550/20 1581/4551/20 1584/4552/20
f 71/4553/2 70/4554/2 1584/4555/2 1583/4556/2
f 72/4557/12 71/4558/12 1583/4559/12 1582/4560/12
f 73/4561/2 76/4562/2 1586/4563/2 1585/4564/2
f 74/4565/21 73/4566/21 1585/4567/21 1588/4568/21
f 75/4569/3 74/4570/3 1588/4571/3 1587/4572/3
f 76/4573/13 75/4574/13 1587/4575/13 1586/4576/13
f 77/4577/3 80/4578/3 1590/4579/3 1589/4580/3
f 78/4581/20 77/4582/20 1589/4583/20 1592/4584/20
f 79/4585/2 78/4586/2 1592/4587/2 1591/4588/2
f 80/4589/12 79/4590/12 1591/4591/12 1590/4592/12
f 81/4593/2 84/4594/2 1594/4595/2 1593/4596/2
f 82/4597/21 81/4598/21 1593/4599/21 1596/4600/21
f 83/4601/3 82/4602/3 1596/4603/3 1595/4604/3
f 84/4605/13 83/4606/13 1595/4607/13 1594/4608/13
f 85/4609/3 88/4610/3 1598/4611/3 1597/4612/3
f 86/4613/20 85/4614/20 1597/4615/20 1600/4616/20
f 87/4617/2 86/4618/2 1600/4619/2 1599/4620/2
f 88/4621/12 87/4622/12 1599/4623/12 1598/4624/12
f 89/4625/2 92/4626/2 1602/4627/2 1601/4628/2
f 90/4629/21 89/4630/21 1601/4631/21 1604/4632/21
f 91/4633/3 90/4634/3 1604/4635/3 1603/4636/3
f 92/4637/13 91/4638/13 1603/4639/13 1602/4640/13
f 93/4641/3 96/4642/3 1606/4643/3 1605/4644/3
f 94/4645/20 93/4646/20 1605/4647/20 1608/4648/20
f 95/4649/2 94/4650/2 1608/4651/2 1607/4652/2
f 96/4653/12 95/4654/12 1607/4655/12 1606/4656/12
f 97/4657/2 100/4658/2 1610/4659/2 1609/4660/2
f 98/4661/21 97/4662/21 1609/4663/21 1612/4664/21
f 99/4665/3 98/4666/3 1612/4667/3 1611/4668/3
f 100/4669/13 99/4670/13 1611/4671/13 1610/4672/13
f 101/4673/3 104/4674/3 1614/4675/3 1613/4676/3
f 102/4677/20 101/4678/20 1613/4679/20 1616/4680/20
f 103/4681/2 102/4682/2 1616/4683/2 1615/4684/2
f 104/4685/12 103/4686/12 1615/4687/12 1614/4688/12
f 105/4689/2 108/4690/2 1618/4691/2 1617/4692/2
f 106/4693/36 105/4694/36 1617/4695/36 1620/4696/36
f 107/4697/3 106/4698/3 1620/4699/3 1619/4700/3
f 108/4701/13 107/4702/13 1619/4703/13 1618/4704/13
f 109/4705/3 112/4706/3 1622/4707/3 1621/4708/3
f 110/4709/33 109/4710/33 1621/4711/33 1624/4712/33
f 111/4713/2 110/4714/2 1624/4715/2 1623/4716/2
f 112/4717/34 111/4718/34 1623/4719/34 1622/4720/34
f 137/4721/3 140/4722/3 1650/4723/3 1649/4724/3
f 138/4725/6 137/4726/6 1649/4727/6 1652/4728/6
f 139/4729/2 138/4730/2 1652/4731/2 1651/4732/2
f 140/4733/4 139/4734/4 1651/4735/4 1650/4736/4
f 141/4737/2 144/4738/2 1654/4739/2 1653/4740/2
f 142/4741/21 141/4742/21 1653/4743/21 1656/4744/21
f 143/4745/3 142/4746/3 1656/4747/3 1655/4748/3
f 144/4749/37 143/4750/37 1655/4751/37 1654/4752/37
f 145/4753/3 148/4754/3 1658/4755/3 1657/4756/3
f 146/4757/20 145/4758/20 1657/4759/20 1660/4760/20
f 147/4761/2 146/4762/2 1660/4763/2 1659/4764/2
f 148/4765/12 147/4766/12 1659/4767/12 1658/4768/12
f 149/4769/2 152/4770/2 1662/4771/2 1661/4772/2
f 150/4773/21 149/4774/21 1661/4775/21 1664/4776/21
f 151/4777/3 150/4778/3 1664/4779/3 1663/4780/3
f 152/4781/13 151/4782/13 1663/4783/13 1662/4784/13
f 153/4785/3 156/4786/3 1666/4787/3 1665/4788/3
f 154/4789/20 153/4790/20 1665/4791/20 1668/4792/20
f 155/4793/2 154/4794/2 1668/4795/2 1667/4796/2
f 156/4797/12 155/4798/12 1667/4799/12 1666/4800/12
f 157/4801/2 160/4802/2 1670/4803/2 1669/4804/2
f 158/4805/36 157/4806/36 1669/4807/36 1672/4808/36
f 159/4809/3 158/4810/3 1672/4811/3 1671/4812/3
f 160/4813/13 159/4814/13 1671/4815/13 1670/4816/13
f 161/4817/3 164/4818/3 1674/4819/3 1673/4820/3
f 162/4821/20 161/4822/20 1673/4823/20 1676/4824/20
f 163/4825/2 162/4826/2 1676/4827/2 1675/4828/2
f 164/4829/12 163/4830/12 1675/4831/12 1674/4832/12
f 165/4833/2 168/4834/2 1678/4835/2 1677/4836/2
f 166/4837/21 165/4838/21 1677/4839/21 1680/4840/21
f 167/4841/3 166/4842/3 1680/4843/3 1679/4844/3
f 168/4845/13 167/4846/13 1679/4847/13 1678/4848/13
f 169/4849/3 172/4850/3 1682/4851/3 1681/4852/3
f 170/4853/20 169/4854/20 1681/4855/20 1684/4856/20
f 171/4857/2 170/4858/2 1684/4859/2 1683/4860/2
f 172/4861/12 171/4862/12 1683/4863/12 1682/4864/12
f 173/4865/2 176/4866/2 1686/4867/2 1685/4868/2
f 174/4869/21 173/4870/21 1685/4871/21 1688/4872/21
f 175/4873/3 174/4874/3 1688/4875/3 1687/4876/3
f 176/4877/13 175/4878/13 1687/4879/13 1686/4880/13
f 177/4881/3 180/4882/3 1690/4883/3 1689/4884/3
f 178/4885/20 177/4886/20 1689/4887/20 1692/4888/20
f 179/4889/2 178/4890/2 1692/4891/2 1691/4892/2
f 180/4893/12 179/4894/12 1691/4895/12 1690/4896/12
f 181/4897/2 184/4898/2 1694/4899/2 1693/4900/2
f 182/4901/21 181/4902/21 1693/4903/21 1696/4904/21
f 183/4905/3 182/4906/3 1696/4907/3 1695/4908/3
f 184/4909/13 183/4910/13 1695/4911/13 1694/4912/13
f 185/4913/3 188/4914/3 1698/4915/3 1697/4916/3
f 186/4917/20 185/4918/20 1697/4919/20 1700/4920/20
f 187/4921/2 186/4922/2 1700/4923/2 1699/4924/2
f 188/4925/12 187/4926/12 1699/4927/12 1698/4928/12
f 189/4929/2 192/4930/2 1702/4931/2 1701/4932/2
f 190/4933/21 189/4934/21 1701/4935/21 1704/4936/21
f 191/4937/3 190/4938/3 1704/4939/3 1703/4940/3
f 192/4941/37 191/4942/37 1703/4943/37 1702/4944/37
f 193/4945/3 196/4946/3 1706/4947/3 1705/4948/3
f 194/4949/20 193/4950/20 1705/4951/20 1708/4952/20
f 195/4953/2 194/4954/2 1708/4955/2 1707/4956/2
f 196/4957/12 195/4958/12 1707/4959/12 1706/4960/12
f 197/4961/2 200/4962/2 1710/4963/2 1709/4964/2
f 198/4965/21 197/4966/21 1709/4967/21 1712/4968/21
f 199/4969/3 198/4970/3 1712/4971/3 1711/4972/3
f 200/4973/13 199/4974/13 1711/4975/13 1710/4976/13
f 201/4977/3 204/4978/3 1714/4979/3 1713/4980/3
f 202/4981/20 201/4982/20 1713/4983/20 1716/4984/20
f 203/4985/2 202/4986/2 1716/4987/2 1715/4988/2
f 204/4989/12 203/4990/12 1715/4991/12 1714/4992/12
f 205/4993/2 208/4994/2 1718/4995/2 1717/4996/2
f 206/4997/21 205/4998/21 1717/4999/21 1720/5000/21
f 207/5001/3 206/5002/3 1720/5003/3 1719/5004/3
f 208/5005/38 207/5006/38 1719/5007/38 1718/5008/38
f 209/5009/3 212/5010/3 1722/5011/3 1721/5012/3
f 210/5013/20 209/5014/20 1721/5015/20 1724/5016/20
f 211/5017/2 210/5018/2 1724/5019/2 1723/5020/2
f 212/5021/12 211/5022/12 1723/5023/12 1722/5024/12
f 213/5025/2 216/5026/2 1726/5027/2 1725/5028/2
f 214/5029/21 213/5030/21 1725/5031/21 1728/5032/21
f 215/5033/3 214/5034/3 1728/5035/3 1727/5036/3
f 216/5037/13 215/5038/13 1727/5039/13 1726/5040/13
f 217/5041/3 220/5042/3 1730/5043/3 1729/5044/3
f 218/5045/33 217/5046/33 1729/5047/33 1732/5048/33
f 219/5049/2 218/5050/2 1732/5051/2 1731/5052/2
f 220/5053/34 219/5054/34 1731/5055/34 1730/5056/34
f 245/5057/3 248/5058/3 1758/5059/3 1757/5060/3
f 246/5061/30 245/5062/30 1757/5063/30 1760/5064/30
f 247/5065/2 246/5066/2 1760/5067/2 1759/5068/2
f 248/5069/4 247/5070/4 1759/5071/4 1758/5072/4
f 249/5073/2 252/5074/2 1762/5075/2 1761/5076/2
f 250/5077/21 249/5078/21 1761/5079/21 1764/5080/21
f 251/5081/3 250/5082/3 1764/5083/3 1763/5084/3
f 252/5085/13 251/5086/13 1763/5087/13 1762/5088/13
f 253/5089/3 256/5090/3 1766/5091/3 1765/5092/3
f 254/5093/39 253/5094/39 1765/5095/39 1768/5096/39
f 255/5097/2 254/5098/2 1768/5099/2 1767/5100/2
f 256/5101/12 255/5102/12 1767/5103/12 1766/5104/12
f 257/5105/2 260/5106/2 1770/5107/2 1769/5108/2
f 258/5109/21 257/5110/21 1769/5111/21 1772/5112/21
f 259/5113/3 258/5114/3 1772/5115/3 1771/5116/3
f 260/5117/13 259/5118/13 1771/5119/13 1770/5120/13
f 261/5121/3 264/5122/3 1774/5123/3 1773/5124/3
f 262/5125/20 261/5126/20 1773/5127/20 1776/5128/20
f 263/5129/2 262/5130/2 1776/5131/2 1775/5132/2
f 264/5133/40 263/5134/40 1775/5135/40 1774/5136/40
f 265/5137/2 268/5138/2 1778/5139/2 1777/5140/2
f 266/5141/21 265/5142/21 1777/5143/21 1780/5144/21
f 267/5145/3 266/5146/3 1780/5147/3 1779/5148/3
f 268/5149/13 267/5150/13 1779/5151/13 1778/5152/13
f 269/5153/3 272/5154/3 1782/5155/3 1781/5156/3
f 270/5157/20 269/5158/20 1781/5159/20 1784/5160/20
f 271/5161/2 270/5162/2 1784/5163/2 1783/5164/2
f 272/5165/12 271/5166/12 1783/5167/12 1782/5168/12
f 273/5169/2 276/5170/2 1786/5171/2 1785/5172/2
f 274/5173/21 273/5174/21 1785/5175/21 1788/5176/21
f 275/5177/3 274/5178/3 1788/5179/3 1787/5180/3
f 276/5181/13 275/5182/13 1787/5183/13 1786/5184/13
f 277/5185/3 280/5186/3 1790/5187/3 1789/5188/3
f 278/5189/20 277/5190/20 1789/5191/20 1792/5192/20
f 279/5193/2 278/5194/2 1792/5195/2 1791/5196/2
f 280/5197/12 279/5198/12 1791/5199/12 1790/5200/12
f 281/5201/2 284/5202/2 1794/5203/2 1793/5204/2
f 282/5205/21 281/5206/21 1793/5207/21 1796/5208/21
f 283/5209/3 282/5210/3 1796/5211/3 1795/5212/3
f 284/5213/13 283/5214/13 1795/5215/13 1794/5216/13
f 285/5217/3 288/5218/3 1798/5219/3 1797/5220/3
f 286/5221/20 285/5222/20 1797/5223/20 1800/5224/20
f 287/5225/2 286/5226/2 1800/5227/2 1799/5228/2
f 288/5229/12 287/5230/12 1799/5231/12 1798/5232/12
f 289/5233/2 292/5234/2 1802/5235/2 1801/5236/2
f 290/5237/21 289/5238/21 1801/5239/21 1804/5240/21
f 291/5241/3 290/5242/3 1804/5243/3 1803/5244/3
f 292/5245/13 291/5246/13 1803/5247/13 1802/5248/13
f 293/5249/3 296/5250/3 1806/5251/3 1805/5252/3
f 294/5253/20 293/5254/20 1805/5255/20 1808/5256/20
f 295/5257/2 294/5258/2 1808/5259/2 1807/5260/2
f 296/5261/40 295/5262/40 1807/5263/40 1806/5264/40
f 297/5265/2 300/5266/2 1810/5267/2 1809/5268/2
f 298/5269/21 297/5270/21 1809/5271/21 1812/5272/21
f 299/5273/3 298/5274/3 1812/5275/3 1811/5276/3
f 300/5277/13 299/5278/13 1811/5279/13 1810/5280/13
f 301/5281/3 304/5282/3 1814/5283/3 1813/5284/3
f 302/5285/20 301/5286/20 1813/5287/20 1816/5288/20
f 303/5289/2 302/5290/2 1816/5291/2 1815/5292/2
f 304/5293/12 303/5294/12 1815/5295/12 1814/5296/12
f 305/5297/2 308/5298/2 1818/5299/2 1817/5300/2
f 306/5301/21 305/5302/21 1817/5303/21 1820/5304/21
f 307/5305/3 306/5306/3 1820/5307/3 1819/5308/3
f 308/5309/13 307/5310/13 1819/5311/13 1818/5312/13
f 309/5313/3 312/5314/3 1822/5315/3 1821/5316/3
f 310/5317/20 309/5318/20 1821/5319/20 1824/5320/20
f 311/5321/2 310/5322/2 1824/5323/2 1823/5324/2
f 312/5325/12 311/5326/12 1823/5327/12 1822/5328/12
f 313/5329/2 316/5330/2 1826/5331/2 1825/5332/2
f 314/5333/21 313/5334/21 1825/5335/21 1828/5336/21
f 315/5337/3 314/5338/3 1828/5339/3 1827/5340/3
f 316/5341/13 315/5342/13 1827/5343/13 1826/5344/13
f 317/5345/3 320/5346/3 1830/5347/3 1829/5348/3
f 318/5349/20 317/5350/20 1829/5351/20 1832/5352/20
f 319/5353/2 318/5354/2 1832/5355/2 1831/5356/2
f 320/5357/12 319/5358/12 1831/5359/12 1830/5360/12
f 321/5361/2 324/5362/2 1834/5363/2 1833/5364/2
f 322/5365/21 321/5366/21 1833/5367/21 1836/5368/21
f 323/5369/3 322/5370/3 1836/5371/3 1835/5372/3
f 324/5373/37 323/5374/37 1835/5375/37 1834/5376/37
f 325/5377/3 328/5378/3 1838/5379/3 1837/5380/3
f 326/5381/33 325/5382/33 1837/5383/33 1840/5384/33
f 327/5385/2 326/5386/2 1840/5387/2 1839/5388/2
f 328/5389/34 327/5390/34 1839/5391/34 1838/5392/34
f 353/5393/3 356/5394/3 1866/5395/3 1865/5396/3
f 354/5397/30 353/5398/30 1865/5399/30 1868/5400/30
f 355/5401/2 354/5402/2 1868/5403/2 1867/5404/2
f 356/5405/4 355/5406/4 1867/5407/4 1866/5408/4
f 357/5409/2 360/5410/2 1870/5411/2 1869/5412/2
f 358/5413/21 357/5414/21 1869/5415/21 1872/5416/21
f 359/5417/3 358/5418/3 1872/5419/3 1871/5420/3
f 360/5421/37 359/5422/37 1871/5423/37 1870/5424/37
f 361/5425/3 364/5426/3 1874/5427/3 1873/5428/3
f 362/5429/20 361/5430/20 1873/5431/20 1876/5432/20
f 363/5433/2 362/5434/2 1876/5435/2 1875/5436/2
f 364/5437/12 363/5438/12 1875/5439/12 1874/5440/12
f 365/5441/2 368/5442/2 1878/5443/2 1877/5444/2
f 366/5445/36 365/5446/36 1877/5447/36 1880/5448/36
f 367/5449/3 366/5450/3 1880/5451/3 1879/5452/3
f 368/5453/37 367/5454/37 1879/5455/37 1878/5456/37
f 369/5457/3 372/5458/3 1882/5459/3 1881/5460/3
f 370/5461/20 369/5462/20 1881/5463/20 1884/5464/20
f 371/5465/2 370/5466/2 1884/5467/2 1883/5468/2
f 372/5469/12 371/5470/12 1883/5471/12 1882/5472/12
f 373/5473/2 376/5474/2 1886/5475/2 1885/5476/2
f 374/5477/21 373/5478/21 1885/5479/21 1888/5480/21
f 375/5481/3 374/5482/3 1888/5483/3 1887/5484/3
f 376/5485/13 375/5486/13 1887/5487/13 1886/5488/13
f 377/5489/3 380/5490/3 1890/5491/3 1889/5492/3
f 378/5493/20 377/5494/20 1889/5495/20 1892/5496/20
f 379/5497/2 378/5498/2 1892/5499/2 1891/5500/2
f 380/5501/12 379/5502/12 1891/5503/12 1890/5504/12
f 381/5505/2 384/5506/2 1894/5507/2 1893/5508/2
f 382/5509/21 381/5510/21 1893/5511/21 1896/5512/21
f 383/5513/3 382/5514/3 1896/5515/3 1895/5516/3
f 384/5517/13 383/5518/13 1895/5519/13 1894/5520/13
f 385/5521/3 388/5522/3 1898/5523/3 1897/5524/3
f 386/5525/39 385/5526/39 1897/5527/39 1900/5528/39
f 387/5529/2 386/5530/2 1900/5531/2 1899/5532/2
f 388/5533/12 387/5534/12 1899/5535/12 1898/5536/12
f 389/5537/2 392/5538/2 1902/5539/2 1901/5540/2
f 390/5541/21 389/5542/21 1901/5543/21 1904/5544/21
f 391/5545/3 390/5546/3 1904/5547/3 1903/5548/3
f 392/5549/13 391/5550/13 1903/5551/13 1902/5552/13
f 393/5553/3 396/5554/3 1906/5555/3 1905/5556/3
f 394/5557/39 393/5558/39 1905/5559/39 1908/5560/39
f 395/5561/2 394/5562/2 1908/5563/2 1907/5564/2
f 396/5565/12 395/5566/12 1907/5567/12 1906/5568/12
f 397/5569/2 400/5570/2 1910/5571/2 1909/5572/2
f 398/5573/21 397/5574/21 1909/5575/21 1912/5576/21
f 399/5577/3 398/5578/3 1912/5579/3 1911/5580/3
f 400/5581/13 399/5582/13 1911/5583/13 1910/5584/13
f 401/5585/3 404/5586/3 1914/5587/3 1913/5588/3
f 402/5589/39 401/5590/39 1913/5591/39 1916/5592/39
f 403/5593/2 402/5594/2 1916/5595/2 1915/5596/2
f 404/5597/12 403/5598/12 1915/5599/12 1914/5600/12
f 405/5601/2 408/5602/2 1918/5603/2 1917/5604/2
f 406/5605/21 405/5606/21 1917/5607/21 1920/5608/21
f 407/5609/3 406/5610/3 1920/5611/3 1919/5612/3
f 408/5613/13 407/5614/13 1919/5615/13 1918/5616/13
f 409/5617/3 412/5618/3 1922/5619/3 1921/5620/3
f 410/5621/20 409/5622/20 1921/5623/20 1924/5624/20
f 411/5625/2 410/5626/2 1924/5627/2 1923/5628/2
f 412/5629/12 411/5630/12 1923/5631/12 1922/5632/12
f 413/5633/2 416/5634/2 1926/5635/2 1925/5636/2
f 414/5637/21 413/5638/21 1925/5639/21 1928/5640/21
f 415/5641/3 414/5642/3 1928/5643/3 1927/5644/3
f 416/5645/13 415/5646/13 1927/5647/13 1926/5648/13
f 417/5649/3 420/5650/3 1930/5651/3 1929/5652/3
f 418/5653/20 417/5654/20 1929/5655/20 1932/5656/20
f 419/5657/2 418/5658/2 1932/5659/2 1931/5660/2
f 420/5661/12 419/5662/12 1931/5663/12 1930/5664/12
f 421/5665/2 424/5666/2 1934/5667/2 1933/5668/2
f 422/5669/21 421/5670/21 1933/5671/21 1936/5672/21
f 423/5673/3 422/5674/3 1936/5675/3 1935/5676/3
f 424/5677/13 423/5678/13 1935/5679/13 1934/5680/13
f 425/5681/3 428/5682/3 1938/5683/3 1937/5684/3
f 426/5685/39 425/5686/39 1937/5687/39 1940/5688/39
f 427/5689/2 426/5690/2 1940/5691/2 1939/5692/2
f 428/5693/12 427/5694/12 1939/5695/12 1938/5696/12
f 429/5697/2 432/5698/2 1942/5699/2 1941/5700/2
f 430/5701/21 429/5702/21 1941/5703/21 1944/5704/21
f 431/5705/3 430/5706/3 1944/5707/3 1943/5708/3
f 432/5709/13 431/5710/13 1943/5711/13 1942/5712/13
f 433/5713/3 436/5714/3 1946/5715/3 1945/5716/3
f 434/5717/33 433/5718/33 1945/5719/33 1948/5720/33
f 435/5721/2 434/5722/2 1948/5723/2 1947/5724/2
f 436/5725/34 435/5726/34 1947/5727/34 1946/5728/34
f 461/5729/3 464/5730/3 1974/5731/3 1973/5732/3
f 462/5733/6 461/5734/6 1973/5735/6 1976/5736/6
f 463/5737/2 462/5738/2 1976/5739/2 1975/5740/2
f 464/5741/4 463/5742/4 1975/5743/4 1974/5744/4
f 465/5745/2 468/5746/2 1978/5747/2 1977/5748/2
f 466/5749/21 465/5750/21 1977/5751/21 1980/5752/21
f 467/5753/3 466/5754/3 1980/5755/3 1979/5756/3
f 468/5757/37 467/5758/37 1979/5759/37 1978/5760/37
f 469/5761/3 472/5762/3 1982/5763/3 1981/5764/3
f 470/5765/20 469/5766/20 1981/5767/20 1984/5768/20
f 471/5769/2 470/5770/2 1984/5771/2 1983/5772/2
f 472/5773/12 471/5774/12 1983/5775/12 1982/5776/12
f 473/5777/2 476/5778/2 1986/5779/2 1985/5780/2
f 474/5781/36 473/5782/36 1985/5783/36 1988/5784/36
f 475/5785/3 474/5786/3 1988/5787/3 1987/5788/3
f 476/5789/13 475/5790/13 1987/5791/13 1986/5792/13
f 477/5793/3 480/5794/3 1990/5795/3 1989/5796/3
f 478/5797/39 477/5798/39 1989/5799/39 1992/5800/39
f 479/5801/2 478/5802/2 1992/5803/2 1991/5804/2
f 480/5805/12 479/5806/12 1991/5807/12 1990/5808/12
f 481/5809/2 484/5810/2 1994/5811/2 1993/5812/2
f 482/5813/21 481/5814/21 1993/5815/21 1996/5816/21
f 483/5817/3 482/5818/3 1996/5819/3 1995/5820/3
f 484/5821/13 483/5822/13 1995/5823/13 1994/5824/13
f 485/5825/3 488/5826/3 1998/5827/3 1997/5828/3
f 486/5829/20 485/5830/20 1997/5831/20 2000/5832/20
f 487/5833/2 486/5834/2 2000/5835/2 1999/5836/2
f 488/5837/12 487/5838/12 1999/5839/12 1998/5840/12
f 489/5841/2 492/5842/2 2002/5843/2 2001/5844/2
f 490/5845/21 489/5846/21 2001/5847/21 2004/5848/21
f 491/5849/3 490/5850/3 2004/5851/3 2003/5852/3
f 492/5853/13 491/5854/13 2003/5855/13 2002/5856/13
f 493/5857/3 496/5858/3 2006/5859/3 2005/5860/3
f 494/5861/20 493/5862/20 2005/5863/20 2008/5864/20
f 495/5865/2 494/5866/2 2008/5867/2 2007/5868/2
f 496/5869/12 495/5870/12 2007/5871/12 2006/5872/12
f 497/5873/2 500/5874/2 2010/5875/2 2009/5876/2
f 498/5877/21 497/5878/21 2009/5879/21 2012/5880/21
f 499/5881/3 498/5882/3 2012/5883/3 2011/5884/3
f 500/5885/37 499/5886/37 2011/5887/37 2010/5888/37
f 501/5889/3 504/5890/3 2014/5891/3 2013/5892/3
f 502/5893/20 501/5894/20 2013/5895/20 2016/5896/20
f 503/5897/2 502/5898/2 2016/5899/2 2015/5900/2
f 504/5901/12 503/5902/12 2015/5903/12 2014/5904/12
f 505/5905/2 508/5906/2 2018/5907/2 2017/5908/2
f 506/5909/21 505/5910/21 2017/5911/21 2020/5912/21
f 507/5913/3 506/5914/3 2020/5915/3 2019/5916/3
f 508/5917/13 507/5918/13 2019/5919/13 2018/5920/13
f 509/5921/3 512/5922/3 2022/5923/3 2021/5924/3
f 510/5925/20 509/5926/20 2021/5927/20 2024/5928/20
f 511/5929/2 510/5930/2 2024/5931/2 2023/5932/2
f 512/5933/12 511/5934/12 2023/5935/12 2022/5936/12
f 513/5937/2 516/5938/2 2026/5939/2 2025/5940/2
f 514/5941/21 513/5942/21 2025/5943/21 2028/5944/21
f 515/5945/3 514/5946/3 2028/5947/3 2027/5948/3
f 516/5949/13 515/5950/13 2027/5951/13 2026/5952/13
f 517/5953/3 520/5954/3 2030/5955/3 2029/5956/3
f 518/5957/20 517/5958/20 2029/5959/20 2032/5960/20
f 519/5961/2 518/5962/2 2032/5963/2 2031/5964/2
f 520/5965/12 519/5966/12 2031/5967/12 2030/5968/12
f 521/5969/2 524/5970/2 2034/5971/2 2033/5972/2
f 522/5973/21 521/5974/21 2033/5975/21 2036/5976/21
f 523/5977/3 522/5978/3 2036/5979/3 2035/5980/3
f 524/5981/13 523/5982/13 2035/5983/13 2034/5984/13
f 525/5985/3 528/5986/3 2038/5987/3 2037/5988/3
f 526/5989/20 525/5990/20 2037/5991/20 2040/5992/20
f 527/5993/2 526/5994/2 2040/5995/2 2039/5996/2
f 528/5997/12 527/5998/12 2039/5999/12 2038/6000/12
f 529/6001/2 532/6002/2 2042/6003/2 2041/6004/2
f 530/6005/21 529/6006/21 2041/6007/21 2044/6008/21
f 531/6009/3 530/6010/3 2044/6011/3 2043/6012/3
f 532/6013/13 531/6014/13 2043/6015/13 2042/6016/13
f 533/6017/3 536/6018/3 2046/6019/3 2045/6020/3
f 534/6021/41 533/6022/41 2045/6023/41 2048/6024/41
f 535/6025/2 534/6026/2 2048/6027/2 2047/6028/2
f 536/6029/12 535/6030/12 2047/6031/12 2046/6032/12
f 537/6033/2 540/6034/2 2050/6035/2 2049/6036/2
f 538/6037/21 537/6038/21 2049/6039/21 2052/6040/21
f 539/6041/3 538/6042/3 2052/6043/3 2051/6044/3
f 540/6045/13 539/6046/13 2051/6047/13 2050/6048/13
f 541/6049/3 544/6050/3 2054/6051/3 2053/6052/3
f 542/6053/33 541/6054/33 2053/6055/33 2056/6056/33
f 543/6057/2 542/6058/2 2056/6059/2 2055/6060/2
f 544/6061/34 543/6062/34 2055/6063/34 2054/6064/34
f 569/6065/3 572/6066/3 2082/6067/3 2081/6068/3
f 570/6069/6 569/6070/6 2081/6071/6 2084/6072/6
f 571/6073/2 570/6074/2 2084/6075/2 2083/6076/2
f 572/6077/4 571/6078/4 2083/6079/4 2082/6080/4
f 573/6081/2 576/6082/2 2086/6083/2 2085/6084/2
f 574/6085/21 573/6086/21 2085/6087/21 2088/6088/21
f 575/6089/3 574/6090/3 2088/6091/3 2087/6092/3
f 576/6093/13 575/6094/13 2087/6095/13 2086/6096/13
f 577/6097/3 580/6098/3 2090/6099/3 2089/6100/3
f 578/6101/20 577/6102/20 2089/6103/20 2092/6104/20
f 579/6105/2 578/6106/2 2092/6107/2 2091/6108/2
f 580/6109/40 579/6110/40 2091/6111/40 2090/6112/40
f 581/6113/2 584/6114/2 2094/6115/2 2093/6116/2
f 582/6117/21 581/6118/21 2093/6119/21 2096/6120/21
f 583/6121/3 582/6122/3 2096/6123/3 2095/6124/3
f 584/6125/37 583/6126/37 2095/6127/37 2094/6128/37
f 585/6129/3 588/6130/3 2098/6131/3 2097/6132/3
f 586/6133/20 585/6134/20 2097/6135/20 2100/6136/20
f 587/6137/2 586/6138/2 2100/6139/2 2099/6140/2
f 588/6141/12 587/6142/12 2099/6143/12 2098/6144/12
f 589/6145/2 592/6146/2 2102/6147/2 2101/6148/2
f 590/6149/36 589/6150/36 2101/6151/36 2104/6152/36
f 591/6153/3 590/6154/3 2104/6155/3 2103/6156/3
f 592/6157/13 591/6158/13 2103/6159/13 2102/6160/13
f 593/6161/3 596/6162/3 2106/6163/3 2105/6164/3
f 594/6165/20 593/6166/20 2105/6167/20 2108/6168/20
f 595/6169/2 594/6170/2 2108/6171/2 2107/6172/2
f 596/6173/40 595/6174/40 2107/6175/40 2106/6176/40
f 597/6177/2 600/6178/2 2110/6179/2 2109/6180/2
f 598/6181/21 597/6182/21 2109/6183/21 2112/6184/21
f 599/6185/3 598/6186/3 2112/6187/3 2111/6188/3
f 600/6189/13 599/6190/13 2111/6191/13 2110/6192/13
f 601/6193/3 604/6194/3 2114/6195/3 2113/6196/3
f 602/6197/20 601/6198/20 2113/6199/20 2116/6200/20
f 603/6201/2 602/6202/2 2116/6203/2 2115/6204/2
f 604/6205/40 603/6206/40 2115/6207/40 2114/6208/40
f 605/6209/2 608/6210/2 2118/6211/2 2117/6212/2
f 606/6213/36 605/6214/36 2117/6215/36 2120/6216/36
f 607/6217/3 606/6218/3 2120/6219/3 2119/6220/3
f 608/6221/13 607/6222/13 2119/6223/13 2118/6224/13
f 609/6225/3 612/6226/3 2122/6227/3 2121/6228/3
f 610/6229/20 609/6230/20 2121/6231/20 2124/6232/20
f 611/6233/2 610/6234/2 2124/6235/2 2123/6236/2
f 612/6237/12 611/6238/12 2123/6239/12 2122/6240/12
f 613/6241/2 616/6242/2 2126/6243/2 2125/6244/2
f 614/6245/21 613/6246/21 2125/6247/21 2128/6248/21
f 615/6249/3 614/6250/3 2128/6251/3 2127/6252/3
f 616/6253/13 615/6254/13 2127/6255/13 2126/6256/13
f 617/6257/3 620/6258/3 2130/6259/3 2129/6260/3
f 618/6261/20 617/6262/20 2129/6263/20 2132/6264/20
f 619/6265/2 618/6266/2 2132/6267/2 2131/6268/2
f 620/6269/12 619/6270/12 2131/6271/12 2130/6272/12
f 621/6273/2 624/6274/2 2134/6275/2 2133/6276/2
f 622/6277/36 621/6278/36 2133/6279/36 2136/6280/36
f 623/6281/3 622/6282/3 2136/6283/3 2135/6284/3
f 624/6285/13 623/6286/13 2135/6287/13 2134/6288/13
f 625/6289/3 628/6290/3 2138/6291/3 2137/6292/3
f 626/6293/20 625/6294/20 2137/6295/20 2140/6296/20
f 627/6297/2 626/6298/2 2140/6299/2 2139/6300/2
f 628/6301/12 627/6302/12 2139/6303/12 2138/6304/12
f 629/6305/2 632/6306/2 2142/6307/2 2141/6308/2
f 630/6309/35 629/6310/35 2141/6311/35 2144/6312/35
f 631/6313/3 630/6314/3 2144/6315/3 2143/6316/3
f 632/6317/13 631/6318/13 2143/6319/13 2142/6320/13
f 633/6321/3 636/6322/3 2146/6323/3 2145/6324/3
f 634/6325/20 633/6326/20 2145/6327/20 2148/6328/20
f 635/6329/2 634/6330/2 2148/6331/2 2147/6332/2
f 636/6333/12 635/6334/12 2147/6335/12 2146/6336/12
f 637/6337/2 640/6338/2 2150/6339/2 2149/6340/2
f 638/6341/36 637/6342/36 2149/6343/36 2152/6344/36
f 639/6345/3 638/6346/3 2152/6347/3 2151/6348/3
f 640/6349/13 639/6350/13 2151/6351/13 2150/6352/13
f 641/6353/3 644/6354/3 2154/6355/3 2153/6356/3
f 642/6357/20 641/6358/20 2153/6359/20 2156/6360/20
f 643/6361/2 642/6362/2 2156/6363/2 2155/6364/2
f 644/6365/12 643/6366/12 2155/6367/12 2154/6368/12
f 645/6369/2 648/6370/2 2158/6371/2 2157/6372/2
f 646/6373/21 645/6374/21 2157/6375/21 2160/6376/21
f 647/6377/3 646/6378/3 2160/6379/3 2159/6380/3
f 648/6381/13 647/6382/13 2159/6383/13 2158/6384/13
f 649/6385/3 652/6386/3 2162/6387/3 2161/6388/3
f 650/6389/33 649/6390/33 2161/6391/33 2164/6392/33
f 651/6393/2 650/6394/2 2164/6395/2 2163/6396/2
f 652/6397/34 651/6398/34 2163/6399/34 2162/6400/34
f 677/6401/3 680/6402/3 2190/6403/3 2189/6404/3
f 678/6405/6 677/6406/6 2189/6407/6 2192/6408/6
f 679/6409/2 678/6410/2 2192/6411/2 2191/6412/2
f 680/6413/4 679/6414/4 2191/6415/4 2190/6416/4
f 681/6417/2 684/6418/2 2194/6419/2 2193/6420/2
f 682/6421/21 681/6422/21 2193/6423/21 2196/6424/21
f 683/6425/3 682/6426/3 2196/6427/3 2195/6428/3
f 684/6429/37 683/6430/37 2195/6431/37 2194/6432/37
f 685/6433/3 688/6434/3 2198/6435/3 2197/6436/3
f 686/6437/39 685/6438/39 2197/6439/39 2200/6440/39
f 687/6441/2 686/6442/2 2200/6443/2 2199/6444/2
f 688/6445/12 687/6446/12 2199/6447/12 2198/6448/12
f 689/6449/2 692/6450/2 2202/6451/2 2201/6452/2
f 690/6453/21 689/6454/21 2201/6455/21 2204/6456/21
f 691/6457/3 690/6458/3 2204/6459/3 2203/6460/3
f 692/6461/37 691/6462/37 2203/6463/37 2202/6464/37
f 693/6465/3 696/6466/3 2206/6467/3 2205/6468/3
f 694/6469/20 693/6470/20 2205/6471/20 2208/6472/20
f 695/6473/2 694/6474/2 2208/6475/2 2207/6476/2
f 696/6477/12 695/6478/12 2207/6479/12 2206/6480/12
f 697/6481/2 700/6482/2 2210/6483/2 2209/6484/2
f 698/6485/21 697/6486/21 2209/6487/21 2212/6488/21
f 699/6489/3 698/6490/3 2212/6491/3 2211/6492/3
f 700/6493/13 699/6494/13 2211/6495/13 2210/6496/13
f 701/6497/3 704/6498/3 2214/6499/3 2213/6500/3
f 702/6501/20 701/6502/20 2213/6503/20 2216/6504/20
f 703/6505/2 702/6506/2 2216/6507/2 2215/6508/2
f 704/6509/12 703/6510/12 2215/6511/12 2214/6512/12
f 705/6513/2 708/6514/2 2218/6515/2 2217/6516/2
f 706/6517/21 705/6518/21 2217/6519/21 2220/6520/21
f 707/6521/3 706/6522/3 2220/6523/3 2219/6524/3
f 708/6525/13 707/6526/13 2219/6527/13 2218/6528/13
f 709/6529/3 712/6530/3 2222/6531/3 2221/6532/3
f 710/6533/20 709/6534/20 2221/6535/20 2224/6536/20
f 711/6537/2 710/6538/2 2224/6539/2 2223/6540/2
f 712/6541/12 711/6542/12 2223/6543/12 2222/6544/12
f 713/6545/2 716/6546/2 2226/6547/2 2225/6548/2
f 714/6549/21 713/6550/21 2225/6551/21 2228/6552/21
f 715/6553/3 714/6554/3 2228/6555/3 2227/6556/3
f 716/6557/13 715/6558/13 2227/6559/13 2226/6560/13
f 717/6561/3 720/6562/3 2230/6563/3 2229/6564/3
f 718/6565/20 717/6566/20 2229/6567/20 2232/6568/20
f 719/6569/2 718/6570/2 2232/6571/2 2231/6572/2
f 720/6573/12 719/6574/12 2231/6575/12 2230/6576/12
f 721/6577/2 724/6578/2 2234/6579/2 2233/6580/2
f 722/6581/21 721/6582/21 2233/6583/21 2236/6584/21
f 723/6585/3 722/6586/3 2236/6587/3 2235/6588/3
f 724/6589/13 723/6590/13 2235/6591/13 2234/6592/13
f 725/6593/3 728/6594/3 2238/6595/3 2237/6596/3
f 726/6597/20 725/6598/20 2237/6599/20 2240/6600/20
f 727/6601/2 726/6602/2 2240/6603/2 2239/6604/2
f 728/6605/12 727/6606/12 2239/6607/12 2238/6608/12
f 729/6609/2 732/6610/2 2242/6611/2 2241/6612/2
f 730/6613/21 729/6614/21 2241/6615/21 2244/6616/21
f 731/6617/3 730/6618/3 2244/6619/3 2243/6620/3
f 732/6621/13 731/6622/13 2243/6623/13 2242/6624/13
f 733/6625/3 736/6626/3 2246/6627/3 2245/6628/3
f 734/6629/20 733/6630/20 2245/6631/20 2248/6632/20
f 735/6633/2 734/6634/2 2248/6635/2 2247/6636/2
f 736/6637/12 735/6638/12 2247/6639/12 2246/6640/12
f 737/6641/2 740/6642/2 2250/6643/2 2249/6644/2
f 738/6645/21 737/6646/21 2249/6647/21 2252/6648/21
f 739/6649/3 738/6650/3 2252/6651/3 2251/6652/3
f 740/6653/13 739/6654/13 2251/6655/13 2250/6656/13
f 741/6657/3 744/6658/3 2254/6659/3 2253/6660/3
f 742/6661/20 741/6662/20 2253/6663/20 2256/6664/20
f 743/6665/2 742/6666/2 2256/6667/2 2255/6668/2
f 744/6669/12 743/6670/12 2255/6671/12 2254/6672/12
f 745/6673/2 748/6674/2 2258/6675/2 2257/6676/2
f 746/6677/21 745/6678/21 2257/6679/21 2260/6680/21
f 747/6681/3 746/6682/3 2260/6683/3 2259/6684/3
f 748/6685/13 747/6686/13 2259/6687/13 2258/6688/13
f 749/6689/3 752/6690/3 2262/6691/3 2261/6692/3
f 750/6693/20 749/6694/20 2261/6695/20 2264/6696/20
f 751/6697/2 750/6698/2 2264/6699/2 2263/6700/2
f 752/6701/12 751/6702/12 2263/6703/12 2262/6704/12
f 753/6705/2 756/6706/2 2266/6707/2 2265/6708/2
f 754/6709/21 753/6710/21 2265/6711/21 2268/6712/21
f 755/6713/3 754/6714/3 2268/6715/3 2267/6716/3
f 756/6717/13 755/6718/13 2267/6719/13 2266/6720/13
f 757/6721/3 760/6722/3 2270/6723/3 2269/6724/3
f 758/6725/33 757/6726/33 2269/6727/33 2272/6728/33
f 759/6729/2 758/6730/2 2272/6731/2 2271/6732/2
f 760/6733/34 759/6734/34 2271/6735/34 2270/6736/34
f 785/6737/3 788/6738/3 2298/6739/3 2297/6740/3
f 786/6741/30 785/6742/30 2297/6743/30 2300/6744/30
f 787/6745/2 786/6746/2 2300/6747/2 2299/6748/2
f 788/6749/4 787/6750/4 2299/6751/4 2298/6752/4
f 789/6753/2 792/6754/2 2302/6755/2 2301/6756/2
f 790/6757/21 789/6758/21 2301/6759/21 2304/6760/21
f 791/6761/3 790/6762/3 2304/6763/3 2303/6764/3
f 792/6765/37 791/6766/37 2303/6767/37 2302/6768/37
f 793/6769/3 796/6770/3 2306/6771/3 2305/6772/3
f 794/6773/20 793/6774/20 2305/6775/20 2308/6776/20
f 795/6777/2 794/6778/2 2308/6779/2 2307/6780/2
f 796/6781/12 795/6782/12 2307/6783/12 2306/6784/12
f 797/6785/2 800/6786/2 2310/6787/2 2309/6788/2
f 798/6789/21 797/6790/21 2309/6791/21 2312/6792/21
f 799/6793/3 798/6794/3 2312/6795/3 2311/6796/3
f 800/6797/13 799/6798/13 2311/6799/13 2310/6800/13
f 801/6801/3 804/6802/3 2314/6803/3 2313/6804/3
f 802/6805/20 801/6806/20 2313/6807/20 2316/6808/20
f 803/6809/2 802/6810/2 2316/6811/2 2315/6812/2
f 804/6813/12 803/6814/12 2315/6815/12 2314/6816/12
f 805/6817/2 808/6818/2 2318/6819/2 2317/6820/2
f 806/6821/21 805/6822/21 2317/6823/21 2320/6824/21
f 807/6825/3 806/6826/3 2320/6827/3 2319/6828/3
f 808/6829/13 807/6830/13 2319/6831/13 2318/6832/13
f 809/6833/3 812/6834/3 2322/6835/3 2321/6836/3
f 810/6837/20 809/6838/20 2321/6839/20 2324/6840/20
f 811/6841/2 810/6842/2 2324/6843/2 2323/6844/2
f 812/6845/12 811/6846/12 2323/6847/12 2322/6848/12
f 813/6849/2 816/6850/2 2326/6851/2 2325/6852/2
f 814/6853/21 813/6854/21 2325/6855/21 2328/6856/21
f 815/6857/3 814/6858/3 2328/6859/3 2327/6860/3
f 816/6861/13 815/6862/13 2327/6863/13 2326/6864/13
f 817/6865/3 820/6866/3 2330/6867/3 2329/6868/3
f 818/6869/20 817/6870/20 2329/6871/20 2332/6872/20
f 819/6873/2 818/6874/2 2332/6875/2 2331/6876/2
f 820/6877/12 819/6878/12 2331/6879/12 2330/6880/12
f 821/6881/2 824/6882/2 2334/6883/2 2333/6884/2
f 822/6885/21 821/6886/21 2333/6887/21 2336/6888/21
f 823/6889/3 822/6890/3 2336/6891/3 2335/6892/3
f 824/6893/13 823/6894/13 2335/6895/13 2334/6896/13
f 825/6897/3 828/6898/3 2338/6899/3 2337/6900/3
f 826/6901/20 825/6902/20 2337/6903/20 2340/6904/20
f 827/6905/2 826/6906/2 2340/6907/2 2339/6908/2
f 828/6909/12 827/6910/12 2339/6911/12 2338/6912/12
f 829/6913/2 832/6914/2 2342/6915/2 2341/6916/2
f 830/6917/21 829/6918/21 2341/6919/21 2344/6920/21
f 831/6921/3 830/6922/3 2344/6923/3 2343/6924/3
f 832/6925/13 831/6926/13 2343/6927/13 2342/6928/13
f 833/6929/3 836/6930/3 2346/6931/3 2345/6932/3
f 834/6933/20 833/6934/20 2345/6935/20 2348/6936/20
f 835/6937/2 834/6938/2 2348/6939/2 2347/6940/2
f 836/6941/12 835/6942/12 2347/6943/12 2346/6944/12
f 837/6945/2 840/6946/2 2350/6947/2 2349/6948/2
f 838/6949/21 837/6950/21 2349/6951/21 2352/6952/21
f 839/6953/3 838/6954/3 2352/6955/3 2351/6956/3
f 840/6957/13 839/6958/13 2351/6959/13 2350/6960/13
f 841/6961/3 844/6962/3 2354/6963/3 2353/6964/3
f 842/6965/20 841/6966/20 2353/6967/20 2356/6968/20
f 843/6969/2 842/6970/2 2356/6971/2 2355/6972/2
f 844/6973/12 843/6974/12 2355/6975/12 2354/6976/12
f 845/6977/2 848/6978/2 2358/6979/2 2357/6980/2
f 846/6981/21 845/6982/21 2357/6983/21 2360/6984/21
f 847/6985/3 846/6986/3 2360/6987/3 2359/6988/3
f 848/6989/13 847/6990/13 2359/6991/13 2358/6992/13
f 849/6993/3 852/6994/3 2362/6995/3 2361/6996/3
f 850/6997/20 849/6998/20 2361/6999/20 2364/7000/20
f 851/7001/2 850/7002/2 2364/7003/2 2363/7004/2
f 852/7005/12 851/7006/12 2363/7007/12 2362/7008/12
f 853/7009/2 856/7010/2 2366/7011/2 2365/7012/2
f 854/7013/21 853/7014/21 2365/7015/21 2368/7016/21
f 855/7017/3 854/7018/3 2368/7019/3 2367/7020/3
f 856/7021/37 855/7022/37 2367/7023/37 2366/7024/37
f 857/7025/3 860/7026/3 2370/7027/3 2369/7028/3
f 858/7029/20 857/7030/20 2369/7031/20 2372/7032/20
f 859/7033/2 858/7034/2 2372/7035/2 2371/7036/2
f 860/7037/12 859/7038/12 2371/7039/12 2370/7040/12
f 861/7041/2 864/7042/2 2374/7043/2 2373/7044/2
f 862/7045/21 861/7046/21 2373/7047/21 2376/7048/21
f 863/7049/3 862/7050/3 2376/7051/3 2375/7052/3
f 864/7053/37 863/7054/37 2375/7055/37 2374/7056/37
f 865/7057/3 868/7058/3 2378/7059/3 2377/7060/3
f 866/7061/33 865/7062/33 2377/7063/33 2380/7064/33
f 867/7065/2 866/7066/2 2380/7067/2 2379/7068/2
f 868/7069/34 867/7070/34 2379/7071/34 2378/7072/34
f 893/7073/3 896/7074/3 2406/7075/3 2405/7076/3
f 894/7077/30 893/7078/30 2405/7079/30 2408/7080/30
f 895/7081/2 894/7082/2 2408/7083/2 2407/7084/2
f 896/7085/4 895/7086/4 2407/7087/4 2406/7088/4
f 897/7089/2 900/7090/2 2410/7091/2 2409/7092/2
f 898/7093/21 897/7094/21 2409/7095/21 2412/7096/21
f 899/7097/3 898/7098/3 2412/7099/3 2411/7100/3
f 900/7101/13 899/7102/13 2411/7103/13 2410/7104/13
f 901/7105/3 904/7106/3 2414/7107/3 2413/7108/3
f 902/7109/20 901/7110/20 2413/7111/20 2416/7112/20
f 903/7113/2 902/7114/2 2416/7115/2 2415/7116/2
f 904/7117/12 903/7118/12 2415/7119/12 2414/7120/12
f 905/7121/2 908/7122/2 2418/7123/2 2417/7124/2
f 906/7125/36 905/7126/36 2417/7127/36 2420/7128/36
f 907/7129/3 906/7130/3 2420/7131/3 2419/7132/3
f 908/7133/13 907/7134/13 2419/7135/13 2418/7136/13
f 909/7137/3 912/7138/3 2422/7139/3 2421/7140/3
f 910/7141/20 909/7142/20 2421/7143/20 2424/7144/20
f 911/7145/2 910/7146/2 2424/7147/2 2423/7148/2
f 912/7149/12 911/7150/12 2423/7151/12 2422/7152/12
f 913/7153/2 916/7154/2 2426/7155/2 2425/7156/2
f 914/7157/21 913/7158/21 2425/7159/21 2428/7160/21
f 915/7161/3 914/7162/3 2428/7163/3 2427/7164/3
f 916/7165/37 915/7166/37 2427/7167/37 2426/7168/37
f 917/7169/3 920/7170/3 2430/7171/3 2429/7172/3
f 918/7173/39 917/7174/39 2429/7175/39 2432/7176/39
f 919/7177/2 918/7178/2 2432/7179/2 2431/7180/2
f 920/7181/40 919/7182/40 2431/7183/40 2430/7184/40
f 921/7185/2 924/7186/2 2434/7187/2 2433/7188/2
f 922/7189/21 921/7190/21 2433/7191/21 2436/7192/21
f 923/7193/3 922/7194/3 2436/7195/3 2435/7196/3
f 924/7197/13 923/7198/13 2435/7199/13 2434/7200/13
f 925/7201/3 928/7202/3 2438/7203/3 2437/7204/3
f 926/7205/20 925/7206/20 2437/7207/20 2440/7208/20
f 927/7209/2 926/7210/2 2440/7211/2 2439/7212/2
f 928/7213/12 927/7214/12 2439/7215/12 2438/7216/12
f 929/7217/2 932/7218/2 2442/7219/2 2441/7220/2
f 930/7221/21 929/7222/21 2441/7223/21 2444/7224/21
f 931/7225/3 930/7226/3 2444/7227/3 2443/7228/3
f 932/7229/13 931/7230/13 2443/7231/13 2442/7232/13
f 933/7233/3 936/7234/3 2446/7235/3 2445/7236/3
f 934/7237/20 933/7238/20 2445/7239/20 2448/7240/20
f 935/7241/2 934/7242/2 2448/7243/2 2447/7244/2
f 936/7245/12 935/7246/12 2447/7247/12 2446/7248/12
f 937/7249/2 940/7250/2 2450/7251/2 2449/7252/2
f 938/7253/21 937/7254/21 2449/7255/21 2452/7256/21
f 939/7257/3 938/7258/3 2452/7259/3 2451/7260/3
f 940/7261/13 939/7262/13 2451/7263/13 2450/7264/13
f 941/7265/3 944/7266/3 2454/7267/3 2453/7268/3
f 942/7269/20 941/7270/20 2453/7271/20 2456/7272/20
f 943/7273/2 942/7274/2 2456/7275/2 2455/7276/2
f 944/7277/12 943/7278/12 2455/7279/12 2454/7280/12
f 945/7281/2 948/7282/2 2458/7283/2 2457/7284/2
f 946/7285/21 945/7286/21 2457/7287/21 2460/7288/21
f 947/7289/3 946/7290/3 2460/7291/3 2459/7292/3
f 948/7293/13 947/7294/13 2459/7295/13 2458/7296/13
f 949/7297/3 952/7298/3 2462/7299/3 2461/7300/3
f 950/7301/20 949/7302/20 2461/7303/20 2464/7304/20
f 951/7305/2 950/7306/2 2464/7307/2 2463/7308/2
f 952/7309/12 951/7310/12 2463/7311/12 2462/7312/12
f 953/7313/2 956/7314/2 2466/7315/2 2465/7316/2
f 954/7317/21 953/7318/21 2465/7319/21 2468/7320/21
f 955/7321/3 954/7322/3 2468/7323/3 2467/7324/3
f 956/7325/13 955/7326/13 2467/7327/13 2466/7328/13
f 957/7329/3 960/7330/3 2470/7331/3 2469/7332/3
f 958/7333/20 957/7334/20 2469/7335/20 2472/7336/20
f 959/7337/2 958/7338/2 2472/7339/2 2471/7340/2
f 960/7341/12 959/7342/12 2471/7343/12 2470/7344/12
f 961/7345/2 964/7346/2 2474/7347/2 2473/7348/2
f 962/7349/21 961/7350/21 2473/7351/21 2476/7352/21
f 963/7353/3 962/7354/3 2476/7355/3 2475/7356/3
f 964/7357/13 963/7358/13 2475/7359/13 2474/7360/13
f 965/7361/3 968/7362/3 2478/7363/3 2477/7364/3
f 966/7365/20 965/7366/20 2477/7367/20 2480/7368/20
f 967/7369/2 966/7370/2 2480/7371/2 2479/7372/2
f 968/7373/12 967/7374/12 2479/7375/12 2478/7376/12
f 969/7377/2 972/7378/2 2482/7379/2 2481/7380/2
f 970/7381/21 969/7382/21 2481/7383/21 2484/7384/21
f 971/7385/3 970/7386/3 2484/7387/3 2483/7388/3
f 972/7389/13 971/7390/13 2483/7391/13 2482/7392/13
f 973/7393/3 976/7394/3 2486/7395/3 2485/7396/3
f 974/7397/33 973/7398/33 2485/7399/33 2488/7400/33
f 975/7401/2 974/7402/2 2488/7403/2 2487/7404/2
f 976/7405/34 975/7406/34 2487/7407/34 2486/7408/34
f 1001/7409/3 1004/7410/3 2514/7411/3 2513/7412/3
f 1002/7413/6 1001/7414/6 2513/7415/6 2516/7416/6
f 1003/7417/2 1002/7418/2 2516/7419/2 2515/7420/2
f 1004/7421/4 1003/7422/4 2515/7423/4 2514/7424/4
f 1005/7425/2 1008/7426/2 2518/7427/2 2517/7428/2
f 1006/7429/36 1005/7430/36 2517/7431/36 2520/7432/36
f 1007/7433/3 1006/7434/3 2520/7435/3 2519/7436/3
f 1008/7437/13 1007/7438/13 2519/7439/13 2518/7440/13
f 1009/7441/3 1012/7442/3 2522/7443/3 2521/7444/3
f 1010/7445/20 1009/7446/20 2521/7447/20 2524/7448/20
f 1011/7449/2 1010/7450/2 2524/7451/2 2523/7452/2
f 1012/7453/12 1011/7454/12 2523/7455/12 2522/7456/12
f 1013/7457/2 1016/7458/2 2526/7459/2 2525/7460/2
f 1014/7461/21 1013/7462/21 2525/7463/21 2528/7464/21
f 1015/7465/3 1014/7466/3 2528/7467/3 2527/7468/3
f 1016/7469/13 1015/7470/13 2527/7471/13 2526/7472/13
f 1017/7473/3 1020/7474/3 2530/7475/3 2529/7476/3
f 1018/7477/20 1017/7478/20 2529/7479/20 2532/7480/20
f 1019/7481/2 1018/7482/2 2532/7483/2 2531/7484/2
f 1020/7485/12 1019/7486/12 2531/7487/12 2530/7488/12
f 1021/7489/2 1024/7490/2 2534/7491/2 2533/7492/2
f 1022/7493/21 1021/7494/21 2533/7495/21 2536/7496/21
f 1023/7497/3 1022/7498/3 2536/7499/3 2535/7500/3
f 1024/7501/13 1023/7502/13 2535/7503/13 2534/7504/13
f 1025/7505/3 1028/7506/3 2538/7507/3 2537/7508/3
f 1026/7509/20 1025/7510/20 2537/7511/20 2540/7512/20
f 1027/7513/2 1026/7514/2 2540/7515/2 2539/7516/2
f 1028/7517/12 1027/7518/12 2539/7519/12 2538/7520/12
f 1029/7521/2 1032/7522/2 2542/7523/2 2541/7524/2
f 1030/7525/21 1029/7526/21 2541/7527/21 2544/7528/21
f 1031/7529/3 1030/7530/3 2544/7531/3 2543/7532/3
f 1032/7533/13 1031/7534/13 2543/7535/13 2542/7536/13
f 1033/7537/3 1036/7538/3 2546/7539/3 2545/7540/3
f 1034/7541/20 1033/7542/20 2545/7543/20 2548/7544/20
f 1035/7545/2 1034/7546/2 2548/7547/2 2547/7548/2
f 1036/7549/12 1035/7550/12 2547/7551/12 2546/7552/12
f 1037/7553/2 1040/7554/2 2550/7555/2 2549/7556/2
f 1038/7557/36 1037/7558/36 2549/7559/36 2552/7560/36
f 1039/7561/3 1038/7562/3 2552/7563/3 2551/7564/3
f 1040/7565/37 1039/7566/37 2551/7567/37 2550/7568/37
f 1041/7569/3 1044/7570/3 2554/7571/3 2553/7572/3
f 1042/7573/39 1041/7574/39 2553/7575/39 2556/7576/39
f 1043/7577/2 1042/7578/2 2556/7579/2 2555/7580/2
f 1044/7581/12 1043/7582/12 2555/7583/12 2554/7584/12
f 1045/7585/2 1048/7586/2 2558/7587/2 2557/7588/2
f 1046/7589/36 1045/7590/36 2557/7591/36 2560/7592/36
f 1047/7593/3 1046/7594/3 2560/7595/3 2559/7596/3
f 1048/7597/13 1047/7598/13 2559/7599/13 2558/7600/13
f 1049/7601/3 1052/7602/3 2562/7603/3 2561/7604/3
f 1050/7605/20 1049/7606/20 2561/7607/20 2564/7608/20
f 1051/7609/2 1050/7610/2 2564/7611/2 2563/7612/2
f 1052/7613/12 1051/7614/12 2563/7615/12 2562/7616/12
f 1053/7617/2 1056/7618/2 2566/7619/2 2565/7620/2
f 1054/7621/21 1053/7622/21 2565/7623/21 2568/7624/21
f 1055/7625/3 1054/7626/3 2568/7627/3 2567/7628/3
f 1056/7629/13 1055/7630/13 2567/7631/13 2566/7632/13
f 1057/7633/3 1060/7634/3 2570/7635/3 2569/7636/3
f 1058/7637/20 1057/7638/20 2569/7639/20 2572/7640/20
f 1059/7641/2 1058/7642/2 2572/7643/2 2571/7644/2
f 1060/7645/12 1059/7646/12 2571/7647/12 2570/7648/12
f 1061/7649/2 1064/7650/2 2574/7651/2 2573/7652/2
f 1062/7653/21 1061/7654/21 2573/7655/21 2576/7656/21
f 1063/7657/3 1062/7658/3 2576/7659/3 2575/7660/3
f 1064/7661/13 1063/7662/13 2575/7663/13 2574/7664/13
f 1065/7665/3 1068/7666/3 2578/7667/3 2577/7668/3
f 1066/7669/20 1065/7670/20 2577/7671/20 2580/7672/20
f 1067/7673/2 1066/7674/2 2580/7675/2 2579/7676/2
f 1068/7677/12 1067/7678/12 2579/7679/12 2578/7680/12
f 1069/7681/2 1072/7682/2 2582/7683/2 2581/7684/2
f 1070/7685/21 1069/7686/21 2581/7687/21 2584/7688/21
f 1071/7689/3 1070/7690/3 2584/7691/3 2583/7692/3
f 1072/7693/13 1071/7694/13 2583/7695/13 2582/7696/13
f 1073/7697/3 1076/7698/3 2586/7699/3 2585/7700/3
f 1074/7701/20 1073/7702/20 2585/7703/20 2588/7704/20
f 1075/7705/2 1074/7706/2 2588/7707/2 2587/7708/2
f 1076/7709/12 1075/7710/12 2587/7711/12 2586/7712/12
f 1077/7713/2 1080/7714/2 2590/7715/2 2589/7716/2
f 1078/7717/36 1077/7718/36 2589/7719/36 2592/7720/36
f 1079/7721/3 1078/7722/3 2592/7723/3 2591/7724/3
f 1080/7725/13 1079/7726/13 2591/7727/13 2590/7728/13
f 1081/7729/3 1084/7730/3 2594/7731/3 2593/7732/3
f 1082/7733/33 1081/7734/33 2593/7735/33 2596/7736/33
f 1083/7737/2 1082/7738/2 2596/7739/2 2595/7740/2
f 1084/7741/34 1083/7742/34 2595/7743/34 2594/7744/34
f 1109/7745/3 1112/7746/3 2622/7747/3 2621/7748/3
f 1110/7749/6 1109/7750/6 2621/7751/6 2624/7752/6
f 1111/7753/2 1110/7754/2 2624/7755/2 2623/7756/2
f 1112/7757/4 1111/7758/4 2623/7759/4 2622/7760/4
f 1113/7761/2 1116/7762/2 2626/7763/2 2625/7764/2
f 1114/7765/36 1113/7766/36 2625/7767/36 2628/7768/36
f 1115/7769/3 1114/7770/3 2628/7771/3 2627/7772/3
f 1116/7773/13 1115/7774/13 2627/7775/13 2626/7776/13
f 1117/7777/3 1120/7778/3 2630/7779/3 2629/7780/3
f 1118/7781/20 1117/7782/20 2629/7783/20 2632/7784/20
f 1119/7785/2 1118/7786/2 2632/7787/2 2631/7788/2
f 1120/7789/40 1119/7790/40 2631/7791/40 2630/7792/40
f 1121/7793/2 1124/7794/2 2634/7795/2 2633/7796/2
f 1122/7797/21 1121/7798/21 2633/7799/21 2636/7800/21
f 1123/7801/3 1122/7802/3 2636/7803/3 2635/7804/3
f 1124/7805/13 1123/7806/13 2635/7807/13 2634/7808/13
f 1125/7809/3 1128/7810/3 2638/7811/3 2637/7812/3
f 1126/7813/20 1125/7814/20 2637/7815/20 2640/7816/20
f 1127/7817/2 1126/7818/2 2640/7819/2 2639/7820/2
f 1128/7821/12 1127/7822/12 2639/7823/12 2638/7824/12
f 1129/7825/2 1132/7826/2 2642/7827/2 2641/7828/2
f 1130/7829/36 1129/7830/36 2641/7831/36 2644/7832/36
f 1131/7833/3 1130/7834/3 2644/7835/3 2643/7836/3
f 1132/7837/13 1131/7838/13 2643/7839/13 2642/7840/13
f 1133/7841/3 1136/7842/3 2646/7843/3 2645/7844/3
f 1134/7845/20 1133/7846/20 2645/7847/20 2648/7848/20
f 1135/7849/2 1134/7850/2 2648/7851/2 2647/7852/2
f 1136/7853/12 1135/7854/12 2647/7855/12 2646/7856/12
f 1137/7857/2 1140/7858/2 2650/7859/2 2649/7860/2
f 1138/7861/21 1137/7862/21 2649/7863/21 2652/7864/21
f 1139/7865/3 1138/7866/3 2652/7867/3 2651/7868/3
f 1140/7869/13 1139/7870/13 2651/7871/13 2650/7872/13
f 1141/7873/3 1144/7874/3 2654/7875/3 2653/7876/3
f 1142/7877/20 1141/7878/20 2653/7879/20 2656/7880/20
f 1143/7881/2 1142/7882/2 2656/7883/2 2655/7884/2
f 1144/7885/12 1143/7886/12 2655/7887/12 2654/7888/12
f 1145/7889/2 1148/7890/2 2658/7891/2 2657/7892/2
f 1146/7893/21 1145/7894/21 2657/7895/21 2660/7896/21
f 1147/7897/3 1146/7898/3 2660/7899/3 2659/7900/3
f 1148/7901/13 1147/7902/13 2659/7903/13 2658/7904/13
f 1149/7905/3 1152/7906/3 2662/7907/3 2661/7908/3
f 1150/7909/20 1149/7910/20 2661/7911/20 2664/7912/20
f 1151/7913/2 1150/7914/2 2664/7915/2 2663/7916/2
f 1152/7917/12 1151/7918/12 2663/7919/12 2662/7920/12
f 1153/7921/2 1156/7922/2 2666/7923/2 2665/7924/2
f 1154/7925/21 1153/7926/21 2665/7927/21 2668/7928/21
f 1155/7929/3 1154/7930/3 2668/7931/3 2667/7932/3
f 1156/7933/13 1155/7934/13 2667/7935/13 2666/7936/13
f 1157/7937/3 1160/7938/3 2670/7939/3 2669/7940/3
f 1158/7941/20 1157/7942/20 2669/7943/20 2672/7944/20
f 1159/7945/2 1158/7946/2 2672/7947/2 2671/7948/2
f 1160/7949/12 1159/7950/12 2671/7951/12 2670/7952/12
f 1161/7953/2 1164/7954/2 2674/7955/2 2673/7956/2
f 1162/7957/36 1161/7958/36 2673/7959/36 2676/7960/36
f 1163/7961/3 1162/7962/3 2676/7963/3 2675/7964/3
f 1164/7965/37 1163/7966/37 2675/7967/37 2674/7968/37
f 1165/7969/3 1168/7970/3 2678/7971/3 2677/7972/3
f 1166/7973/20 1165/7974/20 2677/7975/20 2680/7976/20
f 1167/7977/2 1166/7978/2 2680/7979/2 2679/7980/2
f 1168/7981/12 1167/7982/12 2679/7983/12 2678/7984/12
f 1169/7985/2 1172/7986/2 2682/7987/2 2681/7988/2
f 1170/7989/21 1169/7990/21 2681/7991/21 2684/7992/21
f 1171/7993/3 1170/7994/3 2684/7995/3 2683/7996/3
f 1172/7997/37 1171/7998/37 2683/7999/37 2682/8000/37
f 1173/8001/3 1176/8002/3 2686/8003/3 2685/8004/3
f 1174/8005/20 1173/8006/20 2685/8007/20 2688/8008/20
f 1175/8009/2 1174/8010/2 2688/8011/2 2687/8012/2
f 1176/8013/12 1175/8014/12 2687/8015/12 2686/8016/12
f 1177/8017/2 1180/8018/2 2690/8019/2 2689/8020/2
f 1178/8021/36 1177/8022/36 2689/8023/36 2692/8024/36
f 1179/8025/3 1178/8026/3 2692/8027/3 2691/8028/3
f 1180/8029/13 1179/8030/13 2691/8031/13 2690/8032/13
f 1181/8033/3 1184/8034/3 2694/8035/3 2693/8036/3
f 1182/8037/20 1181/8038/20 2693/8039/20 2696/8040/20
f 1183/8041/2 1182/8042/2 2696/8043/2 2695/8044/2
f 1184/8045/12 1183/8046/12 2695/8047/12 2694/8048/12
f 1185/8049/2 1188/8050/2 2698/8051/2 2697/8052/2
f 1186/8053/21 1185/8054/21 2697/8055/21 2700/8056/21
f 1187/8057/3 1186/8058/3 2700/8059/3 2699/8060/3
f 1188/8061/13 1187/8062/13 2699/8063/13 2698/8064/13
f 1189/8065/3 1192/8066/3 2702/8067/3 2701/8068/3
f 1190/8069/33 1189/8070/33 2701/8071/33 2704/8072/33
f 1191/8073/2 1190/8074/2 2704/8075/2 2703/8076/2
f 1192/8077/34 1191/8078/34 2703/8079/34 2702/8080/34
f 1217/8081/3 1220/8082/3 2730/8083/3 2729/8084/3
f 1218/8085/30 1217/8086/30 2729/8087/30 2732/8088/30
f 1219/8089/2 1218/8090/2 2732/8091/2 2731/8092/2
f 1220/8093/4 1219/8094/4 2731/8095/4 2730/8096/4
f 1221/8097/2 1224/8098/2 2734/8099/2 2733/8100/2
f 1222/8101/21 1221/8102/21 2733/8103/21 2736/8104/21
f 1223/8105/3 1222/8106/3 2736/8107/3 2735/8108/3
f 1224/8109/13 1223/8110/13 2735/8111/13 2734/8112/13
f 1225/8113/3 1228/8114/3 2738/8115/3 2737/8116/3
f 1226/8117/20 1225/8118/20 2737/8119/20 2740/8120/20
f 1227/8121/2 1226/8122/2 2740/8123/2 2739/8124/2
f 1228/8125/40 1227/8126/40 2739/8127/40 2738/8128/40
f 1229/8129/2 1232/8130/2 2742/8131/2 2741/8132/2
f 1230/8133/21 1229/8134/21 2741/8135/21 2744/8136/21
f 1231/8137/3 1230/8138/3 2744/8139/3 2743/8140/3
f 1232/8141/13 1231/8142/13 2743/8143/13 2742/8144/13
f 1233/8145/3 1236/8146/3 2746/8147/3 2745/8148/3
f 1234/8149/20 1233/8150/20 2745/8151/20 2748/8152/20
f 1235/8153/2 1234/8154/2 2748/8155/2 2747/8156/2
f 1236/8157/12 1235/8158/12 2747/8159/12 2746/8160/12
f 1237/8161/2 1240/8162/2 2750/8163/2 2749/8164/2
f 1238/8165/36 1237/8166/36 2749/8167/36 2752/8168/36
f 1239/8169/3 1238/8170/3 2752/8171/3 2751/8172/3
f 1240/8173/13 1239/8174/13 2751/8175/13 2750/8176/13
f 1241/8177/3 1244/8178/3 2754/8179/3 2753/8180/3
f 1242/8181/20 1241/8182/20 2753/8183/20 2756/8184/20
f 1243/8185/2 1242/8186/2 2756/8187/2 2755/8188/2
f 1244/8189/40 1243/8190/40 2755/8191/40 2754/8192/40
f 1245/8193/2 1248/8194/2 2758/8195/2 2757/8196/2
f 1246/8197/21 1245/8198/21 2757/8199/21 2760/8200/21
f 1247/8201/3 1246/8202/3 2760/8203/3 2759/8204/3
f 1248/8205/13 1247/8206/13 2759/8207/13 2758/8208/13
f 1249/8209/3 1252/8210/3 2762/8211/3 2761/8212/3
f 1250/8213/20 1249/8214/20 2761/8215/20 2764/8216/20
f 1251/8217/2 1250/8218/2 2764/8219/2 2763/8220/2
f 1252/8221/12 1251/8222/12 2763/8223/12 2762/8224/12
f 1253/8225/2 1256/8226/2 2766/8227/2 2765/8228/2
f 1254/8229/21 1253/8230/21 2765/8231/21 2768/8232/21
f 1255/8233/3 1254/8234/3 2768/8235/3 2767/8236/3
f 1256/8237/13 1255/8238/13 2767/8239/13 2766/8240/13
f 1257/8241/3 1260/8242/3 2770/8243/3 2769/8244/3
f 1258/8245/20 1257/8246/20 2769/8247/20 2772/8248/20
f 1259/8249/2 1258/8250/2 2772/8251/2 2771/8252/2
f 1260/8253/12 1259/8254/12 2771/8255/12 2770/8256/12
f 1261/8257/2 1264/8258/2 2774/8259/2 2773/8260/2
f 1262/8261/21 1261/8262/21 2773/8263/21 2776/8264/21
f 1263/8265/3 1262/8266/3 2776/8267/3 2775/8268/3
f 1264/8269/13 1263/8270/13 2775/8271/13 2774/8272/13
f 1265/8273/3 1268/8274/3 2778/8275/3 2777/8276/3
f 1266/8277/20 1265/8278/20 2777/8279/20 2780/8280/20
f 1267/8281/2 1266/8282/2 2780/8283/2 2779/8284/2
f 1268/8285/12 1267/8286/12 2779/8287/12 2778/8288/12
f 1269/8289/2 1272/8290/2 2782/8291/2 2781/8292/2
f 1270/8293/21 1269/8294/21 2781/8295/21 2784/8296/21
f 1271/8297/3 1270/8298/3 2784/8299/3 2783/8300/3
f 1272/8301/13 1271/8302/13 2783/8303/13 2782/8304/13
f 1273/8305/3 1276/8306/3 2786/8307/3 2785/8308/3
f 1274/8309/20 1273/8310/20 2785/8311/20 2788/8312/20
f 1275/8313/2 1274/8314/2 2788/8315/2 2787/8316/2
f 1276/8317/12 1275/8318/12 2787/8319/12 2786/8320/12
f 1277/8321/2 1280/8322/2 2790/8323/2 2789/8324/2
f 1278/8325/21 1277/8326/21 2789/8327/21 2792/8328/21
f 1279/8329/3 1278/8330/3 2792/8331/3 2791/8332/3
f 1280/8333/13 1279/8334/13 2791/8335/13 2790/8336/13
f 1281/8337/3 1284/8338/3 2794/8339/3 2793/8340/3
f 1282/8341/20 1281/8342/20 2793/8343/20 2796/8344/20
f 1283/8345/2 1282/8346/2 2796/8347/2 2795/8348/2
f 1284/8349/12 1283/8350/12 2795/8351/12 2794/8352/12
f 1285/8353/2 1288/8354/2 2798/8355/2 2797/8356/2
f 1286/8357/21 1285/8358/21 2797/8359/21 2800/8360/21
f 1287/8361/3 1286/8362/3 2800/8363/3 2799/8364/3
f 1288/8365/13 1287/8366/13 2799/8367/13 2798/8368/13
f 1289/8369/3 1292/8370/3 2802/8371/3 2801/8372/3
f 1290/8373/20 1289/8374/20 2801/8375/20 2804/8376/20
f 1291/8377/2 1290/8378/2 2804/8379/2 2803/8380/2
f 1292/8381/12 1291/8382/12 2803/8383/12 2802/8384/12
f 1293/8385/2 1296/8386/2 2806/8387/2 2805/8388/2
f 1294/8389/21 1293/8390/21 2805/8391/21 2808/8392/21
f 1295/8393/3 1294/8394/3 2808/8395/3 2807/8396/3
f 1296/8397/37 1295/8398/37 2807/8399/37 2806/8400/37
f 1297/8401/3 1300/8402/3 2810/8403/3 2809/8404/3
f 1298/8405/33 1297/8406/33 2809/8407/33 2812/8408/33
f 1299/8409/2 1298/8410/2 2812/8411/2 2811/8412/2
f 1300/8413/34 1299/8414/34 2811/8415/34 2810/8416/34
f 1325/8417/3 1328/8418/3 2838/8419/3 2837/8420/3
f 1326/8421/6 1325/8422/6 2837/8423/6 2840/8424/6
f 1327/8425/2 1326/8426/2 2840/8427/2 2839/8428/2
f 1328/8429/4 1327/8430/4 2839/8431/4 2838/8432/4
f 1329/8433/2 1332/8434/2 2842/8435/2 2841/8436/2
f 1330/8437/21 1329/8438/21 2841/8439/21 2844/8440/21
f 1331/8441/3 1330/8442/3 2844/8443/3 2843/8444/3
f 1332/8445/13 1331/8446/13 2843/8447/13 2842/8448/13
f 1333/8449/3 1336/8450/3 2846/8451/3 2845/8452/3
f 1334/8453/39 1333/8454/39 2845/8455/39 2848/8456/39
f 1335/8457/2 1334/8458/2 2848/8459/2 2847/8460/2
f 1336/8461/12 1335/8462/12 2847/8463/12 2846/8464/12
f 1337/8465/2 1340/8466/2 2850/8467/2 2849/8468/2
f 1338/8469/21 1337/8470/21 2849/8471/21 2852/8472/21
f 1339/8473/3 1338/8474/3 2852/8475/3 2851/8476/3
f 1340/8477/13 1339/8478/13 2851/8479/13 2850/8480/13
f 1341/8481/3 1344/8482/3 2854/8483/3 2853/8484/3
f 1342/8485/20 1341/8486/20 2853/8487/20 2856/8488/20
f 1343/8489/2 1342/8490/2 2856/8491/2 2855/8492/2
f 1344/8493/40 1343/8494/40 2855/8495/40 2854/8496/40
f 1345/8497/2 1348/8498/2 2858/8499/2 2857/8500/2
f 1346/8501/21 1345/8502/21 2857/8503/21 2860/8504/21
f 1347/8505/3 1346/8506/3 2860/8507/3 2859/8508/3
f 1348/8509/13 1347/8510/13 2859/8511/13 2858/8512/13
f 1349/8513/3 1352/8514/3 2862/8515/3 2861/8516/3
f 1350/8517/20 1349/8518/20 2861/8519/20 2864/8520/20
f 1351/8521/2 1350/8522/2 2864/8523/2 2863/8524/2
f 1352/8525/12 1351/8526/12 2863/8527/12 2862/8528/12
f 1353/8529/2 1356/8530/2 2866/8531/2 2865/8532/2
f 1354/8533/21 1353/8534/21 2865/8535/21 2868/8536/21
f 1355/8537/3 1354/8538/3 2868/8539/3 2867/8540/3
f 1356/8541/13 1355/8542/13 2867/8543/13 2866/8544/13
f 1357/8545/3 1360/8546/3 2870/8547/3 2869/8548/3
f 1358/8549/20 1357/8550/20 2869/8551/20 2872/8552/20
f 1359/8553/2 1358/8554/2 2872/8555/2 2871/8556/2
f 1360/8557/12 1359/8558/12 2871/8559/12 2870/8560/12
f 1361/8561/2 1364/8562/2 2874/8563/2 2873/8564/2
f 1362/8565/21 1361/8566/21 2873/8567/21 2876/8568/21
f 1363/8569/3 1362/8570/3 2876/8571/3 2875/8572/3
f 1364/8573/13 1363/8574/13 2875/8575/13 2874/8576/13
f 1365/8577/3 1368/8578/3 2878/8579/3 2877/8580/3
f 1366/8581/20 1365/8582/20 2877/8583/20 2880/8584/20
f 1367/8585/2 1366/8586/2 2880/8587/2 2879/8588/2
f 1368/8589/12 1367/8590/12 2879/8591/12 2878/8592/12
f 1369/8593/2 1372/8594/2 2882/8595/2 2881/8596/2
f 1370/8597/21 1369/8598/21 2881/8599/21 2884/8600/21
f 1371/8601/3 1370/8602/3 2884/8603/3 2883/8604/3
f 1372/8605/13 1371/8606/13 2883/8607/13 2882/8608/13
f 1373/8609/3 1376/8610/3 2886/8611/3 2885/8612/3
f 1374/8613/20 1373/8614/20 2885/8615/20 2888/8616/20
f 1375/8617/2 1374/8618/2 2888/8619/2 2887/8620/2
f 1376/8621/12 1375/8622/12 2887/8623/12 2886/8624/12
f 1377/8625/2 1380/8626/2 2890/8627/2 2889/8628/2
f 1378/8629/21 1377/8630/21 2889/8631/21 2892/8632/21
f 1379/8633/3 1378/8634/3 2892/8635/3 2891/8636/3
f 1380/8637/13 1379/8638/13 2891/8639/13 2890/8640/13
f 1381/8641/3 1384/8642/3 2894/8643/3 2893/8644/3
f 1382/8645/20 1381/8646/20 2893/8647/20 2896/8648/20
f 1383/8649/2 1382/8650/2 2896/8651/2 2895/8652/2
f 1384/8653/12 1383/8654/12 2895/8655/12 2894/8656/12
f 1385/8657/2 1388/8658/2 2898/8659/2 2897/8660/2
f 1386/8661/21 1385/8662/21 2897/8663/21 2900/8664/21
f 1387/8665/3 1386/8666/3 2900/8667/3 2899/8668/3
f 1388/8669/13 1387/8670/13 2899/8671/13 2898/8672/13
f 1389/8673/3 1392/8674/3 2902/8675/3 2901/8676/3
f 1390/8677/20 1389/8678/20 2901/8679/20 2904/8680/20
f 1391/8681/2 1390/8682/2 2904/8683/2 2903/8684/2
f 1392/8685/40 1391/8686/40 2903/8687/40 2902/8688/40
f 1393/8689/2 1396/8690/2 2906/8691/2 2905/8692/2
f 1394/8693/21 1393/8694/21 2905/8695/21 2908/8696/21
f 1395/8697/3 1394/8698/3 2908/8699/3 2907/8700/3
f 1396/8701/13 1395/8702/13 2907/8703/13 2906/8704/13
f 1397/8705/3 1400/8706/3 2910/8707/3 2909/8708/3
f 1398/8709/20 1397/8710/20 2909/8711/20 2912/8712/20
f 1399/8713/2 1398/8714/2 2912/8715/2 2911/8716/2
f 1400/8717/12 1399/8718/12 2911/8719/12 2910/8720/12
f 1401/8721/2 1404/8722/2 2914/8723/2 2913/8724/2
f 1402/8725/21 1401/8726/21 2913/8727/21 2916/8728/21
f 1403/8729/3 1402/8730/3 2916/8731/3 2915/8732/3
f 1404/8733/13 1403/8734/13 2915/8735/13 2914/8736/13
f 1405/8737/3 1408/8738/3 2918/8739/3 2917/8740/3
f 1406/8741/33 1405/8742/33 2917/8743/33 2920/8744/33
f 1407/8745/2 1406/8746/2 2920/8747/2 2919/8748/2
f 1408/8749/34 1407/8750/34 2919/8751/34 2918/8752/34
f 1433/8753/3 1436/8754/3 2946/8755/3 2945/8756/3
f 1434/8757/6 1433/8758/6 2945/8759/6 2948/8760/6
f 1435/8761/2 1434/8762/2 2948/8763/2 2947/8764/2
f 1436/8765/4 1435/8766/4 2947/8767/4 2946/8768/4
f 1437/8769/2 1440/8770/2 2950/8771/2 2949/8772/2
f 1438/8773/21 1437/8774/21 2949/8775/21 2952/8776/21
f 1439/8777/3 1438/8778/3 2952/8779/3 2951/8780/3
f 1440/8781/13 1439/8782/13 2951/8783/13 2950/8784/13
f 1441/8785/3 1444/8786/3 2954/8787/3 2953/8788/3
f 1442/8789/20 1441/8790/20 2953/8791/20 2956/8792/20
f 1443/8793/2 1442/8794/2 2956/8795/2 2955/8796/2
f 1444/8797/12 1443/8798/12 2955/8799/12 2954/8800/12
f 1445/8801/2 1448/8802/2 2958/8803/2 2957/8804/2
f 1446/8805/21 1445/8806/21 2957/8807/21 2960/8808/21
f 1447/8809/3 1446/8810/3 2960/8811/3 2959/8812/3
f 1448/8813/13 1447/8814/13 2959/8815/13 2958/8816/13
f 1449/8817/3 1452/8818/3 2962/8819/3 2961/8820/3
f 1450/8821/20 1449/8822/20 2961/8823/20 2964/8824/20
f 1451/8825/2 1450/8826/2 2964/8827/2 2963/8828/2
f 1452/8829/12 1451/8830/12 2963/8831/12 2962/8832/12
f 1453/8833/2 1456/8834/2 2966/8835/2 2965/8836/2
f 1454/8837/21 1453/8838/21 2965/8839/21 2968/8840/21
f 1455/8841/3 1454/8842/3 2968/8843/3 2967/8844/3
f 1456/8845/13 1455/8846/13 2967/8847/13 2966/8848/13
f 1457/8849/3 1460/8850/3 2970/8851/3 2969/8852/3
f 1458/8853/20 1457/8854/20 2969/8855/20 2972/8856/20
f 1459/8857/2 1458/8858/2 2972/8859/2 2971/8860/2
f 1460/8861/12 1459/8862/12 2971/8863/12 2970/8864/12
f 1461/8865/2 1464/8866/2 2974/8867/2 2973/8868/2
f 1462/8869/21 1461/8870/21 2973/8871/21 2976/8872/21
f 1463/8873/3 1462/8874/3 2976/8875/3 2975/8876/3
f 1464/8877/13 1463/8878/13 2975/8879/13 2974/8880/13
f 1465/8881/3 1468/8882/3 2978/8883/3 2977/8884/3
f 1466/8885/20 1465/8886/20 2977/8887/20 2980/8888/20
f 1467/8889/2 1466/8890/2 2980/8891/2 2979/8892/2
f 1468/8893/12 1467/8894/12 2979/8895/12 2978/8896/12
f 1469/8897/2 1472/8898/2 2982/8899/2 2981/8900/2
f 1470/8901/36 1469/8902/36 2981/8903/36 2984/8904/36
f 1471/8905/3 1470/8906/3 2984/8907/3 2983/8908/3
f 1472/8909/13 1471/8910/13 2983/8911/13 2982/8912/13
f 1473/8913/3 1476/8914/3 2986/8915/3 2985/8916/3
f 1474/8917/20 1473/8918/20 2985/8919/20 2988/8920/20
f 1475/8921/2 1474/8922/2 2988/8923/2 2987/8924/2
f 1476/8925/12 1475/8926/12 2987/8927/12 2986/8928/12
f 1477/8929/2 1480/8930/2 2990/8931/2 2989/8932/2
f 1478/8933/21 1477/8934/21 2989/8935/21 2992/8936/21
f 1479/8937/3 1478/8938/3 2992/8939/3 2991/8940/3
f 1480/8941/13 1479/8942/13 2991/8943/13 2990/8944/13
f 1481/8945/3 1484/8946/3 2994/8947/3 2993/8948/3
f 1482/8949/20 1481/8950/20 2993/8951/20 2996/8952/20
f 1483/8953/2 1482/8954/2 2996/8955/2 2995/8956/2
f 1484/8957/12 1483/8958/12 2995/8959/12 2994/8960/12
f 1485/8961/2 1488/8962/2 2998/8963/2 2997/8964/2
f 1486/8965/36 1485/8966/36 2997/8967/36 3000/8968/36
f 1487/8969/3 1486/8970/3 3000/8971/3 2999/8972/3
f 1488/8973/13 1487/8974/13 2999/8975/13 2998/8976/13
f 1489/8977/3 1492/8978/3 3002/8979/3 3001/8980/3
f 1490/8981/20 1489/8982/20 3001/8983/20 3004/8984/20
f 1491/8985/2 1490/8986/2 3004/8987/2 3003/8988/2
f 1492/8989/12 1491/8990/12 3003/8991/12 3002/8992/12
f 1493/8993/2 1496/8994/2 3006/8995/2 3005/8996/2
f 1494/8997/21 1493/8998/21 3005/8999/21 3008/9000/21
f 1495/9001/3 1494/9002/3 3008/9003/3 3007/9004/3
f 1496/9005/13 1495/9006/13 3007/9007/13 3006/9008/13
f 1497/9009/3 1500/9010/3 3010/9011/3 3009/9012/3
f 1498/9013/20 1497/9014/20 3009/9015/20 3012/9016/20
f 1499/9017/2 1498/9018/2 3012/9019/2 3011/9020/2
f 1500/9021/12 1499/9022/12 3011/9023/12 3010/9024/12
f 1501/9025/2 1504/9026/2 3014/9027/2 3013/9028/2
f 1502/9029/21 1501/9030/21 3013/9031/21 3016/9032/21
f 1503/9033/3 1502/9034/3 3016/9035/3 3015/9036/3
f 1504/9037/37 1503/9038/37 3015/9039/37 3014/9040/37
f 1505/9041/3 1508/9042/3 3018/9043/3 3017/9044/3
f 1506/9045/20 1505/9046/20 3017/9047/20 3020/9048/20
f 1507/9049/2 1506/9050/2 3020/9051/2 3019/9052/2
f 1508/9053/12 1507/9054/12 3019/9055/12 3018/9056/12
f 1509/9057/2 1512/9058/2 3022/9059/2 3021/9060/2
f 1510/9061/21 1509/9062/21 3021/9063/21 3024/9064/21
f 1511/9065/3 1510/9066/3 3024/9067/3 3023/9068/3
f 1512/9069/13 1511/9070/13 3023/9071/13 3022/9072/13
o Truss1_Plane.053
v -6.500000 2.639397 3.800000
v 6.500000 2.639397 3.800000
v 6.500000 2.639397 3.760000
v -6.500000 2.639397 3.760000
v -6.500000 2.899397 3.800000
v 6.500000 2.899397 3.800000
v 6.500000 2.899397 3.760000
v -6.500000 2.899397 3.760000
v -6.500000 2.599397 3.800000
v -6.500000 2.599397 3.760000
v 6.500000 2.599397 3.760000
v 6.500000 2.599397 3.800000
v -6.500000 2.859397 3.800000
v -6.500000 2.859397 3.760000
v 6.500000 2.859397 3.760000
v 6.500000 2.859397 3.800000
v -6.470804 2.639397 3.797415
v -6.450804 2.639397 3.797415
v -6.450804 2.859397 3.797415
v -6.470804 2.859397 3.797415
v -6.195804 2.639397 3.797415
v -6.175804 2.639397 3.797415
v -6.175804 2.859397 3.797415
v -6.195804 2.859397 3.797415
v -5.920804 2.639397 3.797415
v -5.900804 2.639397 3.797415
v -5.900804 2.859397 3.797415
v -5.920804 2.859397 3.797415
v -5.645803 2.639397 3.797415
v -5.625804 2.639397 3.797415
v -5.625804 2.859397 3.797415
v -5.645803 2.859397 3.797415
v -5.370804 2.639397 3.797415
v -5.350804 2.639397 3.797415
v -5.350804 2.859397 3.797415
v -5.370804 2.859397 3.797415
v -5.095804 2.639397 3.797415
v -5.075804 2.639397 3.797415
v -5.075804 2.859397 3.797415
v -5.095804 2.859397 3.797415
v -4.820804 2.639397 3.797415
v -4.800804 2.639397 3.797415
v -4.800804 2.859397 3.797415
v -4.820804 2.859397 3.797415
v -4.545804 2.639397 3.797415
v -4.525804 2.639397 3.797415
v -4.525804 2.859397 3.797415
v -4.545804 2.859397 3.797415
v -4.270803 2.639397 3.797415
v -4.250804 2.639397 3.797415
v -4.250804 2.859397 3.797415
v -4.270803 2.859397 3.797415
v -3.995804 2.639397 3.797415
v -3.975804 2.639397 3.797415
v -3.975804 2.859397 3.797415
v -3.995804 2.859397 3.797415
v -3.720803 2.639397 3.797415
v -3.700804 2.639397 3.797415
v -3.700804 2.859397 3.797415
v -3.720803 2.859397 3.797415
v -3.445803 2.639397 3.797415
v -3.425803 2.639397 3.797415
v -3.425803 2.859397 3.797415
v -3.445803 2.859397 3.797415
v -3.170803 2.639397 3.797415
v -3.150803 2.639397 3.797415
v -3.150803 2.859397 3.797415
v -3.170803 2.859397 3.797415
v -2.895803 2.639397 3.797415
v -2.875803 2.639397 3.797415
v -2.875803 2.859397 3.797415
v -2.895803 2.859397 3.797415
v -2.620803 2.639397 3.797415
v -2.600803 2.639397 3.797415
v -2.600803 2.859397 3.797415
v -2.620803 2.859397 3.797415
v -2.345803 2.639397 3.797415
v -2.325803 2.639397 3.797415
v -2.325803 2.859397 3.797415
v -2.345803 2.859397 3.797415
v -2.070803 2.639397 3.797415
v -2.050803 2.639397 3.797415
v -2.050803 2.859397 3.797415
v -2.070803 2.859397 3.797415
v -1.795803 2.639397 3.797415
v -1.775803 2.639397 3.797415
v -1.775803 2.859397 3.797415
v -1.795803 2.859397 3.797415
v -1.520803 2.639397 3.797415
v -1.500803 2.639397 3.797415
v -1.500803 2.859397 3.797415
v -1.520803 2.859397 3.797415
v -1.245803 2.639397 3.797415
v -1.225803 2.639397 3.797415
v -1.225803 2.859397 3.797415
v -1.245803 2.859397 3.797415
v -0.970803 2.639397 3.797415
v -0.950803 2.639397 3.797415
v -0.950803 2.859397 3.797415
v -0.970803 2.859397 3.797415
v -0.695803 2.639397 3.797415
v -0.675803 2.639397 3.797415
v -0.675803 2.859397 3.797415
v -0.695803 2.859397 3.797415
v -0.420803 2.639397 3.797415
v -0.400803 2.639397 3.797415
v -0.400803 2.859397 3.797415
v -0.420803 2.859397 3.797415
v -0.145802 2.639397 3.797415
v -0.125803 2.639397 3.797415
v -0.125803 2.859397 3.797415
v -0.145802 2.859397 3.797415
v 0.129198 2.639397 3.797415
v 0.149198 2.639397 3.797415
v 0.149198 2.859397 3.797415
v 0.129198 2.859397 3.797415
v 0.404198 2.639397 3.797415
v 0.424198 2.639397 3.797415
v 0.424198 2.859397 3.797415
v 0.404198 2.859397 3.797415
v 0.679198 2.639397 3.797415
v 0.699198 2.639397 3.797415
v 0.699198 2.859397 3.797415
v 0.679198 2.859397 3.797415
v 0.954198 2.639397 3.797415
v 0.974198 2.639397 3.797415
v 0.974198 2.859397 3.797415
v 0.954198 2.859397 3.797415
v 1.229198 2.639397 3.797415
v 1.249198 2.639397 3.797415
v 1.249198 2.859397 3.797415
v 1.229198 2.859397 3.797415
v 1.504198 2.639397 3.797415
v 1.524198 2.639397 3.797415
v 1.524198 2.859397 3.797415
v 1.504198 2.859397 3.797415
v 1.779198 2.639397 3.797415
v 1.799198 2.639397 3.797415
v 1.799198 2.859397 3.797415
v 1.779198 2.859397 3.797415
v 2.054197 2.639397 3.797415
v 2.074198 2.639397 3.797415
v 2.074198 2.859397 3.797415
v 2.054197 2.859397 3.797415
v 2.329197 2.639397 3.797415
v 2.349197 2.639397 3.797415
v 2.349197 2.859397 3.797415
v 2.329197 2.859397 3.797415
v 2.604197 2.639397 3.797415
v 2.624197 2.639397 3.797415
v 2.624197 2.859397 3.797415
v 2.604197 2.859397 3.797415
v 2.879196 2.639397 3.797415
v 2.899197 2.639397 3.797415
v 2.899197 2.859397 3.797415
v 2.879196 2.859397 3.797415
v 3.154196 2.639397 3.797415
v 3.174196 2.639397 3.797415
v 3.174196 2.859397 3.797415
v 3.154196 2.859397 3.797415
v 3.429195 2.639397 3.797415
v 3.449196 2.639397 3.797415
v 3.449196 2.859397 3.797415
v 3.429195 2.859397 3.797415
v 3.704195 2.639397 3.797415
v 3.724195 2.639397 3.797415
v 3.724195 2.859397 3.797415
v 3.704195 2.859397 3.797415
v 3.979195 2.639397 3.797415
v 3.999195 2.639397 3.797415
v 3.999195 2.859397 3.797415
v 3.979195 2.859397 3.797415
v 4.254194 2.639397 3.797415
v 4.274195 2.639397 3.797415
v 4.274195 2.859397 3.797415
v 4.254194 2.859397 3.797415
v 4.529194 2.639397 3.797415
v 4.549194 2.639397 3.797415
v 4.549194 2.859397 3.797415
v 4.529194 2.859397 3.797415
v 4.804193 2.639397 3.797415
v 4.824194 2.639397 3.797415
v 4.824194 2.859397 3.797415
v 4.804193 2.859397 3.797415
v 5.079193 2.639397 3.797415
v 5.099194 2.639397 3.797415
v 5.099194 2.859397 3.797415
v 5.079193 2.859397 3.797415
v 5.354193 2.639397 3.797415
v 5.374193 2.639397 3.797415
v 5.374193 2.859397 3.797415
v 5.354193 2.859397 3.797415
v 5.629192 2.639397 3.797415
v 5.649193 2.639397 3.797415
v 5.649193 2.859397 3.797415
v 5.629192 2.859397 3.797415
v 5.904192 2.639397 3.797415
v 5.924192 2.639397 3.797415
v 5.924192 2.859397 3.797415
v 5.904192 2.859397 3.797415
v 6.179192 2.639397 3.797415
v 6.199192 2.639397 3.797415
v 6.199192 2.859397 3.797415
v 6.179192 2.859397 3.797415
v 6.454191 2.639397 3.797415
v 6.474192 2.639397 3.797415
v 6.474192 2.859397 3.797415
v 6.454191 2.859397 3.797415
v -6.470804 2.639397 3.762414
v -6.470804 2.859397 3.762414
v -6.450804 2.859397 3.762414
v -6.450804 2.639397 3.762414
v -6.195804 2.639397 3.762414
v -6.195804 2.859397 3.762414
v -6.175804 2.859397 3.762414
v -6.175804 2.639397 3.762414
v -5.920804 2.639397 3.762414
v -5.920804 2.859397 3.762414
v -5.900804 2.859397 3.762414
v -5.900804 2.639397 3.762414
v -5.645803 2.639397 3.762414
v -5.645803 2.859397 3.762414
v -5.625804 2.859397 3.762414
v -5.625804 2.639397 3.762414
v -5.370804 2.639397 3.762414
v -5.370804 2.859397 3.762414
v -5.350804 2.859397 3.762414
v -5.350804 2.639397 3.762414
v -5.095804 2.639397 3.762414
v -5.095804 2.859397 3.762414
v -5.075804 2.859397 3.762414
v -5.075804 2.639397 3.762414
v -4.820804 2.639397 3.762414
v -4.820804 2.859397 3.762414
v -4.800804 2.859397 3.762414
v -4.800804 2.639397 3.762414
v -4.545804 2.639397 3.762414
v -4.545804 2.859397 3.762414
v -4.525804 2.859397 3.762414
v -4.525804 2.639397 3.762414
v -4.270803 2.639397 3.762414
v -4.270803 2.859397 3.762414
v -4.250804 2.859397 3.762414
v -4.250804 2.639397 3.762414
v -3.995804 2.639397 3.762414
v -3.995804 2.859397 3.762414
v -3.975804 2.859397 3.762414
v -3.975804 2.639397 3.762414
v -3.720803 2.639397 3.762414
v -3.720803 2.859397 3.762414
v -3.700804 2.859397 3.762414
v -3.700804 2.639397 3.762414
v -3.445803 2.639397 3.762414
v -3.445803 2.859397 3.762414
v -3.425803 2.859397 3.762414
v -3.425803 2.639397 3.762414
v -3.170803 2.639397 3.762414
v -3.170803 2.859397 3.762414
v -3.150803 2.859397 3.762414
v -3.150803 2.639397 3.762414
v -2.895803 2.639397 3.762414
v -2.895803 2.859397 3.762414
v -2.875803 2.859397 3.762414
v -2.875803 2.639397 3.762414
v -2.620803 2.639397 3.762414
v -2.620803 2.859397 3.762414
v -2.600803 2.859397 3.762414
v -2.600803 2.639397 3.762414
v -2.345803 2.639397 3.762414
v -2.345803 2.859397 3.762414
v -2.325803 2.859397 3.762414
v -2.325803 2.639397 3.762414
v -2.070803 2.639397 3.762414
v -2.070803 2.859397 3.762414
v -2.050803 2.859397 3.762414
v -2.050803 2.639397 3.762414
v -1.795803 2.639397 3.762414
v -1.795803 2.859397 3.762414
v -1.775803 2.859397 3.762414
v -1.775803 2.639397 3.762414
v -1.520803 2.639397 3.762414
v -1.520803 2.859397 3.762414
v -1.500803 2.859397 3.762414
v -1.500803 2.639397 3.762414
v -1.245803 2.639397 3.762414
v -1.245803 2.859397 3.762414
v -1.225803 2.859397 3.762414
v -1.225803 2.639397 3.762414
v -0.970803 2.639397 3.762414
v -0.970803 2.859397 3.762414
v -0.950803 2.859397 3.762414
v -0.950803 2.639397 3.762414
v -0.695803 2.639397 3.762414
v -0.695803 2.859397 3.762414
v -0.675803 2.859397 3.762414
v -0.675803 2.639397 3.762414
v -0.420803 2.639397 3.762414
v -0.420803 2.859397 3.762414
v -0.400803 2.859397 3.762414
v -0.400803 2.639397 3.762414
v -0.145802 2.639397 3.762414
v -0.145802 2.859397 3.762414
v -0.125803 2.859397 3.762414
v -0.125803 2.639397 3.762414
v 0.129198 2.639397 3.762414
v 0.129198 2.859397 3.762414
v 0.149198 2.859397 3.762414
v 0.149198 2.639397 3.762414
v 0.404198 2.639397 3.762414
v 0.404198 2.859397 3.762414
v 0.424198 2.859397 3.762414
v 0.424198 2.639397 3.762414
v 0.679198 2.639397 3.762414
v 0.679198 2.859397 3.762414
v 0.699198 2.859397 3.762414
v 0.699198 2.639397 3.762414
v 0.954198 2.639397 3.762414
v 0.954198 2.859397 3.762414
v 0.974198 2.859397 3.762414
v 0.974198 2.639397 3.762414
v 1.229198 2.639397 3.762414
v 1.229198 2.859397 3.762414
v 1.249198 2.859397 3.762414
v 1.249198 2.639397 3.762414
v 1.504198 2.639397 3.762414
v 1.504198 2.859397 3.762414
v 1.524198 2.859397 3.762414
v 1.524198 2.639397 3.762414
v 1.779198 2.639397 3.762414
v 1.779198 2.859397 3.762414
v 1.799198 2.859397 3.762414
v 1.799198 2.639397 3.762414
v 2.054197 2.639397 3.762414
v 2.054197 2.859397 3.762414
v 2.074198 2.859397 3.762414
v 2.074198 2.639397 3.762414
v 2.329197 2.639397 3.762414
v 2.329197 2.859397 3.762414
v 2.349197 2.859397 3.762414
v 2.349197 2.639397 3.762414
v 2.604197 2.639397 3.762414
v 2.604197 2.859397 3.762414
v 2.624197 2.859397 3.762414
v 2.624197 2.639397 3.762414
v 2.879196 2.639397 3.762414
v 2.879196 2.859397 3.762414
v 2.899197 2.859397 3.762414
v 2.899197 2.639397 3.762414
v 3.154196 2.639397 3.762414
v 3.154196 2.859397 3.762414
v 3.174196 2.859397 3.762414
v 3.174196 2.639397 3.762414
v 3.429195 2.639397 3.762414
v 3.429195 2.859397 3.762414
v 3.449196 2.859397 3.762414
v 3.449196 2.639397 3.762414
v 3.704195 2.639397 3.762414
v 3.704195 2.859397 3.762414
v 3.724195 2.859397 3.762414
v 3.724195 2.639397 3.762414
v 3.979195 2.639397 3.762414
v 3.979195 2.859397 3.762414
v 3.999195 2.859397 3.762414
v 3.999195 2.639397 3.762414
v 4.254194 2.639397 3.762414
v 4.254194 2.859397 3.762414
v 4.274195 2.859397 3.762414
v 4.274195 2.639397 3.762414
v 4.529194 2.639397 3.762414
v 4.529194 2.859397 3.762414
v 4.549194 2.859397 3.762414
v 4.549194 2.639397 3.762414
v 4.804193 2.639397 3.762414
v 4.804193 2.859397 3.762414
v 4.824194 2.859397 3.762414
v 4.824194 2.639397 3.762414
v 5.079193 2.639397 3.762414
v 5.079193 2.859397 3.762414
v 5.099194 2.859397 3.762414
v 5.099194 2.639397 3.762414
v 5.354193 2.639397 3.762414
v 5.354193 2.859397 3.762414
v 5.374193 2.859397 3.762414
v 5.374193 2.639397 3.762414
v 5.629192 2.639397 3.762414
v 5.629192 2.859397 3.762414
v 5.649193 2.859397 3.762414
v 5.649193 2.639397 3.762414
v 5.904192 2.639397 3.762414
v 5.904192 2.859397 3.762414
v 5.924192 2.859397 3.762414
v 5.924192 2.639397 3.762414
v 6.179192 2.639397 3.762414
v 6.179192 2.859397 3.762414
v 6.199192 2.859397 3.762414
v 6.199192 2.639397 3.762414
v 6.454191 2.639397 3.762414
v 6.454191 2.859397 3.762414
v 6.474192 2.859397 3.762414
v 6.474192 2.639397 3.762414
v -6.446885 2.639397 3.797415
v -6.432743 2.625255 3.797415
v -6.198369 2.859629 3.797415
v -6.212512 2.873771 3.797415
v -5.896884 2.639397 3.797415
v -5.882742 2.625255 3.797415
v -5.648369 2.859629 3.797415
v -5.662511 2.873771 3.797414
v -5.346885 2.639397 3.797415
v -5.332743 2.625255 3.797415
v -5.098369 2.859629 3.797415
v -5.112511 2.873771 3.797415
v -4.796885 2.639397 3.797415
v -4.782743 2.625255 3.797415
v -4.548369 2.859629 3.797415
v -4.562511 2.873771 3.797415
v -4.246884 2.639397 3.797415
v -4.232742 2.625255 3.797414
v -3.998369 2.859629 3.797415
v -4.012511 2.873771 3.797415
v -3.696885 2.639397 3.797414
v -3.682743 2.625255 3.797415
v -3.448369 2.859629 3.797415
v -3.462511 2.873771 3.797415
v -3.146885 2.639397 3.797414
v -3.132743 2.625255 3.797415
v -2.898369 2.859629 3.797415
v -2.912511 2.873771 3.797415
v -2.596885 2.639397 3.797414
v -2.582743 2.625255 3.797414
v -2.348369 2.859629 3.797415
v -2.362512 2.873771 3.797415
v -2.046885 2.639397 3.797414
v -2.032743 2.625255 3.797414
v -1.798369 2.859629 3.797415
v -1.812511 2.873771 3.797415
v -1.496884 2.639397 3.797415
v -1.482742 2.625255 3.797415
v -1.248369 2.859629 3.797415
v -1.262511 2.873771 3.797415
v -0.946884 2.639397 3.797414
v -0.932742 2.625255 3.797414
v -0.698369 2.859629 3.797415
v -0.712511 2.873771 3.797415
v -0.396884 2.639397 3.797414
v -0.382742 2.625255 3.797414
v -0.148368 2.859629 3.797415
v -0.162511 2.873771 3.797415
v 0.153116 2.639397 3.797414
v 0.167258 2.625255 3.797414
v 0.401632 2.859629 3.797415
v 0.387489 2.873771 3.797415
v 0.703116 2.639397 3.797414
v 0.717258 2.625255 3.797414
v 0.951632 2.859629 3.797415
v 0.937490 2.873771 3.797415
v 1.253117 2.639397 3.797415
v 1.267259 2.625255 3.797415
v 1.501632 2.859629 3.797415
v 1.487490 2.873771 3.797415
v 1.803116 2.639397 3.797414
v 1.817258 2.625255 3.797415
v 2.051631 2.859629 3.797415
v 2.037489 2.873771 3.797415
v 2.353117 2.639397 3.797414
v 2.367259 2.625255 3.797415
v 2.601632 2.859629 3.797415
v 2.587490 2.873771 3.797415
v 2.903117 2.639397 3.797414
v 2.917259 2.625255 3.797415
v 3.151632 2.859629 3.797415
v 3.137490 2.873771 3.797415
v 3.453117 2.639397 3.797414
v 3.467259 2.625255 3.797415
v 3.701632 2.859629 3.797415
v 3.687490 2.873771 3.797415
v 4.003117 2.639397 3.797414
v 4.017259 2.625255 3.797415
v 4.251632 2.859629 3.797415
v 4.237490 2.873771 3.797415
v 4.553117 2.639397 3.797414
v 4.567259 2.625255 3.797415
v 4.801632 2.859629 3.797415
v 4.787490 2.873771 3.797415
v 5.103117 2.639397 3.797414
v 5.117260 2.625255 3.797415
v 5.351633 2.859629 3.797415
v 5.337491 2.873771 3.797415
v 5.653118 2.639397 3.797414
v 5.667260 2.625255 3.797415
v 5.901633 2.859629 3.797415
v 5.887491 2.873771 3.797415
v 6.203118 2.639397 3.797414
v 6.217260 2.625255 3.797415
v 6.451633 2.859629 3.797415
v 6.437491 2.873771 3.797415
v -6.446885 2.639397 3.762414
v -6.212512 2.873771 3.762414
v -6.198369 2.859629 3.762414
v -6.432743 2.625255 3.762414
v -5.896884 2.639397 3.762414
v -5.662511 2.873771 3.762414
v -5.648369 2.859629 3.762414
v -5.882742 2.625255 3.762414
v -5.346885 2.639397 3.762414
v -5.112511 2.873771 3.762414
v -5.098369 2.859629 3.762414
v -5.332743 2.625255 3.762414
v -4.796885 2.639397 3.762414
v -4.562511 2.873771 3.762414
v -4.548369 2.859629 3.762414
v -4.782743 2.625255 3.762414
v -4.246884 2.639397 3.762414
v -4.012511 2.873771 3.762414
v -3.998369 2.859629 3.762414
v -4.232742 2.625255 3.762414
v -3.696885 2.639397 3.762414
v -3.462511 2.873771 3.762414
v -3.448369 2.859629 3.762414
v -3.682743 2.625255 3.762414
v -3.146885 2.639397 3.762414
v -2.912511 2.873771 3.762414
v -2.898369 2.859629 3.762414
v -3.132743 2.625255 3.762414
v -2.596885 2.639397 3.762414
v -2.362512 2.873771 3.762414
v -2.348369 2.859629 3.762414
v -2.582743 2.625255 3.762414
v -2.046885 2.639397 3.762414
v -1.812511 2.873771 3.762414
v -1.798369 2.859629 3.762414
v -2.032743 2.625255 3.762414
v -1.496884 2.639397 3.762414
v -1.262511 2.873771 3.762414
v -1.248369 2.859629 3.762414
v -1.482742 2.625255 3.762414
v -0.946884 2.639397 3.762414
v -0.712511 2.873771 3.762414
v -0.698369 2.859629 3.762414
v -0.932742 2.625255 3.762414
v -0.396884 2.639397 3.762414
v -0.162511 2.873771 3.762414
v -0.148368 2.859629 3.762414
v -0.382742 2.625255 3.762414
v 0.153116 2.639397 3.762414
v 0.387489 2.873771 3.762414
v 0.401632 2.859629 3.762414
v 0.167258 2.625255 3.762414
v 0.703116 2.639397 3.762414
v 0.937490 2.873771 3.762414
v 0.951632 2.859629 3.762414
v 0.717258 2.625255 3.762414
v 1.253117 2.639397 3.762414
v 1.487490 2.873771 3.762414
v 1.501632 2.859629 3.762414
v 1.267259 2.625255 3.762414
v 1.803116 2.639397 3.762414
v 2.037489 2.873771 3.762414
v 2.051631 2.859629 3.762414
v 1.817258 2.625255 3.762414
v 2.353117 2.639397 3.762414
v 2.587490 2.873771 3.762414
v 2.601632 2.859629 3.762414
v 2.367259 2.625255 3.762414
v 2.903117 2.639397 3.762414
v 3.137490 2.873771 3.762414
v 3.151632 2.859629 3.762414
v 2.917259 2.625255 3.762414
v 3.453117 2.639397 3.762414
v 3.687490 2.873771 3.762414
v 3.701632 2.859629 3.762414
v 3.467259 2.625255 3.762414
v 4.003117 2.639397 3.762414
v 4.237490 2.873771 3.762414
v 4.251632 2.859629 3.762414
v 4.017259 2.625255 3.762414
v 4.553117 2.639397 3.762414
v 4.787490 2.873771 3.762414
v 4.801632 2.859629 3.762414
v 4.567259 2.625255 3.762414
v 5.103117 2.639397 3.762414
v 5.337491 2.873771 3.762414
v 5.351633 2.859629 3.762414
v 5.117260 2.625255 3.762414
v 5.653118 2.639397 3.762414
v 5.887491 2.873771 3.762414
v 5.901633 2.859629 3.762414
v 5.667260 2.625255 3.762414
v 6.203118 2.639397 3.762414
v 6.437491 2.873771 3.762414
v 6.451633 2.859629 3.762414
v 6.217260 2.625255 3.762414
v -5.924534 2.639397 3.762414
v -5.938676 2.625255 3.762414
v -6.173049 2.859629 3.762414
v -6.158907 2.873771 3.762414
v -5.374534 2.639397 3.762414
v -5.388676 2.625255 3.762414
v -5.623049 2.859629 3.762414
v -5.608907 2.873771 3.762415
v -4.824534 2.639397 3.762414
v -4.838676 2.625255 3.762414
v -5.073050 2.859629 3.762414
v -5.058908 2.873771 3.762414
v -4.274534 2.639397 3.762414
v -4.288676 2.625255 3.762414
v -4.523049 2.859629 3.762414
v -4.508907 2.873771 3.762414
v -3.724534 2.639397 3.762415
v -3.738676 2.625255 3.762414
v -3.973050 2.859629 3.762414
v -3.958907 2.873771 3.762414
v -3.174534 2.639397 3.762414
v -3.188676 2.625255 3.762415
v -3.423049 2.859629 3.762414
v -3.408907 2.873771 3.762414
v -2.624534 2.639397 3.762414
v -2.638676 2.625255 3.762415
v -2.873049 2.859629 3.762414
v -2.858907 2.873771 3.762414
v -2.074534 2.639397 3.762414
v -2.088676 2.625255 3.762415
v -2.323050 2.859629 3.762414
v -2.308908 2.873771 3.762414
v -1.524534 2.639397 3.762415
v -1.538676 2.625255 3.762415
v -1.773050 2.859629 3.762414
v -1.758907 2.873771 3.762414
v -0.974534 2.639397 3.762415
v -0.988676 2.625255 3.762415
v -1.223050 2.859629 3.762414
v -1.208907 2.873771 3.762414
v -0.424534 2.639397 3.762415
v -0.438676 2.625255 3.762415
v -0.673049 2.859629 3.762414
v -0.658907 2.873771 3.762414
v 0.125466 2.639397 3.762414
v 0.111324 2.625255 3.762414
v -0.123049 2.859629 3.762414
v -0.108907 2.873771 3.762414
v 0.675467 2.639397 3.762415
v 0.661325 2.625255 3.762415
v 0.426951 2.859629 3.762414
v 0.441093 2.873771 3.762414
v 1.225467 2.639397 3.762415
v 1.211325 2.625255 3.762415
v 0.976951 2.859629 3.762414
v 0.991094 2.873771 3.762414
v 1.775467 2.639397 3.762415
v 1.761325 2.625255 3.762415
v 1.526951 2.859629 3.762414
v 1.541094 2.873771 3.762414
v 2.325467 2.639397 3.762414
v 2.311325 2.625255 3.762414
v 2.076952 2.859629 3.762415
v 2.091094 2.873771 3.762414
v 2.875467 2.639397 3.762415
v 2.861325 2.625255 3.762414
v 2.626952 2.859629 3.762414
v 2.641094 2.873771 3.762414
v 3.425467 2.639397 3.762414
v 3.411325 2.625255 3.762414
v 3.176952 2.859629 3.762415
v 3.191094 2.873771 3.762414
v 3.975468 2.639397 3.762415
v 3.961326 2.625255 3.762414
v 3.726953 2.859629 3.762414
v 3.741095 2.873771 3.762414
v 4.525468 2.639397 3.762415
v 4.511326 2.625255 3.762414
v 4.276953 2.859629 3.762414
v 4.291095 2.873771 3.762414
v 5.075468 2.639397 3.762414
v 5.061326 2.625255 3.762414
v 4.826953 2.859629 3.762415
v 4.841095 2.873771 3.762414
v 5.625468 2.639397 3.762414
v 5.611326 2.625255 3.762414
v 5.376953 2.859629 3.762415
v 5.391095 2.873771 3.762414
v 6.175468 2.639397 3.762415
v 6.161326 2.625255 3.762414
v 5.926953 2.859629 3.762414
v 5.941095 2.873771 3.762414
v -5.924534 2.639397 3.797415
v -6.158907 2.873771 3.797415
v -6.173049 2.859629 3.797415
v -5.938676 2.625255 3.797415
v -5.374534 2.639397 3.797415
v -5.608907 2.873771 3.797415
v -5.623049 2.859629 3.797415
v -5.388676 2.625255 3.797415
v -4.824534 2.639397 3.797415
v -5.058908 2.873771 3.797415
v -5.073050 2.859629 3.797415
v -4.838676 2.625255 3.797415
v -4.274534 2.639397 3.797415
v -4.508907 2.873771 3.797415
v -4.523049 2.859629 3.797415
v -4.288676 2.625255 3.797415
v -3.724534 2.639397 3.797415
v -3.958907 2.873771 3.797415
v -3.973050 2.859629 3.797415
v -3.738676 2.625255 3.797415
v -3.174534 2.639397 3.797415
v -3.408907 2.873771 3.797415
v -3.423049 2.859629 3.797415
v -3.188676 2.625255 3.797415
v -2.624534 2.639397 3.797415
v -2.858907 2.873771 3.797415
v -2.873049 2.859629 3.797415
v -2.638676 2.625255 3.797415
v -2.074534 2.639397 3.797415
v -2.308908 2.873771 3.797415
v -2.323050 2.859629 3.797415
v -2.088676 2.625255 3.797415
v -1.524534 2.639397 3.797415
v -1.758907 2.873771 3.797415
v -1.773050 2.859629 3.797415
v -1.538676 2.625255 3.797415
v -0.974534 2.639397 3.797415
v -1.208907 2.873771 3.797415
v -1.223050 2.859629 3.797415
v -0.988676 2.625255 3.797415
v -0.424534 2.639397 3.797415
v -0.658907 2.873771 3.797415
v -0.673049 2.859629 3.797415
v -0.438676 2.625255 3.797415
v 0.125466 2.639397 3.797415
v -0.108907 2.873771 3.797415
v -0.123049 2.859629 3.797415
v 0.111324 2.625255 3.797415
v 0.675467 2.639397 3.797415
v 0.441093 2.873771 3.797415
v 0.426951 2.859629 3.797415
v 0.661325 2.625255 3.797415
v 1.225467 2.639397 3.797415
v 0.991094 2.873771 3.797415
v 0.976951 2.859629 3.797415
v 1.211325 2.625255 3.797415
v 1.775467 2.639397 3.797415
v 1.541094 2.873771 3.797415
v 1.526951 2.859629 3.797415
v 1.761325 2.625255 3.797415
v 2.325467 2.639397 3.797415
v 2.091094 2.873771 3.797415
v 2.076952 2.859629 3.797415
v 2.311325 2.625255 3.797415
v 2.875467 2.639397 3.797415
v 2.641094 2.873771 3.797415
v 2.626952 2.859629 3.797415
v 2.861325 2.625255 3.797415
v 3.425467 2.639397 3.797415
v 3.191094 2.873771 3.797415
v 3.176952 2.859629 3.797415
v 3.411325 2.625255 3.797415
v 3.975468 2.639397 3.797415
v 3.741095 2.873771 3.797415
v 3.726953 2.859629 3.797415
v 3.961326 2.625255 3.797415
v 4.525468 2.639397 3.797415
v 4.291095 2.873771 3.797415
v 4.276953 2.859629 3.797415
v 4.511326 2.625255 3.797415
v 5.075468 2.639397 3.797415
v 4.841095 2.873771 3.797415
v 4.826953 2.859629 3.797415
v 5.061326 2.625255 3.797415
v 5.625468 2.639397 3.797415
v 5.391095 2.873771 3.797415
v 5.376953 2.859629 3.797415
v 5.611326 2.625255 3.797415
v 6.175468 2.639397 3.797415
v 5.941095 2.873771 3.797415
v 5.926953 2.859629 3.797415
v 6.161326 2.625255 3.797415
vt 0.000000 0.000000
vt 1.000000 0.000000
vt 1.000000 1.000000
vt 0.000000 1.000000
vt 0.000000 0.000000
vt 1.000000 0.000000
vt 1.000000 1.000000
vt 0.000000 1.000000
vt 0.000000 0.000000
vt 0.000000 1.000000
vt 1.000000 1.000000
vt 1.000000 0.000000
vt 0.000000 0.000000
vt 0.000000 1.000000
vt 1.000000 1.000000
vt 1.000000 0.000000
vt 0.000000 0.000000
vt 1.000000 0.000000
vt 1.000000 1.000000
vt 0.000000 1.000000
vt 0.000000 0.000000
vt 1.000000 0.000000
vt 1.000000 1.000000
vt 0.000000 1.000000
vt 0.000000 0.000000
vt 1.000000 0.000000
vt 1.000000 1.000000
vt 0.000000 1.000000
vt 0.000000 0.000000
vt 1.000000 0.000000
vt 1.000000 1.000000
vt 0.000000 1.000000
vt 0.000000 0.000000
vt 1.000000 0.000000
vt 1.000000 1.000000
vt 0.000000 1.000000
vt 0.000000 0.000000
vt 1.000000 0.000000
vt 1.000000 1.000000
vt 0.000000 1.000000
vt 0.000000 0.000000
vt 1.000000 0.000000
vt 1.000000 1.000000
vt 0.000000 1.000000
vt 0.000000 0.000000
vt 1.000000 0.000000
vt 1.000000 1.000000
vt 0.000000 1.000000
vt 0.000000 0.000000
vt 1.000000 0.000000
vt 1.000000 1.000000
vt 0.000000 1.000000
vt 0.000000 0.000000
vt 1.000000 0.000000
vt 1.000000 1.000000
vt 0.000000 1.000000
vt 0.000000 0.000000
vt 1.000000 0.000000
vt 1.000000 1.000000
vt 0.000000 1.000000
vt 0.000000 0.000000
vt 1.000000 0.000000
vt 1.000000 1.000000
vt 0.000000 1.000000
vt 0.000000 0.000000
vt 1.000000 0.000000
vt 1.000000 1.000000
vt 0.000000 1.000000
vt 0.000000 0.000000
vt 1.000000 0.000000
vt 1.000000 1.000000
vt 0.000000 1.000000
vt 0.000000 0.000000
vt 1.000000 0.000000
vt 1.000000 1.000000
vt 0.000000 1.000000
vt 0.000000 0.000000
vt 1.000000 0.000000
vt 1.000000 1.000000
vt 0.000000 1.000000
vt 0.000000 0.000000
vt 1.000000 0.000000
vt 1.000000 1.000000
vt 0.000000 1.000000
vt 0.000000 0.000000
vt 1.000000 0.000000
vt 1.000000 1.000000
vt 0.000000 1.000000
vt 0.000000 0.000000
vt 1.000000 0.000000
vt 1.000000 1.000000
vt 0.000000 1.000000
vt 0.000000 0.000000
vt 1.000000 0.000000
vt 1.000000 1.000000
vt 0.000000 1.000000
vt 0.000000 0.000000
vt 1.000000 0.000000
vt 1.000000 1.000000
vt 0.000000 1.000000
vt 0.000000 0.000000
vt 1.000000 0.000000
vt 1.000000 1.000000
vt 0.000000 1.000000
vt 0.000000 0.000000
vt 1.000000 0.000000
vt 1.000000 1.000000
vt 0.000000 1.000000
vt 0.000000 0.000000
vt 1.000000 0.000000
vt 1.000000 1.000000
vt 0.000000 1.000000
vt 0.000000 0.000000
vt 1.000000 0.000000
vt 1.000000 1.000000
vt 0.000000 1.000000
vt 0.000000 0.000000
vt 1.000000 0.000000
vt 1.000000 1.000000
vt 0.000000 1.000000
vt 0.000000 0.000000
vt 1.000000 0.000000
vt 1.000000 1.000000
vt 0.000000 1.000000
vt 0.000000 0.000000
vt 1.000000 0.000000
vt 1.000000 1.000000
vt 0.000000 1.000000
vt 0.000000 0.000000
vt 1.000000 0.000000
vt 1.000000 1.000000
vt 0.000000 1.000000
vt 0.000000 0.000000
vt 1.000000 0.000000
vt 1.000000 1.000000
vt 0.000000 1.000000
vt 0.000000 0.000000
vt 1.000000 0.000000
vt 1.000000 1.000000
vt 0.000000 1.000000
vt 0.000000 0.000000
vt 1.000000 0.000000
vt 1.000000 1.000000
vt 0.000000 1.000000
vt 0.000000 0.000000
vt 1.000000 0.000000
vt 1.000000 1.000000
vt 0.000000 1.000000
vt 0.000000 0.000000
vt 1.000000 0.000000
vt 1.000000 1.000000
vt 0.000000 1.000000
vt 0.000000 0.000000
vt 1.000000 0.000000
vt 1.000000 1.000000
vt 0.000000 1.000000
vt 0.000000 0.000000
vt 1.000000 0.000000
vt 1.000000 1.000000
vt 0.000000 1.000000
vt 0.000000 0.000000
vt 1.000000 0.000000
vt 1.000000 1.000000
vt 0.000000 1.000000
vt 0.000000 0.000000
vt 1.000000 0.000000
vt 1.000000 1.000000
vt 0.000000 1.000000
vt 0.000000 0.000000
vt 1.000000 0.000000
vt 1.000000 1.000000
vt 0.000000 1.000000
vt 0.000000 0.000000
vt 1.000000 0.000000
vt 1.000000 1.000000
vt 0.000000 1.000000
vt 0.000000 0.000000
vt 1.000000 0.000000
vt 1.000000 1.000000
vt 0.000000 1.000000
vt 0.000000 0.000000
vt 1.000000 0.000000
vt 1.000000 1.000000
vt 0.000000 1.000000
vt 0.000000 0.000000
vt 1.000000 0.000000
vt 1.000000 1.000000
vt 0.000000 1.000000
vt 0.000000 0.000000
vt 1.000000 0.000000
vt 1.000000 1.000000
vt 0.000000 1.000000
vt 0.000000 0.000000
vt 1.000000 0.000000
vt 1.000000 1.000000
vt 0.000000 1.000000
vt 0.000000 0.000000
vt 1.000000 0.000000
vt 1.000000 1.000000
vt 0.000000 1.000000
vt 0.000000 0.000000
vt 1.000000 0.000000
vt 1.000000 1.000000
vt 0.000000 1.000000
vt 0.000000 0.000000
vt 1.000000 0.000000
vt 1.000000 1.000000
vt 0.000000 1.000000
vt 0.000000 0.000000
vt 0.000000 1.000000
vt 1.000000 1.000000
vt 1.000000 0.000000
vt 0.000000 0.000000
vt 0.000000 1.000000
vt 1.000000 1.000000
vt 1.000000 0.000000
vt 0.000000 0.000000
vt 0.000000 1.000000
vt 1.000000 1.000000
vt 1.000000 0.000000
vt 0.000000 0.000000
vt 0.000000 1.000000
vt 1.000000 1.000000
vt 1.000000 0.000000
vt 0.000000 0.000000
vt 0.000000 1.000000
vt 1.000000 1.000000
vt 1.000000 0.000000
vt 0.000000 0.000000
vt 0.000000 1.000000
vt 1.000000 1.000000
vt 1.000000 0.000000
vt 0.000000 0.000000
vt 0.000000 1.000000
vt 1.000000 1.000000
vt 1.000000 0.000000
vt 0.000000 0.000000
vt 0.000000 1.000000
vt 1.000000 1.000000
vt 1.000000 0.000000
vt 0.000000 0.000000
vt 0.000000 1.000000
vt 1.000000 1.000000
vt 1.000000 0.000000
vt 0.000000 0.000000
vt 0.000000 1.000000
vt 1.000000 1.000000
vt 1.000000 0.000000
vt 0.000000 0.000000
vt 0.000000 1.000000
vt 1.000000 1.000000
vt 1.000000 0.000000
vt 0.000000 0.000000
vt 0.000000 1.000000
vt 1.000000 1.000000
vt 1.000000 0.000000
vt 0.000000 0.000000
vt 0.000000 1.000000
vt 1.000000 1.000000
vt 1.000000 0.000000
vt 0.000000 0.000000
vt 0.000000 1.000000
vt 1.000000 1.000000
vt 1.000000 0.000000
vt 0.000000 0.000000
vt 0.000000 1.000000
vt 1.000000 1.000000
vt 1.000000 0.000000
vt 0.000000 0.000000
vt 0.000000 1.000000
vt 1.000000 1.000000
vt 1.000000 0.000000
vt 0.000000 0.000000
vt 0.000000 1.000000
vt 1.000000 1.000000
vt 1.000000 0.000000
vt 0.000000 0.000000
vt 0.000000 1.000000
vt 1.000000 1.000000
vt 1.000000 0.000000
vt 0.000000 0.000000
vt 0.000000 1.000000
vt 1.000000 1.000000
vt 1.000000 0.000000
vt 0.000000 0.000000
vt 0.000000 1.000000
vt 1.000000 1.000000
vt 1.000000 0.000000
vt 0.000000 0.000000
vt 0.000000 1.000000
vt 1.000000 1.000000
vt 1.000000 0.000000
vt 0.000000 0.000000
vt 0.000000 1.000000
vt 1.000000 1.000000
vt 1.000000 0.000000
vt 0.000000 0.000000
vt 0.000000 1.000000
vt 1.000000 1.000000
vt 1.000000 0.000000
vt 0.000000 0.000000
vt 0.000000 1.000000
vt 1.000000 1.000000
vt 1.000000 0.000000
vt 0.000000 0.000000
vt 0.000000 1.000000
vt 1.000000 1.000000
vt 1.000000 0.000000
vt 0.000000 0.000000
vt 0.000000 1.000000
vt 1.000000 1.000000
vt 1.000000 0.000000
vt 0.000000 0.000000
vt 0.000000 1.000000
vt 1.000000 1.000000
vt 1.000000 0.000000
vt 0.000000 0.000000
vt 0.000000 1.000000
vt 1.000000 1.000000
vt 1.000000 0.000000
vt 0.000000 0.000000
vt 0.000000 1.000000
vt 1.000000 1.000000
vt 1.000000 0.000000
vt 0.000000 0.000000
vt 0.000000 1.000000
vt 1.000000 1.000000
vt 1.000000 0.000000
vt 0.000000 0.000000
vt 0.000000 1.000000
vt 1.000000 1.000000
vt 1.000000 0.000000
vt 0.000000 0.000000
vt 0.000000 1.000000
vt 1.000000 1.000000
vt 1.000000 0.000000
vt 0.000000 0.000000
vt 0.000000 1.000000
vt 1.000000 1.000000
vt 1.000000 0.000000
vt 0.000000 0.000000
vt 0.000000 1.000000
vt 1.000000 1.000000
vt 1.000000 0.000000
vt 0.000000 0.000000
vt 0.000000 1.000000
vt 1.000000 1.000000
vt 1.000000 0.000000
vt 0.000000 0.000000
vt 0.000000 1.000000
vt 1.000000 1.000000
vt 1.000000 0.000000
vt 0.000000 0.000000
vt 0.000000 1.000000
vt 1.000000 1.000000
vt 1.000000 0.000000
vt 0.000000 0.000000
vt 0.000000 1.000000
vt 1.000000 1.000000
vt 1.000000 0.000000
vt 0.000000 0.000000
vt 0.000000 1.000000
vt 1.000000 1.000000
vt 1.000000 0.000000
vt 0.000000 0.000000
vt 0.000000 1.000000
vt 1.000000 1.000000
vt 1.000000 0.000000
vt 0.000000 0.000000
vt 0.000000 1.000000
vt 1.000000 1.000000
vt 1.000000 0.000000
vt 0.000000 0.000000
vt 0.000000 1.000000
vt 1.000000 1.000000
vt 1.000000 0.000000
vt 0.000000 0.000000
vt 0.000000 1.000000
vt 1.000000 1.000000
vt 1.000000 0.000000
vt 0.000000 0.000000
vt 0.000000 1.000000
vt 1.000000 1.000000
vt 1.000000 0.000000
vt 0.000000 0.000000
vt 0.000000 1.000000
vt 1.000000 1.000000
vt 1.000000 0.000000
vt 0.000000 0.000000
vt 0.000000 1.000000
vt 1.000000 1.000000
vt 1.000000 0.000000
vt 0.000000 0.000000
vt 0.000000 1.000000
vt 1.000000 1.000000
vt 1.000000 0.000000
vt 0.000000 0.000000
vt 0.000000 1.000000
vt 1.000000 1.000000
vt 1.000000 0.000000
vt 0.000000 0.000000
vt 1.000000 0.000000
vt 1.000000 1.000000
vt 0.000000 1.000000
vt 0.000000 0.000000
vt 1.000000 0.000000
vt 1.000000 1.000000
vt 0.000000 1.000000
vt 0.000000 0.000000
vt 1.000000 0.000000
vt 1.000000 1.000000
vt 0.000000 1.000000
vt 0.000000 0.000000
vt 1.000000 0.000000
vt 1.000000 1.000000
vt 0.000000 1.000000
vt 0.000000 0.000000
vt 1.000000 0.000000
vt 1.000000 1.000000
vt 0.000000 1.000000
vt 0.000000 0.000000
vt 1.000000 0.000000
vt 1.000000 1.000000
vt 0.000000 1.000000
vt 0.000000 0.000000
vt 1.000000 0.000000
vt 1.000000 1.000000
vt 0.000000 1.000000
vt 0.000000 0.000000
vt 1.000000 0.000000
vt 1.000000 1.000000
vt 0.000000 1.000000
vt 0.000000 0.000000
vt 1.000000 0.000000
vt 1.000000 1.000000
vt 0.000000 1.000000
vt 0.000000 0.000000
vt 1.000000 0.000000
vt 1.000000 1.000000
vt 0.000000 1.000000
vt 0.000000 0.000000
vt 1.000000 0.000000
vt 1.000000 1.000000
vt 0.000000 1.000000
vt 0.000000 0.000000
vt 1.000000 0.000000
vt 1.000000 1.000000
vt 0.000000 1.000000
vt 0.000000 0.000000
vt 1.000000 0.000000
vt 1.000000 1.000000
vt 0.000000 1.000000
vt 0.000000 0.000000
vt 1.000000 0.000000
vt 1.000000 1.000000
vt 0.000000 1.000000
vt 0.000000 0.000000
vt 1.000000 0.000000
vt 1.000000 1.000000
vt 0.000000 1.000000
vt 0.000000 0.000000
vt 1.000000 0.000000
vt 1.000000 1.000000
vt 0.000000 1.000000
vt 0.000000 0.000000
vt 1.000000 0.000000
vt 1.000000 1.000000
vt 0.000000 1.000000
vt 0.000000 0.000000
vt 1.000000 0.000000
vt 1.000000 1.000000
vt 0.000000 1.000000
vt 0.000000 0.000000
vt 1.000000 0.000000
vt 1.000000 1.000000
vt 0.000000 1.000000
vt 0.000000 0.000000
vt 1.000000 0.000000
vt 1.000000 1.000000
vt 0.000000 1.000000
vt 0.000000 0.000000
vt 1.000000 0.000000
vt 1.000000 1.000000
vt 0.000000 1.000000
vt 0.000000 0.000000
vt 1.000000 0.000000
vt 1.000000 1.000000
vt 0.000000 1.000000
vt 0.000000 0.000000
vt 1.000000 0.000000
vt 1.000000 1.000000
vt 0.000000 1.000000
vt 0.000000 0.000000
vt 1.000000 0.000000
vt 1.000000 1.000000
vt 0.000000 1.000000
vt 0.000000 0.000000
vt 0.000000 1.000000
vt 1.000000 1.000000
vt 1.000000 0.000000
vt 0.000000 0.000000
vt 0.000000 1.000000
vt 1.000000 1.000000
vt 1.000000 0.000000
vt 0.000000 0.000000
vt 0.000000 1.000000
vt 1.000000 1.000000
vt 1.000000 0.000000
vt 0.000000 0.000000
vt 0.000000 1.000000
vt 1.000000 1.000000
vt 1.000000 0.000000
vt 0.000000 0.000000
vt 0.000000 1.000000
vt 1.000000 1.000000
vt 1.000000 0.000000
vt 0.000000 0.000000
vt 0.000000 1.000000
vt 1.000000 1.000000
vt 1.000000 0.000000
vt 0.000000 0.000000
vt 0.000000 1.000000
vt 1.000000 1.000000
vt 1.000000 0.000000
vt 0.000000 0.000000
vt 0.000000 1.000000
vt 1.000000 1.000000
vt 1.000000 0.000000
vt 0.000000 0.000000
vt 0.000000 1.000000
vt 1.000000 1.000000
vt 1.000000 0.000000
vt 0.000000 0.000000
vt 0.000000 1.000000
vt 1.000000 1.000000
vt 1.000000 0.000000
vt 0.000000 0.000000
vt 0.000000 1.000000
vt 1.000000 1.000000
vt 1.000000 0.000000
vt 0.000000 0.000000
vt 0.000000 1.000000
vt 1.000000 1.000000
vt 1.000000 0.000000
vt 0.000000 0.000000
vt 0.000000 1.000000
vt 1.000000 1.000000
vt 1.000000 0.000000
vt 0.000000 0.000000
vt 0.000000 1.000000
vt 1.000000 1.000000
vt 1.000000 0.000000
vt 0.000000 0.000000
vt 0.000000 1.000000
vt 1.000000 1.000000
vt 1.000000 0.000000
vt 0.000000 0.000000
vt 0.000000 1.000000
vt 1.000000 1.000000
vt 1.000000 0.000000
vt 0.000000 0.000000
vt 0.000000 1.000000
vt 1.000000 1.000000
vt 1.000000 0.000000
vt 0.000000 0.000000
vt 0.000000 1.000000
vt 1.000000 1.000000
vt 1.000000 0.000000
vt 0.000000 0.000000
vt 0.000000 1.000000
vt 1.000000 1.000000
vt 1.000000 0.000000
vt 0.000000 0.000000
vt 0.000000 1.000000
vt 1.000000 1.000000
vt 1.000000 0.000000
vt 0.000000 0.000000
vt 0.000000 1.000000
vt 1.000000 1.000000
vt 1.000000 0.000000
vt 0.000000 0.000000
vt 0.000000 1.000000
vt 1.000000 1.000000
vt 1.000000 0.000000
vt 0.000000 0.000000
vt 0.000000 1.000000
vt 1.000000 1.000000
vt 1.000000 0.000000
vt 0.000000 0.000000
vt 0.000000 1.000000
vt 1.000000 1.000000
vt 1.000000 0.000000
vt 0.000000 0.000000
vt 1.000000 0.000000
vt 1.000000 1.000000
vt 0.000000 1.000000
vt 0.000000 0.000000
vt 1.000000 0.000000
vt 1.000000 1.000000
vt 0.000000 1.000000
vt 0.000000 0.000000
vt 1.000000 0.000000
vt 1.000000 1.000000
vt 0.000000 1.000000
vt 0.000000 0.000000
vt 1.000000 0.000000
vt 1.000000 1.000000
vt 0.000000 1.000000
vt 0.000000 0.000000
vt 1.000000 0.000000
vt 1.000000 1.000000
vt 0.000000 1.000000
vt 0.000000 0.000000
vt 1.000000 0.000000
vt 1.000000 1.000000
vt 0.000000 1.000000
vt 0.000000 0.000000
vt 1.000000 0.000000
vt 1.000000 1.000000
vt 0.000000 1.000000
vt 0.000000 0.000000
vt 1.000000 0.000000
vt 1.000000 1.000000
vt 0.000000 1.000000
vt 0.000000 0.000000
vt 1.000000 0.000000
vt 1.000000 1.000000
vt 0.000000 1.000000
vt 0.000000 0.000000
vt 1.000000 0.000000
vt 1.000000 1.000000
vt 0.000000 1.000000
vt 0.000000 0.000000
vt 1.000000 0.000000
vt 1.000000 1.000000
vt 0.000000 1.000000
vt 0.000000 0.000000
vt 1.000000 0.000000
vt 1.000000 1.000000
vt 0.000000 1.000000
vt 0.000000 0.000000
vt 1.000000 0.000000
vt 1.000000 1.000000
vt 0.000000 1.000000
vt 0.000000 0.000000
vt 1.000000 0.000000
vt 1.000000 1.000000
vt 0.000000 1.000000
vt 0.000000 0.000000
vt 1.000000 0.000000
vt 1.000000 1.000000
vt 0.000000 1.000000
vt 0.000000 0.000000
vt 1.000000 0.000000
vt 1.000000 1.000000
vt 0.000000 1.000000
vt 0.000000 0.000000
vt 1.000000 0.000000
vt 1.000000 1.000000
vt 0.000000 1.000000
vt 0.000000 0.000000
vt 1.000000 0.000000
vt 1.000000 1.000000
vt 0.000000 1.000000
vt 0.000000 0.000000
vt 1.000000 0.000000
vt 1.000000 1.000000
vt 0.000000 1.000000
vt 0.000000 0.000000
vt 1.000000 0.000000
vt 1.000000 1.000000
vt 0.000000 1.000000
vt 0.000000 0.000000
vt 1.000000 0.000000
vt 1.000000 1.000000
vt 0.000000 1.000000
vt 0.000000 0.000000
vt 1.000000 0.000000
vt 1.000000 1.000000
vt 0.000000 1.000000
vt 0.000000 0.000000
vt 1.000000 0.000000
vt 1.000000 1.000000
vt 0.000000 1.000000
vt 0.000000 0.000000
vt 0.000000 1.000000
vt 1.000000 1.000000
vt 1.000000 0.000000
vt 0.000000 0.000000
vt 0.000000 1.000000
vt 1.000000 1.000000
vt 1.000000 0.000000
vt 0.000000 0.000000
vt 0.000000 1.000000
vt 1.000000 1.000000
vt 1.000000 0.000000
vt 0.000000 0.000000
vt 0.000000 1.000000
vt 1.000000 1.000000
vt 1.000000 0.000000
vt 0.000000 0.000000
vt 0.000000 1.000000
vt 1.000000 1.000000
vt 1.000000 0.000000
vt 0.000000 0.000000
vt 0.000000 1.000000
vt 1.000000 1.000000
vt 1.000000 0.000000
vt 0.000000 0.000000
vt 0.000000 1.000000
vt 1.000000 1.000000
vt 1.000000 0.000000
vt 0.000000 0.000000
vt 0.000000 1.000000
vt 1.000000 1.000000
vt 1.000000 0.000000
vt 0.000000 0.000000
vt 0.000000 1.000000
vt 1.000000 1.000000
vt 1.000000 0.000000
vt 0.000000 0.000000
vt 0.000000 1.000000
vt 1.000000 1.000000
vt 1.000000 0.000000
vt 0.000000 0.000000
vt 0.000000 1.000000
vt 1.000000 1.000000
vt 1.000000 0.000000
vt 0.000000 0.000000
vt 0.000000 1.000000
vt 1.000000 1.000000
vt 1.000000 0.000000
vt 0.000000 0.000000
vt 0.000000 1.000000
vt 1.000000 1.000000
vt 1.000000 0.000000
vt 0.000000 0.000000
vt 0.000000 1.000000
vt 1.000000 1.000000
vt 1.000000 0.000000
vt 0.000000 0.000000
vt 0.000000 1.000000
vt 1.000000 1.000000
vt 1.000000 0.000000
vt 0.000000 0.000000
vt 0.000000 1.000000
vt 1.000000 1.000000
vt 1.000000 0.000000
vt 0.000000 0.000000
vt 0.000000 1.000000
vt 1.000000 1.000000
vt 1.000000 0.000000
vt 0.000000 0.000000
vt 0.000000 1.000000
vt 1.000000 1.000000
vt 1.000000 0.000000
vt 0.000000 0.000000
vt 0.000000 1.000000
vt 1.000000 1.000000
vt 1.000000 0.000000
vt 0.000000 0.000000
vt 0.000000 1.000000
vt 1.000000 1.000000
vt 1.000000 0.000000
vt 0.000000 0.000000
vt 0.000000 1.000000
vt 1.000000 1.000000
vt 1.000000 0.000000
vt 0.000000 0.000000
vt 0.000000 1.000000
vt 1.000000 1.000000
vt 1.000000 0.000000
vt 0.000000 0.000000
vt 0.000000 1.000000
vt 1.000000 1.000000
vt 1.000000 0.000000
vn 0.0000 1.0000 0.0000
vn 0.0000 -1.0000 0.0000
vn -1.0000 0.0000 0.0000
vn 0.0000 0.0000 1.0000
vn 1.0000 0.0000 0.0000
vn 0.0000 0.0000 -1.0000
vn -0.7071 0.7071 0.0000
vn -0.7071 -0.7071 0.0000
vn 0.7071 -0.7071 0.0000
vn 0.7071 0.7071 0.0000
usemtl None
s 1
f 3025/9073/42 3026/9074/42 3027/9075/42 3028/9076/42
f 3029/9077/42 3030/9078/42 3031/9079/42 3032/9080/42
f 3033/9081/43 3034/9082/43 3035/9083/43 3036/9084/43
f 3037/9085/43 3038/9086/43 3039/9087/43 3040/9088/43
f 3025/9073/44 3028/9076/44 3034/9082/44 3033/9081/44
f 3026/9074/45 3025/9073/45 3033/9081/45 3036/9084/45
f 3027/9075/46 3026/9074/46 3036/9084/46 3035/9083/46
f 3028/9076/47 3027/9075/47 3035/9083/47 3034/9082/47
f 3029/9077/44 3032/9080/44 3038/9086/44 3037/9085/44
f 3030/9078/45 3029/9077/45 3037/9085/45 3040/9088/45
f 3031/9079/46 3030/9078/46 3040/9088/46 3039/9087/46
f 3032/9080/47 3031/9079/47 3039/9087/47 3038/9086/47
f 3041/9089/45 3042/9090/45 3043/9091/45 3044/9092/45
f 3045/9093/45 3046/9094/45 3047/9095/45 3048/9096/45
f 3049/9097/45 3050/9098/45 3051/9099/45 3052/9100/45
f 3053/9101/45 3054/9102/45 3055/9103/45 3056/9104/45
f 3057/9105/45 3058/9106/45 3059/9107/45 3060/9108/45
f 3061/9109/45 3062/9110/45 3063/9111/45 3064/9112/45
f 3065/9113/45 3066/9114/45 3067/9115/45 3068/9116/45
f 3069/9117/45 3070/9118/45 3071/9119/45 3072/9120/45
f 3073/9121/45 3074/9122/45 3075/9123/45 3076/9124/45
f 3077/9125/45 3078/9126/45 3079/9127/45 3080/9128/45
f 3081/9129/45 3082/9130/45 3083/9131/45 3084/9132/45
f 3085/9133/45 3086/9134/45 3087/9135/45 3088/9136/45
f 3089/9137/45 3090/9138/45 3091/9139/45 3092/9140/45
f 3093/9141/45 3094/9142/45 3095/9143/45 3096/9144/45
f 3097/9145/45 3098/9146/45 3099/9147/45 3100/9148/45
f 3101/9149/45 3102/9150/45 3103/9151/45 3104/9152/45
f 3105/9153/45 3106/9154/45 3107/9155/45 3108/9156/45
f 3109/9157/45 3110/9158/45 3111/9159/45 3112/9160/45
f 3113/9161/45 3114/9162/45 3115/9163/45 3116/9164/45
f 3117/9165/45 3118/9166/45 3119/9167/45 3120/9168/45
f 3121/9169/45 3122/9170/45 3123/9171/45 3124/9172/45
f 3125/9173/45 3126/9174/45 3127/9175/45 3128/9176/45
f 3129/9177/45 3130/9178/45 3131/9179/45 3132/9180/45
f 3133/9181/45 3134/9182/45 3135/9183/45 3136/9184/45
f 3137/9185/45 3138/9186/45 3139/9187/45 3140/9188/45
f 3141/9189/45 3142/9190/45 3143/9191/45 3144/9192/45
f 3145/9193/45 3146/9194/45 3147/9195/45 3148/9196/45
f 3149/9197/45 3150/9198/45 3151/9199/45 3152/9200/45
f 3153/9201/45 3154/9202/45 3155/9203/45 3156/9204/45
f 3157/9205/45 3158/9206/45 3159/9207/45 3160/9208/45
f 3161/9209/45 3162/9210/45 3163/9211/45 3164/9212/45
f 3165/9213/45 3166/9214/45 3167/9215/45 3168/9216/45
f 3169/9217/45 3170/9218/45 3171/9219/45 3172/9220/45
f 3173/9221/45 3174/9222/45 3175/9223/45 3176/9224/45
f 3177/9225/45 3178/9226/45 3179/9227/45 3180/9228/45
f 3181/9229/45 3182/9230/45 3183/9231/45 3184/9232/45
f 3185/9233/45 3186/9234/45 3187/9235/45 3188/9236/45
f 3189/9237/45 3190/9238/45 3191/9239/45 3192/9240/45
f 3193/9241/45 3194/9242/45 3195/9243/45 3196/9244/45
f 3197/9245/45 3198/9246/45 3199/9247/45 3200/9248/45
f 3201/9249/45 3202/9250/45 3203/9251/45 3204/9252/45
f 3205/9253/45 3206/9254/45 3207/9255/45 3208/9256/45
f 3209/9257/45 3210/9258/45 3211/9259/45 3212/9260/45
f 3213/9261/45 3214/9262/45 3215/9263/45 3216/9264/45
f 3217/9265/45 3218/9266/45 3219/9267/45 3220/9268/45
f 3221/9269/45 3222/9270/45 3223/9271/45 3224/9272/45
f 3225/9273/45 3226/9274/45 3227/9275/45 3228/9276/45
f 3229/9277/45 3230/9278/45 3231/9279/45 3232/9280/45
f 3233/9281/47 3234/9282/47 3235/9283/47 3236/9284/47
f 3237/9285/47 3238/9286/47 3239/9287/47 3240/9288/47
f 3241/9289/47 3242/9290/47 3243/9291/47 3244/9292/47
f 3245/9293/47 3246/9294/47 3247/9295/47 3248/9296/47
f 3249/9297/47 3250/9298/47 3251/9299/47 3252/9300/47
f 3253/9301/47 3254/9302/47 3255/9303/47 3256/9304/47
f 3257/9305/47 3258/9306/47 3259/9307/47 3260/9308/47
f 3261/9309/47 3262/9310/47 3263/9311/47 3264/9312/47
f 3265/9313/47 3266/9314/47 3267/9315/47 3268/9316/47
f 3269/9317/47 3270/9318/47 3271/9319/47 3272/9320/47
f 3273/9321/47 3274/9322/47 3275/9323/47 3276/9324/47
f 3277/9325/47 3278/9326/47 3279/9327/47 3280/9328/47
f 3281/9329/47 3282/9330/47 3283/9331/47 3284/9332/47
f 3285/9333/47 3286/9334/47 3287/9335/47 3288/9336/47
f 3289/9337/47 3290/9338/47 3291/9339/47 3292/9340/47
f 3293/9341/47 3294/9342/47 3295/9343/47 3296/9344/47
f 3297/9345/47 3298/9346/47 3299/9347/47 3300/9348/47
f 3301/9349/47 3302/9350/47 3303/9351/47 3304/9352/47
f 3305/9353/47 3306/9354/47 3307/9355/47 3308/9356/47
f 3309/9357/47 3310/9358/47 3311/9359/47 3312/9360/47
f 3313/9361/47 3314/9362/47 3315/9363/47 3316/9364/47
f 3317/9365/47 3318/9366/47 3319/9367/47 3320/9368/47
f 3321/9369/47 3322/9370/47 3323/9371/47 3324/9372/47
f 3325/9373/47 3326/9374/47 3327/9375/47 3328/9376/47
f 3329/9377/47 3330/9378/47 3331/9379/47 3332/9380/47
f 3333/9381/47 3334/9382/47 3335/9383/47 3336/9384/47
f 3337/9385/47 3338/9386/47 3339/9387/47 3340/9388/47
f 3341/9389/47 3342/9390/47 3343/9391/47 3344/9392/47
f 3345/9393/47 3346/9394/47 3347/9395/47 3348/9396/47
f 3349/9397/47 3350/9398/47 3351/9399/47 3352/9400/47
f 3353/9401/47 3354/9402/47 3355/9403/47 3356/9404/47
f 3357/9405/47 3358/9406/47 3359/9407/47 3360/9408/47
f 3361/9409/47 3362/9410/47 3363/9411/47 3364/9412/47
f 3365/9413/47 3366/9414/47 3367/9415/47 3368/9416/47
f 3369/9417/47 3370/9418/47 3371/9419/47 3372/9420/47
f 3373/9421/47 3374/9422/47 3375/9423/47 3376/9424/47
f 3377/9425/47 3378/9426/47 3379/9427/47 3380/9428/47
f 3381/9429/47 3382/9430/47 3383/9431/47 3384/9432/47
f 3385/9433/47 3386/9434/47 3387/9435/47 3388/9436/47
f 3389/9437/47 3390/9438/47 3391/9439/47 3392/9440/47
f 3393/9441/47 3394/9442/47 3395/9443/47 3396/9444/47
f 3397/9445/47 3398/9446/47 3399/9447/47 3400/9448/47
f 3401/9449/47 3402/9450/47 3403/9451/47 3404/9452/47
f 3405/9453/47 3406/9454/47 3407/9455/47 3408/9456/47
f 3409/9457/47 3410/9458/47 3411/9459/47 3412/9460/47
f 3413/9461/47 3414/9462/47 3415/9463/47 3416/9464/47
f 3417/9465/47 3418/9466/47 3419/9467/47 3420/9468/47
f 3421/9469/47 3422/9470/47 3423/9471/47 3424/9472/47
f 3041/9089/44 3044/9092/44 3234/9282/44 3233/9281/44
f 3042/9090/43 3041/9089/43 3233/9281/43 3236/9284/43
f 3043/9091/46 3042/9090/46 3236/9284/46 3235/9283/46
f 3044/9092/42 3043/9091/42 3235/9283/42 3234/9282/42
f 3045/9093/44 3048/9096/44 3238/9286/44 3237/9285/44
f 3046/9094/43 3045/9093/43 3237/9285/43 3240/9288/43
f 3047/9095/46 3046/9094/46 3240/9288/46 3239/9287/46
f 3048/9096/42 3047/9095/42 3239/9287/42 3238/9286/42
f 3049/9097/44 3052/9100/44 3242/9290/44 3241/9289/44
f 3050/9098/43 3049/9097/43 3241/9289/43 3244/9292/43
f 3051/9099/46 3050/9098/46 3244/9292/46 3243/9291/46
f 3052/9100/42 3051/9099/42 3243/9291/42 3242/9290/42
f 3053/9101/44 3056/9104/44 3246/9294/44 3245/9293/44
f 3054/9102/43 3053/9101/43 3245/9293/43 3248/9296/43
f 3055/9103/46 3054/9102/46 3248/9296/46 3247/9295/46
f 3056/9104/42 3055/9103/42 3247/9295/42 3246/9294/42
f 3057/9105/44 3060/9108/44 3250/9298/44 3249/9297/44
f 3058/9106/43 3057/9105/43 3249/9297/43 3252/9300/43
f 3059/9107/46 3058/9106/46 3252/9300/46 3251/9299/46
f 3060/9108/42 3059/9107/42 3251/9299/42 3250/9298/42
f 3061/9109/44 3064/9112/44 3254/9302/44 3253/9301/44
f 3062/9110/43 3061/9109/43 3253/9301/43 3256/9304/43
f 3063/9111/46 3062/9110/46 3256/9304/46 3255/9303/46
f 3064/9112/42 3063/9111/42 3255/9303/42 3254/9302/42
f 3065/9113/44 3068/9116/44 3258/9306/44 3257/9305/44
f 3066/9114/43 3065/9113/43 3257/9305/43 3260/9308/43
f 3067/9115/46 3066/9114/46 3260/9308/46 3259/9307/46
f 3068/9116/42 3067/9115/42 3259/9307/42 3258/9306/42
f 3069/9117/44 3072/9120/44 3262/9310/44 3261/9309/44
f 3070/9118/43 3069/9117/43 3261/9309/43 3264/9312/43
f 3071/9119/46 3070/9118/46 3264/9312/46 3263/9311/46
f 3072/9120/42 3071/9119/42 3263/9311/42 3262/9310/42
f 3073/9121/44 3076/9124/44 3266/9314/44 3265/9313/44
f 3074/9122/43 3073/9121/43 3265/9313/43 3268/9316/43
f 3075/9123/46 3074/9122/46 3268/9316/46 3267/9315/46
f 3076/9124/42 3075/9123/42 3267/9315/42 3266/9314/42
f 3077/9125/44 3080/9128/44 3270/9318/44 3269/9317/44
f 3078/9126/43 3077/9125/43 3269/9317/43 3272/9320/43
f 3079/9127/46 3078/9126/46 3272/9320/46 3271/9319/46
f 3080/9128/42 3079/9127/42 3271/9319/42 3270/9318/42
f 3081/9129/44 3084/9132/44 3274/9322/44 3273/9321/44
f 3082/9130/43 3081/9129/43 3273/9321/43 3276/9324/43
f 3083/9131/46 3082/9130/46 3276/9324/46 3275/9323/46
f 3084/9132/42 3083/9131/42 3275/9323/42 3274/9322/42
f 3085/9133/44 3088/9136/44 3278/9326/44 3277/9325/44
f 3086/9134/43 3085/9133/43 3277/9325/43 3280/9328/43
f 3087/9135/46 3086/9134/46 3280/9328/46 3279/9327/46
f 3088/9136/42 3087/9135/42 3279/9327/42 3278/9326/42
f 3089/9137/44 3092/9140/44 3282/9330/44 3281/9329/44
f 3090/9138/43 3089/9137/43 3281/9329/43 3284/9332/43
f 3091/9139/46 3090/9138/46 3284/9332/46 3283/9331/46
f 3092/9140/42 3091/9139/42 3283/9331/42 3282/9330/42
f 3093/9141/44 3096/9144/44 3286/9334/44 3285/9333/44
f 3094/9142/43 3093/9141/43 3285/9333/43 3288/9336/43
f 3095/9143/46 3094/9142/46 3288/9336/46 3287/9335/46
f 3096/9144/42 3095/9143/42 3287/9335/42 3286/9334/42
f 3097/9145/44 3100/9148/44 3290/9338/44 3289/9337/44
f 3098/9146/43 3097/9145/43 3289/9337/43 3292/9340/43
f 3099/9147/46 3098/9146/46 3292/9340/46 3291/9339/46
f 3100/9148/42 3099/9147/42 3291/9339/42 3290/9338/42
f 3101/9149/44 3104/9152/44 3294/9342/44 3293/9341/44
f 3102/9150/43 3101/9149/43 3293/9341/43 3296/9344/43
f 3103/9151/46 3102/9150/46 3296/9344/46 3295/9343/46
f 3104/9152/42 3103/9151/42 3295/9343/42 3294/9342/42
f 3105/9153/44 3108/9156/44 3298/9346/44 3297/9345/44
f 3106/9154/43 3105/9153/43 3297/9345/43 3300/9348/43
f 3107/9155/46 3106/9154/46 3300/9348/46 3299/9347/46
f 3108/9156/42 3107/9155/42 3299/9347/42 3298/9346/42
f 3109/9157/44 3112/9160/44 3302/9350/44 3301/9349/44
f 3110/9158/43 3109/9157/43 3301/9349/43 3304/9352/43
f 3111/9159/46 3110/9158/46 3304/9352/46 3303/9351/46
f 3112/9160/42 3111/9159/42 3303/9351/42 3302/9350/42
f 3113/9161/44 3116/9164/44 3306/9354/44 3305/9353/44
f 3114/9162/43 3113/9161/43 3305/9353/43 3308/9356/43
f 3115/9163/46 3114/9162/46 3308/9356/46 3307/9355/46
f 3116/9164/42 3115/9163/42 3307/9355/42 3306/9354/42
f 3117/9165/44 3120/9168/44 3310/9358/44 3309/9357/44
f 3118/9166/43 3117/9165/43 3309/9357/43 3312/9360/43
f 3119/9167/46 3118/9166/46 3312/9360/46 3311/9359/46
f 3120/9168/42 3119/9167/42 3311/9359/42 3310/9358/42
f 3121/9169/44 3124/9172/44 3314/9362/44 3313/9361/44
f 3122/9170/43 3121/9169/43 3313/9361/43 3316/9364/43
f 3123/9171/46 3122/9170/46 3316/9364/46 3315/9363/46
f 3124/9172/42 3123/9171/42 3315/9363/42 3314/9362/42
f 3125/9173/44 3128/9176/44 3318/9366/44 3317/9365/44
f 3126/9174/43 3125/9173/43 3317/9365/43 3320/9368/43
f 3127/9175/46 3126/9174/46 3320/9368/46 3319/9367/46
f 3128/9176/42 3127/9175/42 3319/9367/42 3318/9366/42
f 3129/9177/44 3132/9180/44 3322/9370/44 3321/9369/44
f 3130/9178/43 3129/9177/43 3321/9369/43 3324/9372/43
f 3131/9179/46 3130/9178/46 3324/9372/46 3323/9371/46
f 3132/9180/42 3131/9179/42 3323/9371/42 3322/9370/42
f 3133/9181/44 3136/9184/44 3326/9374/44 3325/9373/44
f 3134/9182/43 3133/9181/43 3325/9373/43 3328/9376/43
f 3135/9183/46 3134/9182/46 3328/9376/46 3327/9375/46
f 3136/9184/42 3135/9183/42 3327/9375/42 3326/9374/42
f 3137/9185/44 3140/9188/44 3330/9378/44 3329/9377/44
f 3138/9186/43 3137/9185/43 3329/9377/43 3332/9380/43
f 3139/9187/46 3138/9186/46 3332/9380/46 3331/9379/46
f 3140/9188/42 3139/9187/42 3331/9379/42 3330/9378/42
f 3141/9189/44 3144/9192/44 3334/9382/44 3333/9381/44
f 3142/9190/43 3141/9189/43 3333/9381/43 3336/9384/43
f 3143/9191/46 3142/9190/46 3336/9384/46 3335/9383/46
f 3144/9192/42 3143/9191/42 3335/9383/42 3334/9382/42
f 3145/9193/44 3148/9196/44 3338/9386/44 3337/9385/44
f 3146/9194/43 3145/9193/43 3337/9385/43 3340/9388/43
f 3147/9195/46 3146/9194/46 3340/9388/46 3339/9387/46
f 3148/9196/42 3147/9195/42 3339/9387/42 3338/9386/42
f 3149/9197/44 3152/9200/44 3342/9390/44 3341/9389/44
f 3150/9198/43 3149/9197/43 3341/9389/43 3344/9392/43
f 3151/9199/46 3150/9198/46 3344/9392/46 3343/9391/46
f 3152/9200/42 3151/9199/42 3343/9391/42 3342/9390/42
f 3153/9201/44 3156/9204/44 3346/9394/44 3345/9393/44
f 3154/9202/43 3153/9201/43 3345/9393/43 3348/9396/43
f 3155/9203/46 3154/9202/46 3348/9396/46 3347/9395/46
f 3156/9204/42 3155/9203/42 3347/9395/42 3346/9394/42
f 3157/9205/44 3160/9208/44 3350/9398/44 3349/9397/44
f 3158/9206/43 3157/9205/43 3349/9397/43 3352/9400/43
f 3159/9207/46 3158/9206/46 3352/9400/46 3351/9399/46
f 3160/9208/42 3159/9207/42 3351/9399/42 3350/9398/42
f 3161/9209/44 3164/9212/44 3354/9402/44 3353/9401/44
f 3162/9210/43 3161/9209/43 3353/9401/43 3356/9404/43
f 3163/9211/46 3162/9210/46 3356/9404/46 3355/9403/46
f 3164/9212/42 3163/9211/42 3355/9403/42 3354/9402/42
f 3165/9213/44 3168/9216/44 3358/9406/44 3357/9405/44
f 3166/9214/43 3165/9213/43 3357/9405/43 3360/9408/43
f 3167/9215/46 3166/9214/46 3360/9408/46 3359/9407/46
f 3168/9216/42 3167/9215/42 3359/9407/42 3358/9406/42
f 3169/9217/44 3172/9220/44 3362/9410/44 3361/9409/44
f 3170/9218/43 3169/9217/43 3361/9409/43 3364/9412/43
f 3171/9219/46 3170/9218/46 3364/9412/46 3363/9411/46
f 3172/9220/42 3171/9219/42 3363/9411/42 3362/9410/42
f 3173/9221/44 3176/9224/44 3366/9414/44 3365/9413/44
f 3174/9222/43 3173/9221/43 3365/9413/43 3368/9416/43
f 3175/9223/46 3174/9222/46 3368/9416/46 3367/9415/46
f 3176/9224/42 3175/9223/42 3367/9415/42 3366/9414/42
f 3177/9225/44 3180/9228/44 3370/9418/44 3369/9417/44
f 3178/9226/43 3177/9225/43 3369/9417/43 3372/9420/43
f 3179/9227/46 3178/9226/46 3372/9420/46 3371/9419/46
f 3180/9228/42 3179/9227/42 3371/9419/42 3370/9418/42
f 3181/9229/44 3184/9232/44 3374/9422/44 3373/9421/44
f 3182/9230/43 3181/9229/43 3373/9421/43 3376/9424/43
f 3183/9231/46 3182/9230/46 3376/9424/46 3375/9423/46
f 3184/9232/42 3183/9231/42 3375/9423/42 3374/9422/42
f 3185/9233/44 3188/9236/44 3378/9426/44 3377/9425/44
f 3186/9234/43 3185/9233/43 3377/9425/43 3380/9428/43
f 3187/9235/46 3186/9234/46 3380/9428/46 3379/9427/46
f 3188/9236/42 3187/9235/42 3379/9427/42 3378/9426/42
f 3189/9237/44 3192/9240/44 3382/9430/44 3381/9429/44
f 3190/9238/43 3189/9237/43 3381/9429/43 3384/9432/43
f 3191/9239/46 3190/9238/46 3384/9432/46 3383/9431/46
f 3192/9240/42 3191/9239/42 3383/9431/42 3382/9430/42
f 3193/9241/44 3196/9244/44 3386/9434/44 3385/9433/44
f 3194/9242/43 3193/9241/43 3385/9433/43 3388/9436/43
f 3195/9243/46 3194/9242/46 3388/9436/46 3387/9435/46
f 3196/9244/42 3195/9243/42 3387/9435/42 3386/9434/42
f 3197/9245/44 3200/9248/44 3390/9438/44 3389/9437/44
f 3198/9246/43 3197/9245/43 3389/9437/43 3392/9440/43
f 3199/9247/46 3198/9246/46 3392/9440/46 3391/9439/46
f 3200/9248/42 3199/9247/42 3391/9439/42 3390/9438/42
f 3201/9249/44 3204/9252/44 3394/9442/44 3393/9441/44
f 3202/9250/43 3201/9249/43 3393/9441/43 3396/9444/43
f 3203/9251/46 3202/9250/46 3396/9444/46 3395/9443/46
f 3204/9252/42 3203/9251/42 3395/9443/42 3394/9442/42
f 3205/9253/44 3208/9256/44 3398/9446/44 3397/9445/44
f 3206/9254/43 3205/9253/43 3397/9445/43 3400/9448/43
f 3207/9255/46 3206/9254/46 3400/9448/46 3399/9447/46
f 3208/9256/42 3207/9255/42 3399/9447/42 3398/9446/42
f 3209/9257/44 3212/9260/44 3402/9450/44 3401/9449/44
f 3210/9258/43 3209/9257/43 3401/9449/43 3404/9452/43
f 3211/9259/46 3210/9258/46 3404/9452/46 3403/9451/46
f 3212/9260/42 3211/9259/42 3403/9451/42 3402/9450/42
f 3213/9261/44 3216/9264/44 3406/9454/44 3405/9453/44
f 3214/9262/43 3213/9261/43 3405/9453/43 3408/9456/43
f 3215/9263/46 3214/9262/46 3408/9456/46 3407/9455/46
f 3216/9264/42 3215/9263/42 3407/9455/42 3406/9454/42
f 3217/9265/44 3220/9268/44 3410/9458/44 3409/9457/44
f 3218/9266/43 3217/9265/43 3409/9457/43 3412/9460/43
f 3219/9267/46 3218/9266/46 3412/9460/46 3411/9459/46
f 3220/9268/42 3219/9267/42 3411/9459/42 3410/9458/42
f 3221/9269/44 3224/9272/44 3414/9462/44 3413/9461/44
f 3222/9270/43 3221/9269/43 3413/9461/43 3416/9464/43
f 3223/9271/46 3222/9270/46 3416/9464/46 3415/9463/46
f 3224/9272/42 3223/9271/42 3415/9463/42 3414/9462/42
f 3225/9273/44 3228/9276/44 3418/9466/44 3417/9465/44
f 3226/9274/43 3225/9273/43 3417/9465/43 3420/9468/43
f 3227/9275/46 3226/9274/46 3420/9468/46 3419/9467/46
f 3228/9276/42 3227/9275/42 3419/9467/42 3418/9466/42
f 3229/9277/44 3232/9280/44 3422/9470/44 3421/9469/44
f 3230/9278/43 3229/9277/43 3421/9469/43 3424/9472/43
f 3231/9279/46 3230/9278/46 3424/9472/46 3423/9471/46
f 3232/9280/42 3231/9279/42 3423/9471/42 3422/9470/42
f 3425/9473/45 3426/9474/45 3427/9475/45 3428/9476/45
f 3429/9477/45 3430/9478/45 3431/9479/45 3432/9480/45
f 3433/9481/45 3434/9482/45 3435/9483/45 3436/9484/45
f 3437/9485/45 3438/9486/45 3439/9487/45 3440/9488/45
f 3441/9489/45 3442/9490/45 3443/9491/45 3444/9492/45
f 3445/9493/45 3446/9494/45 3447/9495/45 3448/9496/45
f 3449/9497/45 3450/9498/45 3451/9499/45 3452/9500/45
f 3453/9501/45 3454/9502/45 3455/9503/45 3456/9504/45
f 3457/9505/45 3458/9506/45 3459/9507/45 3460/9508/45
f 3461/9509/45 3462/9510/45 3463/9511/45 3464/9512/45
f 3465/9513/45 3466/9514/45 3467/9515/45 3468/9516/45
f 3469/9517/45 3470/9518/45 3471/9519/45 3472/9520/45
f 3473/9521/45 3474/9522/45 3475/9523/45 3476/9524/45
f 3477/9525/45 3478/9526/45 3479/9527/45 3480/9528/45
f 3481/9529/45 3482/9530/45 3483/9531/45 3484/9532/45
f 3485/9533/45 3486/9534/45 3487/9535/45 3488/9536/45
f 3489/9537/45 3490/9538/45 3491/9539/45 3492/9540/45
f 3493/9541/45 3494/9542/45 3495/9543/45 3496/9544/45
f 3497/9545/45 3498/9546/45 3499/9547/45 3500/9548/45
f 3501/9549/45 3502/9550/45 3503/9551/45 3504/9552/45
f 3505/9553/45 3506/9554/45 3507/9555/45 3508/9556/45
f 3509/9557/45 3510/9558/45 3511/9559/45 3512/9560/45
f 3513/9561/45 3514/9562/45 3515/9563/45 3516/9564/45
f 3517/9565/45 3518/9566/45 3519/9567/45 3520/9568/45
f 3521/9569/47 3522/9570/47 3523/9571/47 3524/9572/47
f 3525/9573/47 3526/9574/47 3527/9575/47 3528/9576/47
f 3529/9577/47 3530/9578/47 3531/9579/47 3532/9580/47
f 3533/9581/47 3534/9582/47 3535/9583/47 3536/9584/47
f 3537/9585/47 3538/9586/47 3539/9587/47 3540/9588/47
f 3541/9589/47 3542/9590/47 3543/9591/47 3544/9592/47
f 3545/9593/47 3546/9594/47 3547/9595/47 3548/9596/47
f 3549/9597/47 3550/9598/47 3551/9599/47 3552/9600/47
f 3553/9601/47 3554/9602/47 3555/9603/47 3556/9604/47
f 3557/9605/47 3558/9606/47 3559/9607/47 3560/9608/47
f 3561/9609/47 3562/9610/47 3563/9611/47 3564/9612/47
f 3565/9613/47 3566/9614/47 3567/9615/47 3568/9616/47
f 3569/9617/47 3570/9618/47 3571/9619/47 3572/9620/47
f 3573/9621/47 3574/9622/47 3575/9623/47 3576/9624/47
f 3577/9625/47 3578/9626/47 3579/9627/47 3580/9628/47
f 3581/9629/47 3582/9630/47 3583/9631/47 3584/9632/47
f 3585/9633/47 3586/9634/47 3587/9635/47 3588/9636/47
f 3589/9637/47 3590/9638/47 3591/9639/47 3592/9640/47
f 3593/9641/47 3594/9642/47 3595/9643/47 3596/9644/47
f 3597/9645/47 3598/9646/47 3599/9647/47 3600/9648/47
f 3601/9649/47 3602/9650/47 3603/9651/47 3604/9652/47
f 3605/9653/47 3606/9654/47 3607/9655/47 3608/9656/47
f 3609/9657/47 3610/9658/47 3611/9659/47 3612/9660/47
f 3613/9661/47 3614/9662/47 3615/9663/47 3616/9664/47
f 3425/9473/48 3428/9476/48 3522/9570/48 3521/9569/48
f 3426/9474/49 3425/9473/49 3521/9569/49 3524/9572/49
f 3427/9475/50 3426/9474/50 3524/9572/50 3523/9571/50
f 3428/9476/51 3427/9475/51 3523/9571/51 3522/9570/51
f 3429/9477/48 3432/9480/48 3526/9574/48 3525/9573/48
f 3430/9478/49 3429/9477/49 3525/9573/49 3528/9576/49
f 3431/9479/50 3430/9478/50 3528/9576/50 3527/9575/50
f 3432/9480/51 3431/9479/51 3527/9575/51 3526/9574/51
f 3433/9481/48 3436/9484/48 3530/9578/48 3529/9577/48
f 3434/9482/49 3433/9481/49 3529/9577/49 3532/9580/49
f 3435/9483/50 3434/9482/50 3532/9580/50 3531/9579/50
f 3436/9484/51 3435/9483/51 3531/9579/51 3530/9578/51
f 3437/9485/48 3440/9488/48 3534/9582/48 3533/9581/48
f 3438/9486/49 3437/9485/49 3533/9581/49 3536/9584/49
f 3439/9487/50 3438/9486/50 3536/9584/50 3535/9583/50
f 3440/9488/51 3439/9487/51 3535/9583/51 3534/9582/51
f 3441/9489/48 3444/9492/48 3538/9586/48 3537/9585/48
f 3442/9490/49 3441/9489/49 3537/9585/49 3540/9588/49
f 3443/9491/50 3442/9490/50 3540/9588/50 3539/9587/50
f 3444/9492/51 3443/9491/51 3539/9587/51 3538/9586/51
f 3445/9493/48 3448/9496/48 3542/9590/48 3541/9589/48
f 3446/9494/49 3445/9493/49 3541/9589/49 3544/9592/49
f 3447/9495/50 3446/9494/50 3544/9592/50 3543/9591/50
f 3448/9496/51 3447/9495/51 3543/9591/51 3542/9590/51
f 3449/9497/48 3452/9500/48 3546/9594/48 3545/9593/48
f 3450/9498/49 3449/9497/49 3545/9593/49 3548/9596/49
f 3451/9499/50 3450/9498/50 3548/9596/50 3547/9595/50
f 3452/9500/51 3451/9499/51 3547/9595/51 3546/9594/51
f 3453/9501/48 3456/9504/48 3550/9598/48 3549/9597/48
f 3454/9502/49 3453/9501/49 3549/9597/49 3552/9600/49
f 3455/9503/50 3454/9502/50 3552/9600/50 3551/9599/50
f 3456/9504/51 3455/9503/51 3551/9599/51 3550/9598/51
f 3457/9505/48 3460/9508/48 3554/9602/48 3553/9601/48
f 3458/9506/49 3457/9505/49 3553/9601/49 3556/9604/49
f 3459/9507/50 3458/9506/50 3556/9604/50 3555/9603/50
f 3460/9508/51 3459/9507/51 3555/9603/51 3554/9602/51
f 3461/9509/48 3464/9512/48 3558/9606/48 3557/9605/48
f 3462/9510/49 3461/9509/49 3557/9605/49 3560/9608/49
f 3463/9511/50 3462/9510/50 3560/9608/50 3559/9607/50
f 3464/9512/51 3463/9511/51 3559/9607/51 3558/9606/51
f 3465/9513/48 3468/9516/48 3562/9610/48 3561/9609/48
f 3466/9514/49 3465/9513/49 3561/9609/49 3564/9612/49
f 3467/9515/50 3466/9514/50 3564/9612/50 3563/9611/50
f 3468/9516/51 3467/9515/51 3563/9611/51 3562/9610/51
f 3469/9517/48 3472/9520/48 3566/9614/48 3565/9613/48
f 3470/9518/49 3469/9517/49 3565/9613/49 3568/9616/49
f 3471/9519/50 3470/9518/50 3568/9616/50 3567/9615/50
f 3472/9520/51 3471/9519/51 3567/9615/51 3566/9614/51
f 3473/9521/48 3476/9524/48 3570/9618/48 3569/9617/48
f 3474/9522/49 3473/9521/49 3569/9617/49 3572/9620/49
f 3475/9523/50 3474/9522/50 3572/9620/50 3571/9619/50
f 3476/9524/51 3475/9523/51 3571/9619/51 3570/9618/51
f 3477/9525/48 3480/9528/48 3574/9622/48 3573/9621/48
f 3478/9526/49 3477/9525/49 3573/9621/49 3576/9624/49
f 3479/9527/50 3478/9526/50 3576/9624/50 3575/9623/50
f 3480/9528/51 3479/9527/51 3575/9623/51 3574/9622/51
f 3481/9529/48 3484/9532/48 3578/9626/48 3577/9625/48
f 3482/9530/49 3481/9529/49 3577/9625/49 3580/9628/49
f 3483/9531/50 3482/9530/50 3580/9628/50 3579/9627/50
f 3484/9532/51 3483/9531/51 3579/9627/51 3578/9626/51
f 3485/9533/48 3488/9536/48 3582/9630/48 3581/9629/48
f 3486/9534/49 3485/9533/49 3581/9629/49 3584/9632/49
f 3487/9535/50 3486/9534/50 3584/9632/50 3583/9631/50
f 3488/9536/51 3487/9535/51 3583/9631/51 3582/9630/51
f 3489/9537/48 3492/9540/48 3586/9634/48 3585/9633/48
f 3490/9538/49 3489/9537/49 3585/9633/49 3588/9636/49
f 3491/9539/50 3490/9538/50 3588/9636/50 3587/9635/50
f 3492/9540/51 3491/9539/51 3587/9635/51 3586/9634/51
f 3493/9541/48 3496/9544/48 3590/9638/48 3589/9637/48
f 3494/9542/49 3493/9541/49 3589/9637/49 3592/9640/49
f 3495/9543/50 3494/9542/50 3592/9640/50 3591/9639/50
f 3496/9544/51 3495/9543/51 3591/9639/51 3590/9638/51
f 3497/9545/48 3500/9548/48 3594/9642/48 3593/9641/48
f 3498/9546/49 3497/9545/49 3593/9641/49 3596/9644/49
f 3499/9547/50 3498/9546/50 3596/9644/50 3595/9643/50
f 3500/9548/51 3499/9547/51 3595/9643/51 3594/9642/51
f 3501/9549/48 3504/9552/48 3598/9646/48 3597/9645/48
f 3502/9550/49 3501/9549/49 3597/9645/49 3600/9648/49
f 3503/9551/50 3502/9550/50 3600/9648/50 3599/9647/50
f 3504/9552/51 3503/9551/51 3599/9647/51 3598/9646/51
f 3505/9553/48 3508/9556/48 3602/9650/48 3601/9649/48
f 3506/9554/49 3505/9553/49 3601/9649/49 3604/9652/49
f 3507/9555/50 3506/9554/50 3604/9652/50 3603/9651/50
f 3508/9556/51 3507/9555/51 3603/9651/51 3602/9650/51
f 3509/9557/48 3512/9560/48 3606/9654/48 3605/9653/48
f 3510/9558/49 3509/9557/49 3605/9653/49 3608/9656/49
f 3511/9559/50 3510/9558/50 3608/9656/50 3607/9655/50
f 3512/9560/51 3511/9559/51 3607/9655/51 3606/9654/51
f 3513/9561/48 3516/9564/48 3610/9658/48 3609/9657/48
f 3514/9562/49 3513/9561/49 3609/9657/49 3612/9660/49
f 3515/9563/50 3514/9562/50 3612/9660/50 3611/9659/50
f 3516/9564/51 3515/9563/51 3611/9659/51 3610/9658/51
f 3517/9565/48 3520/9568/48 3614/9662/48 3613/9661/48
f 3518/9566/49 3517/9565/49 3613/9661/49 3616/9664/49
f 3519/9567/50 3518/9566/50 3616/9664/50 3615/9663/50
f 3520/9568/51 3519/9567/51 3615/9663/51 3614/9662/51
f 3617/9665/47 3618/9666/47 3619/9667/47 3620/9668/47
f 3621/9669/47 3622/9670/47 3623/9671/47 3624/9672/47
f 3625/9673/47 3626/9674/47 3627/9675/47 3628/9676/47
f 3629/9677/47 3630/9678/47 3631/9679/47 3632/9680/47
f 3633/9681/47 3634/9682/47 3635/9683/47 3636/9684/47
f 3637/9685/47 3638/9686/47 3639/9687/47 3640/9688/47
f 3641/9689/47 3642/9690/47 3643/9691/47 3644/9692/47
f 3645/9693/47 3646/9694/47 3647/9695/47 3648/9696/47
f 3649/9697/47 3650/9698/47 3651/9699/47 3652/9700/47
f 3653/9701/47 3654/9702/47 3655/9703/47 3656/9704/47
f 3657/9705/47 3658/9706/47 3659/9707/47 3660/9708/47
f 3661/9709/47 3662/9710/47 3663/9711/47 3664/9712/47
f 3665/9713/47 3666/9714/47 3667/9715/47 3668/9716/47
f 3669/9717/47 3670/9718/47 3671/9719/47 3672/9720/47
f 3673/9721/47 3674/9722/47 3675/9723/47 3676/9724/47
f 3677/9725/47 3678/9726/47 3679/9727/47 3680/9728/47
f 3681/9729/47 3682/9730/47 3683/9731/47 3684/9732/47
f 3685/9733/47 3686/9734/47 3687/9735/47 3688/9736/47
f 3689/9737/47 3690/9738/47 3691/9739/47 3692/9740/47
f 3693/9741/47 3694/9742/47 3695/9743/47 3696/9744/47
f 3697/9745/47 3698/9746/47 3699/9747/47 3700/9748/47
f 3701/9749/47 3702/9750/47 3703/9751/47 3704/9752/47
f 3705/9753/47 3706/9754/47 3707/9755/47 3708/9756/47
f 3709/9757/45 3710/9758/45 3711/9759/45 3712/9760/45
f 3713/9761/45 3714/9762/45 3715/9763/45 3716/9764/45
f 3717/9765/45 3718/9766/45 3719/9767/45 3720/9768/45
f 3721/9769/45 3722/9770/45 3723/9771/45 3724/9772/45
f 3725/9773/45 3726/9774/45 3727/9775/45 3728/9776/45
f 3729/9777/45 3730/9778/45 3731/9779/45 3732/9780/45
f 3733/9781/45 3734/9782/45 3735/9783/45 3736/9784/45
f 3737/9785/45 3738/9786/45 3739/9787/45 3740/9788/45
f 3741/9789/45 3742/9790/45 3743/9791/45 3744/9792/45
f 3745/9793/45 3746/9794/45 3747/9795/45 3748/9796/45
f 3749/9797/45 3750/9798/45 3751/9799/45 3752/9800/45
f 3753/9801/45 3754/9802/45 3755/9803/45 3756/9804/45
f 3757/9805/45 3758/9806/45 3759/9807/45 3760/9808/45
f 3761/9809/45 3762/9810/45 3763/9811/45 3764/9812/45
f 3765/9813/45 3766/9814/45 3767/9815/45 3768/9816/45
f 3769/9817/45 3770/9818/45 3771/9819/45 3772/9820/45
f 3773/9821/45 3774/9822/45 3775/9823/45 3776/9824/45
f 3777/9825/45 3778/9826/45 3779/9827/45 3780/9828/45
f 3781/9829/45 3782/9830/45 3783/9831/45 3784/9832/45
f 3785/9833/45 3786/9834/45 3787/9835/45 3788/9836/45
f 3789/9837/45 3790/9838/45 3791/9839/45 3792/9840/45
f 3793/9841/45 3794/9842/45 3795/9843/45 3796/9844/45
f 3797/9845/45 3798/9846/45 3799/9847/45 3800/9848/45
f 3617/9665/51 3620/9668/51 3710/9758/51 3709/9757/51
f 3618/9666/50 3617/9665/50 3709/9757/50 3712/9760/50
f 3619/9667/49 3618/9666/49 3712/9760/49 3711/9759/49
f 3620/9668/48 3619/9667/48 3711/9759/48 3710/9758/48
f 3621/9669/51 3624/9672/51 3714/9762/51 3713/9761/51
f 3622/9670/50 3621/9669/50 3713/9761/50 3716/9764/50
f 3623/9671/49 3622/9670/49 3716/9764/49 3715/9763/49
f 3624/9672/48 3623/9671/48 3715/9763/48 3714/9762/48
f 3625/9673/51 3628/9676/51 3718/9766/51 3717/9765/51
f 3626/9674/50 3625/9673/50 3717/9765/50 3720/9768/50
f 3627/9675/49 3626/9674/49 3720/9768/49 3719/9767/49
f 3628/9676/48 3627/9675/48 3719/9767/48 3718/9766/48
f 3629/9677/51 3632/9680/51 3722/9770/51 3721/9769/51
f 3630/9678/50 3629/9677/50 3721/9769/50 3724/9772/50
f 3631/9679/49 3630/9678/49 3724/9772/49 3723/9771/49
f 3632/9680/48 3631/9679/48 3723/9771/48 3722/9770/48
f 3633/9681/51 3636/9684/51 3726/9774/51 3725/9773/51
f 3634/9682/50 3633/9681/50 3725/9773/50 3728/9776/50
f 3635/9683/49 3634/9682/49 3728/9776/49 3727/9775/49
f 3636/9684/48 3635/9683/48 3727/9775/48 3726/9774/48
f 3637/9685/51 3640/9688/51 3730/9778/51 3729/9777/51
f 3638/9686/50 3637/9685/50 3729/9777/50 3732/9780/50
f 3639/9687/49 3638/9686/49 3732/9780/49 3731/9779/49
f 3640/9688/48 3639/9687/48 3731/9779/48 3730/9778/48
f 3641/9689/51 3644/9692/51 3734/9782/51 3733/9781/51
f 3642/9690/50 3641/9689/50 3733/9781/50 3736/9784/50
f 3643/9691/49 3642/9690/49 3736/9784/49 3735/9783/49
f 3644/9692/48 3643/9691/48 3735/9783/48 3734/9782/48
f 3645/9693/51 3648/9696/51 3738/9786/51 3737/9785/51
f 3646/9694/50 3645/9693/50 3737/9785/50 3740/9788/50
f 3647/9695/49 3646/9694/49 3740/9788/49 3739/9787/49
f 3648/9696/48 3647/9695/48 3739/9787/48 3738/9786/48
f 3649/9697/51 3652/9700/51 3742/9790/51 3741/9789/51
f 3650/9698/50 3649/9697/50 3741/9789/50 3744/9792/50
f 3651/9699/49 3650/9698/49 3744/9792/49 3743/9791/49
f 3652/9700/48 3651/9699/48 3743/9791/48 3742/9790/48
f 3653/9701/51 3656/9704/51 3746/9794/51 3745/9793/51
f 3654/9702/50 3653/9701/50 3745/9793/50 3748/9796/50
f 3655/9703/49 3654/9702/49 3748/9796/49 3747/9795/49
f 3656/9704/48 3655/9703/48 3747/9795/48 3746/9794/48
f 3657/9705/51 3660/9708/51 3750/9798/51 3749/9797/51
f 3658/9706/50 3657/9705/50 3749/9797/50 3752/9800/50
f 3659/9707/49 3658/9706/49 3752/9800/49 3751/9799/49
f 3660/9708/48 3659/9707/48 3751/9799/48 3750/9798/48
f 3661/9709/51 3664/9712/51 3754/9802/51 3753/9801/51
f 3662/9710/50 3661/9709/50 3753/9801/50 3756/9804/50
f 3663/9711/49 3662/9710/49 3756/9804/49 3755/9803/49
f 3664/9712/48 3663/9711/48 3755/9803/48 3754/9802/48
f 3665/9713/51 3668/9716/51 3758/9806/51 3757/9805/51
f 3666/9714/50 3665/9713/50 3757/9805/50 3760/9808/50
f 3667/9715/49 3666/9714/49 3760/9808/49 3759/9807/49
f 3668/9716/48 3667/9715/48 3759/9807/48 3758/9806/48
f 3669/9717/51 3672/9720/51 3762/9810/51 3761/9809/51
f 3670/9718/50 3669/9717/50 3761/9809/50 3764/9812/50
f 3671/9719/49 3670/9718/49 3764/9812/49 3763/9811/49
f 3672/9720/48 3671/9719/48 3763/9811/48 3762/9810/48
f 3673/9721/51 3676/9724/51 3766/9814/51 3765/9813/51
f 3674/9722/50 3673/9721/50 3765/9813/50 3768/9816/50
f 3675/9723/49 3674/9722/49 3768/9816/49 3767/9815/49
f 3676/9724/48 3675/9723/48 3767/9815/48 3766/9814/48
f 3677/9725/51 3680/9728/51 3770/9818/51 3769/9817/51
f 3678/9726/50 3677/9725/50 3769/9817/50 3772/9820/50
f 3679/9727/49 3678/9726/49 3772/9820/49 3771/9819/49
f 3680/9728/48 3679/9727/48 3771/9819/48 3770/9818/48
f 3681/9729/51 3684/9732/51 3774/9822/51 3773/9821/51
f 3682/9730/50 3681/9729/50 3773/9821/50 3776/9824/50
f 3683/9731/49 3682/9730/49 3776/9824/49 3775/9823/49
f 3684/9732/48 3683/9731/48 3775/9823/48 3774/9822/48
f 3685/9733/51 3688/9736/51 3778/9826/51 3777/9825/51
f 3686/9734/50 3685/9733/50 3777/9825/50 3780/9828/50
f 3687/9735/49 3686/9734/49 3780/9828/49 3779/9827/49
f 3688/9736/48 3687/9735/48 3779/9827/48 3778/9826/48
f 3689/9737/51 3692/9740/51 3782/9830/51 3781/9829/51
f 3690/9738/50 3689/9737/50 3781/9829/50 3784/9832/50
f 3691/9739/49 3690/9738/49 3784/9832/49 3783/9831/49
f 3692/9740/48 3691/9739/48 3783/9831/48 3782/9830/48
f 3693/9741/51 3696/9744/51 3786/9834/51 3785/9833/51
f 3694/9742/50 3693/9741/50 3785/9833/50 3788/9836/50
f 3695/9743/49 3694/9742/49 3788/9836/49 3787/9835/49
f 3696/9744/48 3695/9743/48 3787/9835/48 3786/9834/48
f 3697/9745/51 3700/9748/51 3790/9838/51 3789/9837/51
f 3698/9746/50 3697/9745/50 3789/9837/50 3792/9840/50
f 3699/9747/49 3698/9746/49 3792/9840/49 3791/9839/49
f 3700/9748/48 3699/9747/48 3791/9839/48 3790/9838/48
f 3701/9749/51 3704/9752/51 3794/9842/51 3793/9841/51
f 3702/9750/50 3701/9749/50 3793/9841/50 3796/9844/50
f 3703/9751/49 3702/9750/49 3796/9844/49 3795/9843/49
f 3704/9752/48 3703/9751/48 3795/9843/48 3794/9842/48
f 3705/9753/51 3708/9756/51 3798/9846/51 3797/9845/51
f 3706/9754/50 3705/9753/50 3797/9845/50 3800/9848/50
f 3707/9755/49 3706/9754/49 3800/9848/49 3799/9847/49
f 3708/9756/48 3707/9755/48 3799/9847/48 3798/9846/48
o Plane_Plane.081
v -6.500000 3.617417 -4.144414
v 6.500000 3.617417 -4.144414
v 6.500000 3.619321 -4.184370
v -6.500000 3.619321 -4.184370
v -6.500000 3.597440 -4.145366
v -6.500000 3.599343 -4.185320
v 6.500000 3.599343 -4.185320
v 6.500000 3.597440 -4.145366
v -6.500000 3.573258 -3.217466
v 6.500000 3.573258 -3.217466
v 6.500000 3.575162 -3.257421
v -6.500000 3.575162 -3.257421
v -6.500000 3.553282 -3.218417
v -6.500000 3.555184 -3.258372
v 6.500000 3.555184 -3.258372
v 6.500000 3.553282 -3.218417
v -6.500000 3.529101 -2.290517
v 6.500000 3.529101 -2.290517
v 6.500000 3.531004 -2.330472
v -6.500000 3.531004 -2.330472
v -6.500000 3.509124 -2.291469
v -6.500000 3.511028 -2.331423
v 6.500000 3.511028 -2.331423
v 6.500000 3.509124 -2.291469
v -6.500000 3.484943 -1.363567
v 6.500000 3.484943 -1.363567
v 6.500000 3.486846 -1.403522
v -6.500000 3.486846 -1.403522
v -6.500000 3.464965 -1.364519
v -6.500000 3.466869 -1.404473
v 6.500000 3.466869 -1.404473
v 6.500000 3.464965 -1.364519
v -6.500000 3.440785 -0.436618
v 6.500000 3.440785 -0.436618
v 6.500000 3.442688 -0.476573
v -6.500000 3.442688 -0.476573
v -6.500000 3.420808 -0.437570
v -6.500000 3.422711 -0.477525
v 6.500000 3.422711 -0.477525
v 6.500000 3.420808 -0.437570
v -6.500000 3.396627 0.490331
v 6.500000 3.396627 0.490331
v 6.500000 3.398530 0.450376
v -6.500000 3.398530 0.450376
v -6.500000 3.376650 0.489379
v -6.500000 3.378553 0.449424
v 6.500000 3.378553 0.449424
v 6.500000 3.376650 0.489379
v -6.500000 3.352469 1.417280
v 6.500000 3.352469 1.417280
v 6.500000 3.354373 1.377325
v -6.500000 3.354373 1.377325
v -6.500000 3.332492 1.416328
v -6.500000 3.334395 1.376373
v 6.500000 3.334395 1.376373
v 6.500000 3.332492 1.416328
v -6.500000 3.308311 2.344228
v 6.500000 3.308311 2.344228
v 6.500000 3.310215 2.304273
v -6.500000 3.310215 2.304273
v -6.500000 3.288333 2.343277
v -6.500000 3.290236 2.303321
v 6.500000 3.290236 2.303321
v 6.500000 3.288333 2.343277
v -6.500000 3.264153 3.271177
v 6.500000 3.264153 3.271177
v 6.500000 3.266057 3.231222
v -6.500000 3.266057 3.231222
v -6.500000 3.244175 3.270226
v -6.500000 3.246078 3.230270
v 6.500000 3.246078 3.230270
v 6.500000 3.244175 3.270226
v -6.500000 3.219994 4.198125
v 6.500000 3.219994 4.198125
v 6.500000 3.221898 4.158171
v -6.500000 3.221898 4.158171
v -6.500000 3.200017 4.197175
v -6.500000 3.201921 4.157218
v 6.500000 3.201921 4.157218
v 6.500000 3.200017 4.197175
vt 0.000000 0.000000
vt 1.000000 0.000000
vt 1.000000 1.000000
vt 0.000000 1.000000
vt 0.000000 0.000000
vt 0.000000 1.000000
vt 1.000000 1.000000
vt 1.000000 0.000000
vt 0.000000 0.000000
vt 1.000000 0.000000
vt 1.000000 1.000000
vt 0.000000 1.000000
vt 0.000000 0.000000
vt 0.000000 1.000000
vt 1.000000 1.000000
vt 1.000000 0.000000
vt 0.000000 0.000000
vt 1.000000 0.000000
vt 1.000000 1.000000
vt 0.000000 1.000000
vt 0.000000 0.000000
vt 0.000000 1.000000
vt 1.000000 1.000000
vt 1.000000 0.000000
vt 0.000000 0.000000
vt 1.000000 0.000000
vt 1.000000 1.000000
vt 0.000000 1.000000
vt 0.000000 0.000000
vt 0.000000 1.000000
vt 1.000000 1.000000
vt 1.000000 0.000000
vt 0.000000 0.000000
vt 1.000000 0.000000
vt 1.000000 1.000000
vt 0.000000 1.000000
vt 0.000000 0.000000
vt 0.000000 1.000000
vt 1.000000 1.000000
vt 1.000000 0.000000
vt 0.000000 0.000000
vt 1.000000 0.000000
vt 1.000000 1.000000
vt 0.000000 1.000000
vt 0.000000 0.000000
vt 0.000000 1.000000
vt 1.000000 1.000000
vt 1.000000 0.000000
vt 0.000000 0.000000
vt 1.000000 0.000000
vt 1.000000 1.000000
vt 0.000000 1.000000
vt 0.000000 0.000000
vt 0.000000 1.000000
vt 1.000000 1.000000
vt 1.000000 0.000000
vt 0.000000 0.000000
vt 1.000000 0.000000
vt 1.000000 1.000000
vt 0.000000 1.000000
vt 0.000000 0.000000
vt 0.000000 1.000000
vt 1.000000 1.000000
vt 1.000000 0.000000
vt 0.000000 0.000000
vt 1.000000 0.000000
vt 1.000000 1.000000
vt 0.000000 1.000000
vt 0.000000 0.000000
vt 0.000000 1.000000
vt 1.000000 1.000000
vt 1.000000 0.000000
vt 0.000000 0.000000
vt 1.000000 0.000000
vt 1.000000 1.000000
vt 0.000000 1.000000
vt 0.000000 0.000000
vt 0.000000 1.000000
vt 1.000000 1.000000
vt 1.000000 0.000000
vn 0.0000 0.9989 0.0476
vn 0.0000 -0.9989 -0.0476
vn -1.0000 0.0000 0.0000
vn 0.0000 -0.0476 0.9989
vn 1.0000 0.0000 0.0000
vn 0.0000 0.0475 -0.9989
vn 0.0000 0.0476 -0.9989
vn 0.0000 -0.0475 0.9989
usemtl None
s 1
f 3801/9849/52 3802/9850/52 3803/9851/52 3804/9852/52
f 3805/9853/53 3806/9854/53 3807/9855/53 3808/9856/53
f 3801/9849/54 3804/9852/54 3806/9854/54 3805/9853/54
f 3802/9850/55 3801/9849/55 3805/9853/55 3808/9856/55
f 3803/9851/56 3802/9850/56 3808/9856/56 3807/9855/56
f 3804/9852/57 3803/9851/57 3807/9855/57 3806/9854/57
f 3809/9857/52 3810/9858/52 3811/9859/52 3812/9860/52
f 3813/9861/53 3814/9862/53 3815/9863/53 3816/9864/53
f 3809/9857/54 3812/9860/54 3814/9862/54 3813/9861/54
f 3810/9858/55 3809/9857/55 3813/9861/55 3816/9864/55
f 3811/9859/56 3810/9858/56 3816/9864/56 3815/9863/56
f 3812/9860/58 3811/9859/58 3815/9863/58 3814/9862/58
f 3817/9865/52 3818/9866/52 3819/9867/52 3820/9868/52
f 3821/9869/53 3822/9870/53 3823/9871/53 3824/9872/53
f 3817/9865/54 3820/9868/54 3822/9870/54 3821/9869/54
f 3818/9866/55 3817/9865/55 3821/9869/55 3824/9872/55
f 3819/9867/56 3818/9866/56 3824/9872/56 3823/9871/56
f 3820/9868/58 3819/9867/58 3823/9871/58 3822/9870/58
f 3825/9873/52 3826/9874/52 3827/9875/52 3828/9876/52
f 3829/9877/53 3830/9878/53 3831/9879/53 3832/9880/53
f 3825/9873/54 3828/9876/54 3830/9878/54 3829/9877/54
f 3826/9874/55 3825/9873/55 3829/9877/55 3832/9880/55
f 3827/9875/56 3826/9874/56 3832/9880/56 3831/9879/56
f 3828/9876/58 3827/9875/58 3831/9879/58 3830/9878/58
f 3833/9881/52 3834/9882/52 3835/9883/52 3836/9884/52
f 3837/9885/53 3838/9886/53 3839/9887/53 3840/9888/53
f 3833/9881/54 3836/9884/54 3838/9886/54 3837/9885/54
f 3834/9882/55 3833/9881/55 3837/9885/55 3840/9888/55
f 3835/9883/56 3834/9882/56 3840/9888/56 3839/9887/56
f 3836/9884/58 3835/9883/58 3839/9887/58 3838/9886/58
f 3841/9889/52 3842/9890/52 3843/9891/52 3844/9892/52
f 3845/9893/53 3846/9894/53 3847/9895/53 3848/9896/53
f 3841/9889/54 3844/9892/54 3846/9894/54 3845/9893/54
f 3842/9890/55 3841/9889/55 3845/9893/55 3848/9896/55
f 3843/9891/56 3842/9890/56 3848/9896/56 3847/9895/56
f 3844/9892/58 3843/9891/58 3847/9895/58 3846/9894/58
f 3849/9897/52 3850/9898/52 3851/9899/52 3852/9900/52
f 3853/9901/53 3854/9902/53 3855/9903/53 3856/9904/53
f 3849/9897/54 3852/9900/54 3854/9902/54 3853/9901/54
f 3850/9898/55 3849/9897/55 3853/9901/55 3856/9904/55
f 3851/9899/56 3850/9898/56 3856/9904/56 3855/9903/56
f 3852/9900/58 3851/9899/58 3855/9903/58 3854/9902/58
f 3857/9905/52 3858/9906/52 3859/9907/52 3860/9908/52
f 3861/9909/53 3862/9910/53 3863/9911/53 3864/9912/53
f 3857/9905/54 3860/9908/54 3862/9910/54 3861/9909/54
f 3858/9906/55 3857/9905/55 3861/9909/55 3864/9912/55
f 3859/9907/56 3858/9906/56 3864/9912/56 3863/9911/56
f 3860/9908/58 3859/9907/58 3863/9911/58 3862/9910/58
f 3865/9913/52 3866/9914/52 3867/9915/52 3868/9916/52
f 3869/9917/53 3870/9918/53 3871/9919/53 3872/9920/53
f 3865/9913/54 3868/9916/54 3870/9918/54 3869/9917/54
f 3866/9914/55 3865/9913/55 3869/9917/55 3872/9920/55
f 3867/9915/56 3866/9914/56 3872/9920/56 3871/9919/56
f 3868/9916/58 3867/9915/58 3871/9919/58 3870/9918/58
f 3873/9921/52 3874/9922/52 3875/9923/52 3876/9924/52
f 3877/9925/53 3878/9926/53 3879/9927/53 3880/9928/53
f 3873/9921/54 3876/9924/54 3878/9926/54 3877/9925/54
f 3874/9922/59 3873/9921/59 3877/9925/59 3880/9928/59
f 3875/9923/56 3874/9922/56 3880/9928/56 3879/9927/56
f 3876/9924/58 3875/9923/58 3879/9927/58 3878/9926/58
