# Blender v2.92.0 OBJ File: ''
# www.blender.org
mtllib wall_btn_cables.mtl
o Cylinder_34_Mesh
v -0.595647 -0.227099 0.024856
v -0.618512 -0.242699 0.014746
v -0.596191 -0.222699 0.019805
v -0.621188 -0.242699 -0.010110
v -0.575459 -0.227099 0.010110
v -0.601000 -0.242699 -0.024856
v -0.580106 -0.222699 0.008055
v -0.578136 -0.242699 -0.014746
v -0.578136 -0.227099 -0.014746
v -0.575459 -0.242699 0.010110
v -0.582239 -0.222699 -0.011749
v -0.595647 -0.242699 0.024856
v -0.614409 -0.222699 0.011749
v -0.618512 -0.227099 0.014746
v -0.616542 -0.222699 -0.008055
v -0.621188 -0.227099 -0.010110
v -0.600456 -0.222699 -0.019805
v -0.601000 -0.227099 -0.024856
v -0.523608 -0.495513 -0.024856
v -0.546473 -0.479913 -0.014746
v -0.524152 -0.499913 -0.019805
v -0.549150 -0.479913 0.010110
v -0.503420 -0.495513 -0.010110
v -0.528962 -0.479913 0.024856
v -0.508067 -0.499913 -0.008055
v -0.506097 -0.479913 0.014746
v -0.506097 -0.495513 0.014746
v -0.503420 -0.479913 -0.010110
v -0.510200 -0.499913 0.011749
v -0.523608 -0.479913 -0.024856
v -0.542370 -0.499913 -0.011749
v -0.546473 -0.495513 -0.014746
v -0.544503 -0.499913 0.008055
v -0.549150 -0.495513 0.010110
v -0.528418 -0.499913 0.019805
v -0.528962 -0.495513 0.024856
v -0.584017 -0.495513 -0.024856
v -0.606882 -0.479913 -0.014746
v -0.584561 -0.499913 -0.019805
v -0.609558 -0.479913 0.010110
v -0.563829 -0.495513 -0.010110
v -0.589370 -0.479913 0.024856
v -0.568476 -0.499913 -0.008055
v -0.566506 -0.479913 0.014746
v -0.566506 -0.495513 0.014746
v -0.563829 -0.479913 -0.010110
v -0.570609 -0.499913 0.011749
v -0.584017 -0.479913 -0.024856
v -0.602779 -0.499913 -0.011749
v -0.606882 -0.495513 -0.014746
v -0.604912 -0.499913 0.008055
v -0.609558 -0.495513 0.010110
v -0.588826 -0.499913 0.019805
v -0.589370 -0.495513 0.024856
v -1.179337 -0.672424 -0.024856
v -1.202201 -0.656824 -0.014746
v -1.179880 -0.676824 -0.019805
v -1.204878 -0.656824 0.010110
v -1.159149 -0.672424 -0.010110
v -1.184690 -0.656824 0.024856
v -1.163795 -0.676824 -0.008056
v -1.161825 -0.656824 0.014746
v -1.161825 -0.672424 0.014746
v -1.159149 -0.656824 -0.010110
v -1.165928 -0.676824 0.011749
v -1.179337 -0.656824 -0.024856
v -1.198098 -0.676824 -0.011749
v -1.202201 -0.672424 -0.014746
v -1.200231 -0.676824 0.008055
v -1.204878 -0.672424 0.010110
v -1.184146 -0.676824 0.019805
v -1.184690 -0.672424 0.024856
v -1.390567 -0.672424 -0.024856
v -1.413431 -0.656824 -0.014746
v -1.391111 -0.676824 -0.019805
v -1.416108 -0.656824 0.010110
v -1.370379 -0.672424 -0.010110
v -1.395920 -0.656824 0.024856
v -1.375026 -0.676824 -0.008056
v -1.373055 -0.656824 0.014746
v -1.373055 -0.672424 0.014746
v -1.370379 -0.656824 -0.010110
v -1.377158 -0.676824 0.011749
v -1.390567 -0.656824 -0.024856
v -1.409328 -0.676824 -0.011749
v -1.413431 -0.672424 -0.014746
v -1.411461 -0.676824 0.008055
v -1.416108 -0.672424 0.010110
v -1.395376 -0.676824 0.019805
v -1.395920 -0.672424 0.024856
v 0.782452 0.044577 -0.024856
v 0.759587 0.060177 -0.014746
v 0.781908 0.040177 -0.019805
v 0.756910 0.060177 0.010110
v 0.802640 0.044577 -0.010110
v 0.777098 0.060177 0.024856
v 0.797993 0.040177 -0.008055
v 0.799963 0.060177 0.014746
v 0.799963 0.044577 0.014746
v 0.802640 0.060177 -0.010110
v 0.795860 0.040177 0.011749
v 0.782452 0.060177 -0.024856
v 0.763690 0.040177 -0.011749
v 0.759587 0.044577 -0.014746
v 0.761557 0.040177 0.008055
v 0.756910 0.044577 0.010110
v 0.777642 0.040177 0.019805
v 0.777098 0.044577 0.024856
v 0.150161 -0.430691 -0.024856
v 0.127297 -0.415091 -0.014746
v 0.149617 -0.435091 -0.019805
v 0.124620 -0.415091 0.010110
v 0.170349 -0.430691 -0.010110
v 0.144808 -0.415091 0.024856
v 0.165702 -0.435091 -0.008055
v 0.167672 -0.415091 0.014746
v 0.167672 -0.430691 0.014746
v 0.170349 -0.415091 -0.010110
v 0.163570 -0.435091 0.011749
v 0.150161 -0.415091 -0.024856
v 0.131399 -0.435091 -0.011749
v 0.127297 -0.430691 -0.014746
v 0.129267 -0.435091 0.008055
v 0.124620 -0.430691 0.010110
v 0.145352 -0.435091 0.019805
v 0.144808 -0.430691 0.024856
v 0.320577 -0.429199 -0.024856
v 0.297713 -0.413599 -0.014746
v 0.320033 -0.433599 -0.019805
v 0.295036 -0.413599 0.010110
v 0.340765 -0.429199 -0.010110
v 0.315224 -0.413599 0.024856
v 0.336118 -0.433599 -0.008055
v 0.338088 -0.413599 0.014746
v 0.338088 -0.429199 0.014746
v 0.340765 -0.413599 -0.010110
v 0.333985 -0.433599 0.011749
v 0.320577 -0.413599 -0.024856
v 0.301815 -0.433599 -0.011749
v 0.297713 -0.429199 -0.014746
v 0.299682 -0.433599 0.008055
v 0.295036 -0.429199 0.010110
v 0.315768 -0.433599 0.019805
v 0.315224 -0.429199 0.024856
v -0.359680 0.222734 -0.024856
v -0.382545 0.238334 -0.014746
v -0.360224 0.218334 -0.019805
v -0.385221 0.238334 0.010110
v -0.339492 0.222734 -0.010110
v -0.365033 0.238334 0.024856
v -0.344139 0.218334 -0.008055
v -0.342169 0.238334 0.014746
v -0.342169 0.222734 0.014746
v -0.339492 0.238334 -0.010110
v -0.346272 0.218334 0.011749
v -0.359680 0.238334 -0.024856
v -0.378442 0.218334 -0.011749
v -0.382545 0.222734 -0.014746
v -0.380575 0.218334 0.008055
v -0.385221 0.222734 0.010110
v -0.364489 0.218334 0.019805
v -0.365033 0.222734 0.024856
v -0.282996 0.222734 -0.024856
v -0.305860 0.238334 -0.014746
v -0.283540 0.218334 -0.019805
v -0.308537 0.238334 0.010110
v -0.262808 0.222734 -0.010110
v -0.288349 0.238334 0.024856
v -0.267455 0.218334 -0.008055
v -0.265485 0.238334 0.014746
v -0.265485 0.222734 0.014746
v -0.262808 0.238334 -0.010110
v -0.269587 0.218334 0.011749
v -0.282996 0.238334 -0.024856
v -0.301758 0.218334 -0.011749
v -0.305860 0.222734 -0.014746
v -0.303890 0.218334 0.008055
v -0.308537 0.222734 0.010110
v -0.287805 0.218334 0.019805
v -0.288349 0.222734 0.024856
v -0.371847 -0.241167 0.024856
v -0.394712 -0.256767 0.014746
v -0.372391 -0.236767 0.019805
v -0.397388 -0.256767 -0.010110
v -0.351659 -0.241167 0.010110
v -0.377200 -0.256767 -0.024856
v -0.356306 -0.236767 0.008055
v -0.354336 -0.256767 -0.014746
v -0.354336 -0.241167 -0.014746
v -0.351659 -0.256767 0.010110
v -0.358439 -0.236767 -0.011749
v -0.371847 -0.256767 0.024856
v -0.390609 -0.236767 0.011749
v -0.394712 -0.241167 0.014746
v -0.392742 -0.236767 -0.008055
v -0.397388 -0.241167 -0.010110
v -0.376657 -0.236767 -0.019805
v -0.377200 -0.241167 -0.024856
v -0.295163 -0.241167 0.024856
v -0.318027 -0.256767 0.014746
v -0.295707 -0.236767 0.019805
v -0.320704 -0.256767 -0.010110
v -0.274975 -0.241167 0.010110
v -0.300516 -0.256767 -0.024856
v -0.279622 -0.236767 0.008055
v -0.277652 -0.256767 -0.014746
v -0.277652 -0.241167 -0.014746
v -0.274975 -0.256767 0.010110
v -0.281754 -0.236767 -0.011749
v -0.295163 -0.256767 0.024856
v -0.313925 -0.236767 0.011749
v -0.318027 -0.241167 0.014746
v -0.316057 -0.236767 -0.008055
v -0.320704 -0.241167 -0.010110
v -0.299972 -0.236767 -0.019805
v -0.300516 -0.241167 -0.024856
v -0.031371 -0.790438 0.024856
v -0.046971 -0.767574 0.014746
v -0.026971 -0.789894 0.019805
v -0.046971 -0.764897 -0.010110
v -0.031371 -0.810626 0.010110
v -0.046971 -0.785085 -0.024856
v -0.026971 -0.805979 0.008055
v -0.046971 -0.807949 -0.014746
v -0.031371 -0.807949 -0.014746
v -0.046971 -0.810626 0.010110
v -0.026971 -0.803847 -0.011750
v -0.046971 -0.790438 0.024856
v -0.026971 -0.771676 0.011749
v -0.031371 -0.767574 0.014746
v -0.026971 -0.769544 -0.008056
v -0.031371 -0.764897 -0.010110
v -0.026971 -0.785629 -0.019805
v -0.031371 -0.785085 -0.024856
v -0.031371 -0.679118 0.024856
v -0.046971 -0.656253 0.014746
v -0.026971 -0.678574 0.019805
v -0.046971 -0.653577 -0.010110
v -0.031371 -0.699306 0.010110
v -0.046971 -0.673764 -0.024856
v -0.026971 -0.694659 0.008055
v -0.046971 -0.696629 -0.014746
v -0.031371 -0.696629 -0.014746
v -0.046971 -0.699306 0.010110
v -0.026971 -0.692526 -0.011749
v -0.046971 -0.679118 0.024856
v -0.026971 -0.660356 0.011749
v -0.031371 -0.656253 0.014746
v -0.026971 -0.658223 -0.008056
v -0.031371 -0.653577 -0.010110
v -0.026971 -0.674308 -0.019805
v -0.031371 -0.673764 -0.024856
v -0.031371 -0.613676 0.021651
v -0.046971 -0.601176 -0.000000
v -0.026971 -0.616217 0.017251
v -0.046971 -0.613676 -0.021651
v -0.031371 -0.638676 0.021651
v -0.046971 -0.638676 -0.021651
v -0.026971 -0.636136 0.017251
v -0.046971 -0.651176 -0.000000
v -0.031371 -0.651176 -0.000000
v -0.046971 -0.638676 0.021651
v -0.026971 -0.646096 -0.000000
v -0.046971 -0.613676 0.021651
v -0.026971 -0.606257 -0.000000
v -0.031371 -0.601176 -0.000000
v -0.026971 -0.616217 -0.017251
v -0.031371 -0.613676 -0.021651
v -0.026971 -0.636136 -0.017251
v -0.031371 -0.638676 -0.021651
v -0.442382 0.464794 0.021651
v -0.426782 0.452294 0.000000
v -0.446782 0.467334 0.017251
v -0.426782 0.464794 -0.021651
v -0.442382 0.489794 0.021651
v -0.426782 0.489794 -0.021651
v -0.446782 0.487254 0.017251
v -0.426782 0.502294 0.000000
v -0.442382 0.502294 0.000000
v -0.426782 0.489794 0.021651
v -0.446782 0.497213 0.000000
v -0.426782 0.464794 0.021651
v -0.446782 0.457375 0.000000
v -0.442382 0.452294 0.000000
v -0.446782 0.467334 -0.017251
v -0.442382 0.464794 -0.021651
v -0.446782 0.487254 -0.017251
v -0.442382 0.489794 -0.021651
v -1.159266 -0.444531 -0.044321
v -1.173122 -0.449996 -0.044321
v -1.159522 -0.444097 -0.064090
v -1.187988 -0.450912 -0.044321
v -1.202410 -0.447189 -0.044321
v -1.214975 -0.439192 -0.044321
v -1.224455 -0.427704 -0.044321
v -1.229920 -0.413848 -0.044321
v -1.201606 -0.445339 -0.065584
v -1.230836 -0.398982 -0.044321
v -1.227113 -0.384560 -0.044321
v -1.219116 -0.371994 -0.044321
v -1.207627 -0.362515 -0.044321
v -1.193772 -0.357050 -0.044321
v -1.224020 -0.427447 -0.064090
v -1.178905 -0.356134 -0.044321
v -1.164484 -0.359856 -0.044321
v -1.229428 -0.413739 -0.064090
v -1.151918 -0.367853 -0.044321
v -1.142439 -0.379342 -0.044321
v -1.230334 -0.399030 -0.064090
v -1.136973 -0.393198 -0.044321
v -1.136057 -0.408064 -0.044321
v -1.226650 -0.384761 -0.064090
v -1.139780 -0.422486 -0.044321
v -1.147777 -0.435052 -0.044321
v -1.161272 -0.441130 -0.066083
v -1.173978 -0.446142 -0.066083
v -1.173122 -0.449996 -0.062183
v -1.187611 -0.446982 -0.066083
v -1.187988 -0.450912 -0.062183
v -1.202410 -0.447189 -0.062183
v -1.212360 -0.436234 -0.066083
v -1.214975 -0.439192 -0.062183
v -1.221053 -0.425698 -0.066083
v -1.226065 -0.412992 -0.066083
v -1.226905 -0.399358 -0.066083
v -1.223491 -0.386133 -0.066083
v -1.216158 -0.374609 -0.066083
v -1.219116 -0.371994 -0.062183
v -1.205622 -0.365916 -0.066083
v -1.192915 -0.360904 -0.066083
v -1.179282 -0.360064 -0.066083
v -1.166056 -0.363478 -0.066083
v -1.154533 -0.370812 -0.066083
v -1.145840 -0.381348 -0.066083
v -1.140828 -0.394054 -0.066083
v -1.139988 -0.407688 -0.066083
v -1.143402 -0.420913 -0.066083
v -1.150736 -0.432437 -0.066083
v -1.147777 -0.435052 -0.062183
v -1.140243 -0.422285 -0.064090
v -1.136559 -0.408016 -0.064090
v -1.137466 -0.393307 -0.064090
v -1.142873 -0.379598 -0.064090
v -1.152252 -0.368231 -0.064090
v -1.164685 -0.360319 -0.064090
v -1.178953 -0.356636 -0.064090
v -1.193662 -0.357542 -0.064090
v -1.207371 -0.362949 -0.064090
v -1.153166 -0.378305 -0.061124
v -1.215125 -0.427351 -0.061124
v -1.209785 -0.428729 -0.061124
v -1.148642 -0.392676 -0.061124
v -1.147263 -0.387336 -0.061124
v -1.218252 -0.414370 -0.061124
v -1.219630 -0.419710 -0.061124
v -1.157109 -0.378316 -0.061124
v -1.186438 -0.408072 -0.099455
v -1.177650 -0.403824 -0.098651
v -1.213177 -0.427774 -0.099455
v -1.189366 -0.402983 -0.061124
v -1.181054 -0.398081 -0.061124
v -1.219058 -0.417800 -0.099455
v -1.173397 -0.392263 -0.061124
v -1.198164 -0.406868 -0.061124
v -1.218103 -0.414601 -0.098651
v -1.193497 -0.414782 -0.061124
v -1.168730 -0.400178 -0.061124
v -1.185839 -0.408964 -0.061124
v -1.177527 -0.404063 -0.061124
v -1.155213 -0.377777 -0.097624
v -1.154243 -0.380196 -0.099724
v -1.215125 -0.427351 -0.097624
v -1.210801 -0.426835 -0.099724
v -1.209785 -0.428729 -0.097624
v -1.148642 -0.392676 -0.097624
v -1.219630 -0.419710 -0.097624
v -1.149143 -0.390201 -0.099724
v -1.146724 -0.389232 -0.097624
v -1.179881 -0.399828 -0.099724
v -1.181054 -0.398081 -0.097624
v -1.188406 -0.404854 -0.099724
v -1.189366 -0.402983 -0.097624
v -1.197372 -0.408813 -0.099724
v -1.198164 -0.406868 -0.097624
v -1.172077 -0.393898 -0.099724
v -1.173397 -0.392263 -0.097624
v -1.169522 -0.398232 -0.099724
v -1.168730 -0.400178 -0.097624
v -1.194171 -0.413947 -0.099455
v -1.148257 -0.387762 -0.099455
v -1.151982 -0.379861 -0.098651
v -1.156589 -0.379284 -0.099455
v -1.343645 -0.403523 -0.044321
v -1.345975 -0.418234 -0.044321
v -1.352737 -0.431505 -0.044321
v -1.363269 -0.442037 -0.044321
v -1.346455 -0.418078 -0.064090
v -1.376540 -0.448799 -0.044321
v -1.391252 -0.451129 -0.044321
v -1.353145 -0.431209 -0.064090
v -1.405963 -0.448799 -0.044321
v -1.419234 -0.442037 -0.044321
v -1.363566 -0.441629 -0.064090
v -1.429766 -0.431505 -0.044321
v -1.436528 -0.418234 -0.044321
v -1.376696 -0.448320 -0.064090
v -1.438858 -0.403523 -0.044321
v -1.436528 -0.388812 -0.044321
v -1.391252 -0.450625 -0.064090
v -1.429766 -0.375541 -0.044321
v -1.405339 -0.446880 -0.065584
v -1.419234 -0.365008 -0.044321
v -1.405963 -0.358247 -0.044321
v -1.391252 -0.355917 -0.044321
v -1.418937 -0.441629 -0.064090
v -1.376540 -0.358247 -0.044321
v -1.363269 -0.365008 -0.044321
v -1.429358 -0.431209 -0.064090
v -1.352737 -0.375541 -0.044321
v -1.345975 -0.388812 -0.044321
v -1.436048 -0.418078 -0.064090
v -1.347594 -0.403523 -0.066083
v -1.343645 -0.403523 -0.062183
v -1.349731 -0.417014 -0.066083
v -1.355932 -0.429184 -0.066083
v -1.365590 -0.438843 -0.066083
v -1.377761 -0.445044 -0.066083
v -1.391252 -0.447181 -0.066083
v -1.405963 -0.448799 -0.062183
v -1.416913 -0.438843 -0.066083
v -1.426572 -0.429184 -0.066083
v -1.432773 -0.417014 -0.066083
v -1.438858 -0.403523 -0.062183
v -1.432773 -0.390032 -0.066083
v -1.426572 -0.377861 -0.066083
v -1.416913 -0.368203 -0.066083
v -1.404743 -0.362002 -0.066083
v -1.391252 -0.359865 -0.066083
v -1.377761 -0.362002 -0.066083
v -1.365590 -0.368203 -0.066083
v -1.355932 -0.377861 -0.066083
v -1.349731 -0.390032 -0.066083
v -1.346455 -0.388968 -0.064090
v -1.353145 -0.375837 -0.064090
v -1.363566 -0.365417 -0.064090
v -1.376696 -0.358726 -0.064090
v -1.391252 -0.356421 -0.064090
v -1.405807 -0.358726 -0.064090
v -1.418937 -0.365417 -0.064090
v -1.429358 -0.375837 -0.064090
v -1.436048 -0.388968 -0.064090
v -1.436841 -0.403523 -0.065584
v -1.397594 -0.364631 -0.061124
v -1.397594 -0.442415 -0.061124
v -1.386817 -0.442913 -0.061124
v -1.382917 -0.368032 -0.061124
v -1.386817 -0.364132 -0.061124
v -1.399587 -0.439013 -0.061124
v -1.399587 -0.368032 -0.061124
v -1.383415 -0.440921 -0.061124
v -1.387719 -0.388990 -0.099455
v -1.395549 -0.441840 -0.099455
v -1.394724 -0.408348 -0.061124
v -1.394724 -0.398698 -0.061124
v -1.395846 -0.389147 -0.061124
v -1.395846 -0.417899 -0.061124
v -1.399312 -0.439002 -0.098651
v -1.386657 -0.417899 -0.061124
v -1.386657 -0.389147 -0.061124
v -1.387780 -0.408348 -0.061124
v -1.387780 -0.398698 -0.061124
v -1.397594 -0.442415 -0.097624
v -1.397201 -0.439839 -0.099724
v -1.387086 -0.440813 -0.099724
v -1.386817 -0.442913 -0.097624
v -1.385065 -0.368119 -0.099724
v -1.387086 -0.366232 -0.099724
v -1.386817 -0.364132 -0.097624
v -1.397439 -0.368119 -0.099724
v -1.383415 -0.440921 -0.097624
v -1.392624 -0.398575 -0.099724
v -1.394724 -0.398698 -0.097624
v -1.392624 -0.408471 -0.099724
v -1.394724 -0.408348 -0.097624
v -1.393767 -0.418205 -0.099724
v -1.395846 -0.417899 -0.097624
v -1.393767 -0.388841 -0.099724
v -1.395846 -0.389147 -0.097624
v -1.388736 -0.418205 -0.099724
v -1.386657 -0.417899 -0.097624
v -1.389880 -0.398575 -0.099724
v -1.387780 -0.398698 -0.097624
v -1.389880 -0.408471 -0.099724
v -1.387780 -0.408348 -0.097624
v -1.384014 -0.438969 -0.099455
v -1.383656 -0.366263 -0.098651
v -1.395549 -0.365205 -0.099455
v -1.398847 -0.366263 -0.098651
v -1.424095 -0.596610 -0.057682
v -1.424095 -0.596610 -0.047682
v -1.417915 -0.595631 -0.057682
v -1.417915 -0.595631 -0.047682
v -1.412340 -0.592790 -0.057682
v -1.412340 -0.592790 -0.047682
v -1.407915 -0.588366 -0.057682
v -1.407915 -0.588366 -0.047682
v -1.405074 -0.582790 -0.057682
v -1.405074 -0.582790 -0.047682
v -1.404095 -0.576610 -0.057682
v -1.404095 -0.576610 -0.047682
v -1.405074 -0.570430 -0.057682
v -1.405074 -0.570430 -0.047682
v -1.407915 -0.564854 -0.057682
v -1.407915 -0.564854 -0.047682
v -1.412340 -0.560430 -0.057682
v -1.412340 -0.560430 -0.047682
v -1.417915 -0.557589 -0.057682
v -1.417915 -0.557589 -0.047682
v -1.424095 -0.556610 -0.057682
v -1.424095 -0.556610 -0.047682
v -1.430276 -0.557589 -0.057682
v -1.430276 -0.557589 -0.047682
v -1.435851 -0.560430 -0.057682
v -1.435851 -0.560430 -0.047682
v -1.440276 -0.564854 -0.057682
v -1.440276 -0.564854 -0.047682
v -1.443116 -0.570430 -0.057682
v -1.443116 -0.570430 -0.047682
v -1.444095 -0.576610 -0.057682
v -1.444095 -0.576610 -0.047682
v -1.443116 -0.582790 -0.057682
v -1.443116 -0.582790 -0.047682
v -1.440276 -0.588366 -0.057682
v -1.440276 -0.588366 -0.047682
v -1.435851 -0.592790 -0.057682
v -1.435851 -0.592790 -0.047682
v -1.430276 -0.595631 -0.057682
v -1.430276 -0.595631 -0.047682
v -1.418822 -0.592839 -0.057682
v -1.424095 -0.593674 -0.057682
v -1.414065 -0.590415 -0.057682
v -1.410290 -0.586640 -0.057682
v -1.407866 -0.581883 -0.057682
v -1.407032 -0.576610 -0.057682
v -1.407866 -0.571337 -0.057682
v -1.410290 -0.566580 -0.057682
v -1.414065 -0.562805 -0.057682
v -1.418822 -0.560381 -0.057682
v -1.424095 -0.559546 -0.057682
v -1.429368 -0.560381 -0.057682
v -1.434125 -0.562805 -0.057682
v -1.437900 -0.566580 -0.057682
v -1.440324 -0.571337 -0.057682
v -1.441159 -0.576610 -0.057682
v -1.440324 -0.581883 -0.057682
v -1.437900 -0.586640 -0.057682
v -1.434125 -0.590415 -0.057682
v -1.429368 -0.592839 -0.057682
v -1.414065 -0.590415 -0.051282
v -1.418822 -0.592839 -0.051282
v -1.424095 -0.593674 -0.051282
v -1.429368 -0.592839 -0.051282
v -1.434125 -0.590415 -0.051282
v -1.437900 -0.586640 -0.051282
v -1.440324 -0.581883 -0.051282
v -1.441159 -0.576610 -0.051282
v -1.440324 -0.571337 -0.051282
v -1.437900 -0.566580 -0.051282
v -1.434125 -0.562805 -0.051282
v -1.429368 -0.560381 -0.051282
v -1.424095 -0.559546 -0.051282
v -1.418822 -0.560381 -0.051282
v -1.414065 -0.562805 -0.051282
v -1.410290 -0.566580 -0.051282
v -1.407866 -0.571337 -0.051282
v -1.407032 -0.576610 -0.051282
v -1.407866 -0.581883 -0.051282
v -1.410290 -0.586640 -0.051282
v -1.432399 -0.588040 -0.051282
v -1.435525 -0.584914 -0.051282
v -1.428461 -0.590046 -0.051282
v -1.424095 -0.590738 -0.051282
v -1.419730 -0.590046 -0.051282
v -1.415791 -0.588040 -0.051282
v -1.412666 -0.584914 -0.051282
v -1.410659 -0.580976 -0.051282
v -1.409968 -0.576610 -0.051282
v -1.410659 -0.572244 -0.051282
v -1.412666 -0.568306 -0.051282
v -1.415791 -0.565181 -0.051282
v -1.419730 -0.563174 -0.051282
v -1.424095 -0.562482 -0.051282
v -1.428461 -0.563174 -0.051282
v -1.432399 -0.565181 -0.051282
v -1.435525 -0.568306 -0.051282
v -1.437531 -0.572244 -0.051282
v -1.438223 -0.576610 -0.051282
v -1.437531 -0.580976 -0.051282
v -1.428461 -0.590046 -0.065082
v -1.432399 -0.588040 -0.065082
v -1.435525 -0.584914 -0.065082
v -1.437531 -0.580976 -0.065082
v -1.438223 -0.576610 -0.065082
v -1.437531 -0.572244 -0.065082
v -1.435525 -0.568306 -0.065082
v -1.432399 -0.565181 -0.065082
v -1.428461 -0.563174 -0.065082
v -1.424095 -0.562482 -0.065082
v -1.419730 -0.563174 -0.065082
v -1.415791 -0.565181 -0.065082
v -1.412666 -0.568306 -0.065082
v -1.410659 -0.572244 -0.065082
v -1.409968 -0.576610 -0.065082
v -1.410659 -0.580976 -0.065082
v -1.412666 -0.584914 -0.065082
v -1.415791 -0.588040 -0.065082
v -1.419730 -0.590046 -0.065082
v -1.424095 -0.590738 -0.065082
v -1.425645 -0.581380 -0.074082
v -1.428865 -0.578160 -0.074082
v -1.428865 -0.575060 -0.074082
v -1.427043 -0.572553 -0.074082
v -1.424095 -0.571595 -0.074082
v -1.421147 -0.572553 -0.074082
v -1.419325 -0.575060 -0.074082
v -1.419325 -0.578160 -0.074082
v -1.422545 -0.581380 -0.074082
v -1.419176 -0.583381 -0.073450
v -1.417360 -0.585881 -0.071446
v -1.416167 -0.587522 -0.068395
v -1.417324 -0.581530 -0.073450
v -1.414825 -0.583345 -0.071446
v -1.413183 -0.584538 -0.068395
v -1.416135 -0.579197 -0.073450
v -1.413197 -0.580151 -0.071446
v -1.411268 -0.580778 -0.068395
v -1.415726 -0.576610 -0.073450
v -1.412637 -0.576610 -0.071446
v -1.410607 -0.576610 -0.068395
v -1.416135 -0.574024 -0.073450
v -1.413197 -0.573069 -0.071446
v -1.411268 -0.572442 -0.068395
v -1.417324 -0.571691 -0.073450
v -1.414825 -0.569875 -0.071446
v -1.413183 -0.568682 -0.068395
v -1.419176 -0.569839 -0.073450
v -1.417360 -0.567340 -0.071446
v -1.416167 -0.565698 -0.068395
v -1.421509 -0.568650 -0.073450
v -1.420554 -0.565712 -0.071446
v -1.419927 -0.563782 -0.068395
v -1.424095 -0.568240 -0.073450
v -1.424095 -0.565151 -0.071446
v -1.424095 -0.563122 -0.068395
v -1.426682 -0.568650 -0.073450
v -1.427636 -0.565712 -0.071446
v -1.428263 -0.563782 -0.068395
v -1.429015 -0.569839 -0.073450
v -1.430831 -0.567340 -0.071446
v -1.432023 -0.565698 -0.068395
v -1.430866 -0.571691 -0.073450
v -1.433366 -0.569875 -0.071446
v -1.435007 -0.568682 -0.068395
v -1.432055 -0.574024 -0.073450
v -1.434993 -0.573069 -0.071446
v -1.436923 -0.572442 -0.068395
v -1.432465 -0.576610 -0.073450
v -1.435554 -0.576610 -0.071446
v -1.437583 -0.576610 -0.068395
v -1.432055 -0.579197 -0.073450
v -1.434993 -0.580151 -0.071446
v -1.436923 -0.580778 -0.068395
v -1.430866 -0.581530 -0.073450
v -1.433366 -0.583345 -0.071446
v -1.435007 -0.584538 -0.068395
v -1.429015 -0.583381 -0.073450
v -1.430831 -0.585881 -0.071446
v -1.432023 -0.587522 -0.068395
v -1.426682 -0.584570 -0.073450
v -1.427636 -0.587508 -0.071446
v -1.428263 -0.589438 -0.068395
v -1.424095 -0.584980 -0.073450
v -1.424095 -0.588069 -0.071446
v -1.424095 -0.590098 -0.068395
v -1.421509 -0.584570 -0.073450
v -1.420554 -0.587508 -0.071446
v -1.419927 -0.589438 -0.068395
v -1.365167 -0.596610 -0.057682
v -1.365167 -0.596610 -0.047682
v -1.358987 -0.595631 -0.057682
v -1.358987 -0.595631 -0.047682
v -1.353411 -0.592790 -0.057682
v -1.353411 -0.592790 -0.047682
v -1.348987 -0.588366 -0.057682
v -1.348987 -0.588366 -0.047682
v -1.346146 -0.582790 -0.057682
v -1.346146 -0.582790 -0.047682
v -1.345167 -0.576610 -0.057682
v -1.345167 -0.576610 -0.047682
v -1.346146 -0.570430 -0.057682
v -1.346146 -0.570430 -0.047682
v -1.348987 -0.564854 -0.057682
v -1.348987 -0.564854 -0.047682
v -1.353411 -0.560430 -0.057682
v -1.353411 -0.560430 -0.047682
v -1.358987 -0.557589 -0.057682
v -1.358987 -0.557589 -0.047682
v -1.365167 -0.556610 -0.057682
v -1.365167 -0.556610 -0.047682
v -1.371347 -0.557589 -0.057682
v -1.371347 -0.557589 -0.047682
v -1.376923 -0.560430 -0.057682
v -1.376923 -0.560430 -0.047682
v -1.381347 -0.564854 -0.057682
v -1.381347 -0.564854 -0.047682
v -1.384188 -0.570430 -0.057682
v -1.384188 -0.570430 -0.047682
v -1.385167 -0.576610 -0.057682
v -1.385167 -0.576610 -0.047682
v -1.384188 -0.582790 -0.057682
v -1.384188 -0.582790 -0.047682
v -1.381347 -0.588366 -0.057682
v -1.381347 -0.588366 -0.047682
v -1.376923 -0.592790 -0.057682
v -1.376923 -0.592790 -0.047682
v -1.371347 -0.595631 -0.057682
v -1.371347 -0.595631 -0.047682
v -1.359894 -0.592839 -0.057682
v -1.365167 -0.593674 -0.057682
v -1.355137 -0.590415 -0.057682
v -1.351362 -0.586640 -0.057682
v -1.348938 -0.581883 -0.057682
v -1.348103 -0.576610 -0.057682
v -1.348938 -0.571337 -0.057682
v -1.351362 -0.566580 -0.057682
v -1.355137 -0.562805 -0.057682
v -1.359894 -0.560381 -0.057682
v -1.365167 -0.559546 -0.057682
v -1.370440 -0.560381 -0.057682
v -1.375197 -0.562805 -0.057682
v -1.378972 -0.566580 -0.057682
v -1.381396 -0.571337 -0.057682
v -1.382231 -0.576610 -0.057682
v -1.381396 -0.581883 -0.057682
v -1.378972 -0.586640 -0.057682
v -1.375197 -0.590415 -0.057682
v -1.370440 -0.592839 -0.057682
v -1.355137 -0.590415 -0.051282
v -1.359894 -0.592839 -0.051282
v -1.365167 -0.593674 -0.051282
v -1.370440 -0.592839 -0.051282
v -1.375197 -0.590415 -0.051282
v -1.378972 -0.586640 -0.051282
v -1.381396 -0.581883 -0.051282
v -1.382231 -0.576610 -0.051282
v -1.381396 -0.571337 -0.051282
v -1.378972 -0.566580 -0.051282
v -1.375197 -0.562805 -0.051282
v -1.370440 -0.560381 -0.051282
v -1.365167 -0.559546 -0.051282
v -1.359894 -0.560381 -0.051282
v -1.355137 -0.562805 -0.051282
v -1.351362 -0.566580 -0.051282
v -1.348938 -0.571337 -0.051282
v -1.348103 -0.576610 -0.051282
v -1.348938 -0.581883 -0.051282
v -1.351362 -0.586640 -0.051282
v -1.373471 -0.588040 -0.051282
v -1.376597 -0.584914 -0.051282
v -1.369533 -0.590046 -0.051282
v -1.365167 -0.590738 -0.051282
v -1.360801 -0.590046 -0.051282
v -1.356863 -0.588040 -0.051282
v -1.353738 -0.584914 -0.051282
v -1.351731 -0.580976 -0.051282
v -1.351039 -0.576610 -0.051282
v -1.351731 -0.572244 -0.051282
v -1.353738 -0.568306 -0.051282
v -1.356863 -0.565181 -0.051282
v -1.360801 -0.563174 -0.051282
v -1.365167 -0.562482 -0.051282
v -1.369533 -0.563174 -0.051282
v -1.373471 -0.565181 -0.051282
v -1.376597 -0.568306 -0.051282
v -1.378603 -0.572244 -0.051282
v -1.379295 -0.576610 -0.051282
v -1.378603 -0.580976 -0.051282
v -1.369533 -0.590046 -0.065082
v -1.373471 -0.588040 -0.065082
v -1.376597 -0.584914 -0.065082
v -1.378603 -0.580976 -0.065082
v -1.379295 -0.576610 -0.065082
v -1.378603 -0.572244 -0.065082
v -1.376597 -0.568306 -0.065082
v -1.373471 -0.565181 -0.065082
v -1.369533 -0.563174 -0.065082
v -1.365167 -0.562482 -0.065082
v -1.360801 -0.563174 -0.065082
v -1.356863 -0.565181 -0.065082
v -1.353738 -0.568306 -0.065082
v -1.351731 -0.572244 -0.065082
v -1.351039 -0.576610 -0.065082
v -1.351731 -0.580976 -0.065082
v -1.353738 -0.584914 -0.065082
v -1.356863 -0.588040 -0.065082
v -1.360801 -0.590046 -0.065082
v -1.365167 -0.590738 -0.065082
v -1.366717 -0.581380 -0.074082
v -1.369937 -0.578160 -0.074082
v -1.369937 -0.575060 -0.074082
v -1.368115 -0.572553 -0.074082
v -1.365167 -0.571595 -0.074082
v -1.362219 -0.572553 -0.074082
v -1.360397 -0.575060 -0.074082
v -1.361109 -0.579558 -0.074082
v -1.363617 -0.581380 -0.074082
v -1.360248 -0.583381 -0.073450
v -1.358432 -0.585881 -0.071446
v -1.357239 -0.587522 -0.068395
v -1.358396 -0.581530 -0.073450
v -1.355897 -0.583345 -0.071446
v -1.354255 -0.584538 -0.068395
v -1.357207 -0.579197 -0.073450
v -1.354269 -0.580151 -0.071446
v -1.352339 -0.580778 -0.068395
v -1.356797 -0.576610 -0.073450
v -1.353708 -0.576610 -0.071446
v -1.351679 -0.576610 -0.068395
v -1.357207 -0.574024 -0.073450
v -1.354269 -0.573069 -0.071446
v -1.352339 -0.572442 -0.068395
v -1.358396 -0.571691 -0.073450
v -1.355897 -0.569875 -0.071446
v -1.354255 -0.568682 -0.068395
v -1.360248 -0.569839 -0.073450
v -1.358432 -0.567340 -0.071446
v -1.357239 -0.565698 -0.068395
v -1.362581 -0.568650 -0.073450
v -1.361626 -0.565712 -0.071446
v -1.360999 -0.563782 -0.068395
v -1.365167 -0.568240 -0.073450
v -1.365167 -0.565151 -0.071446
v -1.365167 -0.563122 -0.068395
v -1.367754 -0.568650 -0.073450
v -1.368708 -0.565712 -0.071446
v -1.369335 -0.563782 -0.068395
v -1.370087 -0.569839 -0.073450
v -1.371902 -0.567340 -0.071446
v -1.373095 -0.565698 -0.068395
v -1.371938 -0.571691 -0.073450
v -1.374437 -0.569875 -0.071446
v -1.376079 -0.568682 -0.068395
v -1.373127 -0.574024 -0.073450
v -1.376065 -0.573069 -0.071446
v -1.377995 -0.572442 -0.068395
v -1.373537 -0.576610 -0.073450
v -1.376626 -0.576610 -0.071446
v -1.378655 -0.576610 -0.068395
v -1.373127 -0.579197 -0.073450
v -1.376065 -0.580151 -0.071446
v -1.377995 -0.580778 -0.068395
v -1.371938 -0.581530 -0.073450
v -1.374437 -0.583345 -0.071446
v -1.376079 -0.584538 -0.068395
v -1.370087 -0.583381 -0.073450
v -1.371902 -0.585881 -0.071446
v -1.373095 -0.587522 -0.068395
v -1.367754 -0.584570 -0.073450
v -1.368708 -0.587508 -0.071446
v -1.369335 -0.589438 -0.068395
v -1.365167 -0.584980 -0.073450
v -1.365167 -0.588069 -0.071446
v -1.365167 -0.590098 -0.068395
v -1.362581 -0.584570 -0.073450
v -1.361626 -0.587508 -0.071446
v -1.360999 -0.589438 -0.068395
v -1.209757 -0.596610 -0.057682
v -1.209757 -0.596610 -0.047682
v -1.203577 -0.595631 -0.057682
v -1.203577 -0.595631 -0.047682
v -1.198002 -0.592790 -0.057682
v -1.198002 -0.592790 -0.047682
v -1.193577 -0.588366 -0.057682
v -1.193577 -0.588366 -0.047682
v -1.190736 -0.582790 -0.057682
v -1.190736 -0.582790 -0.047682
v -1.189757 -0.576610 -0.057682
v -1.189757 -0.576610 -0.047682
v -1.190736 -0.570430 -0.057682
v -1.190736 -0.570430 -0.047682
v -1.193577 -0.564854 -0.057682
v -1.193577 -0.564854 -0.047682
v -1.198002 -0.560430 -0.057682
v -1.198002 -0.560430 -0.047682
v -1.203577 -0.557589 -0.057682
v -1.203577 -0.557589 -0.047682
v -1.209757 -0.556610 -0.057682
v -1.209757 -0.556610 -0.047682
v -1.215938 -0.557589 -0.057682
v -1.215938 -0.557589 -0.047682
v -1.221513 -0.560430 -0.057682
v -1.221513 -0.560430 -0.047682
v -1.225938 -0.564854 -0.057682
v -1.225938 -0.564854 -0.047682
v -1.228778 -0.570430 -0.057682
v -1.228778 -0.570430 -0.047682
v -1.229757 -0.576610 -0.057682
v -1.229757 -0.576610 -0.047682
v -1.228778 -0.582790 -0.057682
v -1.228778 -0.582790 -0.047682
v -1.225938 -0.588366 -0.057682
v -1.225938 -0.588366 -0.047682
v -1.221513 -0.592790 -0.057682
v -1.221513 -0.592790 -0.047682
v -1.215938 -0.595631 -0.057682
v -1.215938 -0.595631 -0.047682
v -1.204484 -0.592839 -0.057682
v -1.209757 -0.593674 -0.057682
v -1.199727 -0.590415 -0.057682
v -1.195952 -0.586640 -0.057682
v -1.193529 -0.581883 -0.057682
v -1.192693 -0.576610 -0.057682
v -1.193529 -0.571337 -0.057682
v -1.195952 -0.566580 -0.057682
v -1.199727 -0.562805 -0.057682
v -1.204484 -0.560381 -0.057682
v -1.209757 -0.559546 -0.057682
v -1.215030 -0.560381 -0.057682
v -1.219787 -0.562805 -0.057682
v -1.223562 -0.566580 -0.057682
v -1.225986 -0.571337 -0.057682
v -1.226821 -0.576610 -0.057682
v -1.225986 -0.581883 -0.057682
v -1.223562 -0.586640 -0.057682
v -1.219787 -0.590415 -0.057682
v -1.215030 -0.592839 -0.057682
v -1.199727 -0.590415 -0.051282
v -1.204484 -0.592839 -0.051282
v -1.209757 -0.593674 -0.051282
v -1.215030 -0.592839 -0.051282
v -1.219787 -0.590415 -0.051282
v -1.223562 -0.586640 -0.051282
v -1.225986 -0.581883 -0.051282
v -1.226821 -0.576610 -0.051282
v -1.225986 -0.571337 -0.051282
v -1.223562 -0.566580 -0.051282
v -1.219787 -0.562805 -0.051282
v -1.215030 -0.560381 -0.051282
v -1.209757 -0.559546 -0.051282
v -1.204484 -0.560381 -0.051282
v -1.199727 -0.562805 -0.051282
v -1.195952 -0.566580 -0.051282
v -1.193529 -0.571337 -0.051282
v -1.192693 -0.576610 -0.051282
v -1.193529 -0.581883 -0.051282
v -1.195952 -0.586640 -0.051282
v -1.218061 -0.588040 -0.051282
v -1.221187 -0.584914 -0.051282
v -1.214123 -0.590046 -0.051282
v -1.209757 -0.590738 -0.051282
v -1.205392 -0.590046 -0.051282
v -1.201453 -0.588040 -0.051282
v -1.198328 -0.584914 -0.051282
v -1.196321 -0.580976 -0.051282
v -1.195630 -0.576610 -0.051282
v -1.196321 -0.572244 -0.051282
v -1.198328 -0.568306 -0.051282
v -1.201453 -0.565181 -0.051282
v -1.205392 -0.563174 -0.051282
v -1.209757 -0.562482 -0.051282
v -1.214123 -0.563174 -0.051282
v -1.218061 -0.565181 -0.051282
v -1.221187 -0.568306 -0.051282
v -1.223194 -0.572244 -0.051282
v -1.223885 -0.576610 -0.051282
v -1.223194 -0.580976 -0.051282
v -1.214123 -0.590046 -0.065082
v -1.218061 -0.588040 -0.065082
v -1.221187 -0.584914 -0.065082
v -1.223194 -0.580976 -0.065082
v -1.223885 -0.576610 -0.065082
v -1.223194 -0.572244 -0.065082
v -1.221187 -0.568306 -0.065082
v -1.218061 -0.565181 -0.065082
v -1.214123 -0.563174 -0.065082
v -1.209757 -0.562482 -0.065082
v -1.205392 -0.563174 -0.065082
v -1.201453 -0.565181 -0.065082
v -1.198328 -0.568306 -0.065082
v -1.196321 -0.572244 -0.065082
v -1.195630 -0.576610 -0.065082
v -1.196321 -0.580976 -0.065082
v -1.198328 -0.584914 -0.065082
v -1.201453 -0.588040 -0.065082
v -1.205392 -0.590046 -0.065082
v -1.209757 -0.590738 -0.065082
v -1.211307 -0.581380 -0.074082
v -1.213815 -0.579558 -0.074082
v -1.214773 -0.576610 -0.074082
v -1.213815 -0.573662 -0.074082
v -1.209757 -0.571595 -0.074082
v -1.206809 -0.572553 -0.074082
v -1.204742 -0.576610 -0.074082
v -1.205700 -0.579558 -0.074082
v -1.208207 -0.581380 -0.074082
v -1.204838 -0.583381 -0.073450
v -1.203022 -0.585881 -0.071446
v -1.201829 -0.587522 -0.068395
v -1.202986 -0.581530 -0.073450
v -1.200487 -0.583345 -0.071446
v -1.198845 -0.584538 -0.068395
v -1.201797 -0.579197 -0.073450
v -1.198859 -0.580151 -0.071446
v -1.196929 -0.580778 -0.068395
v -1.201388 -0.576610 -0.073450
v -1.198298 -0.576610 -0.071446
v -1.196269 -0.576610 -0.068395
v -1.201797 -0.574024 -0.073450
v -1.198859 -0.573069 -0.071446
v -1.196929 -0.572442 -0.068395
v -1.202986 -0.571691 -0.073450
v -1.200487 -0.569875 -0.071446
v -1.198845 -0.568682 -0.068395
v -1.204838 -0.569839 -0.073450
v -1.203022 -0.567340 -0.071446
v -1.201829 -0.565698 -0.068395
v -1.207171 -0.568650 -0.073450
v -1.206216 -0.565712 -0.071446
v -1.205589 -0.563782 -0.068395
v -1.209757 -0.568240 -0.073450
v -1.209757 -0.565151 -0.071446
v -1.209757 -0.563122 -0.068395
v -1.212344 -0.568650 -0.073450
v -1.213298 -0.565712 -0.071446
v -1.213925 -0.563782 -0.068395
v -1.214677 -0.569839 -0.073450
v -1.216493 -0.567340 -0.071446
v -1.217685 -0.565698 -0.068395
v -1.216528 -0.571691 -0.073450
v -1.219028 -0.569875 -0.071446
v -1.220669 -0.568682 -0.068395
v -1.217717 -0.574024 -0.073450
v -1.220655 -0.573069 -0.071446
v -1.222585 -0.572442 -0.068395
v -1.218127 -0.576610 -0.073450
v -1.221216 -0.576610 -0.071446
v -1.223245 -0.576610 -0.068395
v -1.217717 -0.579197 -0.073450
v -1.220655 -0.580151 -0.071446
v -1.222585 -0.580778 -0.068395
v -1.216528 -0.581530 -0.073450
v -1.219028 -0.583345 -0.071446
v -1.220669 -0.584538 -0.068395
v -1.214677 -0.583381 -0.073450
v -1.216493 -0.585881 -0.071446
v -1.217685 -0.587522 -0.068395
v -1.212344 -0.584570 -0.073450
v -1.213298 -0.587508 -0.071446
v -1.213925 -0.589438 -0.068395
v -1.209757 -0.584980 -0.073450
v -1.209757 -0.588069 -0.071446
v -1.209757 -0.590098 -0.068395
v -1.207171 -0.584570 -0.073450
v -1.206216 -0.587508 -0.071446
v -1.205589 -0.589438 -0.068395
v -1.150829 -0.596610 -0.057682
v -1.150829 -0.596610 -0.047682
v -1.144649 -0.595631 -0.057682
v -1.144649 -0.595631 -0.047682
v -1.139073 -0.592790 -0.057682
v -1.139073 -0.592790 -0.047682
v -1.134649 -0.588366 -0.057682
v -1.134649 -0.588366 -0.047682
v -1.131808 -0.582790 -0.057682
v -1.131808 -0.582790 -0.047682
v -1.130829 -0.576610 -0.057682
v -1.130829 -0.576610 -0.047682
v -1.131808 -0.570430 -0.057682
v -1.131808 -0.570430 -0.047682
v -1.134649 -0.564854 -0.057682
v -1.134649 -0.564854 -0.047682
v -1.139073 -0.560430 -0.057682
v -1.139073 -0.560430 -0.047682
v -1.144649 -0.557589 -0.057682
v -1.144649 -0.557589 -0.047682
v -1.150829 -0.556610 -0.057682
v -1.150829 -0.556610 -0.047682
v -1.157009 -0.557589 -0.057682
v -1.157009 -0.557589 -0.047682
v -1.162585 -0.560430 -0.057682
v -1.162585 -0.560430 -0.047682
v -1.167009 -0.564854 -0.057682
v -1.167009 -0.564854 -0.047682
v -1.169850 -0.570430 -0.057682
v -1.169850 -0.570430 -0.047682
v -1.170829 -0.576610 -0.057682
v -1.170829 -0.576610 -0.047682
v -1.169850 -0.582790 -0.057682
v -1.169850 -0.582790 -0.047682
v -1.167009 -0.588366 -0.057682
v -1.167009 -0.588366 -0.047682
v -1.162585 -0.592790 -0.057682
v -1.162585 -0.592790 -0.047682
v -1.157009 -0.595631 -0.057682
v -1.157009 -0.595631 -0.047682
v -1.145556 -0.592839 -0.057682
v -1.150829 -0.593674 -0.057682
v -1.140799 -0.590415 -0.057682
v -1.137024 -0.586640 -0.057682
v -1.134600 -0.581883 -0.057682
v -1.133765 -0.576610 -0.057682
v -1.134600 -0.571337 -0.057682
v -1.137024 -0.566580 -0.057682
v -1.140799 -0.562805 -0.057682
v -1.145556 -0.560381 -0.057682
v -1.150829 -0.559546 -0.057682
v -1.156102 -0.560381 -0.057682
v -1.160859 -0.562805 -0.057682
v -1.164634 -0.566580 -0.057682
v -1.167058 -0.571337 -0.057682
v -1.167893 -0.576610 -0.057682
v -1.167058 -0.581883 -0.057682
v -1.164634 -0.586640 -0.057682
v -1.160859 -0.590415 -0.057682
v -1.156102 -0.592839 -0.057682
v -1.140799 -0.590415 -0.051282
v -1.145556 -0.592839 -0.051282
v -1.150829 -0.593674 -0.051282
v -1.156102 -0.592839 -0.051282
v -1.160859 -0.590415 -0.051282
v -1.164634 -0.586640 -0.051282
v -1.167058 -0.581883 -0.051282
v -1.167893 -0.576610 -0.051282
v -1.167058 -0.571337 -0.051282
v -1.164634 -0.566580 -0.051282
v -1.160859 -0.562805 -0.051282
v -1.156102 -0.560381 -0.051282
v -1.150829 -0.559546 -0.051282
v -1.145556 -0.560381 -0.051282
v -1.140799 -0.562805 -0.051282
v -1.137024 -0.566580 -0.051282
v -1.134600 -0.571337 -0.051282
v -1.133765 -0.576610 -0.051282
v -1.134600 -0.581883 -0.051282
v -1.137024 -0.586640 -0.051282
v -1.159133 -0.588040 -0.051282
v -1.162259 -0.584914 -0.051282
v -1.155195 -0.590046 -0.051282
v -1.150829 -0.590738 -0.051282
v -1.146463 -0.590046 -0.051282
v -1.142525 -0.588040 -0.051282
v -1.139400 -0.584914 -0.051282
v -1.137393 -0.580976 -0.051282
v -1.136701 -0.576610 -0.051282
v -1.137393 -0.572244 -0.051282
v -1.139400 -0.568306 -0.051282
v -1.142525 -0.565181 -0.051282
v -1.146463 -0.563174 -0.051282
v -1.150829 -0.562482 -0.051282
v -1.155195 -0.563174 -0.051282
v -1.159133 -0.565181 -0.051282
v -1.162259 -0.568306 -0.051282
v -1.164265 -0.572244 -0.051282
v -1.164957 -0.576610 -0.051282
v -1.164265 -0.580976 -0.051282
v -1.155195 -0.590046 -0.065082
v -1.159133 -0.588040 -0.065082
v -1.162259 -0.584914 -0.065082
v -1.164265 -0.580976 -0.065082
v -1.164957 -0.576610 -0.065082
v -1.164265 -0.572244 -0.065082
v -1.162259 -0.568306 -0.065082
v -1.159133 -0.565181 -0.065082
v -1.155195 -0.563174 -0.065082
v -1.150829 -0.562482 -0.065082
v -1.146463 -0.563174 -0.065082
v -1.142525 -0.565181 -0.065082
v -1.139400 -0.568306 -0.065082
v -1.137393 -0.572244 -0.065082
v -1.136701 -0.576610 -0.065082
v -1.137393 -0.580976 -0.065082
v -1.139400 -0.584914 -0.065082
v -1.142525 -0.588040 -0.065082
v -1.146463 -0.590046 -0.065082
v -1.150829 -0.590738 -0.065082
v -1.153777 -0.580668 -0.074082
v -1.155599 -0.578160 -0.074082
v -1.155599 -0.575060 -0.074082
v -1.153777 -0.572553 -0.074082
v -1.150829 -0.571595 -0.074082
v -1.147881 -0.572553 -0.074082
v -1.146059 -0.575060 -0.074082
v -1.146771 -0.579558 -0.074082
v -1.150829 -0.581626 -0.074082
v -1.145909 -0.583381 -0.073450
v -1.144094 -0.585881 -0.071446
v -1.142901 -0.587522 -0.068395
v -1.144058 -0.581530 -0.073450
v -1.141559 -0.583345 -0.071446
v -1.139917 -0.584538 -0.068395
v -1.142869 -0.579197 -0.073450
v -1.139931 -0.580151 -0.071446
v -1.138001 -0.580778 -0.068395
v -1.142459 -0.576610 -0.073450
v -1.139370 -0.576610 -0.071446
v -1.137341 -0.576610 -0.068395
v -1.142869 -0.574024 -0.073450
v -1.139931 -0.573069 -0.071446
v -1.138001 -0.572442 -0.068395
v -1.144058 -0.571691 -0.073450
v -1.141559 -0.569875 -0.071446
v -1.139917 -0.568682 -0.068395
v -1.145909 -0.569839 -0.073450
v -1.144094 -0.567340 -0.071446
v -1.142901 -0.565698 -0.068395
v -1.148243 -0.568650 -0.073450
v -1.147288 -0.565712 -0.071446
v -1.146661 -0.563782 -0.068395
v -1.150829 -0.568240 -0.073450
v -1.150829 -0.565151 -0.071446
v -1.150829 -0.563122 -0.068395
v -1.153415 -0.568650 -0.073450
v -1.154370 -0.565712 -0.071446
v -1.154997 -0.563782 -0.068395
v -1.155749 -0.569839 -0.073450
v -1.157564 -0.567340 -0.071446
v -1.158757 -0.565698 -0.068395
v -1.157600 -0.571691 -0.073450
v -1.160100 -0.569875 -0.071446
v -1.161741 -0.568682 -0.068395
v -1.158789 -0.574024 -0.073450
v -1.161727 -0.573069 -0.071446
v -1.163657 -0.572442 -0.068395
v -1.159199 -0.576610 -0.073450
v -1.162288 -0.576610 -0.071446
v -1.164317 -0.576610 -0.068395
v -1.158789 -0.579197 -0.073450
v -1.161727 -0.580151 -0.071446
v -1.163657 -0.580778 -0.068395
v -1.157600 -0.581530 -0.073450
v -1.160100 -0.583345 -0.071446
v -1.161741 -0.584538 -0.068395
v -1.155749 -0.583381 -0.073450
v -1.157564 -0.585881 -0.071446
v -1.158757 -0.587522 -0.068395
v -1.153415 -0.584570 -0.073450
v -1.154370 -0.587508 -0.071446
v -1.154997 -0.589438 -0.068395
v -1.150829 -0.584980 -0.073450
v -1.150829 -0.588069 -0.071446
v -1.150829 -0.590098 -0.068395
v -1.148243 -0.584570 -0.073450
v -1.147288 -0.587508 -0.071446
v -1.146661 -0.589438 -0.068395
v -0.537624 -0.342536 -0.057682
v -0.537624 -0.342536 -0.047682
v -0.538603 -0.336355 -0.057682
v -0.538603 -0.336355 -0.047682
v -0.541444 -0.330780 -0.057682
v -0.541444 -0.330780 -0.047682
v -0.545869 -0.326355 -0.057682
v -0.545869 -0.326355 -0.047682
v -0.551444 -0.323514 -0.057682
v -0.551444 -0.323514 -0.047682
v -0.557624 -0.322536 -0.057682
v -0.557624 -0.322536 -0.047682
v -0.563805 -0.323514 -0.057682
v -0.563805 -0.323514 -0.047682
v -0.569380 -0.326355 -0.057682
v -0.569380 -0.326355 -0.047682
v -0.573805 -0.330780 -0.057682
v -0.573805 -0.330780 -0.047682
v -0.576645 -0.336355 -0.057682
v -0.576645 -0.336355 -0.047682
v -0.577624 -0.342536 -0.057682
v -0.577624 -0.342536 -0.047682
v -0.576645 -0.348716 -0.057682
v -0.576645 -0.348716 -0.047682
v -0.573805 -0.354291 -0.057682
v -0.573805 -0.354291 -0.047682
v -0.569380 -0.358716 -0.057682
v -0.569380 -0.358716 -0.047682
v -0.563805 -0.361557 -0.057682
v -0.563805 -0.361557 -0.047682
v -0.557624 -0.362536 -0.057682
v -0.557624 -0.362536 -0.047682
v -0.551444 -0.361557 -0.057682
v -0.551444 -0.361557 -0.047682
v -0.545869 -0.358716 -0.057682
v -0.545869 -0.358716 -0.047682
v -0.541444 -0.354291 -0.057682
v -0.541444 -0.354291 -0.047682
v -0.538603 -0.348716 -0.057682
v -0.538603 -0.348716 -0.047682
v -0.541396 -0.337263 -0.057682
v -0.540560 -0.342536 -0.057682
v -0.543819 -0.332506 -0.057682
v -0.547594 -0.328731 -0.057682
v -0.552351 -0.326307 -0.057682
v -0.557624 -0.325472 -0.057682
v -0.562897 -0.326307 -0.057682
v -0.567654 -0.328731 -0.057682
v -0.571429 -0.332506 -0.057682
v -0.573853 -0.337263 -0.057682
v -0.574688 -0.342536 -0.057682
v -0.573853 -0.347809 -0.057682
v -0.571429 -0.352565 -0.057682
v -0.567654 -0.356341 -0.057682
v -0.562897 -0.358764 -0.057682
v -0.557624 -0.359599 -0.057682
v -0.552351 -0.358764 -0.057682
v -0.547594 -0.356341 -0.057682
v -0.543819 -0.352565 -0.057682
v -0.541396 -0.347809 -0.057682
v -0.543819 -0.332506 -0.051282
v -0.541396 -0.337263 -0.051282
v -0.540560 -0.342536 -0.051282
v -0.541396 -0.347809 -0.051282
v -0.543819 -0.352565 -0.051282
v -0.547594 -0.356341 -0.051282
v -0.552351 -0.358764 -0.051282
v -0.557624 -0.359599 -0.051282
v -0.562897 -0.358764 -0.051282
v -0.567654 -0.356341 -0.051282
v -0.571429 -0.352565 -0.051282
v -0.573853 -0.347809 -0.051282
v -0.574688 -0.342536 -0.051282
v -0.573853 -0.337263 -0.051282
v -0.571429 -0.332506 -0.051282
v -0.567654 -0.328731 -0.051282
v -0.562897 -0.326307 -0.051282
v -0.557624 -0.325472 -0.051282
v -0.552351 -0.326307 -0.051282
v -0.547594 -0.328731 -0.051282
v -0.546195 -0.350840 -0.051282
v -0.549320 -0.353965 -0.051282
v -0.544188 -0.346901 -0.051282
v -0.543497 -0.342536 -0.051282
v -0.544188 -0.338170 -0.051282
v -0.546195 -0.334231 -0.051282
v -0.549320 -0.331106 -0.051282
v -0.553259 -0.329099 -0.051282
v -0.557624 -0.328408 -0.051282
v -0.561990 -0.329099 -0.051282
v -0.565928 -0.331106 -0.051282
v -0.569054 -0.334231 -0.051282
v -0.571061 -0.338170 -0.051282
v -0.571752 -0.342536 -0.051282
v -0.571061 -0.346901 -0.051282
v -0.569054 -0.350840 -0.051282
v -0.565928 -0.353965 -0.051282
v -0.561990 -0.355972 -0.051282
v -0.557624 -0.356663 -0.051282
v -0.553259 -0.355972 -0.051282
v -0.544188 -0.346901 -0.065082
v -0.546195 -0.350840 -0.065082
v -0.549320 -0.353965 -0.065082
v -0.553259 -0.355972 -0.065082
v -0.557624 -0.356663 -0.065082
v -0.561990 -0.355972 -0.065082
v -0.565928 -0.353965 -0.065082
v -0.569054 -0.350840 -0.065082
v -0.571061 -0.346901 -0.065082
v -0.571752 -0.342536 -0.065082
v -0.571061 -0.338170 -0.065082
v -0.569054 -0.334231 -0.065082
v -0.565928 -0.331106 -0.065082
v -0.561990 -0.329099 -0.065082
v -0.557624 -0.328408 -0.065082
v -0.553259 -0.329099 -0.065082
v -0.549320 -0.331106 -0.065082
v -0.546195 -0.334231 -0.065082
v -0.544188 -0.338170 -0.065082
v -0.543497 -0.342536 -0.065082
v -0.552854 -0.344085 -0.074082
v -0.554676 -0.346593 -0.074082
v -0.557624 -0.347551 -0.074082
v -0.561682 -0.345484 -0.074082
v -0.562394 -0.340986 -0.074082
v -0.560572 -0.338478 -0.074082
v -0.557624 -0.337520 -0.074082
v -0.554676 -0.338478 -0.074082
v -0.552854 -0.340986 -0.074082
v -0.550853 -0.337616 -0.073450
v -0.548354 -0.335800 -0.071446
v -0.546712 -0.334608 -0.068395
v -0.552705 -0.335764 -0.073450
v -0.550889 -0.333265 -0.071446
v -0.549696 -0.331624 -0.068395
v -0.555038 -0.334576 -0.073450
v -0.554083 -0.331638 -0.071446
v -0.553456 -0.329708 -0.068395
v -0.557624 -0.334166 -0.073450
v -0.557624 -0.331077 -0.071446
v -0.557624 -0.329048 -0.068395
v -0.560211 -0.334576 -0.073450
v -0.561165 -0.331638 -0.071446
v -0.561792 -0.329708 -0.068395
v -0.562544 -0.335764 -0.073450
v -0.564360 -0.333265 -0.071446
v -0.565552 -0.331624 -0.068395
v -0.564396 -0.337616 -0.073450
v -0.566895 -0.335800 -0.071446
v -0.568536 -0.334608 -0.068395
v -0.565584 -0.339949 -0.073450
v -0.568522 -0.338995 -0.071446
v -0.570452 -0.338368 -0.068395
v -0.565994 -0.342536 -0.073450
v -0.569083 -0.342536 -0.071446
v -0.571112 -0.342536 -0.068395
v -0.565584 -0.345122 -0.073450
v -0.568522 -0.346077 -0.071446
v -0.570452 -0.346704 -0.068395
v -0.564396 -0.347455 -0.073450
v -0.566895 -0.349271 -0.071446
v -0.568536 -0.350464 -0.068395
v -0.562544 -0.349307 -0.073450
v -0.564360 -0.351806 -0.071446
v -0.565552 -0.353448 -0.068395
v -0.560211 -0.350496 -0.073450
v -0.561165 -0.353434 -0.071446
v -0.561792 -0.355363 -0.068395
v -0.557624 -0.350905 -0.073450
v -0.557624 -0.353994 -0.071446
v -0.557624 -0.356023 -0.068395
v -0.555038 -0.350496 -0.073450
v -0.554083 -0.353434 -0.071446
v -0.553456 -0.355363 -0.068395
v -0.552705 -0.349307 -0.073450
v -0.550889 -0.351806 -0.071446
v -0.549696 -0.353448 -0.068395
v -0.550853 -0.347455 -0.073450
v -0.548354 -0.349271 -0.071446
v -0.546712 -0.350464 -0.068395
v -0.549664 -0.345122 -0.073450
v -0.546726 -0.346077 -0.071446
v -0.544797 -0.346704 -0.068395
v -0.549255 -0.342536 -0.073450
v -0.546166 -0.342536 -0.071446
v -0.544136 -0.342536 -0.068395
v -0.549664 -0.339949 -0.073450
v -0.546726 -0.338995 -0.071446
v -0.544797 -0.338368 -0.068395
v -0.537624 -0.283607 -0.057682
v -0.537624 -0.283607 -0.047682
v -0.538603 -0.277427 -0.057682
v -0.538603 -0.277427 -0.047682
v -0.541444 -0.271852 -0.057682
v -0.541444 -0.271852 -0.047682
v -0.545869 -0.267427 -0.057682
v -0.545869 -0.267427 -0.047682
v -0.551444 -0.264586 -0.057682
v -0.551444 -0.264586 -0.047682
v -0.557624 -0.263607 -0.057682
v -0.557624 -0.263607 -0.047682
v -0.563805 -0.264586 -0.057682
v -0.563805 -0.264586 -0.047682
v -0.569380 -0.267427 -0.057682
v -0.569380 -0.267427 -0.047682
v -0.573805 -0.271852 -0.057682
v -0.573805 -0.271852 -0.047682
v -0.576645 -0.277427 -0.057682
v -0.576645 -0.277427 -0.047682
v -0.577624 -0.283607 -0.057682
v -0.577624 -0.283607 -0.047682
v -0.576645 -0.289788 -0.057682
v -0.576645 -0.289788 -0.047682
v -0.573805 -0.295363 -0.057682
v -0.573805 -0.295363 -0.047682
v -0.569380 -0.299788 -0.057682
v -0.569380 -0.299788 -0.047682
v -0.563805 -0.302628 -0.057682
v -0.563805 -0.302628 -0.047682
v -0.557624 -0.303607 -0.057682
v -0.557624 -0.303607 -0.047682
v -0.551444 -0.302628 -0.057682
v -0.551444 -0.302628 -0.047682
v -0.545869 -0.299788 -0.057682
v -0.545869 -0.299788 -0.047682
v -0.541444 -0.295363 -0.057682
v -0.541444 -0.295363 -0.047682
v -0.538603 -0.289788 -0.057682
v -0.538603 -0.289788 -0.047682
v -0.541396 -0.278334 -0.057682
v -0.540560 -0.283607 -0.057682
v -0.543819 -0.273577 -0.057682
v -0.547594 -0.269802 -0.057682
v -0.552351 -0.267379 -0.057682
v -0.557624 -0.266543 -0.057682
v -0.562897 -0.267379 -0.057682
v -0.567654 -0.269802 -0.057682
v -0.571429 -0.273577 -0.057682
v -0.573853 -0.278334 -0.057682
v -0.574688 -0.283607 -0.057682
v -0.573853 -0.288880 -0.057682
v -0.571429 -0.293637 -0.057682
v -0.567654 -0.297412 -0.057682
v -0.562897 -0.299836 -0.057682
v -0.557624 -0.300671 -0.057682
v -0.552351 -0.299836 -0.057682
v -0.547594 -0.297412 -0.057682
v -0.543819 -0.293637 -0.057682
v -0.541396 -0.288880 -0.057682
v -0.543819 -0.273577 -0.051282
v -0.541396 -0.278334 -0.051282
v -0.540560 -0.283607 -0.051282
v -0.541396 -0.288880 -0.051282
v -0.543819 -0.293637 -0.051282
v -0.547594 -0.297412 -0.051282
v -0.552351 -0.299836 -0.051282
v -0.557624 -0.300671 -0.051282
v -0.562897 -0.299836 -0.051282
v -0.567654 -0.297412 -0.051282
v -0.571429 -0.293637 -0.051282
v -0.573853 -0.288880 -0.051282
v -0.574688 -0.283607 -0.051282
v -0.573853 -0.278334 -0.051282
v -0.571429 -0.273577 -0.051282
v -0.567654 -0.269802 -0.051282
v -0.562897 -0.267379 -0.051282
v -0.557624 -0.266543 -0.051282
v -0.552351 -0.267379 -0.051282
v -0.547594 -0.269802 -0.051282
v -0.546195 -0.291911 -0.051282
v -0.549320 -0.295037 -0.051282
v -0.544188 -0.287973 -0.051282
v -0.543497 -0.283607 -0.051282
v -0.544188 -0.279242 -0.051282
v -0.546195 -0.275303 -0.051282
v -0.549320 -0.272178 -0.051282
v -0.553259 -0.270171 -0.051282
v -0.557624 -0.269480 -0.051282
v -0.561990 -0.270171 -0.051282
v -0.565928 -0.272178 -0.051282
v -0.569054 -0.275303 -0.051282
v -0.571061 -0.279242 -0.051282
v -0.571752 -0.283607 -0.051282
v -0.571061 -0.287973 -0.051282
v -0.569054 -0.291911 -0.051282
v -0.565928 -0.295037 -0.051282
v -0.561990 -0.297044 -0.051282
v -0.557624 -0.297735 -0.051282
v -0.553259 -0.297044 -0.051282
v -0.544188 -0.287973 -0.065082
v -0.546195 -0.291911 -0.065082
v -0.549320 -0.295037 -0.065082
v -0.553259 -0.297044 -0.065082
v -0.557624 -0.297735 -0.065082
v -0.561990 -0.297044 -0.065082
v -0.565928 -0.295037 -0.065082
v -0.569054 -0.291911 -0.065082
v -0.571061 -0.287973 -0.065082
v -0.571752 -0.283607 -0.065082
v -0.571061 -0.279242 -0.065082
v -0.569054 -0.275303 -0.065082
v -0.565928 -0.272178 -0.065082
v -0.561990 -0.270171 -0.065082
v -0.557624 -0.269480 -0.065082
v -0.553259 -0.270171 -0.065082
v -0.549320 -0.272178 -0.065082
v -0.546195 -0.275303 -0.065082
v -0.544188 -0.279242 -0.065082
v -0.543497 -0.283607 -0.065082
v -0.552854 -0.285157 -0.074082
v -0.554676 -0.287665 -0.074082
v -0.557624 -0.288623 -0.074082
v -0.561682 -0.286555 -0.074082
v -0.562640 -0.283607 -0.074082
v -0.561682 -0.280659 -0.074082
v -0.557624 -0.278592 -0.074082
v -0.554676 -0.279550 -0.074082
v -0.552854 -0.282057 -0.074082
v -0.550853 -0.278688 -0.073450
v -0.548354 -0.276872 -0.071446
v -0.546712 -0.275679 -0.068395
v -0.552705 -0.276836 -0.073450
v -0.550889 -0.274337 -0.071446
v -0.549696 -0.272695 -0.068395
v -0.555038 -0.275647 -0.073450
v -0.554083 -0.272709 -0.071446
v -0.553456 -0.270780 -0.068395
v -0.557624 -0.275238 -0.073450
v -0.557624 -0.272148 -0.071446
v -0.557624 -0.270119 -0.068395
v -0.560211 -0.275647 -0.073450
v -0.561165 -0.272709 -0.071446
v -0.561792 -0.270780 -0.068395
v -0.562544 -0.276836 -0.073450
v -0.564360 -0.274337 -0.071446
v -0.565552 -0.272695 -0.068395
v -0.564396 -0.278688 -0.073450
v -0.566895 -0.276872 -0.071446
v -0.568536 -0.275679 -0.068395
v -0.565584 -0.281021 -0.073450
v -0.568522 -0.280066 -0.071446
v -0.570452 -0.279439 -0.068395
v -0.565994 -0.283607 -0.073450
v -0.569083 -0.283607 -0.071446
v -0.571112 -0.283607 -0.068395
v -0.565584 -0.286194 -0.073450
v -0.568522 -0.287148 -0.071446
v -0.570452 -0.287775 -0.068395
v -0.564396 -0.288527 -0.073450
v -0.566895 -0.290343 -0.071446
v -0.568536 -0.291535 -0.068395
v -0.562544 -0.290379 -0.073450
v -0.564360 -0.292878 -0.071446
v -0.565552 -0.294519 -0.068395
v -0.560211 -0.291567 -0.073450
v -0.561165 -0.294505 -0.071446
v -0.561792 -0.296435 -0.068395
v -0.557624 -0.291977 -0.073450
v -0.557624 -0.295066 -0.071446
v -0.557624 -0.297095 -0.068395
v -0.555038 -0.291567 -0.073450
v -0.554083 -0.294505 -0.071446
v -0.553456 -0.296435 -0.068395
v -0.552705 -0.290379 -0.073450
v -0.550889 -0.292878 -0.071446
v -0.549696 -0.294519 -0.068395
v -0.550853 -0.288527 -0.073450
v -0.548354 -0.290343 -0.071446
v -0.546712 -0.291535 -0.068395
v -0.549664 -0.286194 -0.073450
v -0.546726 -0.287148 -0.071446
v -0.544797 -0.287775 -0.068395
v -0.549255 -0.283607 -0.073450
v -0.546166 -0.283607 -0.071446
v -0.544136 -0.283607 -0.068395
v -0.549664 -0.281021 -0.073450
v -0.546726 -0.280066 -0.071446
v -0.544797 -0.279439 -0.068395
v -0.531801 -0.410976 -0.047966
v -0.531801 -0.410976 -0.056086
v -0.532994 -0.418504 -0.047966
v -0.532994 -0.418504 -0.056086
v -0.536454 -0.425295 -0.047966
v -0.536454 -0.425295 -0.056086
v -0.541843 -0.430684 -0.047966
v -0.541843 -0.430684 -0.056086
v -0.548634 -0.434144 -0.047966
v -0.548634 -0.434144 -0.056086
v -0.556161 -0.435336 -0.047966
v -0.556161 -0.435336 -0.056086
v -0.563689 -0.434144 -0.047966
v -0.563689 -0.434144 -0.056086
v -0.570480 -0.430684 -0.047966
v -0.570480 -0.430684 -0.056086
v -0.575869 -0.425295 -0.047966
v -0.575869 -0.425295 -0.056086
v -0.579329 -0.418504 -0.047966
v -0.579329 -0.418504 -0.056086
v -0.580521 -0.410976 -0.047966
v -0.580521 -0.410976 -0.056086
v -0.579329 -0.403448 -0.047966
v -0.579329 -0.403448 -0.056086
v -0.575869 -0.396658 -0.047966
v -0.575869 -0.396658 -0.056086
v -0.570480 -0.391268 -0.047966
v -0.570480 -0.391268 -0.056086
v -0.563689 -0.387808 -0.047966
v -0.563689 -0.387808 -0.056086
v -0.556161 -0.386616 -0.047966
v -0.556161 -0.386616 -0.056086
v -0.548634 -0.387808 -0.047966
v -0.548634 -0.387808 -0.056086
v -0.541843 -0.391268 -0.047966
v -0.541843 -0.391268 -0.056086
v -0.536454 -0.396658 -0.047966
v -0.536454 -0.396658 -0.056086
v -0.532994 -0.403448 -0.047966
v -0.532994 -0.403448 -0.056086
v -0.527833 -0.401772 -0.056086
v -0.526375 -0.410976 -0.056086
v -0.527833 -0.420180 -0.056086
v -0.532064 -0.428484 -0.056086
v -0.538654 -0.435073 -0.056086
v -0.546957 -0.439304 -0.056086
v -0.556161 -0.440762 -0.056086
v -0.565366 -0.439304 -0.056086
v -0.573669 -0.435073 -0.056086
v -0.580259 -0.428484 -0.056086
v -0.584490 -0.420180 -0.056086
v -0.585948 -0.410976 -0.056086
v -0.584490 -0.401772 -0.056086
v -0.580259 -0.393468 -0.056086
v -0.573669 -0.386879 -0.056086
v -0.565366 -0.382648 -0.056086
v -0.556161 -0.381190 -0.056086
v -0.546957 -0.382648 -0.056086
v -0.538654 -0.386879 -0.056086
v -0.532064 -0.393468 -0.056086
v -0.543963 -0.414939 -0.090440
v -0.552198 -0.423174 -0.090440
v -0.559950 -0.422635 -0.091000
v -0.566079 -0.418181 -0.091000
v -0.568359 -0.414939 -0.090440
v -0.568420 -0.410976 -0.091000
v -0.563700 -0.400600 -0.090440
v -0.571060 -0.390470 -0.059762
v -0.563994 -0.386870 -0.059762
v -0.576667 -0.396078 -0.059762
v -0.580267 -0.403144 -0.059762
v -0.581508 -0.410976 -0.059762
v -0.580267 -0.418809 -0.059762
v -0.576667 -0.425874 -0.059762
v -0.571060 -0.431482 -0.059762
v -0.563994 -0.435082 -0.059762
v -0.556161 -0.436323 -0.059762
v -0.548329 -0.435082 -0.059762
v -0.541263 -0.431482 -0.059762
v -0.535656 -0.425874 -0.059762
v -0.532055 -0.418809 -0.059762
v -0.530815 -0.410976 -0.059762
v -0.532055 -0.403144 -0.059762
v -0.535656 -0.396078 -0.059762
v -0.541263 -0.390470 -0.059762
v -0.548329 -0.386870 -0.059762
v -0.556161 -0.385630 -0.059762
v -0.570681 -0.400427 -0.059762
v -0.566711 -0.396456 -0.059762
v -0.561708 -0.393907 -0.059762
v -0.556161 -0.393029 -0.059762
v -0.550615 -0.393907 -0.059762
v -0.545612 -0.396456 -0.059762
v -0.541642 -0.400427 -0.059762
v -0.539092 -0.405430 -0.059762
v -0.538214 -0.410976 -0.059762
v -0.539092 -0.416522 -0.059762
v -0.541642 -0.421525 -0.059762
v -0.545612 -0.425496 -0.059762
v -0.550615 -0.428045 -0.059762
v -0.556161 -0.428924 -0.059762
v -0.561708 -0.428045 -0.059762
v -0.566711 -0.425496 -0.059762
v -0.570681 -0.421525 -0.059762
v -0.573231 -0.416522 -0.059762
v -0.574109 -0.410976 -0.059762
v -0.573231 -0.405430 -0.059762
v -0.543784 -0.406954 -0.078113
v -0.543147 -0.410976 -0.078113
v -0.543784 -0.414998 -0.078113
v -0.545632 -0.418626 -0.078113
v -0.548512 -0.421505 -0.078113
v -0.552140 -0.423354 -0.078113
v -0.556161 -0.423991 -0.078113
v -0.560183 -0.423354 -0.078113
v -0.563811 -0.421505 -0.078113
v -0.566691 -0.418626 -0.078113
v -0.568539 -0.414998 -0.078113
v -0.569176 -0.410976 -0.078113
v -0.568539 -0.406954 -0.078113
v -0.566691 -0.403326 -0.078113
v -0.563811 -0.400447 -0.078113
v -0.560183 -0.398598 -0.078113
v -0.556161 -0.397961 -0.078113
v -0.552140 -0.398598 -0.078113
v -0.548512 -0.400447 -0.078113
v -0.545632 -0.403326 -0.078113
v -0.570528 -0.400538 -0.077367
v -0.556161 -0.410976 -0.091187
v -0.529241 -0.402229 -0.072348
v -0.539523 -0.388076 -0.072348
v -0.572799 -0.388076 -0.072348
v -0.580259 -0.393468 -0.070887
v -0.583082 -0.402229 -0.072348
v -0.585948 -0.410976 -0.070887
v -0.579062 -0.427614 -0.072348
v -0.564909 -0.437897 -0.072348
v -0.539523 -0.433876 -0.072348
v -0.527855 -0.410976 -0.072348
v -0.564451 -0.385463 -0.072348
v -0.556161 -0.384150 -0.072348
v -0.547872 -0.385463 -0.072348
v -0.532055 -0.403144 -0.070887
v -0.530815 -0.410976 -0.070887
v -0.541263 -0.431482 -0.070887
v -0.571930 -0.432679 -0.072348
v -0.582988 -0.410976 -0.072348
v -0.577864 -0.395208 -0.072348
v -0.539694 -0.410976 -0.078113
v -0.540500 -0.416065 -0.078113
v -0.540500 -0.405887 -0.078113
v -0.542839 -0.401297 -0.078113
v -0.546482 -0.397653 -0.078113
v -0.551073 -0.395314 -0.078113
v -0.556161 -0.394508 -0.078113
v -0.561250 -0.395314 -0.078113
v -0.565841 -0.397653 -0.078113
v -0.571823 -0.405887 -0.078113
v -0.574109 -0.410976 -0.076652
v -0.573231 -0.416522 -0.076652
v -0.570681 -0.421525 -0.076652
v -0.565841 -0.424299 -0.078113
v -0.561250 -0.426638 -0.078113
v -0.556161 -0.427444 -0.078113
v -0.551073 -0.426638 -0.078113
v -0.546482 -0.424299 -0.078113
v -0.542839 -0.420656 -0.078113
v -0.546830 -0.404196 -0.091187
v -0.545191 -0.407412 -0.091187
v -0.549381 -0.401644 -0.091187
v -0.552597 -0.400006 -0.091187
v -0.556161 -0.399441 -0.091187
v -0.559726 -0.400006 -0.091187
v -0.565493 -0.404196 -0.091187
v -0.567132 -0.407412 -0.091187
v -0.562942 -0.420308 -0.091187
v -0.556161 -0.422511 -0.091187
v -0.549381 -0.420308 -0.091187
v -0.546830 -0.417756 -0.091187
v -0.544627 -0.410976 -0.091187
v -0.532676 -0.393913 -0.072162
v -0.547015 -0.382828 -0.071601
v -0.556161 -0.381379 -0.071601
v -0.565307 -0.382828 -0.071601
v -0.583771 -0.419947 -0.072162
v -0.573558 -0.434921 -0.071601
v -0.556161 -0.440006 -0.072162
v -0.547191 -0.438585 -0.072162
v -0.532676 -0.428039 -0.072162
v -0.528552 -0.419947 -0.072162
v -0.541152 -0.390317 -0.071601
v -0.535044 -0.395633 -0.072162
v -0.531336 -0.419042 -0.072162
v -0.535044 -0.426319 -0.072162
v -0.548095 -0.435801 -0.072162
v -0.556161 -0.437079 -0.072162
v -0.564052 -0.435262 -0.071601
v -0.576820 -0.425986 -0.071601
v -0.580987 -0.419042 -0.072162
v -0.580447 -0.403085 -0.071601
v -0.571171 -0.390317 -0.071601
v 0.801000 0.160172 -0.058758
v 0.801000 0.160172 -0.048758
v 0.800021 0.166352 -0.058758
v 0.800021 0.166352 -0.048758
v 0.797180 0.171928 -0.058758
v 0.797180 0.171928 -0.048758
v 0.792756 0.176352 -0.058758
v 0.792756 0.176352 -0.048758
v 0.787180 0.179193 -0.058758
v 0.787180 0.179193 -0.048758
v 0.781000 0.180172 -0.058758
v 0.781000 0.180172 -0.048758
v 0.774820 0.179193 -0.058758
v 0.774820 0.179193 -0.048758
v 0.769244 0.176352 -0.058758
v 0.769244 0.176352 -0.048758
v 0.764820 0.171928 -0.058758
v 0.764820 0.171928 -0.048758
v 0.761979 0.166352 -0.058758
v 0.761979 0.166352 -0.048758
v 0.761000 0.160172 -0.058758
v 0.761000 0.160172 -0.048758
v 0.761979 0.153992 -0.058758
v 0.761979 0.153992 -0.048758
v 0.764820 0.148416 -0.058758
v 0.764820 0.148416 -0.048758
v 0.769244 0.143992 -0.058758
v 0.769244 0.143992 -0.048758
v 0.774820 0.141151 -0.058758
v 0.774820 0.141151 -0.048758
v 0.781000 0.140172 -0.058758
v 0.781000 0.140172 -0.048758
v 0.787180 0.141151 -0.058758
v 0.787180 0.141151 -0.048758
v 0.792756 0.143992 -0.058758
v 0.792756 0.143992 -0.048758
v 0.797180 0.148416 -0.058758
v 0.797180 0.148416 -0.048758
v 0.800021 0.153992 -0.058758
v 0.800021 0.153992 -0.048758
v 0.797229 0.165445 -0.058758
v 0.798064 0.160172 -0.058758
v 0.794805 0.170202 -0.058758
v 0.791030 0.173977 -0.058758
v 0.786273 0.176400 -0.058758
v 0.781000 0.177236 -0.058758
v 0.775727 0.176400 -0.058758
v 0.770970 0.173977 -0.058758
v 0.767195 0.170202 -0.058758
v 0.764771 0.165445 -0.058758
v 0.763936 0.160172 -0.058758
v 0.764771 0.154899 -0.058758
v 0.767195 0.150142 -0.058758
v 0.770970 0.146367 -0.058758
v 0.775727 0.143943 -0.058758
v 0.781000 0.143108 -0.058758
v 0.786273 0.143943 -0.058758
v 0.791030 0.146367 -0.058758
v 0.794805 0.150142 -0.058758
v 0.797229 0.154899 -0.058758
v 0.794805 0.170202 -0.052358
v 0.797229 0.165445 -0.052358
v 0.798064 0.160172 -0.052358
v 0.797229 0.154899 -0.052358
v 0.794805 0.150142 -0.052358
v 0.791030 0.146367 -0.052358
v 0.786273 0.143943 -0.052358
v 0.781000 0.143108 -0.052358
v 0.775727 0.143943 -0.052358
v 0.770970 0.146367 -0.052358
v 0.767195 0.150142 -0.052358
v 0.764771 0.154899 -0.052358
v 0.763936 0.160172 -0.052358
v 0.764771 0.165445 -0.052358
v 0.767195 0.170202 -0.052358
v 0.770970 0.173977 -0.052358
v 0.775727 0.176400 -0.052358
v 0.781000 0.177236 -0.052358
v 0.786273 0.176400 -0.052358
v 0.791030 0.173977 -0.052358
v 0.792430 0.151868 -0.052358
v 0.789304 0.148742 -0.052358
v 0.794436 0.155806 -0.052358
v 0.795128 0.160172 -0.052358
v 0.794436 0.164538 -0.052358
v 0.792430 0.168476 -0.052358
v 0.789304 0.171601 -0.052358
v 0.785366 0.173608 -0.052358
v 0.781000 0.174300 -0.052358
v 0.776634 0.173608 -0.052358
v 0.772696 0.171601 -0.052358
v 0.769571 0.168476 -0.052358
v 0.767564 0.164538 -0.052358
v 0.766872 0.160172 -0.052358
v 0.767564 0.155806 -0.052358
v 0.769571 0.151868 -0.052358
v 0.772696 0.148742 -0.052358
v 0.776634 0.146736 -0.052358
v 0.781000 0.146044 -0.052358
v 0.785366 0.146736 -0.052358
v 0.794436 0.155806 -0.066158
v 0.792430 0.151868 -0.066158
v 0.789304 0.148742 -0.066158
v 0.785366 0.146736 -0.066158
v 0.781000 0.146044 -0.066158
v 0.776634 0.146736 -0.066158
v 0.772696 0.148742 -0.066158
v 0.769571 0.151868 -0.066158
v 0.767564 0.155806 -0.066158
v 0.766872 0.160172 -0.066158
v 0.767564 0.164538 -0.066158
v 0.769571 0.168476 -0.066158
v 0.772696 0.171601 -0.066158
v 0.776634 0.173608 -0.066158
v 0.781000 0.174300 -0.066158
v 0.785366 0.173608 -0.066158
v 0.789304 0.171601 -0.066158
v 0.792430 0.168476 -0.066158
v 0.794436 0.164538 -0.066158
v 0.795128 0.160172 -0.066158
v 0.785770 0.158622 -0.075158
v 0.783948 0.156114 -0.075158
v 0.781000 0.155156 -0.075158
v 0.778052 0.156114 -0.075158
v 0.776230 0.158622 -0.075158
v 0.776230 0.161722 -0.075158
v 0.779450 0.164942 -0.075158
v 0.783948 0.164229 -0.075158
v 0.785770 0.161722 -0.075158
v 0.787771 0.165091 -0.074527
v 0.790270 0.166907 -0.072522
v 0.791912 0.168100 -0.069471
v 0.785920 0.166943 -0.074527
v 0.787735 0.169442 -0.072522
v 0.788928 0.171084 -0.069471
v 0.783586 0.168132 -0.074527
v 0.784541 0.171070 -0.072522
v 0.785168 0.173000 -0.069471
v 0.781000 0.168542 -0.074527
v 0.781000 0.171631 -0.072522
v 0.781000 0.173660 -0.069471
v 0.778414 0.168132 -0.074527
v 0.777459 0.171070 -0.072522
v 0.776832 0.173000 -0.069471
v 0.776080 0.166943 -0.074527
v 0.774265 0.169442 -0.072522
v 0.773072 0.171084 -0.069471
v 0.774229 0.165091 -0.074527
v 0.771730 0.166907 -0.072522
v 0.770088 0.168100 -0.069471
v 0.773040 0.162758 -0.074527
v 0.770102 0.163713 -0.072522
v 0.768172 0.164340 -0.069471
v 0.772630 0.160172 -0.074527
v 0.769541 0.160172 -0.072522
v 0.767512 0.160172 -0.069471
v 0.773040 0.157585 -0.074527
v 0.770102 0.156631 -0.072522
v 0.768172 0.156004 -0.069471
v 0.774229 0.155252 -0.074527
v 0.771730 0.153437 -0.072522
v 0.770088 0.152244 -0.069471
v 0.776080 0.153401 -0.074527
v 0.774265 0.150901 -0.072522
v 0.773072 0.149260 -0.069471
v 0.778414 0.152212 -0.074527
v 0.777459 0.149274 -0.072522
v 0.776832 0.147344 -0.069471
v 0.781000 0.151802 -0.074527
v 0.781000 0.148713 -0.072522
v 0.781000 0.146684 -0.069471
v 0.783586 0.152212 -0.074527
v 0.784541 0.149274 -0.072522
v 0.785168 0.147344 -0.069471
v 0.785920 0.153401 -0.074527
v 0.787735 0.150901 -0.072522
v 0.788928 0.149260 -0.069471
v 0.787771 0.155252 -0.074527
v 0.790270 0.153437 -0.072522
v 0.791912 0.152244 -0.069471
v 0.788960 0.157585 -0.074527
v 0.791898 0.156631 -0.072522
v 0.793828 0.156004 -0.069471
v 0.789370 0.160172 -0.074527
v 0.792459 0.160172 -0.072522
v 0.794488 0.160172 -0.069471
v 0.788960 0.162758 -0.074527
v 0.791898 0.163713 -0.072522
v 0.793828 0.164340 -0.069471
v 0.801000 0.249846 -0.058758
v 0.801000 0.249846 -0.048758
v 0.800021 0.256027 -0.058758
v 0.800021 0.256027 -0.048758
v 0.797180 0.261602 -0.058758
v 0.797180 0.261602 -0.048758
v 0.792756 0.266027 -0.058758
v 0.792756 0.266027 -0.048758
v 0.787180 0.268867 -0.058758
v 0.787180 0.268867 -0.048758
v 0.781000 0.269846 -0.058758
v 0.781000 0.269846 -0.048758
v 0.774820 0.268867 -0.058758
v 0.774820 0.268867 -0.048758
v 0.769244 0.266027 -0.058758
v 0.769244 0.266027 -0.048758
v 0.764820 0.261602 -0.058758
v 0.764820 0.261602 -0.048758
v 0.761979 0.256027 -0.058758
v 0.761979 0.256027 -0.048758
v 0.761000 0.249846 -0.058758
v 0.761000 0.249846 -0.048758
v 0.761979 0.243666 -0.058758
v 0.761979 0.243666 -0.048758
v 0.764820 0.238091 -0.058758
v 0.764820 0.238091 -0.048758
v 0.769244 0.233666 -0.058758
v 0.769244 0.233666 -0.048758
v 0.774820 0.230825 -0.058758
v 0.774820 0.230825 -0.048758
v 0.781000 0.229846 -0.058758
v 0.781000 0.229846 -0.048758
v 0.787180 0.230825 -0.058758
v 0.787180 0.230825 -0.048758
v 0.792756 0.233666 -0.058758
v 0.792756 0.233666 -0.048758
v 0.797180 0.238091 -0.058758
v 0.797180 0.238091 -0.048758
v 0.800021 0.243666 -0.058758
v 0.800021 0.243666 -0.048758
v 0.797229 0.255119 -0.058758
v 0.798064 0.249846 -0.058758
v 0.794805 0.259876 -0.058758
v 0.791030 0.263651 -0.058758
v 0.786273 0.266075 -0.058758
v 0.781000 0.266910 -0.058758
v 0.775727 0.266075 -0.058758
v 0.770970 0.263651 -0.058758
v 0.767195 0.259876 -0.058758
v 0.764771 0.255119 -0.058758
v 0.763936 0.249846 -0.058758
v 0.764771 0.244573 -0.058758
v 0.767195 0.239816 -0.058758
v 0.770970 0.236041 -0.058758
v 0.775727 0.233618 -0.058758
v 0.781000 0.232782 -0.058758
v 0.786273 0.233618 -0.058758
v 0.791030 0.236041 -0.058758
v 0.794805 0.239816 -0.058758
v 0.797229 0.244573 -0.058758
v 0.794805 0.259876 -0.052358
v 0.797229 0.255119 -0.052358
v 0.798064 0.249846 -0.052358
v 0.797229 0.244573 -0.052358
v 0.794805 0.239816 -0.052358
v 0.791030 0.236041 -0.052358
v 0.786273 0.233618 -0.052358
v 0.781000 0.232782 -0.052358
v 0.775727 0.233618 -0.052358
v 0.770970 0.236041 -0.052358
v 0.767195 0.239816 -0.052358
v 0.764771 0.244573 -0.052358
v 0.763936 0.249846 -0.052358
v 0.764771 0.255119 -0.052358
v 0.767195 0.259876 -0.052358
v 0.770970 0.263651 -0.052358
v 0.775727 0.266075 -0.052358
v 0.781000 0.266910 -0.052358
v 0.786273 0.266075 -0.052358
v 0.791030 0.263651 -0.052358
v 0.792430 0.241542 -0.052358
v 0.789304 0.238417 -0.052358
v 0.794436 0.245481 -0.052358
v 0.795128 0.249846 -0.052358
v 0.794436 0.254212 -0.052358
v 0.792430 0.258150 -0.052358
v 0.789304 0.261276 -0.052358
v 0.785366 0.263282 -0.052358
v 0.781000 0.263974 -0.052358
v 0.776634 0.263282 -0.052358
v 0.772696 0.261276 -0.052358
v 0.769571 0.258150 -0.052358
v 0.767564 0.254212 -0.052358
v 0.766872 0.249846 -0.052358
v 0.767564 0.245481 -0.052358
v 0.769571 0.241542 -0.052358
v 0.772696 0.238417 -0.052358
v 0.776634 0.236410 -0.052358
v 0.781000 0.235719 -0.052358
v 0.785366 0.236410 -0.052358
v 0.794436 0.245481 -0.066158
v 0.792430 0.241542 -0.066158
v 0.789304 0.238417 -0.066158
v 0.785366 0.236410 -0.066158
v 0.781000 0.235719 -0.066158
v 0.776634 0.236410 -0.066158
v 0.772696 0.238417 -0.066158
v 0.769571 0.241542 -0.066158
v 0.767564 0.245481 -0.066158
v 0.766872 0.249846 -0.066158
v 0.767564 0.254212 -0.066158
v 0.769571 0.258150 -0.066158
v 0.772696 0.261276 -0.066158
v 0.776634 0.263282 -0.066158
v 0.781000 0.263974 -0.066158
v 0.785366 0.263282 -0.066158
v 0.789304 0.261276 -0.066158
v 0.792430 0.258150 -0.066158
v 0.794436 0.254212 -0.066158
v 0.795128 0.249846 -0.066158
v 0.783948 0.245789 -0.075158
v 0.779450 0.245076 -0.075158
v 0.776942 0.246898 -0.075158
v 0.775984 0.249846 -0.075158
v 0.776942 0.252794 -0.075158
v 0.779450 0.254616 -0.075158
v 0.783948 0.253904 -0.075158
v 0.786015 0.249846 -0.075158
v 0.787771 0.254766 -0.074527
v 0.790270 0.256582 -0.072522
v 0.791912 0.257774 -0.069471
v 0.785920 0.256617 -0.074527
v 0.787735 0.259117 -0.072522
v 0.788928 0.260758 -0.069471
v 0.783586 0.257806 -0.074527
v 0.784541 0.260744 -0.072522
v 0.785168 0.262674 -0.069471
v 0.781000 0.258216 -0.074527
v 0.781000 0.261305 -0.072522
v 0.781000 0.263334 -0.069471
v 0.778414 0.257806 -0.074527
v 0.777459 0.260744 -0.072522
v 0.776832 0.262674 -0.069471
v 0.776080 0.256617 -0.074527
v 0.774265 0.259117 -0.072522
v 0.773072 0.260758 -0.069471
v 0.774229 0.254766 -0.074527
v 0.771730 0.256582 -0.072522
v 0.770088 0.257774 -0.069471
v 0.773040 0.252433 -0.074527
v 0.770102 0.253387 -0.072522
v 0.768172 0.254014 -0.069471
v 0.772630 0.249846 -0.074527
v 0.769541 0.249846 -0.072522
v 0.767512 0.249846 -0.069471
v 0.773040 0.247260 -0.074527
v 0.770102 0.246305 -0.072522
v 0.768172 0.245678 -0.069471
v 0.774229 0.244927 -0.074527
v 0.771730 0.243111 -0.072522
v 0.770088 0.241918 -0.069471
v 0.776080 0.243075 -0.074527
v 0.774265 0.240576 -0.072522
v 0.773072 0.238934 -0.069471
v 0.778414 0.241886 -0.074527
v 0.777459 0.238948 -0.072522
v 0.776832 0.237018 -0.069471
v 0.781000 0.241477 -0.074527
v 0.781000 0.238387 -0.072522
v 0.781000 0.236358 -0.069471
v 0.783586 0.241886 -0.074527
v 0.784541 0.238948 -0.072522
v 0.785168 0.237018 -0.069471
v 0.785920 0.243075 -0.074527
v 0.787735 0.240576 -0.072522
v 0.788928 0.238934 -0.069471
v 0.787771 0.244927 -0.074527
v 0.790270 0.243111 -0.072522
v 0.791912 0.241918 -0.069471
v 0.788960 0.247260 -0.074527
v 0.791898 0.246305 -0.072522
v 0.793828 0.245678 -0.069471
v 0.789370 0.249846 -0.074527
v 0.792459 0.249846 -0.072522
v 0.794488 0.249846 -0.069471
v 0.788960 0.252433 -0.074527
v 0.791898 0.253387 -0.072522
v 0.793828 0.254014 -0.069471
v 0.806823 0.342180 -0.049042
v 0.806823 0.342180 -0.057162
v 0.805631 0.334653 -0.049042
v 0.805631 0.334653 -0.057162
v 0.802170 0.327862 -0.049042
v 0.802170 0.327862 -0.057162
v 0.796781 0.322473 -0.049042
v 0.796781 0.322473 -0.057162
v 0.789991 0.319013 -0.049042
v 0.789991 0.319013 -0.057162
v 0.782463 0.317820 -0.049042
v 0.782463 0.317820 -0.057162
v 0.774935 0.319013 -0.049042
v 0.774935 0.319013 -0.057162
v 0.768144 0.322473 -0.049042
v 0.768144 0.322473 -0.057162
v 0.762755 0.327862 -0.049042
v 0.762755 0.327862 -0.057162
v 0.759295 0.334653 -0.049042
v 0.759295 0.334653 -0.057162
v 0.758103 0.342180 -0.049042
v 0.758103 0.342180 -0.057162
v 0.759295 0.349708 -0.049042
v 0.759295 0.349708 -0.057162
v 0.762755 0.356499 -0.049042
v 0.762755 0.356499 -0.057162
v 0.768144 0.361888 -0.049042
v 0.768144 0.361888 -0.057162
v 0.774935 0.365348 -0.049042
v 0.774935 0.365348 -0.057162
v 0.782463 0.366540 -0.049042
v 0.782463 0.366540 -0.057162
v 0.789991 0.365348 -0.049042
v 0.789991 0.365348 -0.057162
v 0.796781 0.361888 -0.049042
v 0.796781 0.361888 -0.057162
v 0.802170 0.356499 -0.049042
v 0.802170 0.356499 -0.057162
v 0.805631 0.349708 -0.049042
v 0.805631 0.349708 -0.057162
v 0.810791 0.351385 -0.057162
v 0.812249 0.342180 -0.057162
v 0.810791 0.332976 -0.057162
v 0.806560 0.324673 -0.057162
v 0.799971 0.318083 -0.057162
v 0.791667 0.313852 -0.057162
v 0.782463 0.312394 -0.057162
v 0.773259 0.313852 -0.057162
v 0.764955 0.318083 -0.057162
v 0.758365 0.324673 -0.057162
v 0.754135 0.332976 -0.057162
v 0.752677 0.342180 -0.057162
v 0.754135 0.351385 -0.057162
v 0.758365 0.359688 -0.057162
v 0.764955 0.366278 -0.057162
v 0.773259 0.370509 -0.057162
v 0.782463 0.371966 -0.057162
v 0.791667 0.370509 -0.057162
v 0.799971 0.366278 -0.057162
v 0.806560 0.359688 -0.057162
v 0.794721 0.342180 -0.092076
v 0.794661 0.338217 -0.091516
v 0.786251 0.330522 -0.092076
v 0.782463 0.329355 -0.091516
v 0.778675 0.330522 -0.092076
v 0.772546 0.334975 -0.092076
v 0.770265 0.338217 -0.091516
v 0.772546 0.349386 -0.092076
v 0.767565 0.362686 -0.060839
v 0.774630 0.366286 -0.060839
v 0.761957 0.357079 -0.060839
v 0.758357 0.350013 -0.060839
v 0.757116 0.342180 -0.060839
v 0.758357 0.334348 -0.060839
v 0.761957 0.327282 -0.060839
v 0.767565 0.321675 -0.060839
v 0.774630 0.318074 -0.060839
v 0.782463 0.316834 -0.060839
v 0.790295 0.318074 -0.060839
v 0.797361 0.321675 -0.060839
v 0.802969 0.327282 -0.060839
v 0.806569 0.334348 -0.060839
v 0.807809 0.342180 -0.060839
v 0.806569 0.350013 -0.060839
v 0.802969 0.357079 -0.060839
v 0.797361 0.362686 -0.060839
v 0.790295 0.366286 -0.060839
v 0.782463 0.367527 -0.060839
v 0.767943 0.352730 -0.060839
v 0.771914 0.356700 -0.060839
v 0.776917 0.359249 -0.060839
v 0.782463 0.360128 -0.060839
v 0.788009 0.359249 -0.060839
v 0.793012 0.356700 -0.060839
v 0.796983 0.352730 -0.060839
v 0.799532 0.347726 -0.060839
v 0.800410 0.342180 -0.060839
v 0.799532 0.336634 -0.060839
v 0.796983 0.331631 -0.060839
v 0.793012 0.327661 -0.060839
v 0.788009 0.325111 -0.060839
v 0.782463 0.324233 -0.060839
v 0.776917 0.325111 -0.060839
v 0.771914 0.327661 -0.060839
v 0.767943 0.331631 -0.060839
v 0.765394 0.336634 -0.060839
v 0.764515 0.342180 -0.060839
v 0.765394 0.347726 -0.060839
v 0.787951 0.325291 -0.078443
v 0.766113 0.336868 -0.079003
v 0.794841 0.346202 -0.079190
v 0.795478 0.342180 -0.079190
v 0.794841 0.338159 -0.079190
v 0.792992 0.334530 -0.079190
v 0.790113 0.331651 -0.079190
v 0.786485 0.329803 -0.079190
v 0.782463 0.329166 -0.079190
v 0.778441 0.329803 -0.079190
v 0.774813 0.331651 -0.079190
v 0.771934 0.334530 -0.079190
v 0.770085 0.338159 -0.079190
v 0.769448 0.342180 -0.079190
v 0.770085 0.346202 -0.079190
v 0.771934 0.349830 -0.079190
v 0.774813 0.352709 -0.079190
v 0.778441 0.354558 -0.079190
v 0.782463 0.355195 -0.079190
v 0.786485 0.354558 -0.079190
v 0.790113 0.352709 -0.079190
v 0.792992 0.349830 -0.079190
v 0.782463 0.342180 -0.092263
v 0.805363 0.358818 -0.073425
v 0.791210 0.369101 -0.073425
v 0.782463 0.370487 -0.073425
v 0.755542 0.333433 -0.073425
v 0.773716 0.315260 -0.073425
v 0.782463 0.313874 -0.073425
v 0.791210 0.315260 -0.073425
v 0.809384 0.333433 -0.073425
v 0.810769 0.342180 -0.073425
v 0.774173 0.367694 -0.073425
v 0.798231 0.363883 -0.073425
v 0.807976 0.350470 -0.073425
v 0.798231 0.320477 -0.073425
v 0.766695 0.320477 -0.073425
v 0.755637 0.342180 -0.073425
v 0.756949 0.350470 -0.073425
v 0.760760 0.357949 -0.073425
v 0.766695 0.363883 -0.073425
v 0.798931 0.342180 -0.079190
v 0.798124 0.337092 -0.079190
v 0.798124 0.347269 -0.079190
v 0.795785 0.351860 -0.079190
v 0.792142 0.355503 -0.079190
v 0.787552 0.357842 -0.079190
v 0.782463 0.358648 -0.079190
v 0.777374 0.357842 -0.079190
v 0.772783 0.355503 -0.079190
v 0.769140 0.351860 -0.079190
v 0.766801 0.347269 -0.079190
v 0.765995 0.342180 -0.079190
v 0.769140 0.332501 -0.079190
v 0.771914 0.327661 -0.077728
v 0.776917 0.325111 -0.077728
v 0.782463 0.324233 -0.077728
v 0.793012 0.327661 -0.077728
v 0.795785 0.332501 -0.079190
v 0.791795 0.348960 -0.092263
v 0.793433 0.345745 -0.092263
v 0.789243 0.351512 -0.092263
v 0.786027 0.353151 -0.092263
v 0.782463 0.355195 -0.090802
v 0.778898 0.353151 -0.092263
v 0.775683 0.351512 -0.092263
v 0.771493 0.345745 -0.092263
v 0.770928 0.342180 -0.092263
v 0.775683 0.332848 -0.092263
v 0.789243 0.332848 -0.092263
v 0.791795 0.335400 -0.092263
v 0.810611 0.351326 -0.072678
v 0.799860 0.366125 -0.072678
v 0.773317 0.370329 -0.072678
v 0.765066 0.366125 -0.072678
v 0.758518 0.359577 -0.072678
v 0.754314 0.351326 -0.072678
v 0.752866 0.342180 -0.072678
v 0.758977 0.325117 -0.073238
v 0.765066 0.318236 -0.072678
v 0.799860 0.318236 -0.072678
v 0.805949 0.325117 -0.073238
v 0.782463 0.367716 -0.072678
v 0.790354 0.366466 -0.072678
v 0.803122 0.357190 -0.072678
v 0.807998 0.342180 -0.072678
v 0.806749 0.334289 -0.072678
v 0.803580 0.326838 -0.073238
v 0.790354 0.317895 -0.072678
v 0.782463 0.316645 -0.072678
v 0.774572 0.317895 -0.072678
v 0.761345 0.326838 -0.073238
v 0.758177 0.334289 -0.072678
v 0.341628 -0.317363 -0.048253
v 0.341628 -0.317363 -0.056373
v 0.340435 -0.324891 -0.048253
v 0.340435 -0.324891 -0.056373
v 0.336975 -0.331681 -0.048253
v 0.336975 -0.331681 -0.056373
v 0.331586 -0.337071 -0.048253
v 0.331586 -0.337071 -0.056373
v 0.324795 -0.340531 -0.048253
v 0.324795 -0.340531 -0.056373
v 0.317268 -0.341723 -0.048253
v 0.317268 -0.341723 -0.056373
v 0.309740 -0.340531 -0.048253
v 0.309740 -0.340531 -0.056373
v 0.302949 -0.337071 -0.048253
v 0.302949 -0.337071 -0.056373
v 0.297560 -0.331681 -0.048253
v 0.297560 -0.331681 -0.056373
v 0.294100 -0.324891 -0.048253
v 0.294100 -0.324891 -0.056373
v 0.292908 -0.317363 -0.048253
v 0.292908 -0.317363 -0.056373
v 0.294100 -0.309835 -0.048253
v 0.294100 -0.309835 -0.056373
v 0.297560 -0.303045 -0.048253
v 0.297560 -0.303045 -0.056373
v 0.302949 -0.297655 -0.048253
v 0.302949 -0.297655 -0.056373
v 0.309740 -0.294195 -0.048253
v 0.309740 -0.294195 -0.056373
v 0.317268 -0.293003 -0.048253
v 0.317268 -0.293003 -0.056373
v 0.324795 -0.294195 -0.048253
v 0.324795 -0.294195 -0.056373
v 0.331586 -0.297655 -0.048253
v 0.331586 -0.297655 -0.056373
v 0.336975 -0.303045 -0.048253
v 0.336975 -0.303045 -0.056373
v 0.340435 -0.309835 -0.048253
v 0.340435 -0.309835 -0.056373
v 0.345596 -0.308159 -0.056373
v 0.347054 -0.317363 -0.056373
v 0.345596 -0.326567 -0.056373
v 0.341365 -0.334871 -0.056373
v 0.334775 -0.341460 -0.056373
v 0.326472 -0.345691 -0.056373
v 0.317268 -0.347149 -0.056373
v 0.308063 -0.345691 -0.056373
v 0.299760 -0.341460 -0.056373
v 0.293170 -0.334871 -0.056373
v 0.288939 -0.326567 -0.056373
v 0.287482 -0.317363 -0.056373
v 0.288939 -0.308159 -0.056373
v 0.293170 -0.299855 -0.056373
v 0.299760 -0.293266 -0.056373
v 0.308063 -0.289035 -0.056373
v 0.317268 -0.287577 -0.056373
v 0.326472 -0.289035 -0.056373
v 0.334775 -0.293266 -0.056373
v 0.341365 -0.299855 -0.056373
v 0.321231 -0.329561 -0.090727
v 0.309729 -0.327739 -0.090727
v 0.305609 -0.321151 -0.091287
v 0.304442 -0.317363 -0.090727
v 0.305070 -0.313400 -0.090727
v 0.302369 -0.296857 -0.060050
v 0.309435 -0.293257 -0.060050
v 0.296762 -0.302465 -0.060050
v 0.293162 -0.309530 -0.060050
v 0.291921 -0.317363 -0.060050
v 0.293162 -0.325195 -0.060050
v 0.296762 -0.332261 -0.060050
v 0.302369 -0.337869 -0.060050
v 0.309435 -0.341469 -0.060050
v 0.317268 -0.342710 -0.060050
v 0.325100 -0.341469 -0.060050
v 0.332166 -0.337869 -0.060050
v 0.337773 -0.332261 -0.060050
v 0.341374 -0.325195 -0.060050
v 0.342614 -0.317363 -0.060050
v 0.341374 -0.309530 -0.060050
v 0.337773 -0.302465 -0.060050
v 0.332166 -0.296857 -0.060050
v 0.325100 -0.293257 -0.060050
v 0.317268 -0.292016 -0.060050
v 0.302748 -0.306814 -0.060050
v 0.306718 -0.302843 -0.060050
v 0.311721 -0.300294 -0.060050
v 0.317268 -0.299416 -0.060050
v 0.322814 -0.300294 -0.060050
v 0.327817 -0.302843 -0.060050
v 0.331787 -0.306814 -0.060050
v 0.334337 -0.311817 -0.060050
v 0.335215 -0.317363 -0.060050
v 0.334337 -0.322909 -0.060050
v 0.331787 -0.327912 -0.060050
v 0.327817 -0.331883 -0.060050
v 0.322814 -0.334432 -0.060050
v 0.317268 -0.335310 -0.060050
v 0.311721 -0.334432 -0.060050
v 0.306718 -0.331883 -0.060050
v 0.302748 -0.327912 -0.060050
v 0.300198 -0.322909 -0.060050
v 0.299320 -0.317363 -0.060050
v 0.300198 -0.311817 -0.060050
v 0.327372 -0.331271 -0.078214
v 0.322755 -0.334252 -0.077654
v 0.317268 -0.335121 -0.077654
v 0.311780 -0.334252 -0.077654
v 0.307163 -0.331271 -0.078214
v 0.299509 -0.317363 -0.077654
v 0.300378 -0.311875 -0.077654
v 0.329645 -0.313341 -0.078401
v 0.330282 -0.317363 -0.078401
v 0.329645 -0.321385 -0.078401
v 0.327797 -0.325013 -0.078401
v 0.324917 -0.327892 -0.078401
v 0.321289 -0.329741 -0.078401
v 0.317268 -0.330378 -0.078401
v 0.313246 -0.329741 -0.078401
v 0.309618 -0.327892 -0.078401
v 0.306738 -0.325013 -0.078401
v 0.304890 -0.321385 -0.078401
v 0.304253 -0.317363 -0.078401
v 0.304890 -0.313341 -0.078401
v 0.306738 -0.309713 -0.078401
v 0.309618 -0.306834 -0.078401
v 0.313246 -0.304985 -0.078401
v 0.317268 -0.304348 -0.078401
v 0.321289 -0.304985 -0.078401
v 0.324917 -0.306834 -0.078401
v 0.327797 -0.309713 -0.078401
v 0.334157 -0.322851 -0.077654
v 0.317268 -0.317363 -0.091474
v 0.317268 -0.289057 -0.072636
v 0.300630 -0.294463 -0.072636
v 0.288961 -0.317363 -0.072636
v 0.294367 -0.334001 -0.072636
v 0.300630 -0.340263 -0.072636
v 0.308520 -0.344284 -0.072636
v 0.317268 -0.345669 -0.072636
v 0.333906 -0.340263 -0.072636
v 0.340168 -0.334001 -0.072636
v 0.308978 -0.291850 -0.072636
v 0.325557 -0.291850 -0.072636
v 0.333036 -0.295660 -0.072636
v 0.338971 -0.301595 -0.072636
v 0.342781 -0.309073 -0.072636
v 0.342781 -0.325653 -0.072636
v 0.325557 -0.342876 -0.072636
v 0.295565 -0.301595 -0.072636
v 0.333735 -0.317363 -0.078401
v 0.332929 -0.312274 -0.078401
v 0.330590 -0.307684 -0.078401
v 0.326947 -0.304040 -0.078401
v 0.322356 -0.301701 -0.078401
v 0.317268 -0.300895 -0.078401
v 0.312179 -0.301701 -0.078401
v 0.307588 -0.304040 -0.078401
v 0.303945 -0.307684 -0.078401
v 0.300198 -0.322909 -0.076939
v 0.303945 -0.327042 -0.078401
v 0.330590 -0.327042 -0.078401
v 0.326599 -0.310583 -0.091474
v 0.328238 -0.313798 -0.091474
v 0.324048 -0.308031 -0.091474
v 0.320832 -0.306393 -0.091474
v 0.317268 -0.305828 -0.091474
v 0.313703 -0.306393 -0.091474
v 0.310487 -0.308031 -0.091474
v 0.307936 -0.310583 -0.091474
v 0.306738 -0.325013 -0.090013
v 0.313246 -0.329741 -0.090013
v 0.317268 -0.330378 -0.090013
v 0.324048 -0.326695 -0.091474
v 0.327797 -0.325013 -0.090013
v 0.328238 -0.320927 -0.091474
v 0.328802 -0.317363 -0.091474
v 0.341212 -0.299966 -0.071889
v 0.345416 -0.308217 -0.071889
v 0.334664 -0.293419 -0.071889
v 0.326414 -0.289215 -0.071889
v 0.308122 -0.289215 -0.071889
v 0.293323 -0.299966 -0.071889
v 0.289658 -0.308392 -0.072449
v 0.289658 -0.326334 -0.072449
v 0.326414 -0.345511 -0.071889
v 0.345416 -0.326509 -0.071889
v 0.346297 -0.317363 -0.072449
v 0.317268 -0.291827 -0.071889
v 0.343370 -0.317363 -0.072449
v 0.337926 -0.332372 -0.071889
v 0.332277 -0.338022 -0.071889
v 0.317268 -0.342899 -0.071889
v 0.309377 -0.341649 -0.071889
v 0.302258 -0.338022 -0.071889
v 0.296609 -0.332372 -0.071889
v 0.292442 -0.325429 -0.072449
v 0.291732 -0.317363 -0.071889
v 0.292442 -0.309297 -0.072449
v 0.302258 -0.296704 -0.071889
v 0.344576 -0.131968 -0.048253
v 0.344576 -0.131968 -0.056373
v 0.343384 -0.139496 -0.048253
v 0.343384 -0.139496 -0.056373
v 0.339924 -0.146286 -0.048253
v 0.339924 -0.146286 -0.056373
v 0.334535 -0.151676 -0.048253
v 0.334535 -0.151676 -0.056373
v 0.327744 -0.155136 -0.048253
v 0.327744 -0.155136 -0.056373
v 0.320216 -0.156328 -0.048253
v 0.320216 -0.156328 -0.056373
v 0.312689 -0.155136 -0.048253
v 0.312689 -0.155136 -0.056373
v 0.305898 -0.151676 -0.048253
v 0.305898 -0.151676 -0.056373
v 0.300509 -0.146286 -0.048253
v 0.300509 -0.146286 -0.056373
v 0.297048 -0.139496 -0.048253
v 0.297048 -0.139496 -0.056373
v 0.295856 -0.131968 -0.048253
v 0.295856 -0.131968 -0.056373
v 0.297048 -0.124440 -0.048253
v 0.297048 -0.124440 -0.056373
v 0.300509 -0.117650 -0.048253
v 0.300509 -0.117650 -0.056373
v 0.305898 -0.112260 -0.048253
v 0.305898 -0.112260 -0.056373
v 0.312689 -0.108800 -0.048253
v 0.312689 -0.108800 -0.056373
v 0.320216 -0.107608 -0.048253
v 0.320216 -0.107608 -0.056373
v 0.327744 -0.108800 -0.048253
v 0.327744 -0.108800 -0.056373
v 0.334535 -0.112260 -0.048253
v 0.334535 -0.112260 -0.056373
v 0.339924 -0.117650 -0.048253
v 0.339924 -0.117650 -0.056373
v 0.343384 -0.124440 -0.048253
v 0.343384 -0.124440 -0.056373
v 0.348544 -0.122764 -0.056373
v 0.350002 -0.131968 -0.056373
v 0.348544 -0.141172 -0.056373
v 0.344314 -0.149476 -0.056373
v 0.337724 -0.156065 -0.056373
v 0.329421 -0.160296 -0.056373
v 0.320216 -0.161754 -0.056373
v 0.311012 -0.160296 -0.056373
v 0.302708 -0.156065 -0.056373
v 0.296119 -0.149476 -0.056373
v 0.291888 -0.141172 -0.056373
v 0.290430 -0.131968 -0.056373
v 0.291888 -0.122764 -0.056373
v 0.296119 -0.114460 -0.056373
v 0.302708 -0.107871 -0.056373
v 0.311012 -0.103640 -0.056373
v 0.320216 -0.102182 -0.056373
v 0.329421 -0.103640 -0.056373
v 0.337724 -0.107871 -0.056373
v 0.344314 -0.114460 -0.056373
v 0.331875 -0.135756 -0.091287
v 0.327755 -0.142344 -0.090727
v 0.324180 -0.144166 -0.090727
v 0.320216 -0.144227 -0.091287
v 0.309840 -0.139507 -0.090727
v 0.308558 -0.135756 -0.091287
v 0.307958 -0.131968 -0.091287
v 0.309840 -0.124429 -0.090727
v 0.305318 -0.111462 -0.060050
v 0.312384 -0.107862 -0.060050
v 0.299710 -0.117070 -0.060050
v 0.296110 -0.124135 -0.060050
v 0.294870 -0.131968 -0.060050
v 0.296110 -0.139801 -0.060050
v 0.299710 -0.146866 -0.060050
v 0.305318 -0.152474 -0.060050
v 0.312384 -0.156074 -0.060050
v 0.320216 -0.157315 -0.060050
v 0.328049 -0.156074 -0.060050
v 0.335114 -0.152474 -0.060050
v 0.340722 -0.146866 -0.060050
v 0.344322 -0.139801 -0.060050
v 0.345563 -0.131968 -0.060050
v 0.344322 -0.124135 -0.060050
v 0.340722 -0.117070 -0.060050
v 0.335114 -0.111462 -0.060050
v 0.328049 -0.107862 -0.060050
v 0.320216 -0.106621 -0.060050
v 0.305696 -0.121419 -0.060050
v 0.309667 -0.117448 -0.060050
v 0.314670 -0.114899 -0.060050
v 0.320216 -0.114021 -0.060050
v 0.325762 -0.114899 -0.060050
v 0.330765 -0.117448 -0.060050
v 0.334736 -0.121419 -0.060050
v 0.337285 -0.126422 -0.060050
v 0.338164 -0.131968 -0.060050
v 0.337285 -0.137514 -0.060050
v 0.334736 -0.142517 -0.060050
v 0.330765 -0.146488 -0.060050
v 0.325762 -0.149037 -0.060050
v 0.320216 -0.149915 -0.060050
v 0.314670 -0.149037 -0.060050
v 0.309667 -0.146488 -0.060050
v 0.305696 -0.142517 -0.060050
v 0.303147 -0.137514 -0.060050
v 0.302269 -0.131968 -0.060050
v 0.303147 -0.126422 -0.060050
v 0.330321 -0.145876 -0.078214
v 0.320216 -0.149159 -0.078214
v 0.310111 -0.145876 -0.078214
v 0.303327 -0.137456 -0.077654
v 0.332594 -0.127946 -0.078401
v 0.333231 -0.131968 -0.078401
v 0.332594 -0.135990 -0.078401
v 0.330745 -0.139618 -0.078401
v 0.327866 -0.142497 -0.078401
v 0.324238 -0.144346 -0.078401
v 0.320216 -0.144983 -0.078401
v 0.316194 -0.144346 -0.078401
v 0.312566 -0.142497 -0.078401
v 0.309687 -0.139618 -0.078401
v 0.307838 -0.135990 -0.078401
v 0.307201 -0.131968 -0.078401
v 0.307838 -0.127946 -0.078401
v 0.309687 -0.124318 -0.078401
v 0.312566 -0.121439 -0.078401
v 0.316194 -0.119590 -0.078401
v 0.320216 -0.118953 -0.078401
v 0.324238 -0.119590 -0.078401
v 0.327866 -0.121439 -0.078401
v 0.330745 -0.124318 -0.078401
v 0.320216 -0.131968 -0.091474
v 0.347137 -0.123221 -0.072636
v 0.303578 -0.109068 -0.072636
v 0.291888 -0.122764 -0.071174
v 0.293295 -0.140715 -0.072636
v 0.297316 -0.148606 -0.072636
v 0.303578 -0.154868 -0.072636
v 0.311469 -0.158889 -0.072636
v 0.320216 -0.160274 -0.072636
v 0.328963 -0.158889 -0.072636
v 0.336854 -0.154868 -0.072636
v 0.343116 -0.148606 -0.072636
v 0.348522 -0.131968 -0.072636
v 0.311926 -0.106455 -0.072636
v 0.320216 -0.105142 -0.072636
v 0.328506 -0.106455 -0.072636
v 0.335984 -0.110265 -0.072636
v 0.341919 -0.116200 -0.072636
v 0.345730 -0.140258 -0.072636
v 0.293390 -0.131968 -0.072636
v 0.294703 -0.123678 -0.072636
v 0.298513 -0.116200 -0.072636
v 0.305318 -0.111462 -0.071174
v 0.336684 -0.131968 -0.078401
v 0.335878 -0.137057 -0.078401
v 0.335878 -0.126879 -0.078401
v 0.333539 -0.122289 -0.078401
v 0.329896 -0.118645 -0.078401
v 0.325305 -0.116306 -0.078401
v 0.320216 -0.115500 -0.078401
v 0.315127 -0.116306 -0.078401
v 0.310537 -0.118645 -0.078401
v 0.306894 -0.122289 -0.078401
v 0.304555 -0.126879 -0.078401
v 0.303749 -0.131968 -0.078401
v 0.306894 -0.141647 -0.078401
v 0.315127 -0.147630 -0.078401
v 0.325305 -0.147630 -0.078401
v 0.334736 -0.142517 -0.076939
v 0.329548 -0.125188 -0.091474
v 0.331187 -0.128404 -0.091474
v 0.326996 -0.122636 -0.091474
v 0.323781 -0.120998 -0.091474
v 0.320216 -0.120433 -0.091474
v 0.316652 -0.120998 -0.091474
v 0.313436 -0.122636 -0.091474
v 0.309246 -0.128404 -0.091474
v 0.312566 -0.142497 -0.090012
v 0.316194 -0.144346 -0.090012
v 0.329548 -0.138748 -0.091474
v 0.331751 -0.131968 -0.091474
v 0.344161 -0.114571 -0.071889
v 0.337613 -0.108024 -0.071889
v 0.329362 -0.103820 -0.071889
v 0.320216 -0.102371 -0.071889
v 0.311070 -0.103820 -0.071889
v 0.296272 -0.114571 -0.071889
v 0.290619 -0.131968 -0.071889
v 0.348365 -0.141114 -0.071889
v 0.344502 -0.124077 -0.071889
v 0.345752 -0.131968 -0.071889
v 0.340875 -0.146977 -0.071889
v 0.335226 -0.152627 -0.071889
v 0.328107 -0.156254 -0.071889
v 0.320216 -0.157504 -0.071889
v 0.312325 -0.156254 -0.071889
v 0.305207 -0.152627 -0.071889
v 0.299557 -0.146977 -0.071889
v 0.295930 -0.139859 -0.071889
v 0.173260 -0.294491 -0.048253
v 0.173260 -0.294491 -0.056373
v 0.172068 -0.302018 -0.048253
v 0.172068 -0.302018 -0.056373
v 0.168608 -0.308809 -0.048253
v 0.168608 -0.308809 -0.056373
v 0.163219 -0.314198 -0.048253
v 0.163219 -0.314198 -0.056373
v 0.156428 -0.317658 -0.048253
v 0.156428 -0.317658 -0.056373
v 0.148900 -0.318851 -0.048253
v 0.148900 -0.318851 -0.056373
v 0.141372 -0.317658 -0.048253
v 0.141372 -0.317658 -0.056373
v 0.134582 -0.314198 -0.048253
v 0.134582 -0.314198 -0.056373
v 0.129192 -0.308809 -0.048253
v 0.129192 -0.308809 -0.056373
v 0.125732 -0.302018 -0.048253
v 0.125732 -0.302018 -0.056373
v 0.124540 -0.294491 -0.048253
v 0.124540 -0.294491 -0.056373
v 0.125732 -0.286963 -0.048253
v 0.125732 -0.286963 -0.056373
v 0.129192 -0.280172 -0.048253
v 0.129192 -0.280172 -0.056373
v 0.134582 -0.274783 -0.048253
v 0.134582 -0.274783 -0.056373
v 0.141372 -0.271323 -0.048253
v 0.141372 -0.271323 -0.056373
v 0.148900 -0.270131 -0.048253
v 0.148900 -0.270131 -0.056373
v 0.156428 -0.271323 -0.048253
v 0.156428 -0.271323 -0.056373
v 0.163219 -0.274783 -0.048253
v 0.163219 -0.274783 -0.056373
v 0.168608 -0.280172 -0.048253
v 0.168608 -0.280172 -0.056373
v 0.172068 -0.286963 -0.048253
v 0.172068 -0.286963 -0.056373
v 0.177228 -0.285286 -0.056373
v 0.178686 -0.294491 -0.056373
v 0.177228 -0.303695 -0.056373
v 0.172997 -0.311998 -0.056373
v 0.166408 -0.318588 -0.056373
v 0.158104 -0.322819 -0.056373
v 0.148900 -0.324277 -0.056373
v 0.139696 -0.322819 -0.056373
v 0.131392 -0.318588 -0.056373
v 0.124803 -0.311998 -0.056373
v 0.120572 -0.303695 -0.056373
v 0.119114 -0.294491 -0.056373
v 0.120572 -0.285286 -0.056373
v 0.124803 -0.276983 -0.056373
v 0.131392 -0.270393 -0.056373
v 0.139696 -0.266162 -0.056373
v 0.148900 -0.264704 -0.056373
v 0.158104 -0.266162 -0.056373
v 0.166408 -0.270393 -0.056373
v 0.172997 -0.276983 -0.056373
v 0.158818 -0.301696 -0.091287
v 0.152863 -0.306688 -0.090727
v 0.148900 -0.306749 -0.091287
v 0.141361 -0.304867 -0.090727
v 0.138524 -0.302029 -0.090727
v 0.136074 -0.294490 -0.090727
v 0.138983 -0.287285 -0.091287
v 0.134002 -0.273985 -0.060050
v 0.141068 -0.270384 -0.060050
v 0.128394 -0.279592 -0.060050
v 0.124794 -0.286658 -0.060050
v 0.123554 -0.294491 -0.060050
v 0.124794 -0.302323 -0.060050
v 0.128394 -0.309389 -0.060050
v 0.134002 -0.314996 -0.060050
v 0.141068 -0.318596 -0.060050
v 0.148900 -0.319837 -0.060050
v 0.156733 -0.318596 -0.060050
v 0.163798 -0.314996 -0.060050
v 0.169406 -0.309389 -0.060050
v 0.173006 -0.302323 -0.060050
v 0.174247 -0.294491 -0.060050
v 0.173006 -0.286658 -0.060050
v 0.169406 -0.279592 -0.060050
v 0.163798 -0.273985 -0.060050
v 0.156733 -0.270384 -0.060050
v 0.148900 -0.269144 -0.060050
v 0.134380 -0.283941 -0.060050
v 0.138351 -0.279971 -0.060050
v 0.143354 -0.277421 -0.060050
v 0.148900 -0.276543 -0.060050
v 0.154446 -0.277421 -0.060050
v 0.159449 -0.279971 -0.060050
v 0.163420 -0.283941 -0.060050
v 0.165969 -0.288944 -0.060050
v 0.166848 -0.294491 -0.060050
v 0.165969 -0.300037 -0.060050
v 0.163420 -0.305040 -0.060050
v 0.159449 -0.309010 -0.060050
v 0.154446 -0.311560 -0.060050
v 0.148900 -0.312438 -0.060050
v 0.143354 -0.311560 -0.060050
v 0.138351 -0.309010 -0.060050
v 0.134380 -0.305040 -0.060050
v 0.131831 -0.300037 -0.060050
v 0.130953 -0.294491 -0.060050
v 0.131831 -0.288944 -0.060050
v 0.138795 -0.308399 -0.078214
v 0.161278 -0.290469 -0.078401
v 0.161915 -0.294491 -0.078401
v 0.161278 -0.298512 -0.078401
v 0.159429 -0.302140 -0.078401
v 0.156550 -0.305020 -0.078401
v 0.152922 -0.306868 -0.078401
v 0.148900 -0.307505 -0.078401
v 0.144878 -0.306868 -0.078401
v 0.141250 -0.305020 -0.078401
v 0.138371 -0.302140 -0.078401
v 0.136522 -0.298512 -0.078401
v 0.135885 -0.294491 -0.078401
v 0.136522 -0.290469 -0.078401
v 0.138371 -0.286841 -0.078401
v 0.141250 -0.283961 -0.078401
v 0.144878 -0.282113 -0.078401
v 0.148900 -0.281476 -0.078401
v 0.152922 -0.282113 -0.078401
v 0.156550 -0.283961 -0.078401
v 0.159429 -0.286841 -0.078401
v 0.166091 -0.294491 -0.078214
v 0.148900 -0.294490 -0.091474
v 0.175821 -0.285743 -0.072636
v 0.139696 -0.266162 -0.071174
v 0.132262 -0.271590 -0.072636
v 0.121979 -0.285743 -0.072636
v 0.120572 -0.303695 -0.071174
v 0.126000 -0.311128 -0.072636
v 0.132262 -0.317391 -0.072636
v 0.140153 -0.321411 -0.072636
v 0.157647 -0.321411 -0.072636
v 0.166408 -0.318588 -0.071174
v 0.172997 -0.311998 -0.071174
v 0.175821 -0.303238 -0.072636
v 0.140610 -0.268977 -0.072636
v 0.157190 -0.268977 -0.072636
v 0.164668 -0.272788 -0.072636
v 0.170603 -0.278722 -0.072636
v 0.173006 -0.286658 -0.071174
v 0.175726 -0.294491 -0.072636
v 0.170603 -0.310259 -0.072636
v 0.164668 -0.316193 -0.072636
v 0.123387 -0.302780 -0.072636
v 0.122074 -0.294491 -0.072636
v 0.134002 -0.273985 -0.071174
v 0.164562 -0.299579 -0.078401
v 0.164562 -0.289402 -0.078401
v 0.162223 -0.284811 -0.078401
v 0.158580 -0.281168 -0.078401
v 0.153989 -0.278829 -0.078401
v 0.148900 -0.278023 -0.078401
v 0.143811 -0.278829 -0.078401
v 0.139221 -0.281168 -0.078401
v 0.135577 -0.284811 -0.078401
v 0.133238 -0.289402 -0.078401
v 0.132432 -0.294491 -0.078401
v 0.133238 -0.299579 -0.078401
v 0.135577 -0.304170 -0.078401
v 0.143811 -0.310152 -0.078401
v 0.148900 -0.310958 -0.078401
v 0.153989 -0.310152 -0.078401
v 0.158580 -0.307813 -0.078401
v 0.162223 -0.304170 -0.078401
v 0.158232 -0.287710 -0.091474
v 0.159870 -0.290926 -0.091474
v 0.155680 -0.285159 -0.091474
v 0.152465 -0.283520 -0.091474
v 0.148900 -0.281476 -0.090013
v 0.145336 -0.283520 -0.091474
v 0.142120 -0.285159 -0.091474
v 0.137930 -0.290926 -0.091474
v 0.136522 -0.298512 -0.090013
v 0.145336 -0.305461 -0.091474
v 0.155680 -0.303822 -0.091474
v 0.159870 -0.298055 -0.091474
v 0.160435 -0.294490 -0.091474
v 0.172845 -0.277094 -0.071889
v 0.166297 -0.270546 -0.071889
v 0.158046 -0.266342 -0.071889
v 0.148900 -0.265461 -0.072449
v 0.125414 -0.277427 -0.072449
v 0.119303 -0.294491 -0.071889
v 0.148900 -0.323520 -0.072449
v 0.178497 -0.294491 -0.071889
v 0.148900 -0.268388 -0.072449
v 0.173186 -0.302381 -0.071889
v 0.156791 -0.318776 -0.071889
v 0.148900 -0.320593 -0.072449
v 0.141009 -0.318776 -0.071889
v 0.133891 -0.315149 -0.071889
v 0.128241 -0.309500 -0.071889
v 0.124614 -0.286600 -0.071889
v 0.127783 -0.279148 -0.072449
v 0.173260 -0.210265 -0.048253
v 0.173260 -0.210265 -0.056373
v 0.172068 -0.217793 -0.048253
v 0.172068 -0.217793 -0.056373
v 0.168608 -0.224584 -0.048253
v 0.168608 -0.224584 -0.056373
v 0.163219 -0.229973 -0.048253
v 0.163219 -0.229973 -0.056373
v 0.156428 -0.233433 -0.048253
v 0.156428 -0.233433 -0.056373
v 0.148900 -0.234625 -0.048253
v 0.148900 -0.234625 -0.056373
v 0.141372 -0.233433 -0.048253
v 0.141372 -0.233433 -0.056373
v 0.134582 -0.229973 -0.048253
v 0.134582 -0.229973 -0.056373
v 0.129192 -0.224584 -0.048253
v 0.129192 -0.224584 -0.056373
v 0.125732 -0.217793 -0.048253
v 0.125732 -0.217793 -0.056373
v 0.124540 -0.210265 -0.048253
v 0.124540 -0.210265 -0.056373
v 0.125732 -0.202738 -0.048253
v 0.125732 -0.202738 -0.056373
v 0.129192 -0.195947 -0.048253
v 0.129192 -0.195947 -0.056373
v 0.134582 -0.190558 -0.048253
v 0.134582 -0.190558 -0.056373
v 0.141372 -0.187098 -0.048253
v 0.141372 -0.187098 -0.056373
v 0.148900 -0.185905 -0.048253
v 0.148900 -0.185905 -0.056373
v 0.156428 -0.187098 -0.048253
v 0.156428 -0.187098 -0.056373
v 0.163219 -0.190558 -0.048253
v 0.163219 -0.190558 -0.056373
v 0.168608 -0.195947 -0.048253
v 0.168608 -0.195947 -0.056373
v 0.172068 -0.202738 -0.048253
v 0.172068 -0.202738 -0.056373
v 0.177228 -0.201061 -0.056373
v 0.178686 -0.210265 -0.056373
v 0.177228 -0.219470 -0.056373
v 0.172997 -0.227773 -0.056373
v 0.166408 -0.234363 -0.056373
v 0.158104 -0.238594 -0.056373
v 0.148900 -0.240051 -0.056373
v 0.139696 -0.238594 -0.056373
v 0.131392 -0.234363 -0.056373
v 0.124803 -0.227773 -0.056373
v 0.120572 -0.219470 -0.056373
v 0.119114 -0.210265 -0.056373
v 0.120572 -0.201061 -0.056373
v 0.124803 -0.192758 -0.056373
v 0.131392 -0.186168 -0.056373
v 0.139696 -0.181937 -0.056373
v 0.148900 -0.180479 -0.056373
v 0.158104 -0.181937 -0.056373
v 0.166408 -0.186168 -0.056373
v 0.172997 -0.192758 -0.056373
v 0.158818 -0.217471 -0.091287
v 0.152863 -0.222463 -0.090727
v 0.148900 -0.222524 -0.091287
v 0.138983 -0.217471 -0.091287
v 0.136702 -0.214229 -0.090727
v 0.148900 -0.198007 -0.091287
v 0.134002 -0.189760 -0.060050
v 0.141068 -0.186159 -0.060050
v 0.128394 -0.195367 -0.060050
v 0.124794 -0.202433 -0.060050
v 0.123554 -0.210265 -0.060050
v 0.124794 -0.218098 -0.060050
v 0.128394 -0.225164 -0.060050
v 0.134002 -0.230771 -0.060050
v 0.141068 -0.234371 -0.060050
v 0.148900 -0.235612 -0.060050
v 0.156733 -0.234371 -0.060050
v 0.163798 -0.230771 -0.060050
v 0.169406 -0.225164 -0.060050
v 0.173006 -0.218098 -0.060050
v 0.174247 -0.210265 -0.060050
v 0.173006 -0.202433 -0.060050
v 0.169406 -0.195367 -0.060050
v 0.163798 -0.189760 -0.060050
v 0.156733 -0.186159 -0.060050
v 0.148900 -0.184919 -0.060050
v 0.134380 -0.199716 -0.060050
v 0.138351 -0.195746 -0.060050
v 0.143354 -0.193196 -0.060050
v 0.148900 -0.192318 -0.060050
v 0.154446 -0.193196 -0.060050
v 0.159449 -0.195746 -0.060050
v 0.163420 -0.199716 -0.060050
v 0.165969 -0.204719 -0.060050
v 0.166848 -0.210265 -0.060050
v 0.165969 -0.215812 -0.060050
v 0.163420 -0.220815 -0.060050
v 0.159449 -0.224785 -0.060050
v 0.154446 -0.227334 -0.060050
v 0.148900 -0.228213 -0.060050
v 0.143354 -0.227334 -0.060050
v 0.138351 -0.224785 -0.060050
v 0.134380 -0.220815 -0.060050
v 0.131831 -0.215812 -0.060050
v 0.130953 -0.210265 -0.060050
v 0.131831 -0.204719 -0.060050
v 0.154213 -0.226615 -0.078214
v 0.138795 -0.224174 -0.078214
v 0.161278 -0.206244 -0.078401
v 0.161915 -0.210265 -0.078401
v 0.161278 -0.214287 -0.078401
v 0.159429 -0.217915 -0.078401
v 0.156550 -0.220795 -0.078401
v 0.152922 -0.222643 -0.078401
v 0.148900 -0.223280 -0.078401
v 0.144878 -0.222643 -0.078401
v 0.141250 -0.220795 -0.078401
v 0.138371 -0.217915 -0.078401
v 0.136522 -0.214287 -0.078401
v 0.135885 -0.210265 -0.078401
v 0.136522 -0.206244 -0.078401
v 0.138371 -0.202616 -0.078401
v 0.141250 -0.199736 -0.078401
v 0.144878 -0.197888 -0.078401
v 0.148900 -0.197251 -0.078401
v 0.152922 -0.197888 -0.078401
v 0.156550 -0.199736 -0.078401
v 0.159429 -0.202616 -0.078401
v 0.148900 -0.210265 -0.091474
v 0.171800 -0.193628 -0.072636
v 0.175821 -0.201518 -0.072636
v 0.157647 -0.183345 -0.072636
v 0.148900 -0.181959 -0.072636
v 0.126000 -0.193628 -0.072636
v 0.120594 -0.210265 -0.072636
v 0.132262 -0.233166 -0.072636
v 0.139696 -0.238594 -0.071174
v 0.165538 -0.233166 -0.072636
v 0.177206 -0.210265 -0.072636
v 0.140610 -0.184752 -0.072636
v 0.164668 -0.188562 -0.072636
v 0.174414 -0.218555 -0.072636
v 0.170603 -0.226034 -0.072636
v 0.157190 -0.235779 -0.072636
v 0.140610 -0.235779 -0.072636
v 0.123387 -0.218555 -0.072636
v 0.123387 -0.201976 -0.072636
v 0.133132 -0.188562 -0.072636
v 0.165368 -0.210265 -0.078401
v 0.164562 -0.215354 -0.078401
v 0.164562 -0.205177 -0.078401
v 0.162223 -0.200586 -0.078401
v 0.158580 -0.196943 -0.078401
v 0.153989 -0.194604 -0.078401
v 0.148900 -0.193798 -0.078401
v 0.143811 -0.194604 -0.078401
v 0.139221 -0.196943 -0.078401
v 0.135577 -0.200586 -0.078401
v 0.133238 -0.205177 -0.078401
v 0.132432 -0.210265 -0.078401
v 0.133238 -0.215354 -0.078401
v 0.135577 -0.219945 -0.078401
v 0.143811 -0.225927 -0.078401
v 0.148900 -0.226733 -0.078401
v 0.158580 -0.223588 -0.078401
v 0.162223 -0.219945 -0.078401
v 0.158232 -0.203485 -0.091474
v 0.159870 -0.206701 -0.091474
v 0.155680 -0.200934 -0.091474
v 0.152465 -0.199295 -0.091474
v 0.145336 -0.199295 -0.091474
v 0.141250 -0.199736 -0.090012
v 0.139568 -0.203485 -0.091474
v 0.137930 -0.206701 -0.091474
v 0.137365 -0.210265 -0.091474
v 0.141250 -0.220795 -0.090012
v 0.145336 -0.221236 -0.091474
v 0.155680 -0.219597 -0.091474
v 0.159870 -0.213830 -0.091474
v 0.160435 -0.210265 -0.091474
v 0.166297 -0.186321 -0.071889
v 0.139754 -0.182117 -0.071889
v 0.131503 -0.186321 -0.071889
v 0.120752 -0.201119 -0.071889
v 0.120752 -0.219411 -0.071889
v 0.125414 -0.227329 -0.072449
v 0.148900 -0.239295 -0.072449
v 0.158046 -0.238414 -0.071889
v 0.172845 -0.227662 -0.071889
v 0.177049 -0.219411 -0.071889
v 0.148900 -0.184730 -0.071889
v 0.156791 -0.185980 -0.071889
v 0.169559 -0.195256 -0.071889
v 0.173186 -0.202375 -0.071889
v 0.174436 -0.210265 -0.071889
v 0.163910 -0.230924 -0.071889
v 0.148900 -0.236368 -0.072449
v 0.133891 -0.230924 -0.071889
v 0.127783 -0.225608 -0.072449
v 0.123365 -0.210265 -0.071889
v 0.128241 -0.195256 -0.071889
v 0.173260 -0.129909 -0.048253
v 0.173260 -0.129909 -0.056373
v 0.172068 -0.137437 -0.048253
v 0.172068 -0.137437 -0.056373
v 0.168608 -0.144228 -0.048253
v 0.168608 -0.144228 -0.056373
v 0.163219 -0.149617 -0.048253
v 0.163219 -0.149617 -0.056373
v 0.156428 -0.153077 -0.048253
v 0.156428 -0.153077 -0.056373
v 0.148900 -0.154269 -0.048253
v 0.148900 -0.154269 -0.056373
v 0.141372 -0.153077 -0.048253
v 0.141372 -0.153077 -0.056373
v 0.134582 -0.149617 -0.048253
v 0.134582 -0.149617 -0.056373
v 0.129192 -0.144228 -0.048253
v 0.129192 -0.144228 -0.056373
v 0.125732 -0.137437 -0.048253
v 0.125732 -0.137437 -0.056373
v 0.124540 -0.129909 -0.048253
v 0.124540 -0.129909 -0.056373
v 0.125732 -0.122382 -0.048253
v 0.125732 -0.122382 -0.056373
v 0.129192 -0.115591 -0.048253
v 0.129192 -0.115591 -0.056373
v 0.134582 -0.110202 -0.048253
v 0.134582 -0.110202 -0.056373
v 0.141372 -0.106742 -0.048253
v 0.141372 -0.106742 -0.056373
v 0.148900 -0.105549 -0.048253
v 0.148900 -0.105549 -0.056373
v 0.156428 -0.106742 -0.048253
v 0.156428 -0.106742 -0.056373
v 0.163219 -0.110202 -0.048253
v 0.163219 -0.110202 -0.056373
v 0.168608 -0.115591 -0.048253
v 0.168608 -0.115591 -0.056373
v 0.172068 -0.122382 -0.048253
v 0.172068 -0.122382 -0.056373
v 0.177228 -0.120705 -0.056373
v 0.178686 -0.129909 -0.056373
v 0.177228 -0.139114 -0.056373
v 0.172997 -0.147417 -0.056373
v 0.166408 -0.154007 -0.056373
v 0.158104 -0.158237 -0.056373
v 0.148900 -0.159695 -0.056373
v 0.139696 -0.158237 -0.056373
v 0.131392 -0.154007 -0.056373
v 0.124803 -0.147417 -0.056373
v 0.120572 -0.139114 -0.056373
v 0.119114 -0.129909 -0.056373
v 0.120572 -0.120705 -0.056373
v 0.124803 -0.112402 -0.056373
v 0.131392 -0.105812 -0.056373
v 0.139696 -0.101581 -0.056373
v 0.148900 -0.100123 -0.056373
v 0.158104 -0.101581 -0.056373
v 0.166408 -0.105812 -0.056373
v 0.172997 -0.112402 -0.056373
v 0.156106 -0.139827 -0.091287
v 0.152688 -0.141568 -0.091287
v 0.138983 -0.137115 -0.091287
v 0.134002 -0.109404 -0.060050
v 0.141068 -0.105803 -0.060050
v 0.128394 -0.115011 -0.060050
v 0.124794 -0.122077 -0.060050
v 0.123554 -0.129909 -0.060050
v 0.124794 -0.137742 -0.060050
v 0.128394 -0.144808 -0.060050
v 0.134002 -0.150415 -0.060050
v 0.141068 -0.154015 -0.060050
v 0.148900 -0.155256 -0.060050
v 0.156733 -0.154015 -0.060050
v 0.163798 -0.150415 -0.060050
v 0.169406 -0.144808 -0.060050
v 0.173006 -0.137742 -0.060050
v 0.174247 -0.129909 -0.060050
v 0.173006 -0.122077 -0.060050
v 0.169406 -0.115011 -0.060050
v 0.163798 -0.109404 -0.060050
v 0.156733 -0.105803 -0.060050
v 0.148900 -0.104563 -0.060050
v 0.134380 -0.119360 -0.060050
v 0.138351 -0.115390 -0.060050
v 0.143354 -0.112840 -0.060050
v 0.148900 -0.111962 -0.060050
v 0.154446 -0.112840 -0.060050
v 0.159449 -0.115390 -0.060050
v 0.163420 -0.119360 -0.060050
v 0.165969 -0.124363 -0.060050
v 0.166848 -0.129909 -0.060050
v 0.165969 -0.135455 -0.060050
v 0.163420 -0.140459 -0.060050
v 0.159449 -0.144429 -0.060050
v 0.154446 -0.146978 -0.060050
v 0.148900 -0.147857 -0.060050
v 0.143354 -0.146978 -0.060050
v 0.138351 -0.144429 -0.060050
v 0.134380 -0.140459 -0.060050
v 0.131831 -0.135455 -0.060050
v 0.130953 -0.129909 -0.060050
v 0.131831 -0.124363 -0.060050
v 0.159338 -0.144276 -0.077654
v 0.132550 -0.135222 -0.078214
v 0.161278 -0.125888 -0.078401
v 0.161915 -0.129909 -0.078401
v 0.161278 -0.133931 -0.078401
v 0.159429 -0.137559 -0.078401
v 0.156550 -0.140438 -0.078401
v 0.152922 -0.142287 -0.078401
v 0.148900 -0.142924 -0.078401
v 0.144878 -0.142287 -0.078401
v 0.141250 -0.140438 -0.078401
v 0.138371 -0.137559 -0.078401
v 0.136522 -0.133931 -0.078401
v 0.135885 -0.129909 -0.078401
v 0.136522 -0.125888 -0.078401
v 0.138371 -0.122259 -0.078401
v 0.141250 -0.119380 -0.078401
v 0.144878 -0.117532 -0.078401
v 0.148900 -0.116895 -0.078401
v 0.152922 -0.117532 -0.078401
v 0.156550 -0.119380 -0.078401
v 0.159429 -0.122259 -0.078401
v 0.165250 -0.135222 -0.078214
v 0.148900 -0.129909 -0.091474
v 0.165538 -0.107009 -0.072636
v 0.140153 -0.102989 -0.072636
v 0.121979 -0.121162 -0.072636
v 0.120594 -0.129909 -0.072636
v 0.126000 -0.146547 -0.072636
v 0.148900 -0.158215 -0.072636
v 0.171800 -0.146547 -0.072636
v 0.177206 -0.129909 -0.072636
v 0.148900 -0.103083 -0.072636
v 0.157190 -0.104396 -0.072636
v 0.164668 -0.151612 -0.072636
v 0.133132 -0.151612 -0.072636
v 0.123387 -0.138199 -0.072636
v 0.133132 -0.108206 -0.072636
v 0.165368 -0.129909 -0.078401
v 0.164562 -0.124821 -0.078401
v 0.162223 -0.120230 -0.078401
v 0.158580 -0.116587 -0.078401
v 0.153989 -0.114248 -0.078401
v 0.148900 -0.113442 -0.078401
v 0.143811 -0.114248 -0.078401
v 0.139221 -0.116587 -0.078401
v 0.135577 -0.120230 -0.078401
v 0.133238 -0.124821 -0.078401
v 0.132432 -0.129909 -0.078401
v 0.135577 -0.139589 -0.078401
v 0.139221 -0.143232 -0.078401
v 0.143811 -0.145571 -0.078401
v 0.148900 -0.146377 -0.078401
v 0.153989 -0.145571 -0.078401
v 0.162223 -0.139589 -0.078401
v 0.158232 -0.123129 -0.091474
v 0.159870 -0.126345 -0.091474
v 0.155680 -0.120577 -0.091474
v 0.152465 -0.118939 -0.091474
v 0.148900 -0.118374 -0.091474
v 0.145336 -0.118939 -0.091474
v 0.142120 -0.120577 -0.091474
v 0.139568 -0.123129 -0.091474
v 0.137930 -0.126345 -0.091474
v 0.137365 -0.129909 -0.091474
v 0.137930 -0.133474 -0.091474
v 0.142120 -0.139241 -0.091474
v 0.144878 -0.142287 -0.090012
v 0.148900 -0.142924 -0.090012
v 0.158232 -0.136689 -0.091474
v 0.159870 -0.133474 -0.091474
v 0.160435 -0.129909 -0.091474
v 0.172386 -0.112846 -0.072449
v 0.176509 -0.120939 -0.072449
v 0.158046 -0.101761 -0.071889
v 0.148900 -0.100312 -0.071889
v 0.131503 -0.105965 -0.071889
v 0.125414 -0.112846 -0.072449
v 0.120752 -0.139055 -0.071889
v 0.131503 -0.153854 -0.071889
v 0.139929 -0.157518 -0.072449
v 0.157871 -0.157518 -0.072449
v 0.166297 -0.153854 -0.071889
v 0.176509 -0.138880 -0.072449
v 0.141009 -0.105624 -0.071889
v 0.163910 -0.109251 -0.071889
v 0.170018 -0.114567 -0.072449
v 0.173725 -0.121843 -0.072449
v 0.174436 -0.129909 -0.071889
v 0.173725 -0.137975 -0.072449
v 0.169559 -0.144919 -0.071889
v 0.156966 -0.154734 -0.072449
v 0.148900 -0.155445 -0.071889
v 0.140834 -0.154734 -0.072449
v 0.128241 -0.144919 -0.071889
v 0.123365 -0.129909 -0.071889
v 0.124614 -0.122018 -0.071889
v 0.127783 -0.114567 -0.072449
v -0.370499 -0.182758 0.013015
v -0.363663 -0.183027 0.008043
v -0.361053 -0.183129 -0.000000
v -0.363663 -0.183027 -0.008043
v 0.787729 -0.286511 -0.000000
v 0.785819 -0.286509 -0.005878
v 0.780819 -0.286505 -0.009511
v 0.774639 -0.286499 -0.009511
v 0.769639 -0.286495 -0.005878
v 0.767729 -0.286494 -0.000000
v 0.769639 -0.286495 0.005878
v 0.774639 -0.286499 0.009511
v 0.780819 -0.286505 0.009511
v 0.785819 -0.286509 0.005878
v 0.783524 -0.414671 -0.000000
v 0.781618 -0.414511 -0.005878
v 0.776629 -0.414092 -0.009511
v 0.770463 -0.413573 -0.009511
v 0.765474 -0.413153 -0.005878
v 0.763568 -0.412993 -0.000000
v 0.765474 -0.413153 0.005878
v 0.770463 -0.413573 0.009511
v 0.776629 -0.414092 0.009511
v 0.781618 -0.414511 0.005878
v 0.774958 -0.477684 -0.000000
v 0.773076 -0.477360 -0.005878
v 0.768148 -0.476512 -0.009511
v 0.762058 -0.475464 -0.009511
v 0.757130 -0.474616 -0.005878
v 0.755248 -0.474292 -0.000000
v 0.757130 -0.474616 0.005878
v 0.762058 -0.475464 0.009511
v 0.768148 -0.476512 0.009511
v 0.773076 -0.477360 0.005878
v 0.769823 -0.502292 -0.000000
v 0.767963 -0.501856 -0.005878
v 0.763096 -0.500714 -0.009511
v 0.757078 -0.499303 -0.009511
v 0.752211 -0.498161 -0.005878
v 0.750351 -0.497725 -0.000000
v 0.752211 -0.498161 0.005878
v 0.757078 -0.499303 0.009511
v 0.763096 -0.500714 0.009511
v 0.767963 -0.501856 0.005878
v 0.762091 -0.531948 -0.000000
v 0.760262 -0.531399 -0.005878
v 0.755474 -0.529960 -0.009511
v 0.749555 -0.528181 -0.009511
v 0.744766 -0.526743 -0.005878
v 0.742937 -0.526193 -0.000000
v 0.744766 -0.526743 0.005878
v 0.749555 -0.528181 0.009511
v 0.755474 -0.529960 0.009511
v 0.760262 -0.531399 0.005878
v 0.747635 -0.574332 -0.000000
v 0.745856 -0.573632 -0.005878
v 0.741198 -0.571799 -0.009511
v 0.735441 -0.569533 -0.009511
v 0.730784 -0.567700 -0.005878
v 0.729005 -0.566999 -0.000000
v 0.730784 -0.567700 0.005878
v 0.735441 -0.569533 0.009510
v 0.741198 -0.571799 0.009510
v 0.745856 -0.573632 0.005878
v 0.732843 -0.607358 -0.000000
v 0.731135 -0.606497 -0.005878
v 0.726666 -0.604243 -0.009511
v 0.721142 -0.601458 -0.009511
v 0.716672 -0.599205 -0.005878
v 0.714965 -0.598344 -0.000000
v 0.716672 -0.599205 0.005878
v 0.721142 -0.601458 0.009510
v 0.726666 -0.604243 0.009510
v 0.731135 -0.606497 0.005878
v 0.715224 -0.638645 -0.000000
v 0.713604 -0.637631 -0.005878
v 0.709360 -0.634977 -0.009511
v 0.704115 -0.631695 -0.009511
v 0.699872 -0.629041 -0.005878
v 0.698251 -0.628027 -0.000000
v 0.699872 -0.629041 0.005878
v 0.704115 -0.631695 0.009510
v 0.709360 -0.634977 0.009510
v 0.713604 -0.637631 0.005878
v 0.696992 -0.664987 -0.000000
v 0.695466 -0.663840 -0.005878
v 0.691469 -0.660835 -0.009511
v 0.686528 -0.657122 -0.009511
v 0.682531 -0.654118 -0.005878
v 0.681004 -0.652971 -0.000000
v 0.682531 -0.654118 0.005878
v 0.686528 -0.657122 0.009510
v 0.691469 -0.660835 0.009510
v 0.695466 -0.663840 0.005878
v 0.681581 -0.683897 -0.000000
v 0.680146 -0.682637 -0.005878
v 0.676390 -0.679337 -0.009511
v 0.671747 -0.675258 -0.009511
v 0.667990 -0.671957 -0.005878
v 0.666556 -0.670697 -0.000000
v 0.667990 -0.671957 0.005878
v 0.671747 -0.675258 0.009510
v 0.676390 -0.679337 0.009510
v 0.680146 -0.682637 0.005878
v 0.661762 -0.704838 -0.000000
v 0.660431 -0.703467 -0.005878
v 0.656948 -0.699880 -0.009511
v 0.652643 -0.695446 -0.009511
v 0.649160 -0.691859 -0.005878
v 0.647829 -0.690489 -0.000000
v 0.649160 -0.691859 0.005878
v 0.652643 -0.695446 0.009510
v 0.656948 -0.699880 0.009510
v 0.660431 -0.703467 0.005878
v 0.642536 -0.721999 -0.000000
v 0.641334 -0.720512 -0.005878
v 0.638186 -0.716620 -0.009511
v 0.634295 -0.711809 -0.009511
v 0.631147 -0.707917 -0.005878
v 0.629945 -0.706430 -0.000000
v 0.631147 -0.707917 0.005878
v 0.634295 -0.711809 0.009510
v 0.638186 -0.716620 0.009510
v 0.641334 -0.720512 0.005878
v 0.618051 -0.739916 -0.000000
v 0.617000 -0.738319 -0.005878
v 0.614248 -0.734137 -0.009511
v 0.610846 -0.728968 -0.009511
v 0.608094 -0.724786 -0.005878
v 0.607042 -0.723189 -0.000000
v 0.608094 -0.724786 0.005878
v 0.610846 -0.728968 0.009510
v 0.614248 -0.734137 0.009510
v 0.617000 -0.738319 0.005878
v 0.592110 -0.755200 -0.000000
v 0.591222 -0.753507 -0.005878
v 0.588895 -0.749075 -0.009511
v 0.586018 -0.743596 -0.009511
v 0.583692 -0.739164 -0.005878
v 0.582803 -0.737471 -0.000000
v 0.583692 -0.739164 0.005878
v 0.586018 -0.743596 0.009510
v 0.588895 -0.749075 0.009510
v 0.591222 -0.753507 0.005878
v 0.560404 -0.769912 -0.000000
v 0.559687 -0.768139 -0.005878
v 0.557808 -0.763499 -0.009511
v 0.555485 -0.757764 -0.009511
v 0.553606 -0.753123 -0.005878
v 0.552888 -0.751351 -0.000000
v 0.553606 -0.753123 0.005878
v 0.555485 -0.757764 0.009510
v 0.557808 -0.763499 0.009510
v 0.559687 -0.768139 0.005878
v 0.522580 -0.783084 -0.000000
v 0.522037 -0.781250 -0.005878
v 0.520615 -0.776451 -0.009511
v 0.518858 -0.770518 -0.009511
v 0.517437 -0.765719 -0.005878
v 0.516894 -0.763886 -0.000000
v 0.517437 -0.765719 0.005878
v 0.518858 -0.770518 0.009510
v 0.520615 -0.776451 0.009510
v 0.522037 -0.781250 0.005878
v 0.478525 -0.793893 -0.000000
v 0.478144 -0.792021 -0.005878
v 0.477147 -0.787122 -0.009511
v 0.475914 -0.781066 -0.009511
v 0.474917 -0.776166 -0.005878
v 0.474536 -0.774295 -0.000000
v 0.474917 -0.776166 0.005878
v 0.475914 -0.781066 0.009510
v 0.477147 -0.787122 0.009510
v 0.478144 -0.792021 0.005878
v 0.433297 -0.801232 -0.000000
v 0.433067 -0.799336 -0.005878
v 0.432466 -0.794372 -0.009511
v 0.431724 -0.788237 -0.009511
v 0.431123 -0.783273 -0.005878
v 0.430894 -0.781377 -0.000000
v 0.431123 -0.783273 0.005878
v 0.431724 -0.788237 0.009510
v 0.432466 -0.794372 0.009510
v 0.433067 -0.799336 0.005878
v 0.378281 -0.805650 -0.000000
v 0.378215 -0.803739 -0.005878
v 0.378045 -0.798736 -0.009511
v 0.377835 -0.792553 -0.009511
v 0.377664 -0.787551 -0.005878
v 0.377599 -0.785640 -0.000000
v 0.377664 -0.787551 0.005878
v 0.377835 -0.792553 0.009510
v 0.378045 -0.798736 0.009510
v 0.378215 -0.803739 0.005878
v 0.304407 -0.804766 -0.000000
v 0.304481 -0.802858 -0.005878
v 0.304673 -0.797862 -0.009511
v 0.304911 -0.791686 -0.009511
v 0.305104 -0.786690 -0.005878
v 0.305177 -0.784781 -0.000000
v 0.305104 -0.786690 0.005878
v 0.304911 -0.791686 0.009510
v 0.304673 -0.797862 0.009510
v 0.304481 -0.802858 0.005878
v 0.018454 -0.787144 -0.009511
v 0.018733 -0.782152 0.005878
v 0.018454 -0.787144 0.009510
v 0.017829 -0.798307 0.005878
v -0.047986 -0.798914 0.008288
v -0.047668 -0.791871 0.013410
v -0.047275 -0.783165 0.013410
v -0.046958 -0.776121 0.008288
v -0.046836 -0.773431 -0.000000
v -0.046958 -0.776121 -0.008288
v -0.047275 -0.783165 -0.013411
v -0.047668 -0.791871 -0.013411
v -0.047986 -0.798914 -0.008288
v -0.048107 -0.801604 -0.000000
v -0.586570 0.184311 0.005878
v -0.591565 0.184536 0.009511
v -0.597739 0.184814 0.009511
v -0.602734 0.185038 0.005878
v -0.604642 0.185124 0.000000
v -0.602734 0.185038 -0.005878
v -0.597739 0.184814 -0.009511
v -0.591565 0.184536 -0.009511
v -0.586570 0.184311 -0.005878
v -0.584662 0.184226 0.000000
v -0.574847 0.293533 0.005878
v -0.579800 0.294177 0.009511
v -0.585937 0.294915 0.009511
v -0.590914 0.295464 0.005878
v -0.592818 0.295662 0.000000
v -0.590914 0.295464 -0.005878
v -0.585937 0.294915 -0.009510
v -0.579800 0.294177 -0.009510
v -0.574847 0.293533 -0.005878
v -0.572957 0.293276 0.000000
v -0.378527 -0.181251 -0.011827
v -0.384739 -0.181001 -0.007309
v -0.378949 -0.182427 0.013015
v 0.327718 -0.479036 -0.000000
v 0.325810 -0.478961 -0.005878
v 0.320814 -0.478764 -0.009511
v 0.314638 -0.478521 -0.009511
v 0.309642 -0.478324 -0.005878
v 0.307734 -0.478249 -0.000000
v 0.309642 -0.478324 0.005878
v 0.314638 -0.478521 0.009511
v 0.320814 -0.478764 0.009511
v 0.325810 -0.478961 0.005878
v 0.326377 -0.497896 -0.000000
v 0.324481 -0.497642 -0.005878
v 0.319516 -0.496976 -0.009511
v 0.313378 -0.496152 -0.009511
v 0.308413 -0.495486 -0.005878
v 0.306517 -0.495232 -0.000000
v 0.308413 -0.495486 0.005878
v 0.313378 -0.496152 0.009511
v 0.319516 -0.496976 0.009511
v 0.324481 -0.497642 0.005878
v 0.322157 -0.519216 -0.000000
v 0.320302 -0.518751 -0.005878
v 0.315446 -0.517534 -0.009511
v 0.309443 -0.516030 -0.009511
v 0.304587 -0.514813 -0.005878
v 0.302732 -0.514348 -0.000000
v 0.304587 -0.514813 0.005878
v 0.309443 -0.516030 0.009511
v 0.315446 -0.517534 0.009511
v 0.320302 -0.518751 0.005878
v 0.313791 -0.546682 -0.000000
v 0.311989 -0.546043 -0.005878
v 0.307272 -0.544370 -0.009511
v 0.301441 -0.542303 -0.009511
v 0.296724 -0.540630 -0.005878
v 0.294922 -0.539991 -0.000000
v 0.296724 -0.540630 0.005878
v 0.301441 -0.542303 0.009510
v 0.307272 -0.544370 0.009510
v 0.311989 -0.546043 0.005878
v 0.302142 -0.575357 -0.000000
v 0.300410 -0.574544 -0.005878
v 0.295877 -0.572418 -0.009511
v 0.290274 -0.569790 -0.009511
v 0.285741 -0.567664 -0.005878
v 0.284009 -0.566852 -0.000000
v 0.285741 -0.567664 0.005878
v 0.290274 -0.569790 0.009510
v 0.295877 -0.572418 0.009510
v 0.300410 -0.574544 0.005878
v 0.284062 -0.609149 -0.000000
v 0.282426 -0.608158 -0.005878
v 0.278143 -0.605564 -0.009511
v 0.272849 -0.602358 -0.009511
v 0.268566 -0.599765 -0.005878
v 0.266930 -0.598774 -0.000000
v 0.268566 -0.599765 0.005878
v 0.272849 -0.602358 0.009510
v 0.278143 -0.605564 0.009510
v 0.282426 -0.608158 0.005878
v 0.274262 -0.623542 -0.000000
v 0.272737 -0.622389 -0.005878
v 0.268744 -0.619370 -0.009511
v 0.263808 -0.615638 -0.009511
v 0.259815 -0.612619 -0.005878
v 0.258289 -0.611465 -0.000000
v 0.259815 -0.612619 0.005878
v 0.263808 -0.615638 0.009510
v 0.268744 -0.619370 0.009510
v 0.272737 -0.622389 0.005878
v 0.265500 -0.634008 -0.000000
v 0.264097 -0.632708 -0.005878
v 0.260424 -0.629307 -0.009511
v 0.255884 -0.625101 -0.009511
v 0.252211 -0.621700 -0.005878
v 0.250809 -0.620400 -0.000000
v 0.252211 -0.621700 0.005878
v 0.255884 -0.625101 0.009510
v 0.260424 -0.629307 0.009510
v 0.264097 -0.632708 0.005878
v 0.257035 -0.642262 -0.000000
v 0.255761 -0.640839 -0.005878
v 0.252426 -0.637113 -0.009511
v 0.248304 -0.632508 -0.009511
v 0.244970 -0.628783 -0.005878
v 0.243696 -0.627360 -0.000000
v 0.244970 -0.628783 0.005878
v 0.248304 -0.632508 0.009510
v 0.252426 -0.637113 0.009510
v 0.255761 -0.640839 0.005878
v 0.247310 -0.649509 -0.000000
v 0.246148 -0.647988 -0.005878
v 0.243110 -0.644003 -0.009511
v 0.239366 -0.639070 -0.009511
v 0.236346 -0.635073 -0.005878
v 0.235195 -0.633544 -0.000000
v 0.236346 -0.635073 0.005878
v 0.239366 -0.639070 0.009510
v 0.243110 -0.644003 0.009510
v 0.246148 -0.647988 0.005878
v 0.236296 -0.656194 -0.000000
v 0.235299 -0.654559 -0.005878
v 0.232695 -0.650277 -0.009511
v 0.229486 -0.644979 -0.009511
v 0.226897 -0.640688 -0.005878
v 0.225910 -0.639049 -0.000000
v 0.226897 -0.640688 0.005878
v 0.229486 -0.644979 0.009510
v 0.232695 -0.650277 0.009510
v 0.235299 -0.654559 0.005878
v 0.221270 -0.663964 -0.000000
v 0.220473 -0.662226 -0.005878
v 0.218386 -0.657676 -0.009511
v 0.215807 -0.652052 -0.009511
v 0.213720 -0.647502 -0.005878
v 0.212923 -0.645764 -0.000000
v 0.213720 -0.647502 0.005878
v 0.215807 -0.652052 0.009510
v 0.218386 -0.657676 0.009510
v 0.220473 -0.662226 0.005878
v 0.207210 -0.669626 -0.000000
v 0.206601 -0.667812 -0.005878
v 0.204999 -0.663067 -0.009511
v 0.203010 -0.657206 -0.009511
v 0.201392 -0.652467 -0.005878
v 0.200772 -0.650658 -0.000000
v 0.201392 -0.652467 0.005878
v 0.203010 -0.657206 0.009510
v 0.204999 -0.663067 0.009510
v 0.206601 -0.667812 0.005878
v 0.191588 -0.674926 -0.000000
v 0.191177 -0.673053 -0.005878
v 0.190080 -0.668158 -0.009511
v 0.188682 -0.662120 -0.009511
v 0.187517 -0.657245 -0.005878
v 0.187065 -0.655386 -0.000000
v 0.187517 -0.657245 0.005878
v 0.188682 -0.662120 0.009510
v 0.190080 -0.668158 0.009510
v 0.191177 -0.673053 0.005878
v 0.172233 -0.678461 -0.000000
v 0.171962 -0.676558 -0.005878
v 0.171207 -0.671589 -0.009511
v 0.170187 -0.665470 -0.009511
v 0.169298 -0.660535 -0.005878
v 0.168945 -0.658654 -0.000000
v 0.169298 -0.660535 0.005878
v 0.170187 -0.665470 0.009510
v 0.171207 -0.671589 0.009510
v 0.171962 -0.676558 0.005878
v -0.363131 -0.265923 -0.000000
v -0.365820 -0.265800 -0.008288
v -0.372863 -0.265478 -0.013411
v -0.381569 -0.265080 -0.013411
v -0.388611 -0.264757 -0.008288
v -0.391301 -0.264634 -0.000000
v -0.388611 -0.264757 0.008288
v -0.381569 -0.265080 0.013411
v -0.372863 -0.265478 0.013411
v -0.365820 -0.265800 0.008288
v -0.590738 0.096582 0.005878
v -0.595738 0.096628 0.009511
v -0.601918 0.096686 0.009511
v -0.606918 0.096732 0.005878
v -0.608827 0.096749 0.000000
v -0.606918 0.096732 -0.005878
v -0.601918 0.096686 -0.009511
v -0.595738 0.096628 -0.009511
v -0.590738 0.096582 -0.005878
v -0.588828 0.096565 0.000000
v -0.301948 -0.183878 0.011827
v -0.309164 -0.184800 0.008041
v -0.308157 -0.183608 -0.007308
v -0.301948 -0.183878 -0.011827
v -0.495742 0.462658 0.005878
v -0.497092 0.467495 0.009511
v -0.498758 0.473479 0.009511
v -0.500106 0.478321 0.005878
v -0.500622 0.480170 0.000000
v -0.500106 0.478321 -0.005878
v -0.498758 0.473479 -0.009510
v -0.497092 0.467495 -0.009510
v -0.495742 0.462658 -0.005878
v -0.495226 0.460811 0.000000
v 0.160931 -0.408221 0.009333
v 0.152991 -0.408190 0.015111
v 0.143167 -0.408152 0.015111
v 0.135227 -0.408123 0.009333
v 0.132199 -0.408112 -0.000000
v 0.135227 -0.408123 -0.009333
v 0.143167 -0.408152 -0.015111
v 0.152991 -0.408190 -0.015111
v 0.160931 -0.408221 -0.009333
v 0.163959 -0.408233 -0.000000
v -0.557737 0.386358 0.005878
v -0.562610 0.387360 0.009511
v -0.568672 0.388466 0.009511
v -0.573606 0.389251 0.005878
v -0.575498 0.389525 0.000000
v -0.573606 0.389251 -0.005878
v -0.568672 0.388466 -0.009510
v -0.562610 0.387360 -0.009510
v -0.557737 0.386358 -0.005878
v -0.555882 0.385950 0.000000
v 0.136991 -0.480626 0.005878
v 0.135097 -0.480389 -0.000000
v 0.136991 -0.480626 -0.005878
v 0.141950 -0.481248 -0.009511
v 0.148079 -0.482016 -0.009511
v 0.153038 -0.482637 -0.005878
v 0.154932 -0.482875 -0.000000
v 0.153038 -0.482637 0.005878
v 0.148079 -0.482016 0.009511
v 0.141950 -0.481248 0.009511
v 0.152964 -0.511760 -0.000000
v 0.151077 -0.511465 -0.005878
v 0.146137 -0.510693 -0.009511
v 0.140031 -0.509739 -0.009511
v 0.135091 -0.508967 -0.005878
v 0.133204 -0.508672 -0.000000
v 0.135091 -0.508967 0.005878
v 0.140031 -0.509739 0.009511
v 0.146137 -0.510693 0.009511
v 0.151077 -0.511465 0.005878
v 0.146705 -0.544934 -0.000000
v 0.144846 -0.544486 -0.005878
v 0.139980 -0.543311 -0.009511
v 0.133964 -0.541858 -0.009511
v 0.129098 -0.540683 -0.005878
v 0.127239 -0.540234 -0.000000
v 0.129098 -0.540683 0.005878
v 0.133964 -0.541858 0.009510
v 0.139980 -0.543311 0.009510
v 0.144846 -0.544486 0.005878
v 0.142364 -0.559630 -0.000000
v 0.140557 -0.559005 -0.005878
v 0.135827 -0.557369 -0.009511
v 0.129980 -0.555347 -0.009511
v 0.125250 -0.553711 -0.005878
v 0.123443 -0.553086 -0.000000
v 0.125250 -0.553711 0.005878
v 0.129980 -0.555347 0.009510
v 0.135827 -0.557369 0.009510
v 0.140557 -0.559005 0.005878
v 0.138098 -0.570352 -0.000000
v 0.136355 -0.569566 -0.005878
v 0.131793 -0.567507 -0.009511
v 0.126154 -0.564963 -0.009511
v 0.121592 -0.562904 -0.005878
v 0.119849 -0.562118 -0.000000
v 0.121592 -0.562904 0.005878
v 0.126154 -0.564963 0.009510
v 0.131793 -0.567507 0.009510
v 0.136355 -0.569566 0.005878
v 0.133697 -0.579036 -0.000000
v 0.132035 -0.578091 -0.005878
v 0.127683 -0.575618 -0.009511
v 0.122304 -0.572560 -0.009511
v 0.117952 -0.570087 -0.005878
v 0.116290 -0.569142 -0.000000
v 0.117952 -0.570087 0.005878
v 0.122304 -0.572560 0.009510
v 0.127683 -0.575618 0.009510
v 0.132035 -0.578091 0.005878
v 0.128466 -0.587294 -0.000000
v 0.126902 -0.586195 -0.005878
v 0.122806 -0.583317 -0.009511
v 0.117743 -0.579760 -0.009511
v 0.113647 -0.576883 -0.005878
v 0.112082 -0.575784 -0.000000
v 0.113647 -0.576883 0.005878
v 0.117743 -0.579760 0.009510
v 0.122806 -0.583317 0.009510
v 0.126902 -0.586195 0.005878
v 0.123524 -0.593660 -0.000000
v 0.122069 -0.592420 -0.005878
v 0.118258 -0.589175 -0.009511
v 0.113548 -0.585163 -0.009511
v 0.109738 -0.581918 -0.005878
v 0.108283 -0.580678 -0.000000
v 0.109738 -0.581918 0.005878
v 0.113548 -0.585163 0.009510
v 0.118258 -0.589175 0.009510
v 0.122069 -0.592420 0.005878
v 0.117953 -0.599630 -0.000000
v 0.116616 -0.598264 -0.005878
v 0.113116 -0.594686 -0.009511
v 0.108789 -0.590263 -0.009511
v 0.105289 -0.586685 -0.005878
v 0.103952 -0.585319 -0.000000
v 0.105289 -0.586685 0.005878
v 0.108789 -0.590263 0.009510
v 0.113116 -0.594686 0.009510
v 0.116616 -0.598264 0.005878
v 0.110967 -0.605868 -0.000000
v 0.109764 -0.604382 -0.005878
v 0.106616 -0.600489 -0.009511
v 0.102725 -0.595678 -0.009511
v 0.099577 -0.591786 -0.005878
v 0.098375 -0.590299 -0.000000
v 0.099577 -0.591786 0.005878
v 0.102725 -0.595678 0.009510
v 0.106616 -0.600489 0.009510
v 0.109764 -0.604382 0.005878
v 0.101812 -0.612560 -0.000000
v 0.100763 -0.610961 -0.005878
v 0.098018 -0.606774 -0.009511
v 0.094625 -0.601599 -0.009511
v 0.091879 -0.597412 -0.005878
v 0.090831 -0.595813 -0.000000
v 0.091879 -0.597412 0.005878
v 0.094625 -0.601599 0.009510
v 0.098018 -0.606774 0.009510
v 0.100763 -0.610961 0.005878
v 0.092095 -0.618248 -0.000000
v 0.091213 -0.616551 -0.005878
v 0.088904 -0.612109 -0.009511
v 0.086049 -0.606619 -0.009511
v 0.083740 -0.602177 -0.005878
v 0.082858 -0.600481 -0.000000
v 0.083740 -0.602177 0.005878
v 0.086049 -0.606619 0.009510
v 0.088904 -0.612109 0.009510
v 0.091213 -0.616551 0.005878
v 0.079997 -0.623786 -0.000000
v 0.079290 -0.622009 -0.005878
v 0.077440 -0.617357 -0.009511
v 0.075152 -0.611607 -0.009511
v 0.073302 -0.606956 -0.005878
v 0.072595 -0.605179 -0.000000
v 0.073302 -0.606956 0.005878
v 0.075152 -0.611607 0.009510
v 0.077440 -0.617357 0.009510
v 0.079290 -0.622009 0.005878
v 0.065314 -0.628782 -0.000000
v 0.064797 -0.626941 -0.005878
v 0.063443 -0.622120 -0.009511
v 0.061769 -0.616161 -0.009511
v 0.060415 -0.611340 -0.005878
v 0.059897 -0.609499 -0.000000
v 0.060415 -0.611340 0.005878
v 0.061769 -0.616161 0.009510
v 0.063443 -0.622120 0.009510
v 0.064797 -0.626941 0.005878
v 0.041815 -0.634030 -0.000000
v 0.041483 -0.632148 -0.005878
v 0.040614 -0.627219 -0.009511
v 0.039540 -0.621126 -0.009511
v 0.038671 -0.616197 -0.005878
v 0.038339 -0.614314 -0.000000
v 0.038671 -0.616197 0.005878
v 0.039540 -0.621126 0.009510
v 0.040614 -0.627219 0.009510
v 0.041483 -0.632148 0.005878
v 0.015615 -0.637428 -0.000000
v 0.015453 -0.635526 -0.005878
v 0.015029 -0.630544 -0.009511
v 0.013918 -0.617501 -0.000000
v 0.014080 -0.619404 0.005878
v 0.014504 -0.624386 0.009510
v 0.015029 -0.630544 0.009510
v -0.051585 -0.638148 0.008346
v -0.051763 -0.631050 0.013510
v -0.051982 -0.622269 0.013510
v -0.052159 -0.615171 0.008346
v -0.052226 -0.612463 -0.000000
v -0.052159 -0.615171 -0.008346
v -0.051982 -0.622269 -0.013511
v -0.051763 -0.631050 -0.013511
v -0.051585 -0.638148 -0.008346
v -0.051516 -0.640855 -0.000000
v -1.381363 -0.657859 0.008531
v -1.388620 -0.657736 0.013810
v -1.397597 -0.657587 0.013810
v -1.404854 -0.657467 0.008531
v -1.407622 -0.657421 -0.000000
v -1.404854 -0.657467 -0.008531
v -1.397597 -0.657587 -0.013811
v -1.388620 -0.657736 -0.013811
v -1.381363 -0.657859 -0.008531
v -1.378596 -0.657906 -0.000000
v -1.169296 -0.732134 -0.000000
v -1.171181 -0.732437 -0.005878
v -1.176118 -0.733230 -0.009511
v -1.182220 -0.734211 -0.009511
v -1.187157 -0.735004 -0.005878
v -1.189042 -0.735307 -0.000000
v -1.187157 -0.735004 0.005878
v -1.182220 -0.734211 0.009510
v -1.176118 -0.733230 0.009510
v -1.171181 -0.732437 0.005878
v -1.165623 -0.762953 -0.000000
v -1.167475 -0.763431 -0.005878
v -1.172323 -0.764683 -0.009511
v -1.178315 -0.766230 -0.009511
v -1.183163 -0.767481 -0.005878
v -1.185015 -0.767959 -0.000000
v -1.183163 -0.767481 0.005878
v -1.178315 -0.766230 0.009510
v -1.172323 -0.764683 0.009510
v -1.167475 -0.763431 0.005878
v -1.162111 -0.774147 -0.000000
v -1.163906 -0.774798 -0.005878
v -1.168607 -0.776503 -0.009511
v -1.174417 -0.778610 -0.009511
v -1.179117 -0.780314 -0.005878
v -1.180913 -0.780965 -0.000000
v -1.179117 -0.780314 0.005878
v -1.174417 -0.778610 0.009510
v -1.168607 -0.776503 0.009510
v -1.163906 -0.774798 0.005878
v -1.159026 -0.781609 -0.000000
v -1.160759 -0.782417 -0.005878
v -1.165295 -0.784532 -0.009511
v -1.170902 -0.787146 -0.009511
v -1.175439 -0.789260 -0.005878
v -1.177172 -0.790068 -0.000000
v -1.175439 -0.789260 0.005878
v -1.170902 -0.787146 0.009510
v -1.165295 -0.784532 0.009510
v -1.160759 -0.782417 0.005878
v -1.154617 -0.790047 -0.000000
v -1.156265 -0.791017 -0.005878
v -1.160580 -0.793555 -0.009511
v -1.165914 -0.796692 -0.009511
v -1.170229 -0.799231 -0.005878
v -1.171877 -0.800200 -0.000000
v -1.170229 -0.799231 0.005878
v -1.165914 -0.796692 0.009510
v -1.160580 -0.793555 0.009510
v -1.156265 -0.791017 0.005878
v -1.151231 -0.795193 -0.000000
v -1.152776 -0.796319 -0.005878
v -1.156822 -0.799267 -0.009511
v -1.161822 -0.802911 -0.009511
v -1.165868 -0.805859 -0.005878
v -1.167413 -0.806985 -0.000000
v -1.165868 -0.805859 0.005878
v -1.161822 -0.802911 0.009510
v -1.156822 -0.799267 0.009510
v -1.152776 -0.796319 0.005878
v -0.591596 -0.175784 0.005878
v -0.596596 -0.175712 0.009511
v -0.602776 -0.175624 0.009511
v -0.607775 -0.175552 0.005878
v -0.607775 -0.175552 -0.005878
v -0.602776 -0.175624 -0.009511
v -0.596596 -0.175712 -0.009511
v -0.591596 -0.175784 -0.005878
v -0.589687 -0.175811 -0.000000
v -1.142657 -0.804814 -0.000000
v -1.143962 -0.806211 -0.005878
v -1.147381 -0.809868 -0.009511
v -1.151606 -0.814387 -0.009511
v -1.155024 -0.818044 -0.005878
v -1.156330 -0.819440 -0.000000
v -1.155024 -0.818044 0.005878
v -1.151606 -0.814387 0.009510
v -1.147381 -0.809868 0.009510
v -1.143962 -0.806211 0.005878
v -0.489204 0.464574 0.005878
v -0.490212 0.469493 0.009511
v -0.491444 0.475579 0.009511
v -0.492433 0.480505 0.005878
v -0.492809 0.482386 0.000000
v -0.492433 0.480505 -0.005878
v -0.491444 0.475579 -0.009510
v -0.490212 0.469493 -0.009510
v -0.489204 0.464574 -0.005878
v -0.488816 0.462696 0.000000
v -1.132172 -0.813219 -0.000000
v -1.133262 -0.814787 -0.005878
v -1.136118 -0.818891 -0.009511
v -1.139647 -0.823965 -0.009511
v -1.142503 -0.828069 -0.005878
v -1.143594 -0.829637 -0.000000
v -1.142503 -0.828069 0.005878
v -1.139647 -0.823965 0.009510
v -1.136118 -0.818891 0.009510
v -1.133262 -0.814787 0.005878
v -0.294270 -0.184212 -0.011827
v -0.284438 -0.185768 -0.000000
v -0.287046 -0.185666 0.008041
v -0.294270 -0.184212 0.011827
v -1.119046 -0.821140 -0.000000
v -1.119910 -0.822845 -0.005878
v -1.122169 -0.827311 -0.009511
v -1.124963 -0.832831 -0.009511
v -1.127223 -0.837297 -0.005878
v -1.128087 -0.839003 -0.000000
v -1.127223 -0.837297 0.005878
v -1.124963 -0.832831 0.009510
v -1.122169 -0.827311 0.009510
v -1.119910 -0.822845 0.005878
v -0.610210 -0.175976 -0.007647
v -0.603705 -0.176038 -0.012376
v -0.595662 -0.176116 -0.012376
v -0.589157 -0.176179 -0.007647
v -0.586673 -0.176203 -0.000000
v -1.108907 -0.825136 -0.000000
v -1.109486 -0.826955 -0.005878
v -1.110992 -0.831720 -0.009511
v -1.112839 -0.837615 -0.009511
v -1.114321 -0.842390 -0.005878
v -1.114883 -0.844216 -0.000000
v -1.114321 -0.842390 0.005878
v -1.112839 -0.837615 0.009510
v -1.110992 -0.831720 0.009510
v -1.109486 -0.826955 0.005878
v -1.097522 -0.828929 -0.000000
v -1.097949 -0.830795 -0.005878
v -1.099048 -0.835686 -0.009511
v -1.100371 -0.841744 -0.009511
v -1.101412 -0.846655 -0.005878
v -1.101804 -0.848533 -0.000000
v -1.101412 -0.846655 0.005878
v -1.100371 -0.841744 0.009510
v -1.099048 -0.835686 0.009510
v -1.097949 -0.830795 0.005878
v -1.085640 -0.831739 -0.000000
v -1.085876 -0.833642 -0.005878
v -1.086454 -0.838634 -0.009511
v -1.087089 -0.844822 -0.009511
v -1.087538 -0.849843 -0.005878
v -1.087694 -0.851765 -0.000000
v -1.087538 -0.849843 0.005878
v -1.087089 -0.844822 0.009510
v -1.086454 -0.838634 0.009510
v -1.085876 -0.833642 0.005878
v -1.068621 -0.833329 -0.000000
v -1.068722 -0.835243 -0.005878
v -1.068904 -0.840264 -0.009511
v -1.068972 -0.846494 -0.009511
v -1.068903 -0.851553 -0.005878
v -1.068850 -0.853489 -0.000000
v -1.068903 -0.851553 0.005878
v -1.068972 -0.846494 0.009510
v -1.068904 -0.840264 0.009510
v -1.068722 -0.835243 0.005878
v 0.015322 -0.665274 0.007616
v 0.015211 -0.662811 -0.000000
v 0.015322 -0.665274 -0.007616
v 0.014394 -0.671401 -0.013515
v 0.015919 -0.679726 -0.012327
v -0.785758 -0.820008 -0.000000
v -0.785470 -0.821899 -0.005878
v -0.784776 -0.826863 -0.009511
v -0.784043 -0.833026 -0.009511
v -0.783548 -0.838033 -0.005878
v -0.783382 -0.839950 -0.000000
v -0.783548 -0.838033 0.005878
v -0.784043 -0.833026 0.009510
v -0.784776 -0.826863 0.009510
v -0.785470 -0.821899 0.005878
v -0.768570 -0.816367 -0.000000
v -0.768145 -0.818231 -0.005878
v -0.767040 -0.823112 -0.009511
v -0.765691 -0.829150 -0.009511
v -0.764613 -0.834039 -0.005878
v -0.764205 -0.835907 -0.000000
v -0.764613 -0.834039 0.005878
v -0.765691 -0.829150 0.009510
v -0.767040 -0.823112 0.009510
v -0.768145 -0.818231 0.005878
v -0.752136 -0.811878 -0.000000
v -0.751517 -0.813688 -0.005878
v -0.749897 -0.818429 -0.009511
v -0.747894 -0.824289 -0.009511
v -0.746273 -0.829029 -0.005878
v -0.745654 -0.830840 -0.000000
v -0.746273 -0.829029 0.005878
v -0.747894 -0.824289 0.009510
v -0.749897 -0.818429 0.009510
v -0.751517 -0.813688 0.005878
v -0.743160 -0.808177 -0.000000
v -0.742353 -0.809908 -0.005878
v -0.740241 -0.814440 -0.009511
v -0.737630 -0.820042 -0.009511
v -0.735517 -0.824573 -0.005878
v -0.734710 -0.826304 -0.000000
v -0.735517 -0.824573 0.005878
v -0.737630 -0.820042 0.009510
v -0.740241 -0.814440 0.009510
v -0.742353 -0.809908 0.005878
v -0.730869 -0.801764 -0.000000
v -0.729952 -0.803439 -0.005878
v -0.727551 -0.807825 -0.009511
v -0.724583 -0.813246 -0.009511
v -0.722182 -0.817632 -0.005878
v -0.721264 -0.819307 -0.000000
v -0.722182 -0.817632 0.005878
v -0.724583 -0.813246 0.009510
v -0.727551 -0.807825 0.009510
v -0.729952 -0.803439 0.005878
v -0.717587 -0.794133 -0.000000
v -0.716609 -0.795773 -0.005878
v -0.714048 -0.800067 -0.009511
v -0.710883 -0.805376 -0.009511
v -0.708322 -0.809670 -0.005878
v -0.707344 -0.811311 -0.000000
v -0.708322 -0.809670 0.005878
v -0.710883 -0.805376 0.009510
v -0.714048 -0.800067 0.009510
v -0.716609 -0.795773 0.005878
v -0.687995 -0.775830 -0.000000
v -0.686910 -0.777404 -0.005878
v -0.684068 -0.781526 -0.009511
v -0.680556 -0.786620 -0.009511
v -0.677715 -0.790742 -0.005878
v -0.676629 -0.792316 -0.000000
v -0.677715 -0.790742 0.005878
v -0.680556 -0.786620 0.009510
v -0.684068 -0.781526 0.009510
v -0.686910 -0.777404 0.005878
v -0.673098 -0.764437 -0.000000
v -0.671879 -0.765907 -0.005878
v -0.668686 -0.769754 -0.009511
v -0.664738 -0.774510 -0.009511
v -0.661545 -0.778358 -0.005878
v -0.660326 -0.779827 -0.000000
v -0.661545 -0.778358 0.005878
v -0.664738 -0.774510 0.009510
v -0.668686 -0.769754 0.009510
v -0.671879 -0.765907 0.005878
v -0.658552 -0.747413 -0.000000
v -0.657175 -0.748743 -0.005878
v -0.653614 -0.752291 -0.009511
v -0.649298 -0.756799 -0.009511
v -0.645866 -0.760531 -0.005878
v -0.644568 -0.761975 -0.000000
v -0.645866 -0.760531 0.005878
v -0.649298 -0.756799 0.009510
v -0.653614 -0.752291 0.009510
v -0.657175 -0.748743 0.005878
v -0.647356 -0.731124 -0.000000
v -0.645804 -0.732252 -0.005878
v -0.641766 -0.735249 -0.009511
v -0.636823 -0.739036 -0.009511
v -0.632864 -0.742168 -0.005878
v -0.631361 -0.743380 -0.000000
v -0.632864 -0.742168 0.005878
v -0.636823 -0.739036 0.009510
v -0.641766 -0.735249 0.009510
v -0.645804 -0.732252 0.005878
v -0.636397 -0.712488 -0.000000
v -0.634693 -0.713358 -0.005878
v -0.630231 -0.715636 -0.009511
v -0.624717 -0.718451 -0.009511
v -0.620256 -0.720729 -0.005878
v -0.618552 -0.721599 -0.000000
v -0.620256 -0.720729 0.005878
v -0.624717 -0.718451 0.009510
v -0.630231 -0.715636 0.009510
v -0.634693 -0.713358 0.005878
v -0.625745 -0.688165 -0.000000
v -0.623965 -0.688857 -0.005878
v -0.619305 -0.690671 -0.009511
v -0.613546 -0.692912 -0.009511
v -0.608886 -0.694726 -0.005878
v -0.607106 -0.695419 -0.000000
v -0.608886 -0.694726 0.005878
v -0.613546 -0.692912 0.009510
v -0.619305 -0.690671 0.009510
v -0.623965 -0.688857 0.005878
v -0.616994 -0.662582 -0.000000
v -0.615177 -0.663170 -0.005878
v -0.610420 -0.664711 -0.009511
v -0.604540 -0.666614 -0.009511
v -0.599783 -0.668154 -0.005878
v -0.597966 -0.668743 -0.000000
v -0.599783 -0.668154 0.005878
v -0.604540 -0.666614 0.009510
v -0.610420 -0.664711 0.009510
v -0.615177 -0.663170 0.005878
v -0.606632 -0.628649 -0.000000
v -0.604780 -0.629121 -0.005878
v -0.599929 -0.630357 -0.009511
v -0.593934 -0.631885 -0.009511
v -0.589083 -0.633120 -0.005878
v -0.587230 -0.633593 -0.000000
v -0.589083 -0.633120 0.005878
v -0.593934 -0.631885 0.009510
v -0.599929 -0.630357 0.009510
v -0.604780 -0.629121 0.005878
v -0.599594 -0.594389 -0.000000
v -0.597701 -0.594663 -0.005878
v -0.592744 -0.595380 -0.009511
v -0.586617 -0.596267 -0.009511
v -0.581659 -0.596984 -0.005878
v -0.579766 -0.597258 -0.000000
v -0.581659 -0.596984 0.005878
v -0.586617 -0.596267 0.009510
v -0.592744 -0.595380 0.009510
v -0.597701 -0.594663 0.005878
v -0.596762 -0.561157 -0.000000
v -0.594854 -0.561240 -0.005878
v -0.589859 -0.561458 -0.009511
v -0.583684 -0.561727 -0.009511
v -0.578689 -0.561945 -0.005878
v -0.576781 -0.562028 -0.000000
v -0.578689 -0.561945 0.005878
v -0.583684 -0.561727 0.009510
v -0.589859 -0.561458 0.009510
v -0.594854 -0.561240 0.005878
v -0.577507 -0.534980 0.005878
v -0.582507 -0.535251 0.009510
v -0.588688 -0.535586 0.009510
v -0.593689 -0.535857 0.005878
v -0.538964 -0.478318 0.007912
v -0.532312 -0.477311 0.012811
v -0.524081 -0.476064 0.012811
v -0.517429 -0.475054 0.007912
v -0.514893 -0.474668 -0.000000
v -0.517429 -0.475054 -0.007912
v -0.524081 -0.476064 -0.012811
v -0.532312 -0.477311 -0.012811
v -0.538964 -0.478318 -0.007912
v -0.541500 -0.478702 -0.000000
v -0.269903 0.241986 0.000000
v -0.272856 0.242050 -0.009091
v -0.280587 0.242219 -0.014711
v -0.290145 0.242427 -0.014711
v -0.297876 0.242595 -0.009091
v -0.300829 0.242659 0.000000
v -0.297876 0.242595 0.009091
v -0.290145 0.242427 0.014711
v -0.280587 0.242219 0.014711
v -0.272856 0.242050 0.009091
v -0.549053 0.416786 0.005878
v -0.553614 0.418846 0.009511
v -0.559242 0.421423 0.009511
v -0.563787 0.423532 0.005878
v -0.565520 0.424343 0.000000
v -0.563787 0.423532 -0.005878
v -0.559242 0.421423 -0.009510
v -0.553614 0.418846 -0.009510
v -0.549053 0.416786 -0.005878
v -0.547308 0.416004 0.000000
v -0.503087 0.459906 0.005878
v -0.505030 0.464538 0.009511
v -0.507511 0.470240 0.009511
v -0.509579 0.474835 0.005878
v -0.510383 0.476587 0.000000
v -0.509579 0.474835 -0.005878
v -0.507511 0.470240 -0.009510
v -0.505030 0.464538 -0.009510
v -0.503087 0.459906 -0.005878
v -0.502360 0.458133 0.000000
v 0.016156 -0.686194 -0.007617
v 0.015113 -0.689968 -0.000000
v 0.015016 -0.687259 0.008350
v 0.015919 -0.679726 0.012327
v 0.014394 -0.671401 0.013514
v -1.399785 -0.720682 -0.005878
v -1.394820 -0.720086 -0.009511
v -1.381821 -0.718554 -0.000000
v -1.383717 -0.718775 0.005878
v -1.388683 -0.719358 0.009510
v -1.380388 -0.735489 -0.000000
v -1.382268 -0.735833 -0.005878
v -1.387192 -0.736733 -0.009511
v -1.393279 -0.737846 -0.009511
v -1.398202 -0.738746 -0.005878
v -1.400083 -0.739090 -0.000000
v -1.398202 -0.738746 0.005878
v -1.393279 -0.737846 0.009510
v -1.387192 -0.736733 0.009510
v -1.382268 -0.735833 0.005878
v -1.376617 -0.751776 -0.000000
v -1.378458 -0.752293 -0.005878
v -1.383277 -0.753647 -0.009511
v -1.389233 -0.755320 -0.009511
v -1.394052 -0.756674 -0.005878
v -1.395893 -0.757191 -0.000000
v -1.394052 -0.756674 0.005878
v -1.389233 -0.755320 0.009510
v -1.383277 -0.753647 0.009510
v -1.378458 -0.752293 0.005878
v -1.371359 -0.767651 -0.000000
v -1.373147 -0.768324 -0.005878
v -1.377826 -0.770086 -0.009511
v -1.383610 -0.772263 -0.009511
v -1.388290 -0.774024 -0.005878
v -1.390077 -0.774697 -0.000000
v -1.388290 -0.774024 0.005878
v -1.383610 -0.772263 0.009510
v -1.377826 -0.770086 0.009510
v -1.373147 -0.768324 0.005878
v -1.366597 -0.778916 -0.000000
v -1.368332 -0.779715 -0.005878
v -1.372873 -0.781808 -0.009511
v -1.378486 -0.784394 -0.009511
v -1.383027 -0.786487 -0.005878
v -1.384762 -0.787286 -0.000000
v -1.383027 -0.786487 0.005878
v -1.378486 -0.784394 0.009510
v -1.372873 -0.781808 0.009510
v -1.368332 -0.779715 0.005878
v -1.360989 -0.790130 -0.000000
v -1.362665 -0.791046 -0.005878
v -1.367052 -0.793445 -0.009511
v -1.372474 -0.796410 -0.009511
v -1.376861 -0.798809 -0.005878
v -1.378536 -0.799726 -0.000000
v -1.376861 -0.798809 0.005878
v -1.372474 -0.796410 0.009510
v -1.367052 -0.793445 0.009510
v -1.362665 -0.791046 0.005878
v -1.354816 -0.800504 -0.000000
v -1.356412 -0.801554 -0.005878
v -1.360590 -0.804301 -0.009511
v -1.365754 -0.807696 -0.009511
v -1.369931 -0.810443 -0.005878
v -1.371527 -0.811493 -0.000000
v -1.369931 -0.810443 0.005878
v -1.365754 -0.807696 0.009510
v -1.360590 -0.804301 0.009510
v -1.356412 -0.801554 0.005878
v -1.348655 -0.809003 -0.000000
v -1.350152 -0.810192 -0.005878
v -1.354071 -0.813305 -0.009511
v -1.358915 -0.817154 -0.009511
v -1.362833 -0.820268 -0.005878
v -1.364330 -0.821457 -0.000000
v -1.362833 -0.820268 0.005878
v -1.358915 -0.817154 0.009510
v -1.354071 -0.813305 0.009510
v -1.350152 -0.810192 0.005878
v -1.342666 -0.815879 -0.000000
v -1.344048 -0.817201 -0.005878
v -1.347666 -0.820660 -0.009511
v -1.352138 -0.824935 -0.009511
v -1.355756 -0.828394 -0.005878
v -1.357138 -0.829715 -0.000000
v -1.355756 -0.828394 0.005878
v -1.352138 -0.824935 0.009510
v -1.347666 -0.820660 0.009510
v -1.344048 -0.817201 0.005878
v -1.336080 -0.822158 -0.000000
v -1.337333 -0.823601 -0.005878
v -1.340616 -0.827380 -0.009511
v -1.344673 -0.832051 -0.009511
v -1.347955 -0.835830 -0.005878
v -1.349209 -0.837273 -0.000000
v -1.347955 -0.835830 0.005878
v -1.344673 -0.832051 0.009510
v -1.340616 -0.827380 0.009510
v -1.337333 -0.823601 0.005878
v -1.329784 -0.827142 -0.000000
v -1.330915 -0.828681 -0.005878
v -1.333877 -0.832709 -0.009511
v -1.337537 -0.837689 -0.009511
v -1.340498 -0.841718 -0.005878
v -1.341629 -0.843257 -0.000000
v -1.340498 -0.841718 0.005878
v -1.337537 -0.837689 0.009510
v -1.333877 -0.832709 0.009510
v -1.330915 -0.828681 0.005878
v -1.326062 -0.829679 -0.000000
v -1.327097 -0.831283 -0.005878
v -1.329808 -0.835485 -0.009511
v -1.333158 -0.840678 -0.009511
v -1.335869 -0.844880 -0.005878
v -1.336904 -0.846485 -0.000000
v -1.335869 -0.844880 0.005878
v -1.333158 -0.840678 0.009510
v -1.329808 -0.835485 0.009510
v -1.327097 -0.831283 0.005878
v -1.322293 -0.831970 -0.000000
v -1.323204 -0.833651 -0.005878
v -1.325589 -0.838053 -0.009511
v -1.328537 -0.843494 -0.009511
v -1.330921 -0.847896 -0.005878
v -1.331832 -0.849578 -0.000000
v -1.330921 -0.847896 0.005878
v -1.328537 -0.843494 0.009510
v -1.325589 -0.838053 0.009510
v -1.323204 -0.833651 0.005878
v -1.298885 -0.843168 -0.000000
v -1.299641 -0.844922 -0.005878
v -1.301619 -0.849514 -0.009511
v -1.304064 -0.855190 -0.009511
v -1.306042 -0.859782 -0.005878
v -1.306798 -0.861536 -0.000000
v -1.306042 -0.859782 0.005878
v -1.304064 -0.855190 0.009510
v -1.301619 -0.849514 0.009510
v -1.299641 -0.844922 0.005878
v -1.274302 -0.852630 -0.000000
v -1.274953 -0.854425 -0.005878
v -1.276659 -0.859125 -0.009511
v -1.278767 -0.864935 -0.009511
v -1.280473 -0.869635 -0.005878
v -1.281124 -0.871430 -0.000000
v -1.280473 -0.869635 0.005878
v -1.278767 -0.864935 0.009510
v -1.276659 -0.859125 0.009510
v -1.274953 -0.854425 0.005878
v -1.145310 -0.896607 -0.000000
v -1.145795 -0.898460 -0.005878
v -1.147062 -0.903311 -0.009511
v -1.148629 -0.909306 -0.009511
v -1.149896 -0.914157 -0.005878
v -1.150381 -0.916009 -0.000000
v -1.149896 -0.914157 0.005878
v -1.148629 -0.909306 0.009510
v -1.147062 -0.903311 0.009510
v -1.145795 -0.898460 0.005878
v -1.068826 -0.910736 -0.000000
v -1.069121 -0.912623 -0.005878
v -1.069893 -0.917563 -0.009511
v -1.070848 -0.923669 -0.009511
v -1.071620 -0.928609 -0.005878
v -1.071915 -0.930496 -0.000000
v -1.071620 -0.928609 0.005878
v -1.070848 -0.923669 0.009510
v -1.069893 -0.917563 0.009510
v -1.069121 -0.912623 0.005878
v -0.922285 -0.929538 -0.000000
v -0.922468 -0.931439 -0.005878
v -0.922950 -0.936416 -0.009511
v -0.923545 -0.942567 -0.009511
v -0.924027 -0.947544 -0.005878
v -0.924211 -0.949445 -0.000000
v -0.924027 -0.947544 0.005878
v -0.923545 -0.942567 0.009510
v -0.922950 -0.936416 0.009510
v -0.922468 -0.931439 0.005878
v -0.822466 -0.936069 -0.000000
v -0.822511 -0.937979 -0.005878
v -0.822629 -0.942977 -0.009511
v -0.822776 -0.949156 -0.009511
v -0.822894 -0.954154 -0.005878
v -0.822940 -0.956064 -0.000000
v -0.822894 -0.954154 0.005878
v -0.822776 -0.949156 0.009510
v -0.822629 -0.942977 0.009510
v -0.822511 -0.937979 0.005878
v -0.735594 -0.934516 -0.000000
v -0.735406 -0.936422 -0.005878
v -0.734900 -0.941413 -0.009511
v -0.734247 -0.947582 -0.009511
v -0.733695 -0.952573 -0.005878
v -0.733480 -0.954479 -0.000000
v -0.733695 -0.952573 0.005878
v -0.734247 -0.947582 0.009510
v -0.734900 -0.941413 0.009510
v -0.735406 -0.936422 0.005878
v -0.708340 -0.930838 -0.000000
v -0.707904 -0.932701 -0.005878
v -0.706745 -0.937578 -0.009511
v -0.705280 -0.943602 -0.009511
v -0.704070 -0.948472 -0.005878
v -0.703602 -0.950332 -0.000000
v -0.704070 -0.948472 0.005878
v -0.705280 -0.943602 0.009510
v -0.706745 -0.937578 0.009510
v -0.707904 -0.932701 0.005878
v -0.685524 -0.925395 -0.000000
v -0.684922 -0.927210 -0.005878
v -0.683336 -0.931960 -0.009511
v -0.681355 -0.937827 -0.009511
v -0.679736 -0.942570 -0.005878
v -0.679115 -0.944381 -0.000000
v -0.679736 -0.942570 0.005878
v -0.681355 -0.937827 0.009510
v -0.683336 -0.931960 0.009510
v -0.684922 -0.927210 0.005878
v -0.659497 -0.916666 -0.000000
v -0.658744 -0.918421 -0.005878
v -0.656774 -0.923017 -0.009511
v -0.654338 -0.928697 -0.009511
v -0.652368 -0.933292 -0.005878
v -0.651615 -0.935047 -0.000000
v -0.652368 -0.933292 0.005878
v -0.654338 -0.928697 0.009510
v -0.656774 -0.923017 0.009510
v -0.658744 -0.918421 0.005878
v -0.642369 -0.908545 -0.000000
v -0.641478 -0.910234 -0.005878
v -0.639145 -0.914656 -0.009511
v -0.636261 -0.920122 -0.009511
v -0.633927 -0.924544 -0.005878
v -0.633036 -0.926233 -0.000000
v -0.633927 -0.924544 0.005878
v -0.636261 -0.920122 0.009510
v -0.639145 -0.914656 0.009510
v -0.641478 -0.910234 0.005878
v -0.631488 -0.902185 -0.000000
v -0.630444 -0.903787 -0.005878
v -0.627711 -0.907981 -0.009511
v -0.624333 -0.913166 -0.009511
v -0.621600 -0.917360 -0.005878
v -0.620556 -0.918962 -0.000000
v -0.621600 -0.917360 0.005878
v -0.624333 -0.913166 0.009510
v -0.627711 -0.907981 0.009510
v -0.630444 -0.903787 0.005878
v -0.621518 -0.894965 -0.000000
v -0.620323 -0.896458 -0.005878
v -0.617194 -0.900366 -0.009511
v -0.613327 -0.905196 -0.009511
v -0.610199 -0.909104 -0.005878
v -0.609004 -0.910597 -0.000000
v -0.610199 -0.909104 0.005878
v -0.613327 -0.905196 0.009510
v -0.617194 -0.900366 0.009510
v -0.620323 -0.896458 0.005878
v -0.612349 -0.886869 -0.000000
v -0.611019 -0.888242 -0.005878
v -0.607535 -0.891835 -0.009511
v -0.603228 -0.896278 -0.009511
v -0.599744 -0.899872 -0.005878
v -0.598413 -0.901244 -0.000000
v -0.599744 -0.899872 0.005878
v -0.603228 -0.896278 0.009510
v -0.607535 -0.891835 0.009510
v -0.611019 -0.888242 0.005878
v -0.603951 -0.877934 -0.000000
v -0.602499 -0.879177 -0.005878
v -0.598696 -0.882433 -0.009511
v -0.593996 -0.886456 -0.009511
v -0.590194 -0.889711 -0.005878
v -0.588741 -0.890955 -0.000000
v -0.590194 -0.889711 0.005878
v -0.593996 -0.886456 0.009510
v -0.598696 -0.882433 0.009510
v -0.602499 -0.879177 0.005878
v -0.595312 -0.866839 -0.000000
v -0.593752 -0.867944 -0.005878
v -0.589668 -0.870837 -0.009511
v -0.584619 -0.874413 -0.009511
v -0.580535 -0.877306 -0.005878
v -0.578975 -0.878411 -0.000000
v -0.580535 -0.877306 0.005878
v -0.584619 -0.874413 0.009510
v -0.589668 -0.870837 0.009510
v -0.593752 -0.867944 0.005878
v -0.587552 -0.854775 -0.000000
v -0.585901 -0.855735 -0.005878
v -0.581579 -0.858249 -0.009511
v -0.576237 -0.861356 -0.009511
v -0.571914 -0.863869 -0.005878
v -0.570264 -0.864829 -0.000000
v -0.571914 -0.863869 0.005878
v -0.576237 -0.861356 0.009510
v -0.581579 -0.858249 0.009510
v -0.585901 -0.855735 0.005878
v -0.582291 -0.844711 -0.000000
v -0.580553 -0.845509 -0.005878
v -0.576003 -0.847599 -0.009511
v -0.570379 -0.850182 -0.009511
v -0.565829 -0.852271 -0.005878
v -0.564091 -0.853069 -0.000000
v -0.565829 -0.852271 0.005878
v -0.570379 -0.850182 0.009510
v -0.576003 -0.847599 0.009510
v -0.580553 -0.845509 0.005878
v -0.575624 -0.827964 -0.000000
v -0.573822 -0.828597 -0.005878
v -0.569104 -0.830252 -0.009511
v -0.563272 -0.832298 -0.009511
v -0.558554 -0.833953 -0.005878
v -0.556751 -0.834585 -0.000000
v -0.558554 -0.833953 0.005878
v -0.563272 -0.832298 0.009510
v -0.569104 -0.830252 0.009510
v -0.573822 -0.828597 0.005878
v -0.570191 -0.810170 -0.000000
v -0.568344 -0.810657 -0.005878
v -0.563510 -0.811934 -0.009511
v -0.557534 -0.813511 -0.009511
v -0.552700 -0.814788 -0.005878
v -0.550853 -0.815275 -0.000000
v -0.552700 -0.814788 0.005878
v -0.557534 -0.813511 0.009510
v -0.563510 -0.811934 0.009510
v -0.568344 -0.810657 0.005878
v -0.549406 -0.717141 -0.000000
v -0.547534 -0.717522 -0.005878
v -0.542635 -0.718520 -0.009511
v -0.536579 -0.719753 -0.009511
v -0.531679 -0.720750 -0.005878
v -0.529808 -0.721131 -0.000000
v -0.531679 -0.720750 0.005878
v -0.536579 -0.719753 0.009510
v -0.542635 -0.718520 0.009510
v -0.547534 -0.717522 0.005878
v -0.541192 -0.672500 -0.000000
v -0.539302 -0.672775 -0.005878
v -0.534354 -0.673495 -0.009511
v -0.528238 -0.674386 -0.009511
v -0.523290 -0.675107 -0.005878
v -0.521401 -0.675382 -0.000000
v -0.523290 -0.675107 0.005878
v -0.528238 -0.674386 0.009510
v -0.534354 -0.673495 0.009510
v -0.539302 -0.672775 0.005878
v -0.536355 -0.627619 -0.000000
v -0.534450 -0.627759 -0.005878
v -0.529464 -0.628124 -0.009511
v -0.523300 -0.628575 -0.009511
v -0.518313 -0.628941 -0.005878
v -0.516409 -0.629080 -0.000000
v -0.518313 -0.628941 0.005878
v -0.523300 -0.628575 0.009510
v -0.529464 -0.628124 0.009510
v -0.534450 -0.627759 0.005878
v -0.535762 -0.574582 -0.000000
v -0.533850 -0.574566 -0.005878
v -0.528844 -0.574524 -0.009511
v -0.522657 -0.574472 -0.009511
v -0.517652 -0.574430 -0.005878
v -0.515740 -0.574414 -0.000000
v -0.517652 -0.574430 0.005878
v -0.522657 -0.574472 0.009510
v -0.528844 -0.574524 0.009510
v -0.533850 -0.574566 0.005878
v -0.515014 -0.537945 -0.000000
v -0.516914 -0.538131 0.005878
v -0.521891 -0.538618 0.009510
v -0.528041 -0.539220 0.009510
v -0.533018 -0.539707 0.005878
v -0.535568 -0.538251 0.007668
v -0.529069 -0.537686 0.012415
v -0.521028 -0.536986 0.012415
v -0.514528 -0.536418 0.007668
v -0.543786 0.427274 0.005878
v -0.548127 0.429754 0.009511
v -0.553478 0.432856 0.009511
v -0.557795 0.435392 0.005878
v -0.559442 0.436365 0.000000
v -0.557795 0.435392 -0.005878
v -0.553478 0.432856 -0.009510
v -0.548127 0.429754 -0.009510
v -0.543786 0.427274 -0.005878
v -0.542124 0.426333 0.000000
v -0.540690 0.432517 0.005878
v -0.544768 0.435423 0.009511
v -0.549795 0.439041 0.009511
v -0.553853 0.441985 0.005878
v -0.555400 0.443114 0.000000
v -0.553853 0.441985 -0.005878
v -0.549795 0.439041 -0.009510
v -0.544768 0.435423 -0.009510
v -0.540690 0.432517 -0.005878
v -0.539130 0.431412 0.000000
v -0.536136 0.438405 0.005878
v -0.539939 0.441667 0.009511
v -0.544638 0.445704 0.009511
v -0.548437 0.448974 0.005878
v -0.549888 0.450224 0.000000
v -0.548437 0.448974 -0.005878
v -0.544638 0.445704 -0.009510
v -0.539939 0.441667 -0.009510
v -0.536136 0.438405 -0.005878
v -0.534683 0.437161 0.000000
v -0.530518 0.443882 0.005878
v -0.534087 0.447407 0.009511
v -0.538533 0.451743 0.009511
v -0.542150 0.455237 0.005878
v -0.543535 0.456569 0.000000
v -0.542150 0.455237 -0.005878
v -0.538533 0.451743 -0.009510
v -0.534087 0.447407 -0.009510
v -0.530518 0.443882 -0.005878
v -0.529162 0.442531 0.000000
v -0.523797 0.448754 0.005878
v -0.527105 0.452538 0.009511
v -0.531308 0.457152 0.009511
v -0.534778 0.460846 0.005878
v -0.536114 0.462250 0.000000
v -0.534778 0.460846 -0.005878
v -0.531308 0.457152 -0.009510
v -0.527105 0.452538 -0.009510
v -0.523797 0.448754 -0.005878
v -0.522560 0.447294 0.000000
v -0.516376 0.453204 0.005878
v -0.519350 0.457257 0.009511
v -0.523177 0.462194 0.009511
v -0.526366 0.466142 0.005878
v -0.527599 0.467642 0.000000
v -0.526366 0.466142 -0.005878
v -0.523177 0.462194 -0.009510
v -0.519350 0.457257 -0.009510
v -0.516376 0.453204 -0.005878
v -0.515275 0.451639 0.000000
v -0.510851 0.456181 0.005878
v -0.513450 0.460472 0.009511
v -0.516787 0.465726 0.009511
v -0.519565 0.469944 0.005878
v -0.520641 0.471549 0.000000
v -0.519565 0.469944 -0.005878
v -0.516787 0.465726 -0.009510
v -0.513450 0.460472 -0.009510
v -0.510851 0.456181 -0.005878
v -0.509886 0.454530 0.000000
v -0.515476 -0.537658 -0.006936
v -0.529069 -0.537686 -0.012415
v -0.534497 -0.539386 -0.006936
v -0.481716 0.463881 0.000000
v -0.483356 0.482044 0.005878
v -0.482947 0.477016 0.009511
v -0.482397 0.470809 0.009511
v -0.481912 0.465794 0.005878
v -0.441221 -0.273771 -0.033000
v -0.424221 -0.273771 -0.050000
v -0.424221 -0.256771 -0.033000
v -0.441221 -0.539771 -0.033000
v -0.424221 -0.556771 -0.033000
v -0.424221 -0.539771 -0.050000
v -0.058221 -0.273771 -0.050000
v -0.041221 -0.273771 -0.033000
v -0.441221 -0.539771 0.050000
v -0.424221 -0.556771 0.050000
v -0.424221 -0.256771 0.050000
v -0.441221 -0.273771 0.050000
v -0.058221 -0.556771 0.050000
v -0.041221 -0.539771 0.050000
v -0.041221 -0.273771 0.050000
v -0.058221 -0.256771 0.050000
v -0.041221 -0.539771 -0.033000
v -0.058221 -0.556771 -0.033000
v -0.058221 -0.539771 -0.050000
v -0.058221 -0.256771 -0.033000
v -0.428012 0.522150 -0.037500
v -0.415512 0.522150 -0.050000
v -0.415512 0.534650 -0.037500
v -0.428012 0.247150 -0.037500
v -0.415512 0.234650 -0.037500
v -0.415512 0.247150 -0.050000
v -0.240512 0.522150 -0.050000
v -0.228012 0.522150 -0.037500
v -0.428012 0.247150 0.050000
v -0.415512 0.234650 0.050000
v -0.415512 0.534650 0.050000
v -0.428012 0.522150 0.050000
v -0.240512 0.234650 0.050000
v -0.228012 0.247150 0.050000
v -0.228012 0.522150 0.050000
v -0.240512 0.534650 0.050000
v -0.228012 0.247150 -0.037500
v -0.240512 0.234650 -0.037500
v -0.240512 0.247150 -0.050000
v -0.240512 0.534650 -0.037500
v -0.218012 0.522150 -0.037500
v -0.205512 0.522150 -0.050000
v -0.205512 0.534650 -0.037500
v -0.218012 0.247150 -0.037500
v -0.205512 0.234650 -0.037500
v -0.205512 0.247150 -0.050000
v -0.030512 0.522150 -0.050000
v -0.018012 0.522150 -0.037500
v -0.218012 0.247150 0.050000
v -0.205512 0.234650 0.050000
v -0.205512 0.534650 0.050000
v -0.218012 0.522150 0.050000
v -0.030512 0.234650 0.050000
v -0.018012 0.247150 0.050000
v -0.018012 0.522150 0.050000
v -0.030512 0.534650 0.050000
v -0.018012 0.247150 -0.037500
v -0.030512 0.234650 -0.037500
v -0.030512 0.247150 -0.050000
v -0.030512 0.534650 -0.037500
v -0.008012 0.522150 -0.037500
v 0.004488 0.522150 -0.050000
v 0.004488 0.534650 -0.037500
v -0.008012 0.247150 -0.037500
v 0.004488 0.234650 -0.037500
v 0.004488 0.247150 -0.050000
v 0.179488 0.522150 -0.050000
v 0.191988 0.522150 -0.037500
v -0.008012 0.247150 0.050000
v 0.004488 0.234650 0.050000
v 0.004488 0.534650 0.050000
v -0.008012 0.522150 0.050000
v 0.179488 0.234650 0.050000
v 0.191988 0.247150 0.050000
v 0.191988 0.522150 0.050000
v 0.179488 0.534650 0.050000
v 0.191988 0.247150 -0.037500
v 0.179488 0.234650 -0.037500
v 0.179488 0.247150 -0.050000
v 0.179488 0.534650 -0.037500
v 0.201988 0.522150 -0.037500
v 0.214488 0.522150 -0.050000
v 0.214488 0.534650 -0.037500
v 0.201988 0.247150 -0.037500
v 0.214488 0.234650 -0.037500
v 0.214488 0.247150 -0.050000
v 0.389488 0.522150 -0.050000
v 0.401988 0.522150 -0.037500
v 0.201988 0.247150 0.050000
v 0.214488 0.234650 0.050000
v 0.214488 0.534650 0.050000
v 0.201988 0.522150 0.050000
v 0.389488 0.234650 0.050000
v 0.401988 0.247150 0.050000
v 0.401988 0.522150 0.050000
v 0.389488 0.534650 0.050000
v 0.401988 0.247150 -0.037500
v 0.389488 0.234650 -0.037500
v 0.389488 0.247150 -0.050000
v 0.389488 0.534650 -0.037500
v -0.638106 -0.250101 -0.033000
v -0.621106 -0.250101 -0.050000
v -0.621106 -0.233101 -0.033000
v -0.638106 -0.468598 -0.033000
v -0.621106 -0.485597 -0.033000
v -0.621106 -0.468598 -0.050000
v -0.499966 -0.250101 -0.050000
v -0.482966 -0.250101 -0.033000
v -0.638106 -0.468598 0.050000
v -0.621106 -0.485597 0.050000
v -0.621106 -0.233101 0.050000
v -0.638106 -0.250101 0.050000
v -0.499966 -0.485597 0.050000
v -0.482966 -0.468598 0.050000
v -0.482966 -0.250101 0.050000
v -0.499966 -0.233101 0.050000
v -0.482966 -0.468598 -0.033000
v -0.499966 -0.485597 -0.033000
v -0.499966 -0.468598 -0.050000
v -0.499966 -0.233101 -0.033000
v 0.070416 -0.062491 -0.033000
v 0.087416 -0.062491 -0.050000
v 0.087416 -0.045491 -0.033000
v 0.070416 -0.399249 -0.033000
v 0.087416 -0.416249 -0.033000
v 0.087416 -0.399249 -0.050000
v 0.208556 -0.062491 -0.050000
v 0.225556 -0.062491 -0.033000
v 0.070416 -0.399249 0.050000
v 0.087416 -0.416249 0.050000
v 0.087416 -0.045491 0.050000
v 0.070416 -0.062491 0.050000
v 0.208556 -0.416249 0.050000
v 0.225556 -0.399249 0.050000
v 0.225556 -0.062491 0.050000
v 0.208556 -0.045491 0.050000
v 0.225556 -0.399249 -0.033000
v 0.208556 -0.416249 -0.033000
v 0.208556 -0.399249 -0.050000
v 0.208556 -0.045491 -0.033000
v 0.243062 -0.250326 -0.033000
v 0.260062 -0.250326 -0.050000
v 0.260062 -0.233326 -0.033000
v 0.243062 -0.399249 -0.033000
v 0.260062 -0.416249 -0.033000
v 0.260062 -0.399249 -0.050000
v 0.381202 -0.250326 -0.050000
v 0.398202 -0.250326 -0.033000
v 0.243062 -0.399249 0.050000
v 0.260062 -0.416249 0.050000
v 0.260062 -0.233326 0.050000
v 0.243062 -0.250326 0.050000
v 0.381202 -0.416249 0.050000
v 0.398202 -0.399249 0.050000
v 0.398202 -0.250326 0.050000
v 0.381202 -0.233326 0.050000
v 0.398202 -0.399249 -0.033000
v 0.381202 -0.416249 -0.033000
v 0.381202 -0.399249 -0.050000
v 0.381202 -0.233326 -0.033000
v 0.243062 -0.062417 -0.033000
v 0.260062 -0.062417 -0.050000
v 0.260062 -0.045417 -0.033000
v 0.243062 -0.211341 -0.033000
v 0.260062 -0.228341 -0.033000
v 0.260062 -0.211341 -0.050000
v 0.381202 -0.062417 -0.050000
v 0.398202 -0.062417 -0.033000
v 0.243062 -0.211341 0.050000
v 0.260062 -0.228341 0.050000
v 0.260062 -0.045417 0.050000
v 0.243062 -0.062417 0.050000
v 0.381202 -0.228341 0.050000
v 0.398202 -0.211341 0.050000
v 0.398202 -0.062417 0.050000
v 0.381202 -0.045417 0.050000
v 0.398202 -0.211341 -0.033000
v 0.381202 -0.228341 -0.033000
v 0.381202 -0.211341 -0.050000
v 0.381202 -0.045417 -0.033000
v 0.702063 0.412915 -0.033000
v 0.719063 0.412915 -0.050000
v 0.719063 0.429915 -0.033000
v 0.702063 0.076157 -0.033000
v 0.719063 0.059157 -0.033000
v 0.719063 0.076157 -0.050000
v 0.840202 0.412915 -0.050000
v 0.857202 0.412915 -0.033000
v 0.702063 0.076157 0.050000
v 0.719063 0.059157 0.050000
v 0.719063 0.429915 0.050000
v 0.702063 0.412915 0.050000
v 0.840202 0.059157 0.050000
v 0.857202 0.076157 0.050000
v 0.857202 0.412915 0.050000
v 0.840202 0.429915 0.050000
v 0.857202 0.076157 -0.033000
v 0.840202 0.059157 -0.033000
v 0.840202 0.076157 -0.050000
v 0.840202 0.429915 -0.033000
v -0.309893 -0.573687 -0.033000
v -0.292893 -0.573687 -0.050000
v -0.292893 -0.556687 -0.033000
v -0.309893 -0.839687 -0.033000
v -0.292893 -0.856687 -0.033000
v -0.292893 -0.839687 -0.050000
v -0.058221 -0.573687 -0.050000
v -0.041221 -0.573687 -0.033000
v -0.309893 -0.839687 0.050000
v -0.292893 -0.856687 0.050000
v -0.292893 -0.556687 0.050000
v -0.309893 -0.573687 0.050000
v -0.058221 -0.856687 0.050000
v -0.041221 -0.839687 0.050000
v -0.041221 -0.573687 0.050000
v -0.041221 -0.839687 -0.033000
v -0.058221 -0.856687 -0.033000
v -0.058221 -0.839687 -0.050000
v -1.280460 -0.297539 -0.033000
v -1.263460 -0.297539 -0.050000
v -1.263460 -0.280539 -0.033000
v -1.280460 -0.644324 -0.033000
v -1.263460 -0.661324 -0.033000
v -1.263460 -0.644324 -0.050000
v -1.102146 -0.297539 -0.050000
v -1.085146 -0.297539 -0.033000
v -1.280460 -0.644324 0.050000
v -1.263460 -0.661324 0.050000
v -1.263460 -0.280539 0.050000
v -1.280460 -0.297539 0.050000
v -1.102146 -0.661324 0.050000
v -1.085146 -0.644324 0.050000
v -1.085146 -0.297539 0.050000
v -1.102146 -0.280539 0.050000
v -1.085146 -0.644324 -0.033000
v -1.102146 -0.661324 -0.033000
v -1.102146 -0.644324 -0.050000
v -1.102146 -0.280539 -0.033000
v -1.490534 -0.297539 -0.033000
v -1.473534 -0.297539 -0.050000
v -1.473534 -0.280539 -0.033000
v -1.490534 -0.644324 -0.033000
v -1.473534 -0.661324 -0.033000
v -1.473534 -0.644324 -0.050000
v -1.312220 -0.297539 -0.050000
v -1.295220 -0.297539 -0.033000
v -1.490534 -0.644324 0.050000
v -1.473534 -0.661324 0.050000
v -1.473534 -0.280539 0.050000
v -1.490534 -0.297539 0.050000
v -1.312220 -0.661324 0.050000
v -1.295220 -0.644324 0.050000
v -1.295220 -0.297539 0.050000
v -1.312220 -0.280539 0.050000
v -1.295220 -0.644324 -0.033000
v -1.312220 -0.661324 -0.033000
v -1.312220 -0.644324 -0.050000
v -1.312220 -0.280539 -0.033000
v -0.420021 0.464417 0.000000
v -0.420096 0.467011 -0.007982
v -0.420293 0.473795 -0.012910
v -0.420532 0.482173 -0.012910
v -0.420723 0.488957 -0.007984
v -0.420796 0.491552 0.000000
v -0.420723 0.488957 0.007984
v -0.420532 0.482173 0.012911
v -0.420293 0.473795 0.012911
v -0.420096 0.467011 0.007983
v -1.381414 -0.718329 0.007553
v -1.387807 -0.718942 0.012226
v -1.396126 -0.718528 0.013414
v -1.403143 -0.719171 0.008286
v -1.405820 -0.719418 -0.000000
v 0.016037 -0.672630 0.009510
v 0.016272 -0.678792 0.009510
v 0.016441 -0.683782 -0.005878
v 0.016272 -0.678792 -0.009511
v 0.015828 -0.667650 -0.005878
v 0.015744 -0.665749 -0.000000
v 0.015828 -0.667650 0.005878
v -0.050008 -0.693407 -0.000000
v -0.050017 -0.690617 -0.008595
v -0.050042 -0.683308 -0.013911
v -0.050073 -0.674267 -0.013911
v -0.050098 -0.666957 -0.008593
v -0.050107 -0.664169 -0.000000
v -0.050098 -0.666957 0.008593
v -0.050073 -0.674267 0.013910
v -0.050042 -0.683308 0.013910
v -0.050017 -0.690617 0.008595
v -1.402106 -0.720337 -0.007554
v -1.395713 -0.719709 -0.012227
v -1.387446 -0.717744 -0.013415
v -1.378975 -0.718097 -0.000000
v -1.380429 -0.717119 -0.008287
v -0.290033 -0.184092 0.005878
v -0.288127 -0.184196 -0.000000
v -0.377763 -0.180878 0.009511
v -0.382757 -0.180665 0.005878
v -0.384665 -0.180584 -0.000000
v -0.366595 -0.181354 -0.005878
v -0.366595 -0.181354 0.005878
v -0.286447 -0.265510 0.008285
v -0.293488 -0.265204 0.013411
v -0.302194 -0.264826 0.013411
v -0.309234 -0.264520 0.008285
v -0.311921 -0.264403 -0.000000
v -0.309234 -0.264520 -0.008286
v -0.302194 -0.264826 -0.013411
v -0.293488 -0.265204 -0.013411
v -0.286447 -0.265510 -0.008286
v -0.283761 -0.265627 -0.000000
v -0.596157 -0.534265 0.007668
v -0.589632 -0.533998 0.012415
v -0.581558 -0.533667 0.012415
v -0.575032 -0.533397 0.007668
v -0.572544 -0.533294 -0.000000
v -0.284479 0.172754 0.009511
v -0.277571 0.172595 0.000000
v -0.284479 0.172754 -0.009511
v -0.290657 0.172896 -0.009511
v -0.367754 0.174863 0.009511
v -0.361575 0.174832 0.009511
v -0.356576 0.174807 -0.005878
v -0.367754 0.174863 -0.009511
v -0.372753 0.174889 -0.005878
v -0.374663 0.174898 0.000000
v -0.347166 0.242184 0.000000
v -0.350119 0.242210 -0.009091
v -0.357851 0.242280 -0.014711
v -0.367411 0.242366 -0.014711
v -0.375143 0.242435 -0.009091
v -0.378096 0.242462 0.000000
v -0.375143 0.242435 0.009091
v -0.367411 0.242366 0.014711
v -0.357851 0.242280 0.014711
v -0.350119 0.242210 0.009091
v -0.576045 -0.534585 -0.006936
v -0.581947 -0.534855 -0.011227
v -0.589247 -0.535188 -0.011227
v -0.595149 -0.535456 -0.006935
v -0.597401 -0.535558 -0.000000
v 0.333724 -0.410107 -0.000000
v 0.330692 -0.410163 -0.009338
v 0.322750 -0.410308 -0.015111
v 0.312932 -0.410489 -0.015111
v 0.304990 -0.410635 -0.009338
v 0.301958 -0.410690 -0.000000
v 0.304990 -0.410635 0.009338
v 0.312932 -0.410489 0.015111
v 0.322750 -0.410308 0.015111
v 0.330692 -0.410163 0.009338
v -0.275346 0.174093 -0.008847
v -0.283292 0.173113 -0.013127
v -0.292167 0.174529 -0.014315
v -0.299689 0.174724 -0.008847
v -0.302562 0.174798 0.000000
v 0.770555 -0.010480 0.005878
v 0.775553 -0.010358 0.009511
v 0.781731 -0.010207 0.009511
v 0.788638 -0.010038 0.000000
v 0.786729 -0.010085 -0.005878
v 0.781731 -0.010207 -0.009511
v 0.775553 -0.010358 -0.009511
v 0.768646 -0.010527 0.000000
v 0.794242 0.063299 0.000000
v 0.791309 0.063243 -0.009029
v 0.783631 0.063096 -0.014611
v 0.774138 0.062914 -0.014611
v 0.766459 0.062767 -0.009029
v 0.763527 0.062711 0.000000
v 0.766459 0.062767 0.009029
v 0.774138 0.062914 0.014611
v 0.783631 0.063096 0.014611
v 0.791309 0.063243 0.009029
v -1.176598 -0.720128 0.009510
v -1.171656 -0.719368 0.005878
v -1.169769 -0.719078 -0.000000
v -1.176598 -0.720128 -0.009511
v -1.182705 -0.721066 -0.009511
v -1.189534 -0.722116 -0.000000
v -1.187647 -0.721825 0.005878
v -1.167632 -0.653239 -0.000000
v -1.170385 -0.653495 -0.008528
v -1.177608 -0.654167 -0.013811
v -1.186549 -0.654998 -0.013811
v -1.193772 -0.655672 -0.008528
v -1.196525 -0.655929 -0.000000
v -1.193772 -0.655672 0.008528
v -1.186549 -0.654998 0.013810
v -1.177608 -0.654167 0.013810
v -1.170385 -0.653495 0.008528
v -0.299689 0.174724 0.008847
v -0.292167 0.174529 0.014315
v -0.283292 0.173113 0.013127
v -0.275346 0.174093 0.008847
v -0.273759 0.172871 0.000000
v -1.169359 -0.718888 0.007552
v -1.175726 -0.719698 0.012226
v -1.184037 -0.719526 0.013414
v -1.189973 -0.721515 0.007552
v -1.192402 -0.721826 -0.000000
v -0.598861 -0.477096 -0.000000
v -0.596312 -0.476838 -0.007912
v -0.589625 -0.476160 -0.012811
v -0.581350 -0.475320 -0.012811
v -0.574662 -0.474637 -0.007912
v -0.572113 -0.474376 -0.000000
v -0.574662 -0.474637 0.007912
v -0.581350 -0.475320 0.012811
v -0.589625 -0.476160 0.012811
v -0.596312 -0.476838 0.007912
v 0.763294 -0.007409 0.000000
v 0.768853 -0.010475 -0.007114
v 0.773905 -0.007252 -0.014611
v 0.783399 -0.007112 -0.014611
v 0.791078 -0.006999 -0.009029
v 0.794010 -0.006956 0.000000
v 0.788431 -0.010091 0.007114
v 0.783399 -0.007112 0.014611
v 0.773905 -0.007252 0.014611
v 0.766226 -0.007366 0.009029
v 0.141137 -0.481214 0.012010
v 0.148893 -0.482050 0.012010
v 0.155164 -0.482727 0.007420
v 0.157558 -0.482985 -0.000000
v 0.157931 -0.479738 -0.009333
v 0.150031 -0.478991 -0.015111
v 0.148893 -0.482050 -0.012010
v 0.141137 -0.481214 -0.012010
v 0.134865 -0.480538 -0.007421
v 0.129344 -0.477047 -0.000000
v 0.134865 -0.480538 0.007420
v 0.012558 -0.664053 0.008593
v 0.012433 -0.661272 -0.000000
v 0.012558 -0.664053 -0.008593
v 0.016017 -0.672207 -0.010811
v 0.013241 -0.680366 -0.013911
v 0.013518 -0.687666 -0.008595
v 0.016563 -0.687055 -0.000000
v 0.016492 -0.684887 0.006680
v 0.013241 -0.680366 0.013910
v -0.371330 -0.181149 0.010311
v -0.363847 -0.181460 -0.000000
v -0.370416 -0.184278 -0.013411
v -0.371330 -0.181149 -0.010311
v -0.379123 -0.183938 -0.013411
v -0.386167 -0.183664 -0.008288
v -0.388857 -0.183559 -0.000000
v -0.386167 -0.183664 0.008288
v -0.297440 0.173068 0.007176
v -0.299771 0.173125 0.000000
v -0.297440 0.173068 -0.007176
v -0.282692 0.175799 -0.014711
v -0.277695 0.172583 -0.007176
v -0.272009 0.175521 0.000000
v -0.277695 0.172583 0.007176
v -0.282692 0.175799 0.014711
v -0.291339 0.172918 0.011611
v -1.395211 -0.720095 0.010710
v -1.387350 -0.716223 0.013810
v -1.380124 -0.715595 0.008531
v -1.377368 -0.715357 -0.000000
v -1.382696 -0.718753 -0.006618
v -1.388292 -0.719350 -0.010710
v -1.396289 -0.717012 -0.013811
v -1.403514 -0.717661 -0.008531
v -1.402943 -0.720939 -0.000000
v -1.400807 -0.720704 0.006618
v -0.511714 -0.534666 -0.000000
v -0.514271 -0.534886 -0.007912
v -0.520978 -0.535464 -0.012811
v -0.521825 -0.538614 -0.009711
v -0.528107 -0.539223 -0.009711
v -0.535982 -0.536754 -0.007912
v -0.538540 -0.536973 -0.000000
v -0.535128 -0.539904 -0.000000
v -0.483526 0.484279 0.000000
v -0.480448 0.485126 -0.007984
v -0.483373 0.482298 -0.006063
v -0.479924 0.478316 -0.012910
v -0.482953 0.477113 -0.009811
v -0.479230 0.469913 -0.012910
v -0.478626 0.463116 -0.007982
v -0.481895 0.465540 -0.006063
v -0.478384 0.460520 0.000000
v 0.012466 -0.641597 -0.000000
v 0.012311 -0.638894 -0.008346
v 0.011908 -0.631809 -0.013511
v 0.011415 -0.623045 -0.013511
v 0.014508 -0.624092 -0.010410
v 0.011020 -0.615960 -0.008346
v 0.014090 -0.618637 -0.006433
v 0.010870 -0.613257 -0.000000
v 0.011020 -0.615960 0.008346
v 0.011415 -0.623045 0.013510
v 0.011908 -0.631809 0.013510
v 0.012311 -0.638894 0.008346
v 0.015444 -0.636292 0.006433
v 0.014456 -0.804183 -0.000000
v 0.014595 -0.801494 -0.008288
v 0.014959 -0.794453 -0.013411
v 0.015409 -0.785750 -0.013411
v 0.015773 -0.778709 -0.008288
v 0.018761 -0.781472 -0.006372
v 0.015912 -0.776020 -0.000000
v 0.015409 -0.785750 0.013410
v 0.014959 -0.794453 0.013410
v 0.014595 -0.801494 0.008288
v -0.293746 -0.186916 0.013411
v -0.286704 -0.187182 -0.008285
v -0.289352 -0.184090 -0.006372
v -0.293746 -0.186916 -0.013411
v -0.302454 -0.186586 -0.013411
v -0.309496 -0.186317 -0.008285
v -0.312183 -0.186215 -0.000000
v -0.308935 -0.183103 -0.000000
v -0.306868 -0.183208 0.006372
v -0.302454 -0.186586 0.013411
v -0.369350 0.178013 0.014711
v -0.359792 0.177880 0.014711
v -0.354790 0.174753 0.007175
v -0.352460 0.174731 0.000000
v -0.352061 0.177773 -0.009091
v -0.359792 0.177880 -0.014711
v -0.360893 0.174812 -0.011611
v -0.369350 0.178013 -0.014711
v -0.377082 0.178121 -0.009091
v -0.380034 0.178162 0.000000
v -0.374539 0.174942 0.007175
v 0.330347 -0.479040 -0.000000
v 0.330580 -0.475869 -0.009338
v 0.327937 -0.478964 -0.007422
v 0.322640 -0.475666 -0.015111
v 0.321627 -0.478765 -0.012011
v 0.312823 -0.475417 -0.015111
v 0.307515 -0.478320 -0.007422
v 0.305105 -0.478245 -0.000000
v 0.304883 -0.475216 0.009338
v 0.307515 -0.478320 0.007422
v 0.312823 -0.475417 0.015111
v 0.321627 -0.478765 0.012010
v 0.327937 -0.478964 0.007422
v -1.175309 -0.716970 0.013810
v -1.168109 -0.716133 0.008528
v -1.165365 -0.715815 -0.000000
v -1.170635 -0.719331 -0.006618
v -1.175309 -0.716970 -0.013811
v -1.184222 -0.718012 -0.013811
v -1.191422 -0.718860 -0.008528
v -1.188668 -0.721864 -0.006618
v -1.194166 -0.719185 -0.000000
v -1.191422 -0.718860 0.008528
v -1.183097 -0.721081 0.010710
v -0.599056 -0.532849 -0.000000
v -0.596490 -0.532747 -0.007912
v -0.589758 -0.532481 -0.012811
v -0.581427 -0.532150 -0.012811
v -0.574694 -0.531881 -0.007912
v -0.575387 -0.534877 -0.000000
v 0.789722 -0.009699 -0.008050
v 0.792336 -0.009655 0.000000
v 0.782875 -0.009815 -0.013027
v 0.774411 -0.009958 -0.013027
v 0.766558 -0.008883 -0.008784
v 0.764950 -0.010119 0.000000
v 0.767565 -0.010074 0.008050
v 0.774411 -0.009958 0.013027
v 0.782875 -0.009815 0.013027
v 0.790736 -0.008514 0.008784
v 0.017227 -0.802630 -0.000000
v 0.017352 -0.800259 -0.007309
v 0.017682 -0.794050 -0.011827
v 0.018545 -0.777795 -0.000000
v 0.017273 -0.779108 0.008043
v 0.017682 -0.794050 0.011826
v -0.480161 0.463352 0.007737
v -0.480752 0.469941 0.012515
v -0.481429 0.478090 0.012515
v -0.481939 0.484693 0.007738
v -0.482126 0.487220 0.000000
v -0.481963 0.470247 -0.011327
v 0.333193 -0.477461 -0.000000
v 0.313334 -0.478123 -0.013527
v 0.305217 -0.476733 -0.009093
v 0.302265 -0.476656 -0.000000
v 0.313334 -0.478123 0.013527
v 0.322508 -0.477183 0.014715
v 0.330240 -0.477384 0.009093
v -0.349570 0.176229 0.000000
v -0.352443 0.176267 0.008846
v -0.360388 0.175193 0.013127
v -0.368917 0.175295 0.013127
v -0.376791 0.176595 0.008846
v -0.378451 0.175409 0.000000
v -0.375816 0.175377 -0.008112
v -0.368917 0.175295 -0.013127
v -0.353489 0.175110 -0.008112
v 0.156470 -0.482385 -0.008356
v 0.160464 -0.481521 -0.000000
v 0.140323 -0.479593 -0.014715
v 0.132631 -0.478859 -0.009089
v 0.130896 -0.479818 -0.000000
v 0.132631 -0.478859 0.009089
v 0.140323 -0.479593 0.014714
v 0.149839 -0.480502 0.014714
v 0.157531 -0.481240 0.009089
v 0.015190 -0.639964 -0.000000
v 0.015033 -0.637578 -0.007369
v 0.014623 -0.631326 -0.011927
v 0.013554 -0.614956 -0.000000
v 0.013709 -0.617342 0.007368
v 0.014117 -0.623594 0.011926
v 0.014623 -0.631326 0.011926
v -1.168391 -0.717663 -0.008284
v -1.166930 -0.718579 -0.000000
v -1.175726 -0.719698 -0.012227
v -1.183605 -0.720702 -0.012227
v -0.588106 -0.177399 0.008405
v -0.595256 -0.177340 0.013602
v -0.604096 -0.177267 0.013602
v -0.610210 -0.175976 0.007647
v -0.613976 -0.177186 -0.000000
v -0.587415 -0.238441 0.008657
v -0.594774 -0.238098 0.014011
v -0.603872 -0.237676 0.014011
v -0.611230 -0.237335 0.008657
v -0.614039 -0.237205 -0.000000
v -0.611230 -0.237335 -0.008657
v -0.603872 -0.237676 -0.014011
v -0.594774 -0.238098 -0.014011
v -0.587415 -0.238441 -0.008657
v -0.584606 -0.238571 -0.000000
v -0.611585 -0.178775 0.008657
v -0.611051 -0.175533 -0.000000
v -0.611585 -0.178775 -0.008657
v -0.604220 -0.178833 -0.014011
v -0.595114 -0.178904 -0.014011
v -0.587750 -0.178962 -0.008657
v -0.584938 -0.178985 -0.000000
vt 0.586144 0.414214
vt 0.583769 0.414214
vt 0.578507 0.414214
vt 0.573102 0.414214
vt 0.567840 0.414214
vt 0.565465 0.414214
vt 0.250592 0.791594
vt 0.248216 0.791594
vt 0.242954 0.791594
vt 0.237550 0.791594
vt 0.232288 0.791594
vt 0.229912 0.791594
vt 0.802898 0.622132
vt 0.800522 0.622132
vt 0.795261 0.622132
vt 0.789856 0.622132
vt 0.784594 0.622132
vt 0.782219 0.622132
vt 0.956213 0.352439
vt 0.953838 0.352439
vt 0.948576 0.352439
vt 0.943171 0.352439
vt 0.937909 0.352439
vt 0.935534 0.352439
vt 0.332246 0.309667
vt 0.329871 0.309667
vt 0.324609 0.309667
vt 0.319204 0.309667
vt 0.313942 0.309667
vt 0.311567 0.309667
vt 0.660043 0.695684
vt 0.657667 0.695684
vt 0.652405 0.695684
vt 0.647000 0.695684
vt 0.641739 0.695684
vt 0.639363 0.695684
vt 0.276879 0.146569
vt 0.274503 0.146569
vt 0.269241 0.146569
vt 0.263837 0.146569
vt 0.258575 0.146569
vt 0.256199 0.146569
vt 0.962297 0.622574
vt 0.959922 0.622574
vt 0.954660 0.622574
vt 0.949255 0.622574
vt 0.943993 0.622574
vt 0.941618 0.622574
vt 0.707199 0.912037
vt 0.704823 0.912037
vt 0.699561 0.912037
vt 0.694157 0.912037
vt 0.688895 0.912037
vt 0.686519 0.912037
vt 0.284849 0.447351
vt 0.282474 0.447351
vt 0.277212 0.447351
vt 0.271807 0.447351
vt 0.266545 0.447351
vt 0.264170 0.447351
vt 0.465465 0.789737
vt 0.463090 0.789737
vt 0.457828 0.789737
vt 0.452423 0.789737
vt 0.447162 0.789737
vt 0.444786 0.789737
vt 0.541833 0.647134
vt 0.539458 0.647134
vt 0.534196 0.647134
vt 0.528791 0.647134
vt 0.523529 0.647134
vt 0.521154 0.647134
vt 0.504459 0.509397
vt 0.502083 0.509397
vt 0.496822 0.509397
vt 0.491417 0.509397
vt 0.486155 0.509397
vt 0.483779 0.509397
vt 0.755742 0.451589
vt 0.753366 0.451589
vt 0.748105 0.451589
vt 0.742700 0.451589
vt 0.737438 0.451589
vt 0.735062 0.451589
vt 0.548770 0.311691
vt 0.546394 0.311691
vt 0.541132 0.311691
vt 0.535728 0.311691
vt 0.530466 0.311691
vt 0.528090 0.311691
vt 0.159265 0.492201
vt 0.156890 0.492201
vt 0.151628 0.492201
vt 0.146223 0.492201
vt 0.140961 0.492201
vt 0.138586 0.492201
vt 0.936578 0.124202
vt 0.941969 0.120299
vt 0.948302 0.118254
vt 0.954958 0.118265
vt 0.961284 0.120333
vt 0.966662 0.124254
vt 0.970564 0.129645
vt 0.972610 0.135978
vt 0.972598 0.142634
vt 0.970531 0.148960
vt 0.966610 0.154337
vt 0.961218 0.158240
vt 0.954885 0.160286
vt 0.948230 0.160274
vt 0.941904 0.158207
vt 0.936526 0.154286
vt 0.932624 0.148894
vt 0.930578 0.142561
vt 0.930589 0.135906
vt 0.932657 0.129580
vt 0.973323 0.026876
vt 0.970458 0.022933
vt 0.968952 0.018298
vt 0.968952 0.013423
vt 0.970458 0.008788
vt 0.973323 0.004844
vt 0.977266 0.001979
vt 0.981902 0.000473
vt 0.986776 0.000473
vt 0.991412 0.001979
vt 0.995355 0.004844
vt 0.998220 0.008788
vt 0.999726 0.013423
vt 0.999726 0.018298
vt 0.998220 0.022933
vt 0.995355 0.026876
vt 0.991412 0.029742
vt 0.986776 0.031248
vt 0.981902 0.031248
vt 0.977266 0.029742
vt 0.462171 0.547297
vt 0.466058 0.547297
vt 0.468343 0.550442
vt 0.467929 0.553055
vt 0.466058 0.554926
vt 0.464784 0.555340
vt 0.462171 0.554926
vt 0.460300 0.553055
vt 0.460300 0.549168
vt 0.456252 0.518883
vt 0.460139 0.518883
vt 0.462423 0.522028
vt 0.462009 0.524641
vt 0.460139 0.526512
vt 0.457525 0.526926
vt 0.456252 0.526512
vt 0.453967 0.523367
vt 0.454381 0.520754
vt 0.465723 0.518883
vt 0.469610 0.518883
vt 0.471481 0.520754
vt 0.471894 0.522028
vt 0.470693 0.525724
vt 0.466996 0.526926
vt 0.464639 0.525724
vt 0.463438 0.523367
vt 0.463852 0.520754
vt 0.531220 0.465474
vt 0.534916 0.466675
vt 0.536117 0.469033
vt 0.535704 0.471646
vt 0.533833 0.473517
vt 0.531220 0.473930
vt 0.529946 0.473517
vt 0.527661 0.470372
vt 0.528862 0.466675
vt 0.556879 0.406186
vt 0.559493 0.405772
vt 0.561850 0.406974
vt 0.563051 0.410670
vt 0.560766 0.413815
vt 0.556879 0.413815
vt 0.555009 0.411944
vt 0.554595 0.409331
vt 0.555009 0.408057
vt 0.462171 0.537826
vt 0.464784 0.537412
vt 0.467142 0.538613
vt 0.468343 0.542310
vt 0.466058 0.545455
vt 0.463445 0.545868
vt 0.461087 0.544667
vt 0.459886 0.540971
vt 0.461087 0.538613
vt 0.466997 0.527941
vt 0.468336 0.527941
vt 0.471481 0.530225
vt 0.471895 0.531499
vt 0.471481 0.534112
vt 0.469610 0.535983
vt 0.465723 0.535983
vt 0.463438 0.532838
vt 0.463852 0.530225
vt 0.512096 0.491865
vt 0.515240 0.494149
vt 0.515240 0.498036
vt 0.514453 0.499120
vt 0.510756 0.500321
vt 0.509483 0.499907
vt 0.507198 0.496763
vt 0.508399 0.493066
vt 0.560655 0.422213
vt 0.560655 0.450574
vt 0.554595 0.450574
vt 0.554595 0.422213
vt 0.566715 0.422213
vt 0.566715 0.450574
vt 0.572775 0.422213
vt 0.572775 0.450574
vt 0.578835 0.422213
vt 0.578835 0.450574
vt 0.584895 0.422213
vt 0.584895 0.450574
vt 0.590955 0.422213
vt 0.590955 0.450574
vt 0.559046 0.414214
vt 0.590087 0.414214
vt 0.225102 0.799593
vt 0.225102 0.827954
vt 0.219042 0.827954
vt 0.219042 0.799593
vt 0.231162 0.799593
vt 0.231162 0.827954
vt 0.237222 0.799593
vt 0.237222 0.827954
vt 0.243282 0.799593
vt 0.243282 0.827954
vt 0.249342 0.799593
vt 0.249342 0.827954
vt 0.255402 0.799593
vt 0.255402 0.827954
vt 0.223494 0.791594
vt 0.254534 0.791594
vt 0.777408 0.630132
vt 0.777408 0.658492
vt 0.771348 0.658492
vt 0.771348 0.630132
vt 0.783468 0.630132
vt 0.783468 0.658492
vt 0.789528 0.630132
vt 0.789528 0.658492
vt 0.795588 0.630132
vt 0.795588 0.658492
vt 0.801648 0.630132
vt 0.801648 0.658492
vt 0.807708 0.630132
vt 0.807708 0.658492
vt 0.775800 0.622132
vt 0.806840 0.622132
vt 0.930723 0.360438
vt 0.930723 0.388799
vt 0.924664 0.388799
vt 0.924664 0.360438
vt 0.936784 0.360438
vt 0.936784 0.388799
vt 0.942843 0.360438
vt 0.942843 0.388799
vt 0.948904 0.360438
vt 0.948904 0.388799
vt 0.954964 0.360438
vt 0.954964 0.388799
vt 0.961024 0.360438
vt 0.961024 0.388799
vt 0.929115 0.352439
vt 0.960155 0.352439
vt 0.306756 0.317666
vt 0.306756 0.346027
vt 0.300696 0.346027
vt 0.300696 0.317666
vt 0.312816 0.317666
vt 0.312816 0.346027
vt 0.318876 0.317666
vt 0.318876 0.346027
vt 0.324936 0.317666
vt 0.324936 0.346027
vt 0.330996 0.317666
vt 0.330996 0.346027
vt 0.337056 0.317666
vt 0.337056 0.346027
vt 0.305148 0.309667
vt 0.336188 0.309667
vt 0.634553 0.703683
vt 0.634553 0.732044
vt 0.628493 0.732044
vt 0.628493 0.703683
vt 0.640613 0.703683
vt 0.640613 0.732044
vt 0.646673 0.703683
vt 0.646673 0.732044
vt 0.652733 0.703683
vt 0.652733 0.732044
vt 0.658793 0.703683
vt 0.658793 0.732044
vt 0.664853 0.703683
vt 0.664853 0.732044
vt 0.632945 0.695684
vt 0.663985 0.695684
vt 0.251389 0.154568
vt 0.251389 0.182929
vt 0.245329 0.182929
vt 0.245329 0.154568
vt 0.257449 0.154568
vt 0.257449 0.182929
vt 0.263509 0.154568
vt 0.263509 0.182929
vt 0.269569 0.154568
vt 0.269569 0.182929
vt 0.275629 0.154568
vt 0.275629 0.182929
vt 0.281689 0.154568
vt 0.281689 0.182929
vt 0.249781 0.146569
vt 0.280821 0.146569
vt 0.936808 0.630573
vt 0.936808 0.658934
vt 0.930748 0.658934
vt 0.930748 0.630573
vt 0.942867 0.630573
vt 0.942868 0.658934
vt 0.948927 0.630573
vt 0.948927 0.658934
vt 0.954987 0.630573
vt 0.954987 0.658934
vt 0.961047 0.630573
vt 0.961047 0.658934
vt 0.967107 0.630573
vt 0.967107 0.658934
vt 0.935199 0.622574
vt 0.966239 0.622574
vt 0.681709 0.920036
vt 0.681709 0.948397
vt 0.675649 0.948397
vt 0.675649 0.920036
vt 0.687769 0.920036
vt 0.687769 0.948397
vt 0.693829 0.920036
vt 0.693829 0.948397
vt 0.699889 0.920036
vt 0.699889 0.948397
vt 0.705949 0.920036
vt 0.705949 0.948397
vt 0.712009 0.920036
vt 0.712009 0.948397
vt 0.680101 0.912037
vt 0.711141 0.912037
vt 0.259360 0.455350
vt 0.259360 0.483711
vt 0.253300 0.483711
vt 0.253300 0.455350
vt 0.265420 0.455350
vt 0.265420 0.483711
vt 0.271480 0.455350
vt 0.271480 0.483711
vt 0.277540 0.455350
vt 0.277540 0.483711
vt 0.283600 0.455350
vt 0.283600 0.483711
vt 0.289660 0.455350
vt 0.289660 0.483711
vt 0.257752 0.447351
vt 0.288792 0.447351
vt 0.439976 0.797736
vt 0.439976 0.826097
vt 0.433916 0.826097
vt 0.433916 0.797736
vt 0.446036 0.797736
vt 0.446036 0.826097
vt 0.452096 0.797736
vt 0.452096 0.826097
vt 0.458156 0.797736
vt 0.458156 0.826097
vt 0.464216 0.797736
vt 0.464216 0.826097
vt 0.470276 0.797736
vt 0.470276 0.826097
vt 0.438368 0.789737
vt 0.469408 0.789737
vt 0.516344 0.655133
vt 0.516344 0.683494
vt 0.510284 0.683494
vt 0.510284 0.655133
vt 0.522404 0.655133
vt 0.522404 0.683494
vt 0.528464 0.655133
vt 0.528464 0.683494
vt 0.534524 0.655133
vt 0.534524 0.683494
vt 0.540584 0.655133
vt 0.540584 0.683494
vt 0.546644 0.655133
vt 0.546644 0.683494
vt 0.514736 0.647134
vt 0.545776 0.647134
vt 0.478969 0.517396
vt 0.478969 0.545757
vt 0.472909 0.545757
vt 0.472909 0.517396
vt 0.485029 0.517396
vt 0.485029 0.545757
vt 0.491089 0.517396
vt 0.491089 0.545757
vt 0.497149 0.517396
vt 0.497149 0.545757
vt 0.503209 0.517396
vt 0.503209 0.545757
vt 0.509269 0.517396
vt 0.509269 0.545757
vt 0.477361 0.509397
vt 0.508401 0.509397
vt 0.730252 0.459588
vt 0.730252 0.487949
vt 0.724192 0.487949
vt 0.724192 0.459588
vt 0.736312 0.459588
vt 0.736312 0.487949
vt 0.742372 0.459588
vt 0.742372 0.487949
vt 0.748432 0.459588
vt 0.748432 0.487949
vt 0.754492 0.459588
vt 0.754492 0.487949
vt 0.760552 0.459588
vt 0.760552 0.487949
vt 0.728644 0.451589
vt 0.759684 0.451589
vt 0.523280 0.319691
vt 0.523280 0.348051
vt 0.517220 0.348051
vt 0.517220 0.319691
vt 0.529340 0.319691
vt 0.529340 0.348051
vt 0.535400 0.319691
vt 0.535400 0.348051
vt 0.541460 0.319691
vt 0.541460 0.348051
vt 0.547520 0.319691
vt 0.547520 0.348051
vt 0.553580 0.319691
vt 0.553580 0.348051
vt 0.521672 0.311691
vt 0.552712 0.311691
vt 0.133776 0.500201
vt 0.133776 0.528561
vt 0.127716 0.528561
vt 0.127716 0.500201
vt 0.139836 0.500201
vt 0.139836 0.528561
vt 0.145896 0.500201
vt 0.145896 0.528561
vt 0.151956 0.500201
vt 0.151956 0.528561
vt 0.158016 0.500201
vt 0.158016 0.528561
vt 0.164076 0.500201
vt 0.164076 0.528561
vt 0.132168 0.492201
vt 0.163208 0.492201
vt 0.067688 0.439941
vt 0.067688 0.466477
vt 0.060923 0.466477
vt 0.060923 0.439941
vt 0.074452 0.439941
vt 0.074452 0.466477
vt 0.081217 0.439941
vt 0.081217 0.466477
vt 0.087982 0.439941
vt 0.087982 0.466477
vt 0.094747 0.439941
vt 0.094747 0.466477
vt 0.101512 0.439941
vt 0.101512 0.466477
vt 0.108276 0.439941
vt 0.108276 0.466477
vt 0.115041 0.439941
vt 0.115041 0.466477
vt 0.121806 0.439941
vt 0.121806 0.466477
vt 0.128571 0.439941
vt 0.128571 0.466477
vt 0.135336 0.439941
vt 0.135336 0.466477
vt 0.142101 0.439941
vt 0.142101 0.466477
vt 0.013569 0.439941
vt 0.013569 0.466477
vt 0.006804 0.466477
vt 0.006804 0.439941
vt 0.020334 0.439941
vt 0.020334 0.466477
vt 0.027099 0.439941
vt 0.027099 0.466477
vt 0.033863 0.439941
vt 0.033863 0.466477
vt 0.040628 0.439941
vt 0.040628 0.466477
vt 0.047393 0.439941
vt 0.047393 0.466477
vt 0.054158 0.439941
vt 0.054158 0.466477
vt 0.087982 0.469407
vt 0.081217 0.469407
vt 0.054158 0.469407
vt 0.054158 0.472567
vt 0.047393 0.472567
vt 0.047393 0.469407
vt 0.040628 0.472567
vt 0.040628 0.469407
vt 0.033863 0.472567
vt 0.033863 0.469407
vt 0.027099 0.472567
vt 0.027099 0.469407
vt 0.020334 0.472567
vt 0.020334 0.469407
vt 0.013569 0.472567
vt 0.013569 0.469407
vt 0.006804 0.472567
vt 0.006804 0.469407
vt 0.142101 0.469407
vt 0.142101 0.472567
vt 0.135336 0.472567
vt 0.135336 0.469407
vt 0.128571 0.472567
vt 0.128571 0.469407
vt 0.121806 0.472567
vt 0.121806 0.469407
vt 0.115041 0.472567
vt 0.115041 0.469407
vt 0.108276 0.472567
vt 0.108276 0.469407
vt 0.101512 0.472567
vt 0.101512 0.469407
vt 0.094747 0.472567
vt 0.094747 0.469407
vt 0.087982 0.472567
vt 0.081217 0.472567
vt 0.074452 0.472567
vt 0.074452 0.469407
vt 0.067688 0.472567
vt 0.067688 0.469407
vt 0.060923 0.472567
vt 0.060923 0.469407
vt 0.017192 0.066775
vt 0.018246 0.090002
vt 0.005596 0.090462
vt 0.005596 0.068756
vt 0.046634 0.067073
vt 0.049821 0.086974
vt 0.048747 0.087176
vt 0.045672 0.067275
vt 0.047544 0.066740
vt 0.051863 0.064851
vt 0.055626 0.085887
vt 0.050822 0.086784
vt 0.005173 0.042092
vt 0.003363 0.062073
vt 0.004052 0.041823
vt 0.006195 0.042161
vt 0.005536 0.062153
vt 0.004489 0.062114
vt 0.017603 0.040739
vt 0.017842 0.062148
vt 0.048345 0.040164
vt 0.048678 0.061849
vt 0.047436 0.061859
vt 0.047271 0.040280
vt 0.049409 0.039922
vt 0.054607 0.038490
vt 0.055448 0.061795
vt 0.049835 0.061834
vt 0.055832 0.038189
vt 0.004547 0.068721
vt 0.004520 0.090461
vt 0.003363 0.090459
vt 0.003390 0.068473
vt 0.034103 0.040277
vt 0.046281 0.040277
vt 0.046281 0.061866
vt 0.034103 0.061866
vt 0.033510 0.065972
vt 0.044731 0.067327
vt 0.047746 0.087361
vt 0.035007 0.088958
vt 0.029417 0.089296
vt 0.028138 0.065917
vt 0.028706 0.061931
vt 0.028515 0.040241
vt 0.023827 0.089640
vt 0.022625 0.066201
vt 0.023273 0.062023
vt 0.022979 0.040381
vt 0.005499 0.067471
vt 0.004871 0.066789
vt 0.005439 0.066803
vt 0.017039 0.065430
vt 0.051417 0.063655
vt 0.047081 0.065582
vt 0.046814 0.064953
vt 0.017493 0.039484
vt 0.006139 0.040970
vt 0.006100 0.040350
vt 0.044825 0.066087
vt 0.033618 0.064008
vt 0.044920 0.065432
vt 0.046330 0.065961
vt 0.046504 0.066551
vt 0.045622 0.066740
vt 0.051655 0.064278
vt 0.005264 0.041535
vt 0.004244 0.041207
vt 0.017551 0.040134
vt 0.006179 0.041587
vt 0.054446 0.037834
vt 0.049234 0.039291
vt 0.034104 0.039632
vt 0.033543 0.065336
vt 0.028128 0.065253
vt 0.028509 0.039602
vt 0.022951 0.039753
vt 0.795593 0.037166
vt 0.795593 0.058883
vt 0.790057 0.058883
vt 0.790057 0.037166
vt 0.801130 0.037166
vt 0.801130 0.058883
vt 0.806666 0.037166
vt 0.806666 0.058883
vt 0.812202 0.037166
vt 0.812202 0.058883
vt 0.817738 0.037166
vt 0.817738 0.058883
vt 0.823274 0.037166
vt 0.823274 0.058883
vt 0.828811 0.037166
vt 0.828811 0.058883
vt 0.834347 0.037166
vt 0.834347 0.058883
vt 0.839883 0.037166
vt 0.839883 0.058883
vt 0.845419 0.037166
vt 0.845419 0.058883
vt 0.740231 0.037166
vt 0.740231 0.058883
vt 0.734695 0.058883
vt 0.734695 0.037166
vt 0.745768 0.037166
vt 0.745768 0.058883
vt 0.751304 0.037166
vt 0.751304 0.058883
vt 0.756840 0.037166
vt 0.756840 0.058883
vt 0.762376 0.037166
vt 0.762376 0.058883
vt 0.767912 0.037166
vt 0.767912 0.058883
vt 0.773449 0.037166
vt 0.773449 0.058883
vt 0.778985 0.037166
vt 0.778985 0.058883
vt 0.784521 0.037166
vt 0.784521 0.058883
vt 0.828811 0.061282
vt 0.823274 0.061282
vt 0.784521 0.061282
vt 0.784521 0.063867
vt 0.778985 0.063867
vt 0.778985 0.061282
vt 0.773449 0.063867
vt 0.773449 0.061282
vt 0.767912 0.063867
vt 0.767912 0.061282
vt 0.762376 0.063867
vt 0.762376 0.061282
vt 0.756840 0.063867
vt 0.756840 0.061282
vt 0.751304 0.063867
vt 0.751304 0.061282
vt 0.745768 0.063867
vt 0.745768 0.061282
vt 0.740231 0.063867
vt 0.740231 0.061282
vt 0.734695 0.063867
vt 0.734695 0.061282
vt 0.845419 0.061282
vt 0.845419 0.063867
vt 0.839883 0.061282
vt 0.845419 0.066292
vt 0.839883 0.066292
vt 0.839883 0.063867
vt 0.834347 0.066292
vt 0.834347 0.063867
vt 0.828811 0.063867
vt 0.823274 0.066292
vt 0.817738 0.066292
vt 0.817738 0.063867
vt 0.812202 0.063867
vt 0.812202 0.061282
vt 0.806666 0.061282
vt 0.812202 0.066292
vt 0.806666 0.066292
vt 0.806666 0.063867
vt 0.801130 0.066292
vt 0.801130 0.063867
vt 0.795593 0.063867
vt 0.795593 0.061282
vt 0.790057 0.063867
vt 0.790057 0.061282
vt 0.012476 0.088579
vt 0.013054 0.067753
vt 0.013054 0.088569
vt 0.006184 0.088599
vt 0.006184 0.067753
vt 0.012476 0.067753
vt 0.044648 0.088569
vt 0.044648 0.067753
vt 0.045268 0.067753
vt 0.045268 0.088569
vt 0.041467 0.088593
vt 0.041467 0.067753
vt 0.044070 0.067753
vt 0.044070 0.088593
vt 0.040889 0.088569
vt 0.040268 0.088569
vt 0.040268 0.067753
vt 0.040889 0.067753
vt 0.033399 0.088599
vt 0.033399 0.067753
vt 0.039690 0.067753
vt 0.039690 0.088579
vt 0.018054 0.088569
vt 0.018054 0.067753
vt 0.018632 0.067753
vt 0.018632 0.088579
vt 0.016855 0.088593
vt 0.017434 0.067753
vt 0.017434 0.088569
vt 0.014253 0.088593
vt 0.014253 0.067753
vt 0.016855 0.067753
vt 0.013674 0.067753
vt 0.013674 0.088569
vt 0.024924 0.088599
vt 0.024924 0.067753
vt 0.052138 0.088599
vt 0.045846 0.088579
vt 0.045846 0.067753
vt 0.052138 0.067753
vt 0.054960 0.067753
vt 0.054960 0.088598
vt 0.027746 0.067753
vt 0.027746 0.088598
vt 0.057791 0.067753
vt 0.057791 0.088598
vt 0.003363 0.067753
vt 0.003363 0.088598
vt 0.030577 0.067753
vt 0.030577 0.088598
vt 0.006218 0.089206
vt 0.012553 0.089186
vt 0.044474 0.089836
vt 0.044606 0.089175
vt 0.045188 0.089175
vt 0.044941 0.089836
vt 0.044054 0.089199
vt 0.040449 0.089836
vt 0.040312 0.089175
vt 0.040915 0.089836
vt 0.033432 0.089206
vt 0.039767 0.089186
vt 0.017974 0.089175
vt 0.018519 0.089186
vt 0.017391 0.089175
vt 0.014233 0.089199
vt 0.016839 0.089199
vt 0.013098 0.089175
vt 0.013681 0.089175
vt 0.013701 0.089836
vt 0.018167 0.089843
vt 0.024639 0.089856
vt 0.024855 0.089206
vt 0.045733 0.089186
vt 0.052069 0.089206
vt 0.054924 0.089204
vt 0.027710 0.089204
vt 0.057791 0.089204
vt 0.003363 0.089204
vt 0.030577 0.089204
vt 0.093693 0.273972
vt 0.093693 0.281129
vt 0.090351 0.281129
vt 0.090351 0.273972
vt 0.097036 0.273972
vt 0.097036 0.281129
vt 0.100378 0.273972
vt 0.100378 0.281129
vt 0.103720 0.273972
vt 0.103720 0.281129
vt 0.107063 0.273972
vt 0.107063 0.281129
vt 0.043558 0.273972
vt 0.043558 0.281129
vt 0.040216 0.281129
vt 0.040216 0.273972
vt 0.046901 0.273972
vt 0.046901 0.281129
vt 0.050243 0.273972
vt 0.050243 0.281129
vt 0.053585 0.273972
vt 0.053585 0.281129
vt 0.056928 0.273972
vt 0.056928 0.281129
vt 0.060270 0.273972
vt 0.060270 0.281129
vt 0.063612 0.273972
vt 0.063612 0.281129
vt 0.066955 0.273972
vt 0.066955 0.281129
vt 0.070297 0.273972
vt 0.070297 0.281129
vt 0.073639 0.273972
vt 0.073639 0.281129
vt 0.076982 0.273972
vt 0.076982 0.281129
vt 0.080324 0.273972
vt 0.080324 0.281129
vt 0.083666 0.273972
vt 0.083666 0.281129
vt 0.087009 0.273972
vt 0.087009 0.281129
vt 0.090351 0.271871
vt 0.093693 0.271871
vt 0.097036 0.271871
vt 0.100378 0.271871
vt 0.103720 0.271871
vt 0.107063 0.271871
vt 0.040216 0.271871
vt 0.043558 0.271871
vt 0.046901 0.271871
vt 0.050243 0.271871
vt 0.053585 0.271871
vt 0.056928 0.271871
vt 0.060270 0.271871
vt 0.063612 0.271871
vt 0.066955 0.271871
vt 0.070297 0.271871
vt 0.073639 0.271871
vt 0.076982 0.271871
vt 0.080324 0.271871
vt 0.083666 0.271871
vt 0.087009 0.271871
vt 0.093693 0.266455
vt 0.097036 0.266455
vt 0.090351 0.266455
vt 0.087009 0.266455
vt 0.083666 0.266455
vt 0.080324 0.266455
vt 0.076982 0.266455
vt 0.073639 0.266455
vt 0.070297 0.266455
vt 0.066955 0.266455
vt 0.063612 0.266455
vt 0.060270 0.266455
vt 0.056928 0.266455
vt 0.053585 0.266455
vt 0.050243 0.266455
vt 0.046901 0.266455
vt 0.043558 0.266455
vt 0.040216 0.266455
vt 0.103720 0.266455
vt 0.107063 0.266455
vt 0.100378 0.266455
vt 0.080324 0.263970
vt 0.083666 0.263970
vt 0.087009 0.263970
vt 0.090351 0.263970
vt 0.093693 0.263970
vt 0.097036 0.263970
vt 0.100378 0.263970
vt 0.103720 0.263970
vt 0.107063 0.263970
vt 0.040216 0.263970
vt 0.043558 0.263970
vt 0.046901 0.263970
vt 0.050243 0.263970
vt 0.053585 0.263970
vt 0.056928 0.263970
vt 0.060270 0.263970
vt 0.063612 0.263970
vt 0.066955 0.263970
vt 0.070297 0.263970
vt 0.073639 0.263970
vt 0.076982 0.263970
vt 0.083666 0.247044
vt 0.087009 0.247044
vt 0.080324 0.247044
vt 0.076982 0.247044
vt 0.073639 0.247044
vt 0.070297 0.247044
vt 0.066955 0.247044
vt 0.063612 0.247044
vt 0.060270 0.247044
vt 0.056928 0.247044
vt 0.053585 0.247044
vt 0.050243 0.247044
vt 0.046901 0.247044
vt 0.043558 0.247044
vt 0.040216 0.247044
vt 0.103720 0.247044
vt 0.107063 0.247044
vt 0.100378 0.247044
vt 0.097036 0.247044
vt 0.093693 0.247044
vt 0.090351 0.247044
vt 0.100378 0.229708
vt 0.100378 0.233895
vt 0.097036 0.233895
vt 0.097036 0.229708
vt 0.097036 0.238411
vt 0.100378 0.238411
vt 0.097036 0.242906
vt 0.100378 0.242906
vt 0.103720 0.229708
vt 0.103720 0.233895
vt 0.103720 0.238411
vt 0.103720 0.242906
vt 0.107063 0.229708
vt 0.107063 0.233895
vt 0.107063 0.238411
vt 0.107063 0.242906
vt 0.043558 0.229708
vt 0.043558 0.233895
vt 0.040216 0.233895
vt 0.040216 0.229708
vt 0.040216 0.238411
vt 0.043558 0.238411
vt 0.040216 0.242906
vt 0.043558 0.242906
vt 0.046901 0.229708
vt 0.046901 0.233895
vt 0.046901 0.238411
vt 0.046901 0.242906
vt 0.050243 0.229708
vt 0.050243 0.233895
vt 0.050243 0.238411
vt 0.050243 0.242906
vt 0.053585 0.229708
vt 0.053585 0.233895
vt 0.053585 0.238411
vt 0.053585 0.242906
vt 0.056928 0.229708
vt 0.056928 0.233895
vt 0.056928 0.238411
vt 0.056928 0.242906
vt 0.060270 0.229708
vt 0.060270 0.233895
vt 0.060270 0.238411
vt 0.060270 0.242906
vt 0.063612 0.229708
vt 0.063612 0.233895
vt 0.063612 0.238411
vt 0.063612 0.242906
vt 0.066955 0.229708
vt 0.066955 0.233895
vt 0.066955 0.238411
vt 0.066955 0.242906
vt 0.070297 0.229708
vt 0.070297 0.233895
vt 0.070297 0.238411
vt 0.070297 0.242906
vt 0.073639 0.229708
vt 0.073639 0.233895
vt 0.073639 0.238411
vt 0.073639 0.242906
vt 0.076982 0.229708
vt 0.076982 0.233895
vt 0.076982 0.238411
vt 0.076982 0.242906
vt 0.080324 0.229708
vt 0.080324 0.233895
vt 0.080324 0.238411
vt 0.080324 0.242906
vt 0.083666 0.229708
vt 0.083666 0.233895
vt 0.083666 0.238411
vt 0.083666 0.242906
vt 0.087009 0.229708
vt 0.087009 0.233895
vt 0.087009 0.238411
vt 0.087009 0.242906
vt 0.090351 0.229708
vt 0.090351 0.233895
vt 0.090351 0.238411
vt 0.090351 0.242906
vt 0.093693 0.229708
vt 0.093693 0.233895
vt 0.093693 0.238411
vt 0.093693 0.242906
vt 0.093693 0.326407
vt 0.093693 0.333564
vt 0.090351 0.333564
vt 0.090351 0.326407
vt 0.097036 0.326407
vt 0.097036 0.333564
vt 0.100378 0.326407
vt 0.100378 0.333564
vt 0.103720 0.326407
vt 0.103720 0.333564
vt 0.107063 0.326407
vt 0.107063 0.333564
vt 0.043558 0.326407
vt 0.043558 0.333564
vt 0.040216 0.333564
vt 0.040216 0.326407
vt 0.046900 0.326407
vt 0.046900 0.333564
vt 0.050243 0.326407
vt 0.050243 0.333564
vt 0.053585 0.326407
vt 0.053585 0.333564
vt 0.056928 0.326407
vt 0.056928 0.333564
vt 0.060270 0.326407
vt 0.060270 0.333564
vt 0.063612 0.326407
vt 0.063612 0.333564
vt 0.066955 0.326407
vt 0.066955 0.333564
vt 0.070297 0.326407
vt 0.070297 0.333564
vt 0.073639 0.326407
vt 0.073639 0.333564
vt 0.076982 0.326407
vt 0.076982 0.333564
vt 0.080324 0.326407
vt 0.080324 0.333564
vt 0.083666 0.326407
vt 0.083666 0.333564
vt 0.087009 0.326407
vt 0.087009 0.333564
vt 0.090351 0.324306
vt 0.093693 0.324306
vt 0.097036 0.324306
vt 0.100378 0.324306
vt 0.103720 0.324306
vt 0.107063 0.324306
vt 0.040216 0.324306
vt 0.043558 0.324306
vt 0.046900 0.324306
vt 0.050243 0.324306
vt 0.053585 0.324306
vt 0.056928 0.324306
vt 0.060270 0.324306
vt 0.063612 0.324306
vt 0.066955 0.324306
vt 0.070297 0.324306
vt 0.073639 0.324306
vt 0.076982 0.324306
vt 0.080324 0.324306
vt 0.083666 0.324306
vt 0.087009 0.324306
vt 0.093693 0.318890
vt 0.097036 0.318890
vt 0.090351 0.318890
vt 0.087009 0.318890
vt 0.083666 0.318890
vt 0.080324 0.318890
vt 0.076982 0.318890
vt 0.073639 0.318890
vt 0.070297 0.318890
vt 0.066955 0.318890
vt 0.063612 0.318890
vt 0.060270 0.318890
vt 0.056928 0.318890
vt 0.053585 0.318890
vt 0.050243 0.318890
vt 0.046900 0.318890
vt 0.043558 0.318890
vt 0.040216 0.318890
vt 0.103720 0.318890
vt 0.107063 0.318890
vt 0.100378 0.318890
vt 0.080324 0.316405
vt 0.083666 0.316405
vt 0.087009 0.316405
vt 0.090351 0.316405
vt 0.093693 0.316405
vt 0.097036 0.316405
vt 0.100378 0.316405
vt 0.103720 0.316405
vt 0.107063 0.316405
vt 0.040216 0.316405
vt 0.043558 0.316405
vt 0.046900 0.316405
vt 0.050243 0.316405
vt 0.053585 0.316405
vt 0.056928 0.316405
vt 0.060270 0.316405
vt 0.063612 0.316405
vt 0.066955 0.316405
vt 0.070297 0.316405
vt 0.073639 0.316405
vt 0.076982 0.316405
vt 0.083666 0.299479
vt 0.087009 0.299479
vt 0.080324 0.299479
vt 0.076982 0.299479
vt 0.073639 0.299479
vt 0.070297 0.299479
vt 0.066955 0.299479
vt 0.063612 0.299479
vt 0.060270 0.299479
vt 0.056928 0.299479
vt 0.053585 0.299479
vt 0.050243 0.299479
vt 0.046900 0.299479
vt 0.043558 0.299479
vt 0.040216 0.299479
vt 0.103720 0.299479
vt 0.107063 0.299479
vt 0.100378 0.299479
vt 0.097036 0.299479
vt 0.093693 0.299479
vt 0.090351 0.299479
vt 0.100378 0.282143
vt 0.100378 0.286330
vt 0.097036 0.286330
vt 0.097036 0.282143
vt 0.097036 0.290846
vt 0.100378 0.290846
vt 0.097036 0.295341
vt 0.100378 0.295341
vt 0.103720 0.282143
vt 0.103720 0.286330
vt 0.103720 0.290846
vt 0.103720 0.295341
vt 0.107063 0.282143
vt 0.107063 0.286330
vt 0.107063 0.290846
vt 0.107063 0.295341
vt 0.043558 0.282143
vt 0.043558 0.286330
vt 0.040216 0.286330
vt 0.040216 0.290846
vt 0.043558 0.290846
vt 0.040216 0.295341
vt 0.043558 0.295341
vt 0.046900 0.282143
vt 0.046900 0.286330
vt 0.046900 0.290846
vt 0.046900 0.295341
vt 0.050243 0.282143
vt 0.050243 0.286330
vt 0.050243 0.290846
vt 0.050243 0.295341
vt 0.053585 0.282143
vt 0.053585 0.286330
vt 0.053585 0.290846
vt 0.053585 0.295341
vt 0.056928 0.282143
vt 0.056928 0.286330
vt 0.056928 0.290846
vt 0.056928 0.295341
vt 0.060270 0.282143
vt 0.060270 0.286330
vt 0.060270 0.290846
vt 0.060270 0.295341
vt 0.063612 0.282143
vt 0.063612 0.286330
vt 0.063612 0.290846
vt 0.063612 0.295341
vt 0.066955 0.282143
vt 0.066955 0.286330
vt 0.066955 0.290846
vt 0.066955 0.295341
vt 0.070297 0.282143
vt 0.070297 0.286330
vt 0.070297 0.290846
vt 0.070297 0.295341
vt 0.073639 0.282143
vt 0.073639 0.286330
vt 0.073639 0.290846
vt 0.073639 0.295341
vt 0.076982 0.282143
vt 0.076982 0.286330
vt 0.076982 0.290846
vt 0.076982 0.295341
vt 0.080324 0.282143
vt 0.080324 0.286330
vt 0.080324 0.290846
vt 0.080324 0.295341
vt 0.083666 0.282143
vt 0.083666 0.286330
vt 0.083666 0.290846
vt 0.083666 0.295341
vt 0.087009 0.282143
vt 0.087009 0.286330
vt 0.087009 0.290846
vt 0.087009 0.295341
vt 0.090351 0.282143
vt 0.090351 0.286330
vt 0.090351 0.290846
vt 0.090351 0.295341
vt 0.093693 0.282143
vt 0.093693 0.286330
vt 0.093693 0.290846
vt 0.093693 0.295341
vt 0.093693 0.431277
vt 0.093693 0.438433
vt 0.090351 0.438433
vt 0.090351 0.431277
vt 0.097036 0.431277
vt 0.097036 0.438433
vt 0.100378 0.431277
vt 0.100378 0.438433
vt 0.103720 0.431277
vt 0.103720 0.438433
vt 0.107063 0.431277
vt 0.107063 0.438433
vt 0.043558 0.431277
vt 0.043558 0.438433
vt 0.040216 0.438433
vt 0.040216 0.431277
vt 0.046900 0.431277
vt 0.046900 0.438433
vt 0.050243 0.431277
vt 0.050243 0.438433
vt 0.053585 0.431277
vt 0.053585 0.438433
vt 0.056927 0.431277
vt 0.056927 0.438433
vt 0.060270 0.431277
vt 0.060270 0.438433
vt 0.063612 0.431277
vt 0.063612 0.438433
vt 0.066955 0.431277
vt 0.066955 0.438433
vt 0.070297 0.431277
vt 0.070297 0.438433
vt 0.073639 0.431277
vt 0.073639 0.438433
vt 0.076982 0.431277
vt 0.076982 0.438433
vt 0.080324 0.431277
vt 0.080324 0.438433
vt 0.083666 0.431277
vt 0.083666 0.438433
vt 0.087009 0.431277
vt 0.087009 0.438433
vt 0.090351 0.429176
vt 0.093693 0.429176
vt 0.097036 0.429176
vt 0.100378 0.429176
vt 0.103720 0.429176
vt 0.107063 0.429176
vt 0.040216 0.429176
vt 0.043558 0.429176
vt 0.046900 0.429176
vt 0.050243 0.429176
vt 0.053585 0.429176
vt 0.056927 0.429176
vt 0.060270 0.429176
vt 0.063612 0.429176
vt 0.066955 0.429176
vt 0.070297 0.429176
vt 0.073639 0.429176
vt 0.076982 0.429176
vt 0.080324 0.429176
vt 0.083666 0.429176
vt 0.087009 0.429176
vt 0.093693 0.423760
vt 0.097036 0.423760
vt 0.090351 0.423760
vt 0.087009 0.423760
vt 0.083666 0.423760
vt 0.080324 0.423760
vt 0.076982 0.423760
vt 0.073639 0.423760
vt 0.070297 0.423760
vt 0.066955 0.423760
vt 0.063612 0.423760
vt 0.060270 0.423760
vt 0.056927 0.423760
vt 0.053585 0.423760
vt 0.050243 0.423760
vt 0.046900 0.423760
vt 0.043558 0.423760
vt 0.040216 0.423760
vt 0.103720 0.423760
vt 0.107063 0.423760
vt 0.100378 0.423760
vt 0.080324 0.421275
vt 0.083666 0.421275
vt 0.087009 0.421275
vt 0.090351 0.421275
vt 0.093693 0.421275
vt 0.097036 0.421275
vt 0.100378 0.421275
vt 0.103720 0.421275
vt 0.107063 0.421275
vt 0.040216 0.421275
vt 0.043558 0.421275
vt 0.046900 0.421275
vt 0.050243 0.421275
vt 0.053585 0.421275
vt 0.056927 0.421275
vt 0.060270 0.421275
vt 0.063612 0.421275
vt 0.066955 0.421275
vt 0.070297 0.421275
vt 0.073639 0.421275
vt 0.076982 0.421275
vt 0.083666 0.404349
vt 0.087009 0.404349
vt 0.080324 0.404349
vt 0.076982 0.404349
vt 0.073639 0.404349
vt 0.070297 0.404349
vt 0.066955 0.404349
vt 0.063612 0.404349
vt 0.060270 0.404349
vt 0.056927 0.404349
vt 0.053585 0.404349
vt 0.050243 0.404349
vt 0.046900 0.404349
vt 0.043558 0.404349
vt 0.040216 0.404349
vt 0.103720 0.404349
vt 0.107063 0.404349
vt 0.100378 0.404349
vt 0.097036 0.404349
vt 0.093693 0.404349
vt 0.090351 0.404349
vt 0.100378 0.387013
vt 0.100378 0.391199
vt 0.097036 0.391199
vt 0.097036 0.387013
vt 0.097036 0.395716
vt 0.100378 0.395716
vt 0.097036 0.400210
vt 0.100378 0.400210
vt 0.103720 0.387013
vt 0.103720 0.391199
vt 0.103720 0.395716
vt 0.103720 0.400210
vt 0.107063 0.387013
vt 0.107063 0.391199
vt 0.107063 0.395716
vt 0.107063 0.400210
vt 0.043558 0.387013
vt 0.043558 0.391199
vt 0.040216 0.391199
vt 0.040216 0.395716
vt 0.043558 0.395716
vt 0.040216 0.400210
vt 0.043558 0.400210
vt 0.046900 0.387013
vt 0.046900 0.391199
vt 0.046900 0.395716
vt 0.046900 0.400210
vt 0.050243 0.387013
vt 0.050243 0.391199
vt 0.050243 0.395716
vt 0.050243 0.400210
vt 0.053585 0.387013
vt 0.053585 0.391199
vt 0.053585 0.395716
vt 0.053585 0.400210
vt 0.056927 0.387013
vt 0.056927 0.391199
vt 0.056927 0.395716
vt 0.056927 0.400210
vt 0.060270 0.387013
vt 0.060270 0.391199
vt 0.060270 0.395716
vt 0.060270 0.400210
vt 0.063612 0.387013
vt 0.063612 0.391199
vt 0.063612 0.395716
vt 0.063612 0.400210
vt 0.066955 0.387013
vt 0.066955 0.391199
vt 0.066955 0.395716
vt 0.066955 0.400210
vt 0.070297 0.387013
vt 0.070297 0.391199
vt 0.070297 0.395716
vt 0.070297 0.400210
vt 0.073639 0.387013
vt 0.073639 0.391199
vt 0.073639 0.395716
vt 0.073639 0.400210
vt 0.076982 0.387013
vt 0.076982 0.391199
vt 0.076982 0.395716
vt 0.076982 0.400210
vt 0.080324 0.387013
vt 0.080324 0.391199
vt 0.080324 0.395716
vt 0.080324 0.400210
vt 0.083666 0.387013
vt 0.083666 0.391199
vt 0.083666 0.395716
vt 0.083666 0.400210
vt 0.087009 0.387013
vt 0.087009 0.391199
vt 0.087009 0.395716
vt 0.087009 0.400210
vt 0.090351 0.387013
vt 0.090351 0.391199
vt 0.090351 0.395716
vt 0.090351 0.400210
vt 0.093693 0.387013
vt 0.093693 0.391199
vt 0.093693 0.395716
vt 0.093693 0.400210
vt 0.055348 0.930564
vt 0.055348 0.937720
vt 0.052006 0.937720
vt 0.052006 0.930564
vt 0.058691 0.930564
vt 0.058691 0.937720
vt 0.062033 0.930564
vt 0.062033 0.937720
vt 0.065375 0.930564
vt 0.065375 0.937720
vt 0.068718 0.930564
vt 0.068718 0.937720
vt 0.005213 0.930564
vt 0.005213 0.937720
vt 0.001871 0.937720
vt 0.001871 0.930564
vt 0.008556 0.930564
vt 0.008556 0.937720
vt 0.011898 0.930564
vt 0.011898 0.937720
vt 0.015240 0.930564
vt 0.015240 0.937720
vt 0.018583 0.930564
vt 0.018583 0.937720
vt 0.021925 0.930564
vt 0.021925 0.937720
vt 0.025267 0.930564
vt 0.025267 0.937720
vt 0.028610 0.930564
vt 0.028610 0.937720
vt 0.031952 0.930564
vt 0.031952 0.937720
vt 0.035294 0.930564
vt 0.035294 0.937720
vt 0.038637 0.930564
vt 0.038637 0.937720
vt 0.041979 0.930564
vt 0.041979 0.937720
vt 0.045321 0.930564
vt 0.045321 0.937720
vt 0.048664 0.930564
vt 0.048664 0.937720
vt 0.052006 0.928463
vt 0.055348 0.928463
vt 0.058691 0.928463
vt 0.062033 0.928463
vt 0.065375 0.928463
vt 0.068718 0.928463
vt 0.001871 0.928463
vt 0.005213 0.928463
vt 0.008556 0.928463
vt 0.011898 0.928463
vt 0.015240 0.928463
vt 0.018583 0.928463
vt 0.021925 0.928463
vt 0.025267 0.928463
vt 0.028610 0.928463
vt 0.031952 0.928463
vt 0.035294 0.928463
vt 0.038637 0.928463
vt 0.041979 0.928463
vt 0.045321 0.928463
vt 0.048664 0.928463
vt 0.055348 0.923047
vt 0.058691 0.923047
vt 0.052006 0.923047
vt 0.048664 0.923047
vt 0.045321 0.923047
vt 0.041979 0.923047
vt 0.038637 0.923047
vt 0.035294 0.923047
vt 0.031952 0.923047
vt 0.028610 0.923047
vt 0.025267 0.923047
vt 0.021925 0.923047
vt 0.018583 0.923047
vt 0.015240 0.923047
vt 0.011898 0.923047
vt 0.008556 0.923047
vt 0.005213 0.923047
vt 0.001871 0.923047
vt 0.065375 0.923047
vt 0.068718 0.923047
vt 0.062033 0.923047
vt 0.041979 0.920562
vt 0.045321 0.920562
vt 0.048664 0.920562
vt 0.052006 0.920562
vt 0.055348 0.920562
vt 0.058691 0.920562
vt 0.062033 0.920562
vt 0.065375 0.920562
vt 0.068718 0.920562
vt 0.001871 0.920562
vt 0.005213 0.920562
vt 0.008556 0.920562
vt 0.011898 0.920562
vt 0.015240 0.920562
vt 0.018583 0.920562
vt 0.021925 0.920562
vt 0.025267 0.920562
vt 0.028610 0.920562
vt 0.031952 0.920562
vt 0.035294 0.920562
vt 0.038637 0.920562
vt 0.045321 0.903636
vt 0.048664 0.903636
vt 0.041979 0.903636
vt 0.038637 0.903636
vt 0.035294 0.903636
vt 0.031952 0.903636
vt 0.028610 0.903636
vt 0.025267 0.903636
vt 0.021925 0.903636
vt 0.018583 0.903636
vt 0.015240 0.903636
vt 0.011898 0.903636
vt 0.008556 0.903636
vt 0.005213 0.903636
vt 0.001871 0.903636
vt 0.065375 0.903636
vt 0.068718 0.903636
vt 0.062033 0.903636
vt 0.058691 0.903636
vt 0.055348 0.903636
vt 0.052006 0.903636
vt 0.062033 0.886300
vt 0.062033 0.890486
vt 0.058691 0.890486
vt 0.058691 0.895003
vt 0.062033 0.895003
vt 0.058691 0.899497
vt 0.062033 0.899497
vt 0.065375 0.886300
vt 0.065375 0.890486
vt 0.065375 0.895003
vt 0.065375 0.899497
vt 0.068718 0.886300
vt 0.068718 0.890486
vt 0.068718 0.895003
vt 0.068718 0.899497
vt 0.005213 0.886300
vt 0.005213 0.890486
vt 0.001871 0.890486
vt 0.001871 0.895003
vt 0.005213 0.895003
vt 0.001871 0.899497
vt 0.005213 0.899497
vt 0.008556 0.886300
vt 0.008556 0.890486
vt 0.008556 0.895003
vt 0.008556 0.899497
vt 0.011898 0.886300
vt 0.011898 0.890486
vt 0.011898 0.895003
vt 0.011898 0.899497
vt 0.015240 0.886300
vt 0.015240 0.890486
vt 0.015240 0.895003
vt 0.015240 0.899497
vt 0.018583 0.886300
vt 0.018583 0.890486
vt 0.018583 0.895003
vt 0.018583 0.899497
vt 0.021925 0.886300
vt 0.021925 0.890486
vt 0.021925 0.895003
vt 0.021925 0.899497
vt 0.025267 0.886300
vt 0.025267 0.890486
vt 0.025267 0.895003
vt 0.025267 0.899497
vt 0.028610 0.886300
vt 0.028610 0.890486
vt 0.028610 0.895003
vt 0.028610 0.899497
vt 0.031952 0.886300
vt 0.031952 0.890486
vt 0.031952 0.895003
vt 0.031952 0.899497
vt 0.035294 0.886300
vt 0.035294 0.890486
vt 0.035294 0.895003
vt 0.035294 0.899497
vt 0.038637 0.886300
vt 0.038637 0.890486
vt 0.038637 0.895003
vt 0.038637 0.899497
vt 0.041979 0.886300
vt 0.041979 0.890486
vt 0.041979 0.895003
vt 0.041979 0.899497
vt 0.045321 0.886300
vt 0.045321 0.890486
vt 0.045321 0.895003
vt 0.045321 0.899497
vt 0.048664 0.886300
vt 0.048664 0.890486
vt 0.048664 0.895003
vt 0.048664 0.899497
vt 0.052006 0.886300
vt 0.052006 0.890486
vt 0.052006 0.895003
vt 0.052006 0.899497
vt 0.055348 0.886300
vt 0.055348 0.890486
vt 0.055348 0.895003
vt 0.055348 0.899497
vt 0.058691 0.886300
vt 0.058047 0.774107
vt 0.058047 0.781263
vt 0.054705 0.781263
vt 0.054705 0.774107
vt 0.061389 0.774107
vt 0.061389 0.781263
vt 0.064732 0.774107
vt 0.064732 0.781263
vt 0.068074 0.774107
vt 0.068074 0.781263
vt 0.071416 0.774107
vt 0.071416 0.781263
vt 0.007912 0.774107
vt 0.007912 0.781263
vt 0.004569 0.781263
vt 0.004569 0.774107
vt 0.011254 0.774107
vt 0.011254 0.781263
vt 0.014596 0.774107
vt 0.014596 0.781263
vt 0.017939 0.774107
vt 0.017939 0.781263
vt 0.021281 0.774107
vt 0.021281 0.781263
vt 0.024623 0.774107
vt 0.024623 0.781263
vt 0.027966 0.774107
vt 0.027966 0.781263
vt 0.031308 0.774107
vt 0.031308 0.781263
vt 0.034650 0.774107
vt 0.034650 0.781263
vt 0.037993 0.774107
vt 0.037993 0.781263
vt 0.041335 0.774107
vt 0.041335 0.781263
vt 0.044677 0.774107
vt 0.044677 0.781263
vt 0.048020 0.774107
vt 0.048020 0.781263
vt 0.051362 0.774107
vt 0.051362 0.781263
vt 0.054705 0.772006
vt 0.058047 0.772006
vt 0.061389 0.772006
vt 0.064732 0.772006
vt 0.068074 0.772006
vt 0.071416 0.772006
vt 0.004569 0.772006
vt 0.007912 0.772006
vt 0.011254 0.772006
vt 0.014596 0.772006
vt 0.017939 0.772006
vt 0.021281 0.772006
vt 0.024623 0.772006
vt 0.027966 0.772006
vt 0.031308 0.772006
vt 0.034650 0.772006
vt 0.037993 0.772006
vt 0.041335 0.772006
vt 0.044677 0.772006
vt 0.048020 0.772006
vt 0.051362 0.772006
vt 0.058047 0.766590
vt 0.061389 0.766590
vt 0.054705 0.766590
vt 0.051362 0.766590
vt 0.048020 0.766590
vt 0.044677 0.766590
vt 0.041335 0.766590
vt 0.037993 0.766590
vt 0.034650 0.766590
vt 0.031308 0.766590
vt 0.027966 0.766590
vt 0.024623 0.766590
vt 0.021281 0.766590
vt 0.017939 0.766590
vt 0.014596 0.766590
vt 0.011254 0.766590
vt 0.007912 0.766590
vt 0.004569 0.766590
vt 0.068074 0.766590
vt 0.071416 0.766590
vt 0.064732 0.766590
vt 0.044677 0.764105
vt 0.048020 0.764105
vt 0.051362 0.764105
vt 0.054705 0.764105
vt 0.058047 0.764105
vt 0.061389 0.764105
vt 0.064732 0.764105
vt 0.068074 0.764105
vt 0.071416 0.764105
vt 0.004569 0.764105
vt 0.007912 0.764105
vt 0.011254 0.764105
vt 0.014596 0.764105
vt 0.017939 0.764105
vt 0.021281 0.764105
vt 0.024623 0.764105
vt 0.027966 0.764105
vt 0.031308 0.764105
vt 0.034650 0.764105
vt 0.037993 0.764105
vt 0.041335 0.764105
vt 0.048020 0.747179
vt 0.051362 0.747179
vt 0.044677 0.747179
vt 0.041335 0.747179
vt 0.037993 0.747179
vt 0.034650 0.747179
vt 0.031308 0.747179
vt 0.027966 0.747179
vt 0.024623 0.747179
vt 0.021281 0.747179
vt 0.017939 0.747179
vt 0.014596 0.747179
vt 0.011254 0.747179
vt 0.007912 0.747179
vt 0.004569 0.747179
vt 0.068074 0.747179
vt 0.071416 0.747179
vt 0.064732 0.747179
vt 0.061389 0.747179
vt 0.058047 0.747179
vt 0.054705 0.747179
vt 0.064732 0.729843
vt 0.064732 0.734030
vt 0.061389 0.734030
vt 0.061389 0.729843
vt 0.061389 0.738546
vt 0.064732 0.738546
vt 0.061389 0.743040
vt 0.064732 0.743040
vt 0.068074 0.729843
vt 0.068074 0.734030
vt 0.068074 0.738546
vt 0.068074 0.743040
vt 0.071416 0.729843
vt 0.071416 0.734030
vt 0.071416 0.738546
vt 0.071416 0.743040
vt 0.007912 0.729843
vt 0.007912 0.734030
vt 0.004569 0.734030
vt 0.004569 0.729843
vt 0.004569 0.738546
vt 0.007912 0.738546
vt 0.004569 0.743040
vt 0.007912 0.743040
vt 0.011254 0.729843
vt 0.011254 0.734030
vt 0.011254 0.738546
vt 0.011254 0.743040
vt 0.014596 0.729843
vt 0.014596 0.734030
vt 0.014596 0.738546
vt 0.014596 0.743040
vt 0.017939 0.729843
vt 0.017939 0.734030
vt 0.017939 0.738546
vt 0.017939 0.743040
vt 0.021281 0.729843
vt 0.021281 0.734030
vt 0.021281 0.738546
vt 0.021281 0.743040
vt 0.024623 0.729843
vt 0.024623 0.734030
vt 0.024623 0.738546
vt 0.024623 0.743040
vt 0.027966 0.729843
vt 0.027966 0.734030
vt 0.027966 0.738546
vt 0.027966 0.743040
vt 0.031308 0.729843
vt 0.031308 0.734030
vt 0.031308 0.738546
vt 0.031308 0.743040
vt 0.034650 0.729843
vt 0.034650 0.734030
vt 0.034650 0.738546
vt 0.034650 0.743040
vt 0.037993 0.729843
vt 0.037993 0.734030
vt 0.037993 0.738546
vt 0.037993 0.743040
vt 0.041335 0.729843
vt 0.041335 0.734030
vt 0.041335 0.738546
vt 0.041335 0.743040
vt 0.044677 0.729843
vt 0.044677 0.734030
vt 0.044677 0.738546
vt 0.044677 0.743040
vt 0.048020 0.729843
vt 0.048020 0.734030
vt 0.048020 0.738546
vt 0.048020 0.743040
vt 0.051362 0.729843
vt 0.051362 0.734030
vt 0.051362 0.738546
vt 0.051362 0.743040
vt 0.054705 0.729843
vt 0.054705 0.734030
vt 0.054705 0.738546
vt 0.054705 0.743040
vt 0.058047 0.729843
vt 0.058047 0.734030
vt 0.058047 0.738546
vt 0.058047 0.743040
vt 0.093693 0.378842
vt 0.093693 0.385998
vt 0.090351 0.385998
vt 0.090351 0.378842
vt 0.097036 0.378842
vt 0.097036 0.385998
vt 0.100378 0.378842
vt 0.100378 0.385998
vt 0.103720 0.378842
vt 0.103720 0.385998
vt 0.107063 0.378842
vt 0.107063 0.385998
vt 0.043558 0.378842
vt 0.043558 0.385998
vt 0.040216 0.385998
vt 0.040216 0.378842
vt 0.046901 0.378842
vt 0.046901 0.385998
vt 0.050243 0.378842
vt 0.050243 0.385998
vt 0.053585 0.378842
vt 0.053585 0.385998
vt 0.056928 0.378842
vt 0.056928 0.385998
vt 0.060270 0.378842
vt 0.060270 0.385998
vt 0.063612 0.378842
vt 0.063612 0.385998
vt 0.066955 0.378842
vt 0.066955 0.385998
vt 0.070297 0.378842
vt 0.070297 0.385998
vt 0.073639 0.378842
vt 0.073639 0.385998
vt 0.076982 0.378842
vt 0.076982 0.385998
vt 0.080324 0.378842
vt 0.080324 0.385998
vt 0.083666 0.378842
vt 0.083666 0.385998
vt 0.087009 0.378842
vt 0.087009 0.385998
vt 0.090351 0.376741
vt 0.093693 0.376741
vt 0.097036 0.376741
vt 0.100378 0.376741
vt 0.103720 0.376741
vt 0.107063 0.376741
vt 0.040216 0.376741
vt 0.043558 0.376741
vt 0.046901 0.376741
vt 0.050243 0.376741
vt 0.053585 0.376741
vt 0.056928 0.376741
vt 0.060270 0.376741
vt 0.063612 0.376741
vt 0.066955 0.376741
vt 0.070297 0.376741
vt 0.073639 0.376741
vt 0.076982 0.376741
vt 0.080324 0.376741
vt 0.083666 0.376741
vt 0.087009 0.376741
vt 0.093693 0.371325
vt 0.097036 0.371325
vt 0.090351 0.371325
vt 0.087009 0.371325
vt 0.083666 0.371325
vt 0.080324 0.371325
vt 0.076982 0.371325
vt 0.073639 0.371325
vt 0.070297 0.371325
vt 0.066955 0.371325
vt 0.063612 0.371325
vt 0.060270 0.371325
vt 0.056928 0.371325
vt 0.053585 0.371325
vt 0.050243 0.371325
vt 0.046901 0.371325
vt 0.043558 0.371325
vt 0.040216 0.371325
vt 0.103720 0.371325
vt 0.107063 0.371325
vt 0.100378 0.371325
vt 0.080324 0.368840
vt 0.083666 0.368840
vt 0.087009 0.368840
vt 0.090351 0.368840
vt 0.093693 0.368840
vt 0.097036 0.368840
vt 0.100378 0.368840
vt 0.103720 0.368840
vt 0.107063 0.368840
vt 0.040216 0.368840
vt 0.043558 0.368840
vt 0.046901 0.368840
vt 0.050243 0.368840
vt 0.053585 0.368840
vt 0.056928 0.368840
vt 0.060270 0.368840
vt 0.063612 0.368840
vt 0.066955 0.368840
vt 0.070297 0.368840
vt 0.073639 0.368840
vt 0.076982 0.368840
vt 0.083666 0.351914
vt 0.087009 0.351914
vt 0.080324 0.351914
vt 0.076982 0.351914
vt 0.073639 0.351914
vt 0.070297 0.351914
vt 0.066955 0.351914
vt 0.063612 0.351914
vt 0.060270 0.351914
vt 0.056928 0.351914
vt 0.053585 0.351914
vt 0.050243 0.351914
vt 0.046901 0.351914
vt 0.043558 0.351914
vt 0.040216 0.351914
vt 0.103720 0.351914
vt 0.107063 0.351914
vt 0.100378 0.351914
vt 0.097036 0.351914
vt 0.093693 0.351914
vt 0.090351 0.351914
vt 0.100378 0.334578
vt 0.100378 0.338764
vt 0.097036 0.338764
vt 0.097036 0.343281
vt 0.100378 0.343281
vt 0.097036 0.347775
vt 0.100378 0.347775
vt 0.103720 0.334578
vt 0.103720 0.338764
vt 0.103720 0.343281
vt 0.103720 0.347775
vt 0.107063 0.334578
vt 0.107063 0.338764
vt 0.107063 0.343281
vt 0.107063 0.347775
vt 0.043558 0.334578
vt 0.043558 0.338764
vt 0.040216 0.338764
vt 0.040216 0.343281
vt 0.043558 0.343281
vt 0.040216 0.347775
vt 0.043558 0.347775
vt 0.046901 0.334578
vt 0.046901 0.338764
vt 0.046901 0.343281
vt 0.046901 0.347775
vt 0.050243 0.334578
vt 0.050243 0.338764
vt 0.050243 0.343281
vt 0.050243 0.347775
vt 0.053585 0.334578
vt 0.053585 0.338764
vt 0.053585 0.343281
vt 0.053585 0.347775
vt 0.056928 0.334578
vt 0.056928 0.338764
vt 0.056928 0.343281
vt 0.056928 0.347775
vt 0.060270 0.334578
vt 0.060270 0.338764
vt 0.060270 0.343281
vt 0.060270 0.347775
vt 0.063612 0.334578
vt 0.063612 0.338764
vt 0.063612 0.343281
vt 0.063612 0.347775
vt 0.066955 0.334578
vt 0.066955 0.338764
vt 0.066955 0.343281
vt 0.066955 0.347775
vt 0.070297 0.334578
vt 0.070297 0.338764
vt 0.070297 0.343281
vt 0.070297 0.347775
vt 0.073639 0.334578
vt 0.073639 0.338764
vt 0.073639 0.343281
vt 0.073639 0.347775
vt 0.076982 0.334578
vt 0.076982 0.338764
vt 0.076982 0.343281
vt 0.076982 0.347775
vt 0.080324 0.334578
vt 0.080324 0.338764
vt 0.080324 0.343281
vt 0.080324 0.347775
vt 0.083666 0.334578
vt 0.083666 0.338764
vt 0.083666 0.343281
vt 0.083666 0.347775
vt 0.087009 0.334578
vt 0.087009 0.338764
vt 0.087009 0.343281
vt 0.087009 0.347775
vt 0.090351 0.334578
vt 0.090351 0.338764
vt 0.090351 0.343281
vt 0.090351 0.347775
vt 0.093693 0.334578
vt 0.093693 0.338764
vt 0.093693 0.343281
vt 0.093693 0.347775
vt 0.097036 0.334578
vt 0.042440 0.228694
vt 0.042440 0.220637
vt 0.048035 0.220637
vt 0.048035 0.228694
vt 0.148760 0.228694
vt 0.148760 0.220637
vt 0.154356 0.220637
vt 0.154356 0.228694
vt 0.143165 0.228694
vt 0.143165 0.220637
vt 0.137569 0.228694
vt 0.137569 0.220637
vt 0.131973 0.228694
vt 0.131973 0.220637
vt 0.126377 0.228694
vt 0.126377 0.220637
vt 0.120781 0.228694
vt 0.120781 0.220637
vt 0.115185 0.228694
vt 0.115185 0.220637
vt 0.109589 0.228694
vt 0.109589 0.220637
vt 0.103994 0.228694
vt 0.103994 0.220637
vt 0.098398 0.228694
vt 0.098398 0.220637
vt 0.092802 0.228694
vt 0.092802 0.220637
vt 0.087206 0.228694
vt 0.087206 0.220637
vt 0.081610 0.228694
vt 0.081610 0.220637
vt 0.076014 0.228694
vt 0.076014 0.220637
vt 0.070419 0.228694
vt 0.070419 0.220637
vt 0.064823 0.228694
vt 0.064823 0.220637
vt 0.059227 0.228694
vt 0.059227 0.220637
vt 0.053631 0.228694
vt 0.053631 0.220637
vt 0.852925 0.116091
vt 0.852925 0.110440
vt 0.858745 0.110440
vt 0.858745 0.116091
vt 0.963517 0.116091
vt 0.963517 0.110440
vt 0.969337 0.110440
vt 0.969337 0.116091
vt 0.957696 0.116091
vt 0.957696 0.110440
vt 0.951875 0.116091
vt 0.951875 0.110440
vt 0.946055 0.116091
vt 0.946055 0.110440
vt 0.940234 0.116091
vt 0.940234 0.110440
vt 0.934413 0.116091
vt 0.934413 0.110440
vt 0.928593 0.116091
vt 0.928593 0.110440
vt 0.922772 0.116091
vt 0.922772 0.110440
vt 0.916952 0.116091
vt 0.916952 0.110440
vt 0.911131 0.116091
vt 0.911131 0.110440
vt 0.905310 0.116091
vt 0.905310 0.110440
vt 0.899490 0.116091
vt 0.899490 0.110440
vt 0.893669 0.116091
vt 0.893669 0.110440
vt 0.887848 0.116091
vt 0.887848 0.110440
vt 0.882028 0.116091
vt 0.882028 0.110440
vt 0.876207 0.116091
vt 0.876207 0.110440
vt 0.870386 0.116091
vt 0.870386 0.110440
vt 0.864566 0.116091
vt 0.864566 0.110440
vt 0.858745 0.095024
vt 0.864566 0.095024
vt 0.870386 0.095024
vt 0.876207 0.095024
vt 0.882028 0.095024
vt 0.887848 0.095024
vt 0.893669 0.095024
vt 0.899490 0.095024
vt 0.905310 0.095024
vt 0.911131 0.095024
vt 0.916952 0.095024
vt 0.922772 0.095024
vt 0.928593 0.095024
vt 0.934413 0.095024
vt 0.940234 0.095024
vt 0.946055 0.095024
vt 0.951875 0.095024
vt 0.957696 0.095024
vt 0.963517 0.095024
vt 0.969337 0.095024
vt 0.852925 0.095024
vt 0.852925 0.092645
vt 0.852925 0.091104
vt 0.858745 0.092645
vt 0.963517 0.091104
vt 0.969337 0.091104
vt 0.969337 0.092645
vt 0.951875 0.092645
vt 0.951875 0.091104
vt 0.957696 0.092645
vt 0.946055 0.091104
vt 0.893669 0.092645
vt 0.893669 0.091104
vt 0.899490 0.092645
vt 0.887848 0.091104
vt 0.887848 0.088725
vt 0.887848 0.077138
vt 0.893669 0.077138
vt 0.893669 0.088725
vt 0.899490 0.077138
vt 0.899490 0.088725
vt 0.905310 0.077138
vt 0.905310 0.088725
vt 0.911131 0.077138
vt 0.911131 0.088725
vt 0.916952 0.077138
vt 0.916952 0.088725
vt 0.922772 0.077138
vt 0.922772 0.088725
vt 0.928593 0.077138
vt 0.928593 0.088725
vt 0.934413 0.077138
vt 0.934413 0.088725
vt 0.940234 0.077138
vt 0.940234 0.088725
vt 0.946055 0.077138
vt 0.946055 0.088725
vt 0.951875 0.077138
vt 0.951875 0.088725
vt 0.957696 0.077138
vt 0.957696 0.088725
vt 0.963517 0.077138
vt 0.963517 0.088725
vt 0.969337 0.077138
vt 0.969337 0.088725
vt 0.852925 0.088725
vt 0.852925 0.077138
vt 0.858745 0.077138
vt 0.858745 0.088725
vt 0.864566 0.077138
vt 0.864566 0.088725
vt 0.870386 0.077138
vt 0.870386 0.088725
vt 0.876207 0.077138
vt 0.876207 0.088725
vt 0.882028 0.077138
vt 0.882028 0.088725
vt 0.893669 0.069431
vt 0.899490 0.069431
vt 0.887848 0.069431
vt 0.882028 0.069431
vt 0.876207 0.069431
vt 0.870386 0.069431
vt 0.864566 0.069431
vt 0.858745 0.069431
vt 0.852925 0.069431
vt 0.963517 0.069431
vt 0.969337 0.069431
vt 0.957696 0.069431
vt 0.951875 0.069431
vt 0.946055 0.069431
vt 0.940234 0.069431
vt 0.934413 0.069431
vt 0.928593 0.069431
vt 0.922772 0.069431
vt 0.916952 0.069431
vt 0.911131 0.069431
vt 0.905310 0.069431
vt 0.143294 0.003223
vt 0.143294 0.017548
vt 0.139083 0.017548
vt 0.139083 0.003223
vt 0.134872 0.017548
vt 0.134872 0.003223
vt 0.130661 0.017548
vt 0.130661 0.003223
vt 0.126450 0.017548
vt 0.126450 0.003223
vt 0.122239 0.017548
vt 0.122239 0.003223
vt 0.118028 0.017548
vt 0.118028 0.003223
vt 0.202247 0.003223
vt 0.202247 0.017548
vt 0.198036 0.017548
vt 0.198036 0.003223
vt 0.193825 0.017548
vt 0.193825 0.003223
vt 0.189614 0.017548
vt 0.189614 0.003223
vt 0.185403 0.017548
vt 0.185403 0.003223
vt 0.181192 0.017548
vt 0.181192 0.003223
vt 0.176981 0.017548
vt 0.176981 0.003223
vt 0.172770 0.017548
vt 0.172770 0.003223
vt 0.168559 0.017548
vt 0.168559 0.003223
vt 0.164348 0.017548
vt 0.164348 0.003223
vt 0.160137 0.017548
vt 0.160137 0.003223
vt 0.155926 0.017548
vt 0.155926 0.003223
vt 0.151716 0.017548
vt 0.151716 0.003223
vt 0.147505 0.017548
vt 0.147505 0.003223
vt 0.139083 0.019485
vt 0.139083 0.022413
vt 0.134872 0.022413
vt 0.134872 0.019485
vt 0.143294 0.019485
vt 0.143294 0.022413
vt 0.147505 0.019485
vt 0.147505 0.022413
vt 0.151716 0.019485
vt 0.151716 0.022413
vt 0.155926 0.019485
vt 0.155926 0.022413
vt 0.160137 0.019485
vt 0.160137 0.022413
vt 0.164348 0.019485
vt 0.164348 0.022413
vt 0.168559 0.019485
vt 0.168559 0.022413
vt 0.172770 0.019485
vt 0.172770 0.022413
vt 0.176981 0.019485
vt 0.176981 0.022413
vt 0.181192 0.019485
vt 0.181192 0.022413
vt 0.185403 0.019485
vt 0.185403 0.022413
vt 0.189614 0.019485
vt 0.189614 0.022413
vt 0.193825 0.019485
vt 0.193825 0.022413
vt 0.198036 0.019485
vt 0.198036 0.022413
vt 0.202247 0.019485
vt 0.202247 0.022413
vt 0.122239 0.019485
vt 0.122239 0.022413
vt 0.118028 0.022413
vt 0.118028 0.019485
vt 0.126450 0.019485
vt 0.126450 0.022413
vt 0.130661 0.019485
vt 0.130661 0.022413
vt 0.134872 0.032262
vt 0.130661 0.032262
vt 0.126450 0.032262
vt 0.122239 0.032262
vt 0.118028 0.032262
vt 0.202247 0.032262
vt 0.198036 0.032262
vt 0.193825 0.032262
vt 0.189614 0.032262
vt 0.185403 0.032262
vt 0.181192 0.032262
vt 0.176981 0.032262
vt 0.172770 0.032262
vt 0.168559 0.032262
vt 0.164348 0.032262
vt 0.160137 0.032262
vt 0.155926 0.032262
vt 0.151716 0.032262
vt 0.147505 0.032262
vt 0.143294 0.032262
vt 0.139083 0.032262
vt 0.326249 0.483711
vt 0.327789 0.473987
vt 0.329329 0.483711
vt 0.323319 0.482759
vt 0.320827 0.480948
vt 0.319017 0.478456
vt 0.318065 0.475527
vt 0.318065 0.472446
vt 0.319017 0.469517
vt 0.320827 0.467025
vt 0.323319 0.465214
vt 0.326249 0.464262
vt 0.329329 0.464262
vt 0.332259 0.465214
vt 0.334751 0.467025
vt 0.336562 0.469517
vt 0.337513 0.472446
vt 0.337513 0.475527
vt 0.336562 0.478456
vt 0.334751 0.480948
vt 0.332259 0.482759
vt 0.864566 0.093424
vt 0.864566 0.092645
vt 0.870386 0.093424
vt 0.940234 0.093424
vt 0.934413 0.092645
vt 0.940234 0.092645
vt 0.946055 0.093424
vt 0.957696 0.093424
vt 0.963517 0.093424
vt 0.876207 0.093424
vt 0.876207 0.094254
vt 0.882028 0.093424
vt 0.882028 0.094254
vt 0.887848 0.093424
vt 0.887848 0.094254
vt 0.893669 0.094254
vt 0.899490 0.093424
vt 0.899490 0.094254
vt 0.893669 0.093424
vt 0.905310 0.094254
vt 0.911131 0.093424
vt 0.911131 0.094254
vt 0.905310 0.093424
vt 0.916952 0.094254
vt 0.928593 0.093424
vt 0.928593 0.094254
vt 0.922772 0.093424
vt 0.934413 0.094254
vt 0.876207 0.090325
vt 0.870386 0.090325
vt 0.870386 0.089495
vt 0.864566 0.089495
vt 0.864566 0.090325
vt 0.858745 0.090325
vt 0.858745 0.089495
vt 0.852925 0.089495
vt 0.963517 0.090325
vt 0.957696 0.090325
vt 0.946055 0.090325
vt 0.940234 0.090325
vt 0.934413 0.090325
vt 0.934413 0.089495
vt 0.928593 0.089495
vt 0.928593 0.090325
vt 0.922772 0.090325
vt 0.922772 0.089495
vt 0.916952 0.089495
vt 0.922772 0.091104
vt 0.916952 0.091104
vt 0.916952 0.090325
vt 0.911131 0.090325
vt 0.905310 0.090325
vt 0.905310 0.089495
vt 0.899490 0.089495
vt 0.295916 0.124499
vt 0.295916 0.131655
vt 0.292573 0.131655
vt 0.292573 0.124499
vt 0.299258 0.124499
vt 0.299258 0.131655
vt 0.302600 0.124499
vt 0.302600 0.131655
vt 0.305943 0.124499
vt 0.305943 0.131655
vt 0.309285 0.124499
vt 0.309285 0.131655
vt 0.245780 0.124499
vt 0.245780 0.131655
vt 0.242438 0.131655
vt 0.242438 0.124499
vt 0.249123 0.124499
vt 0.249123 0.131655
vt 0.252465 0.124499
vt 0.252465 0.131655
vt 0.255807 0.124499
vt 0.255807 0.131655
vt 0.259150 0.124499
vt 0.259150 0.131655
vt 0.262492 0.124499
vt 0.262492 0.131655
vt 0.265834 0.124499
vt 0.265834 0.131655
vt 0.269177 0.124499
vt 0.269177 0.131655
vt 0.272519 0.124499
vt 0.272519 0.131655
vt 0.275862 0.124499
vt 0.275862 0.131655
vt 0.279204 0.124499
vt 0.279204 0.131655
vt 0.282546 0.124499
vt 0.282546 0.131655
vt 0.285889 0.124499
vt 0.285889 0.131655
vt 0.289231 0.124499
vt 0.289231 0.131655
vt 0.292573 0.122398
vt 0.295916 0.122398
vt 0.299258 0.122398
vt 0.302600 0.122398
vt 0.305943 0.122398
vt 0.309285 0.122398
vt 0.242438 0.122398
vt 0.245780 0.122398
vt 0.249123 0.122398
vt 0.252465 0.122398
vt 0.255807 0.122398
vt 0.259150 0.122398
vt 0.262492 0.122398
vt 0.265834 0.122398
vt 0.269177 0.122398
vt 0.272519 0.122398
vt 0.275862 0.122398
vt 0.279204 0.122398
vt 0.282546 0.122398
vt 0.285889 0.122398
vt 0.289231 0.122398
vt 0.295916 0.116982
vt 0.299258 0.116982
vt 0.292573 0.116982
vt 0.289231 0.116982
vt 0.285889 0.116982
vt 0.282546 0.116982
vt 0.279204 0.116982
vt 0.275862 0.116982
vt 0.272519 0.116982
vt 0.269177 0.116982
vt 0.265834 0.116982
vt 0.262492 0.116982
vt 0.259150 0.116982
vt 0.255807 0.116982
vt 0.252465 0.116982
vt 0.249123 0.116982
vt 0.245780 0.116982
vt 0.242438 0.116982
vt 0.305943 0.116982
vt 0.309285 0.116982
vt 0.302600 0.116982
vt 0.282546 0.114497
vt 0.285889 0.114497
vt 0.289231 0.114497
vt 0.292573 0.114497
vt 0.295916 0.114497
vt 0.299258 0.114497
vt 0.302600 0.114497
vt 0.305943 0.114497
vt 0.309285 0.114497
vt 0.242438 0.114497
vt 0.245780 0.114497
vt 0.249123 0.114497
vt 0.252465 0.114497
vt 0.255807 0.114497
vt 0.259150 0.114497
vt 0.262492 0.114497
vt 0.265834 0.114497
vt 0.269177 0.114497
vt 0.272519 0.114497
vt 0.275862 0.114497
vt 0.279204 0.114497
vt 0.285889 0.097571
vt 0.289231 0.097571
vt 0.282546 0.097571
vt 0.279204 0.097571
vt 0.275862 0.097571
vt 0.272519 0.097571
vt 0.269177 0.097571
vt 0.265834 0.097571
vt 0.262492 0.097571
vt 0.259150 0.097571
vt 0.255807 0.097571
vt 0.252465 0.097571
vt 0.249123 0.097571
vt 0.245780 0.097571
vt 0.242438 0.097571
vt 0.305943 0.097571
vt 0.309285 0.097571
vt 0.302600 0.097571
vt 0.299258 0.097571
vt 0.295916 0.097571
vt 0.292573 0.097571
vt 0.302600 0.080235
vt 0.302600 0.084422
vt 0.299258 0.084422
vt 0.299258 0.080235
vt 0.299258 0.088938
vt 0.302600 0.088938
vt 0.299258 0.093432
vt 0.302600 0.093432
vt 0.305943 0.080235
vt 0.305943 0.084422
vt 0.305943 0.088938
vt 0.305943 0.093432
vt 0.309285 0.080235
vt 0.309285 0.084422
vt 0.309285 0.088938
vt 0.309285 0.093432
vt 0.245780 0.080235
vt 0.245780 0.084422
vt 0.242438 0.084422
vt 0.242438 0.088938
vt 0.245780 0.088938
vt 0.242438 0.093432
vt 0.245780 0.093432
vt 0.249123 0.080235
vt 0.249123 0.084422
vt 0.249123 0.088938
vt 0.249123 0.093432
vt 0.252465 0.080235
vt 0.252465 0.084422
vt 0.252465 0.088938
vt 0.252465 0.093432
vt 0.255807 0.080235
vt 0.255807 0.084422
vt 0.255807 0.088938
vt 0.255807 0.093432
vt 0.259150 0.080235
vt 0.259150 0.084422
vt 0.259150 0.088938
vt 0.259150 0.093432
vt 0.262492 0.080235
vt 0.262492 0.084422
vt 0.262492 0.088938
vt 0.262492 0.093432
vt 0.265834 0.080235
vt 0.265834 0.084422
vt 0.265834 0.088938
vt 0.265834 0.093432
vt 0.269177 0.080235
vt 0.269177 0.084422
vt 0.269177 0.088938
vt 0.269177 0.093432
vt 0.272519 0.080235
vt 0.272519 0.084422
vt 0.272519 0.088938
vt 0.272519 0.093432
vt 0.275862 0.080235
vt 0.275862 0.084422
vt 0.275862 0.088938
vt 0.275862 0.093432
vt 0.279204 0.080235
vt 0.279204 0.084422
vt 0.279204 0.088938
vt 0.279204 0.093432
vt 0.282546 0.080235
vt 0.282546 0.084422
vt 0.282546 0.088938
vt 0.282546 0.093432
vt 0.285889 0.080235
vt 0.285889 0.084422
vt 0.285889 0.088938
vt 0.285889 0.093432
vt 0.289231 0.080235
vt 0.289231 0.084422
vt 0.289231 0.088938
vt 0.289231 0.093432
vt 0.292573 0.080235
vt 0.292573 0.084422
vt 0.292573 0.088938
vt 0.292573 0.093432
vt 0.295916 0.080235
vt 0.295916 0.084422
vt 0.295916 0.088938
vt 0.295916 0.093432
vt 0.328278 0.528990
vt 0.328278 0.536146
vt 0.324936 0.536146
vt 0.324936 0.528990
vt 0.331621 0.528990
vt 0.331621 0.536146
vt 0.334963 0.528990
vt 0.334963 0.536146
vt 0.338305 0.528990
vt 0.338305 0.536146
vt 0.341648 0.528990
vt 0.341648 0.536146
vt 0.278143 0.528990
vt 0.278143 0.536146
vt 0.274801 0.536146
vt 0.274801 0.528990
vt 0.281485 0.528990
vt 0.281485 0.536146
vt 0.284828 0.528990
vt 0.284828 0.536146
vt 0.288170 0.528990
vt 0.288170 0.536146
vt 0.291512 0.528990
vt 0.291512 0.536146
vt 0.294855 0.528990
vt 0.294855 0.536146
vt 0.298197 0.528990
vt 0.298197 0.536146
vt 0.301539 0.528990
vt 0.301539 0.536146
vt 0.304882 0.528990
vt 0.304882 0.536146
vt 0.308224 0.528990
vt 0.308224 0.536146
vt 0.311566 0.528990
vt 0.311566 0.536146
vt 0.314909 0.528990
vt 0.314909 0.536146
vt 0.318251 0.528990
vt 0.318251 0.536146
vt 0.321594 0.528990
vt 0.321594 0.536146
vt 0.324936 0.526889
vt 0.328278 0.526889
vt 0.331621 0.526889
vt 0.334963 0.526889
vt 0.338305 0.526889
vt 0.341648 0.526889
vt 0.274801 0.526889
vt 0.278143 0.526889
vt 0.281485 0.526889
vt 0.284828 0.526889
vt 0.288170 0.526889
vt 0.291512 0.526889
vt 0.294855 0.526889
vt 0.298197 0.526889
vt 0.301539 0.526889
vt 0.304882 0.526889
vt 0.308224 0.526889
vt 0.311566 0.526889
vt 0.314909 0.526889
vt 0.318251 0.526889
vt 0.321594 0.526889
vt 0.328278 0.521473
vt 0.331621 0.521473
vt 0.324936 0.521473
vt 0.321594 0.521473
vt 0.318251 0.521473
vt 0.314909 0.521473
vt 0.311566 0.521473
vt 0.308224 0.521473
vt 0.304882 0.521473
vt 0.301539 0.521473
vt 0.298197 0.521473
vt 0.294855 0.521473
vt 0.291512 0.521473
vt 0.288170 0.521473
vt 0.284828 0.521473
vt 0.281485 0.521473
vt 0.278143 0.521473
vt 0.274801 0.521473
vt 0.338305 0.521473
vt 0.341648 0.521473
vt 0.334963 0.521473
vt 0.314909 0.518988
vt 0.318251 0.518988
vt 0.321594 0.518988
vt 0.324936 0.518988
vt 0.328278 0.518988
vt 0.331621 0.518988
vt 0.334963 0.518988
vt 0.338305 0.518988
vt 0.341648 0.518988
vt 0.274801 0.518988
vt 0.278143 0.518988
vt 0.281485 0.518988
vt 0.284828 0.518988
vt 0.288170 0.518988
vt 0.291512 0.518988
vt 0.294855 0.518988
vt 0.298197 0.518988
vt 0.301539 0.518988
vt 0.304882 0.518988
vt 0.308224 0.518988
vt 0.311566 0.518988
vt 0.318251 0.502061
vt 0.321594 0.502061
vt 0.314909 0.502061
vt 0.311566 0.502061
vt 0.308224 0.502061
vt 0.304882 0.502061
vt 0.301539 0.502061
vt 0.298197 0.502061
vt 0.294855 0.502061
vt 0.291512 0.502061
vt 0.288170 0.502061
vt 0.284828 0.502061
vt 0.281485 0.502061
vt 0.278143 0.502061
vt 0.274801 0.502061
vt 0.338305 0.502061
vt 0.341648 0.502061
vt 0.334963 0.502061
vt 0.331621 0.502061
vt 0.328278 0.502061
vt 0.324936 0.502061
vt 0.334963 0.484725
vt 0.334963 0.488912
vt 0.331621 0.488912
vt 0.331621 0.493429
vt 0.334963 0.493429
vt 0.331621 0.497923
vt 0.334963 0.497923
vt 0.338305 0.484725
vt 0.338305 0.488912
vt 0.338305 0.493429
vt 0.338305 0.497923
vt 0.341648 0.484725
vt 0.341648 0.488912
vt 0.341648 0.493429
vt 0.341648 0.497923
vt 0.278143 0.484725
vt 0.278143 0.488912
vt 0.274801 0.488912
vt 0.274801 0.493429
vt 0.278143 0.493429
vt 0.274801 0.497923
vt 0.278143 0.497923
vt 0.281485 0.484725
vt 0.281485 0.488912
vt 0.281485 0.493429
vt 0.281485 0.497923
vt 0.284828 0.484725
vt 0.284828 0.488912
vt 0.284828 0.493429
vt 0.284828 0.497923
vt 0.288170 0.484725
vt 0.288170 0.488912
vt 0.288170 0.493429
vt 0.288170 0.497923
vt 0.291512 0.484725
vt 0.291512 0.488912
vt 0.291512 0.493429
vt 0.291512 0.497923
vt 0.294855 0.484725
vt 0.294855 0.488912
vt 0.294855 0.493429
vt 0.294855 0.497923
vt 0.298197 0.484725
vt 0.298197 0.488912
vt 0.298197 0.493429
vt 0.298197 0.497923
vt 0.301539 0.484725
vt 0.301539 0.488912
vt 0.301539 0.493429
vt 0.301539 0.497923
vt 0.304882 0.484725
vt 0.304882 0.488912
vt 0.304882 0.493429
vt 0.304882 0.497923
vt 0.308224 0.484725
vt 0.308224 0.488912
vt 0.308224 0.493429
vt 0.308224 0.497923
vt 0.311566 0.484725
vt 0.311566 0.488912
vt 0.311566 0.493429
vt 0.311566 0.497923
vt 0.314909 0.484725
vt 0.314909 0.488912
vt 0.314909 0.493429
vt 0.314909 0.497923
vt 0.318251 0.484725
vt 0.318251 0.488912
vt 0.318251 0.493429
vt 0.318251 0.497923
vt 0.321594 0.484725
vt 0.321594 0.488912
vt 0.321594 0.493429
vt 0.321594 0.497923
vt 0.324936 0.484725
vt 0.324936 0.488912
vt 0.324936 0.493429
vt 0.324936 0.497923
vt 0.328278 0.484725
vt 0.328278 0.488912
vt 0.328278 0.493429
vt 0.328278 0.497923
vt 0.331621 0.484725
vt 0.446508 0.250365
vt 0.446508 0.242308
vt 0.452104 0.242308
vt 0.452104 0.250365
vt 0.552829 0.250365
vt 0.552829 0.242308
vt 0.558425 0.242308
vt 0.558425 0.250365
vt 0.547233 0.250365
vt 0.547233 0.242308
vt 0.541637 0.250365
vt 0.541637 0.242308
vt 0.536041 0.250365
vt 0.536041 0.242308
vt 0.530446 0.250365
vt 0.530446 0.242308
vt 0.524850 0.250365
vt 0.524850 0.242308
vt 0.519254 0.250365
vt 0.519254 0.242308
vt 0.513658 0.250365
vt 0.513658 0.242308
vt 0.508062 0.250365
vt 0.508062 0.242308
vt 0.502466 0.250365
vt 0.502466 0.242308
vt 0.496871 0.250365
vt 0.496871 0.242308
vt 0.491275 0.250365
vt 0.491275 0.242308
vt 0.485679 0.250365
vt 0.485679 0.242308
vt 0.480083 0.250365
vt 0.480083 0.242308
vt 0.474487 0.250365
vt 0.474487 0.242308
vt 0.468891 0.250365
vt 0.468891 0.242308
vt 0.463295 0.250365
vt 0.463295 0.242308
vt 0.457700 0.250365
vt 0.457700 0.242308
vt 0.203261 0.079158
vt 0.203261 0.073506
vt 0.209082 0.073506
vt 0.209082 0.079158
vt 0.313853 0.079158
vt 0.313853 0.073506
vt 0.319674 0.073506
vt 0.319674 0.079158
vt 0.308033 0.079158
vt 0.308033 0.073506
vt 0.302212 0.079158
vt 0.302212 0.073506
vt 0.296392 0.079158
vt 0.296392 0.073506
vt 0.290571 0.079158
vt 0.290571 0.073506
vt 0.284750 0.079158
vt 0.284750 0.073506
vt 0.278930 0.079158
vt 0.278930 0.073506
vt 0.273109 0.079158
vt 0.273109 0.073506
vt 0.267288 0.079158
vt 0.267288 0.073506
vt 0.261468 0.079158
vt 0.261468 0.073506
vt 0.255647 0.079158
vt 0.255647 0.073506
vt 0.249826 0.079158
vt 0.249826 0.073506
vt 0.244006 0.079158
vt 0.244006 0.073506
vt 0.238185 0.079158
vt 0.238185 0.073506
vt 0.232365 0.079158
vt 0.232365 0.073506
vt 0.226544 0.079158
vt 0.226544 0.073506
vt 0.220723 0.079158
vt 0.220723 0.073506
vt 0.214903 0.079158
vt 0.214903 0.073506
vt 0.209082 0.058090
vt 0.214903 0.058090
vt 0.220723 0.058090
vt 0.226544 0.058090
vt 0.232365 0.058090
vt 0.238185 0.058090
vt 0.244006 0.058090
vt 0.249826 0.058090
vt 0.255647 0.058090
vt 0.261468 0.058090
vt 0.267288 0.058090
vt 0.273109 0.058090
vt 0.278930 0.058090
vt 0.284750 0.058090
vt 0.290571 0.058090
vt 0.296392 0.058090
vt 0.302212 0.058090
vt 0.308033 0.058090
vt 0.313853 0.058090
vt 0.319674 0.058090
vt 0.203261 0.058090
vt 0.203261 0.055711
vt 0.203261 0.054170
vt 0.209082 0.055711
vt 0.313853 0.054170
vt 0.319674 0.054170
vt 0.319674 0.055711
vt 0.238185 0.051791
vt 0.238185 0.040204
vt 0.244006 0.040204
vt 0.244006 0.051791
vt 0.249826 0.040204
vt 0.249826 0.051791
vt 0.255647 0.040204
vt 0.255647 0.051791
vt 0.261468 0.040204
vt 0.261468 0.051791
vt 0.267288 0.040204
vt 0.267288 0.051791
vt 0.273109 0.040204
vt 0.273109 0.051791
vt 0.278930 0.040204
vt 0.278930 0.051791
vt 0.284750 0.040204
vt 0.284750 0.051791
vt 0.290571 0.040204
vt 0.290571 0.051791
vt 0.296392 0.040204
vt 0.296392 0.051791
vt 0.302212 0.040204
vt 0.302212 0.051791
vt 0.308033 0.040204
vt 0.308033 0.051791
vt 0.313853 0.040204
vt 0.313853 0.051791
vt 0.319674 0.040204
vt 0.319674 0.051791
vt 0.203261 0.051791
vt 0.203261 0.040204
vt 0.209082 0.040204
vt 0.209082 0.051791
vt 0.214903 0.040204
vt 0.214903 0.051791
vt 0.220723 0.040204
vt 0.220723 0.051791
vt 0.226544 0.040204
vt 0.226544 0.051791
vt 0.232365 0.040204
vt 0.232365 0.051791
vt 0.244006 0.032498
vt 0.249826 0.032498
vt 0.238185 0.032498
vt 0.232365 0.032498
vt 0.226544 0.032498
vt 0.220723 0.032498
vt 0.214903 0.032498
vt 0.209082 0.032498
vt 0.203261 0.032498
vt 0.313853 0.032498
vt 0.319674 0.032498
vt 0.308033 0.032498
vt 0.302212 0.032498
vt 0.296392 0.032498
vt 0.290571 0.032498
vt 0.284750 0.032498
vt 0.278930 0.032498
vt 0.273109 0.032498
vt 0.267288 0.032498
vt 0.261468 0.032498
vt 0.255647 0.032498
vt 0.706081 0.000985
vt 0.706081 0.015309
vt 0.701870 0.015309
vt 0.701870 0.000985
vt 0.697659 0.015309
vt 0.697659 0.000985
vt 0.693448 0.015309
vt 0.693448 0.000985
vt 0.689237 0.015309
vt 0.689237 0.000985
vt 0.685026 0.015309
vt 0.685026 0.000985
vt 0.680815 0.015309
vt 0.680815 0.000985
vt 0.765034 0.000985
vt 0.765034 0.015309
vt 0.760823 0.015309
vt 0.760823 0.000985
vt 0.756612 0.015309
vt 0.756612 0.000985
vt 0.752401 0.015309
vt 0.752401 0.000985
vt 0.748190 0.015309
vt 0.748190 0.000985
vt 0.743979 0.015309
vt 0.743979 0.000985
vt 0.739768 0.015309
vt 0.739768 0.000985
vt 0.735557 0.015309
vt 0.735557 0.000985
vt 0.731346 0.015309
vt 0.731346 0.000985
vt 0.727135 0.015309
vt 0.727135 0.000985
vt 0.722924 0.015309
vt 0.722924 0.000985
vt 0.718714 0.015309
vt 0.718714 0.000985
vt 0.714503 0.015309
vt 0.714503 0.000985
vt 0.710292 0.015309
vt 0.710292 0.000985
vt 0.701870 0.017246
vt 0.701870 0.020175
vt 0.697659 0.020175
vt 0.697659 0.017246
vt 0.706081 0.017246
vt 0.706081 0.020175
vt 0.710292 0.017246
vt 0.710292 0.020175
vt 0.714503 0.017246
vt 0.714503 0.020175
vt 0.718714 0.017246
vt 0.718714 0.020175
vt 0.722924 0.017246
vt 0.722924 0.020175
vt 0.727135 0.017246
vt 0.727135 0.020175
vt 0.731346 0.017246
vt 0.731346 0.020175
vt 0.735557 0.017246
vt 0.735557 0.020175
vt 0.739768 0.017246
vt 0.739768 0.020175
vt 0.743979 0.017246
vt 0.743979 0.020175
vt 0.748190 0.017246
vt 0.748190 0.020175
vt 0.752401 0.017246
vt 0.752401 0.020175
vt 0.756612 0.017246
vt 0.756612 0.020175
vt 0.760823 0.017246
vt 0.760823 0.020175
vt 0.765034 0.017246
vt 0.765034 0.020175
vt 0.685026 0.017246
vt 0.685026 0.020175
vt 0.680815 0.020175
vt 0.680815 0.017246
vt 0.689237 0.017246
vt 0.689237 0.020175
vt 0.693448 0.017246
vt 0.693448 0.020175
vt 0.697659 0.030023
vt 0.693448 0.030023
vt 0.689237 0.030023
vt 0.685026 0.030023
vt 0.680815 0.030023
vt 0.765034 0.030023
vt 0.760823 0.030023
vt 0.756612 0.030023
vt 0.752401 0.030023
vt 0.748190 0.030023
vt 0.743979 0.030023
vt 0.739768 0.030023
vt 0.735557 0.030023
vt 0.731346 0.030023
vt 0.727135 0.030023
vt 0.722924 0.030023
vt 0.718714 0.030023
vt 0.714503 0.030023
vt 0.710292 0.030023
vt 0.706081 0.030023
vt 0.701870 0.030023
vt 0.305786 0.483711
vt 0.307326 0.473987
vt 0.308866 0.483711
vt 0.302856 0.482759
vt 0.300364 0.480948
vt 0.298554 0.478456
vt 0.297602 0.475527
vt 0.297602 0.472446
vt 0.298554 0.469517
vt 0.300364 0.467025
vt 0.302856 0.465214
vt 0.305786 0.464262
vt 0.308866 0.464262
vt 0.311796 0.465214
vt 0.314288 0.467025
vt 0.316098 0.469517
vt 0.317050 0.472446
vt 0.317050 0.475527
vt 0.316098 0.478456
vt 0.314288 0.480948
vt 0.311796 0.482759
vt 0.214903 0.057320
vt 0.209082 0.057320
vt 0.209082 0.056490
vt 0.220723 0.056490
vt 0.220723 0.057320
vt 0.214903 0.056490
vt 0.226544 0.057320
vt 0.238185 0.056490
vt 0.238185 0.057320
vt 0.232365 0.056490
vt 0.244006 0.056490
vt 0.244006 0.057320
vt 0.249826 0.056490
vt 0.249826 0.057320
vt 0.255647 0.056490
vt 0.255647 0.057320
vt 0.261468 0.056490
vt 0.261468 0.057320
vt 0.267288 0.057320
vt 0.278930 0.056490
vt 0.278930 0.057320
vt 0.273109 0.056490
vt 0.284750 0.057320
vt 0.302212 0.056490
vt 0.302212 0.057320
vt 0.296392 0.056490
vt 0.308033 0.057320
vt 0.203261 0.056490
vt 0.238185 0.053392
vt 0.232365 0.053392
vt 0.232365 0.052561
vt 0.226544 0.053392
vt 0.226544 0.052561
vt 0.220723 0.052561
vt 0.220723 0.053392
vt 0.214903 0.053392
vt 0.214903 0.052561
vt 0.209082 0.052561
vt 0.319674 0.053392
vt 0.313853 0.053392
vt 0.313853 0.052561
vt 0.308033 0.052561
vt 0.308033 0.054170
vt 0.308033 0.053392
vt 0.302212 0.053392
vt 0.296392 0.053392
vt 0.296392 0.052561
vt 0.290571 0.053392
vt 0.290571 0.052561
vt 0.284750 0.053392
vt 0.284750 0.052561
vt 0.278930 0.052561
vt 0.278930 0.054170
vt 0.273109 0.054170
vt 0.273109 0.053392
vt 0.267288 0.053392
vt 0.267288 0.052561
vt 0.261468 0.052561
vt 0.441663 0.298630
vt 0.441663 0.290573
vt 0.447259 0.290573
vt 0.447259 0.298630
vt 0.547984 0.298630
vt 0.547984 0.290573
vt 0.553580 0.290573
vt 0.553580 0.298630
vt 0.542388 0.298630
vt 0.542388 0.290573
vt 0.536793 0.298630
vt 0.536793 0.290573
vt 0.531197 0.298630
vt 0.531197 0.290573
vt 0.525601 0.298630
vt 0.525601 0.290573
vt 0.520005 0.298630
vt 0.520005 0.290573
vt 0.514409 0.298630
vt 0.514409 0.290573
vt 0.508813 0.298630
vt 0.508813 0.290573
vt 0.503217 0.298630
vt 0.503217 0.290573
vt 0.497622 0.298630
vt 0.497622 0.290573
vt 0.492026 0.298630
vt 0.492026 0.290573
vt 0.486430 0.298630
vt 0.486430 0.290573
vt 0.480834 0.298630
vt 0.480834 0.290573
vt 0.475238 0.298630
vt 0.475238 0.290573
vt 0.469642 0.298630
vt 0.469642 0.290573
vt 0.464046 0.298630
vt 0.464046 0.290573
vt 0.458451 0.298630
vt 0.458451 0.290573
vt 0.452855 0.298630
vt 0.452855 0.290573
vt 0.000507 0.681154
vt 0.000507 0.675502
vt 0.006328 0.675502
vt 0.006328 0.681154
vt 0.111099 0.681154
vt 0.111099 0.675502
vt 0.116920 0.675502
vt 0.116920 0.681154
vt 0.105278 0.681154
vt 0.105278 0.675502
vt 0.099458 0.681154
vt 0.099458 0.675502
vt 0.093637 0.681154
vt 0.093637 0.675502
vt 0.087817 0.681154
vt 0.087817 0.675502
vt 0.081996 0.681154
vt 0.081996 0.675502
vt 0.076175 0.681154
vt 0.076175 0.675502
vt 0.070355 0.681154
vt 0.070355 0.675502
vt 0.064534 0.681154
vt 0.064534 0.675502
vt 0.058714 0.681154
vt 0.058714 0.675502
vt 0.052893 0.681154
vt 0.052893 0.675502
vt 0.047072 0.681154
vt 0.047072 0.675502
vt 0.041252 0.681154
vt 0.041252 0.675502
vt 0.035431 0.681154
vt 0.035431 0.675502
vt 0.029611 0.681154
vt 0.029611 0.675502
vt 0.023790 0.681154
vt 0.023790 0.675502
vt 0.017969 0.681154
vt 0.017969 0.675502
vt 0.012149 0.681154
vt 0.012149 0.675502
vt 0.006328 0.660086
vt 0.012149 0.660086
vt 0.017969 0.660086
vt 0.023790 0.660086
vt 0.029611 0.660086
vt 0.035431 0.660086
vt 0.041252 0.660086
vt 0.047072 0.660086
vt 0.052893 0.660086
vt 0.058714 0.660086
vt 0.064534 0.660086
vt 0.070355 0.660086
vt 0.076175 0.660086
vt 0.081996 0.660086
vt 0.087817 0.660086
vt 0.093637 0.660086
vt 0.099458 0.660086
vt 0.105278 0.660086
vt 0.111099 0.660086
vt 0.116920 0.660086
vt 0.000507 0.660086
vt 0.035431 0.653787
vt 0.035431 0.642200
vt 0.041252 0.642200
vt 0.041252 0.653787
vt 0.047072 0.642200
vt 0.047072 0.653787
vt 0.052893 0.642200
vt 0.052893 0.653787
vt 0.058714 0.642200
vt 0.058714 0.653787
vt 0.064534 0.642200
vt 0.064534 0.653787
vt 0.070355 0.642200
vt 0.070355 0.653787
vt 0.076175 0.642200
vt 0.076175 0.653787
vt 0.081996 0.642200
vt 0.081996 0.653787
vt 0.087817 0.642200
vt 0.087817 0.653787
vt 0.093637 0.642200
vt 0.093637 0.653787
vt 0.099458 0.642200
vt 0.099458 0.653787
vt 0.105278 0.642200
vt 0.105278 0.653787
vt 0.111099 0.642200
vt 0.111099 0.653787
vt 0.116920 0.642200
vt 0.116920 0.653787
vt 0.000507 0.653787
vt 0.000507 0.642200
vt 0.006328 0.642200
vt 0.006328 0.653787
vt 0.012149 0.642200
vt 0.012149 0.653787
vt 0.017969 0.642200
vt 0.017969 0.653787
vt 0.023790 0.642200
vt 0.023790 0.653787
vt 0.029611 0.642200
vt 0.029611 0.653787
vt 0.041252 0.634493
vt 0.047072 0.634493
vt 0.035431 0.634493
vt 0.029611 0.634493
vt 0.023790 0.634493
vt 0.017969 0.634493
vt 0.012149 0.634493
vt 0.006328 0.634493
vt 0.000507 0.634493
vt 0.111099 0.634493
vt 0.116920 0.634493
vt 0.105278 0.634493
vt 0.099458 0.634493
vt 0.093637 0.634493
vt 0.087817 0.634493
vt 0.081996 0.634493
vt 0.076175 0.634493
vt 0.070355 0.634493
vt 0.064534 0.634493
vt 0.058714 0.634493
vt 0.052893 0.634493
vt 0.058060 0.003223
vt 0.058060 0.017548
vt 0.053849 0.017548
vt 0.053849 0.003223
vt 0.049638 0.017548
vt 0.049638 0.003223
vt 0.045427 0.017548
vt 0.045427 0.003223
vt 0.041217 0.017548
vt 0.041217 0.003223
vt 0.037006 0.017548
vt 0.037006 0.003223
vt 0.032795 0.017548
vt 0.032795 0.003223
vt 0.117013 0.003223
vt 0.117013 0.017548
vt 0.112802 0.017548
vt 0.112802 0.003223
vt 0.108591 0.017548
vt 0.108591 0.003223
vt 0.104381 0.017548
vt 0.104381 0.003223
vt 0.100170 0.017548
vt 0.100170 0.003223
vt 0.095959 0.017548
vt 0.095959 0.003223
vt 0.091748 0.017548
vt 0.091748 0.003223
vt 0.087537 0.017548
vt 0.087537 0.003223
vt 0.083326 0.017548
vt 0.083326 0.003223
vt 0.079115 0.017548
vt 0.079115 0.003223
vt 0.074904 0.017548
vt 0.074904 0.003223
vt 0.070693 0.017548
vt 0.070693 0.003223
vt 0.066482 0.017548
vt 0.066482 0.003223
vt 0.062271 0.017548
vt 0.062271 0.003223
vt 0.053849 0.019485
vt 0.053849 0.022413
vt 0.049638 0.022413
vt 0.049638 0.019485
vt 0.058060 0.019485
vt 0.058060 0.022413
vt 0.062271 0.019485
vt 0.062271 0.022413
vt 0.066482 0.019485
vt 0.066482 0.022413
vt 0.070693 0.019485
vt 0.070693 0.022413
vt 0.074904 0.019485
vt 0.074904 0.022413
vt 0.079115 0.019485
vt 0.079115 0.022413
vt 0.083326 0.019485
vt 0.083326 0.022413
vt 0.087537 0.019485
vt 0.087537 0.022413
vt 0.091748 0.019485
vt 0.091748 0.022413
vt 0.095959 0.019485
vt 0.095959 0.022413
vt 0.100170 0.019485
vt 0.100170 0.022413
vt 0.104381 0.019485
vt 0.104381 0.022413
vt 0.108591 0.019485
vt 0.108591 0.022413
vt 0.112802 0.019485
vt 0.112802 0.022413
vt 0.117013 0.019485
vt 0.117013 0.022413
vt 0.037006 0.019485
vt 0.037006 0.022413
vt 0.032795 0.022413
vt 0.032795 0.019485
vt 0.041217 0.019485
vt 0.041217 0.022413
vt 0.045427 0.019485
vt 0.045427 0.022413
vt 0.049638 0.032262
vt 0.045427 0.032262
vt 0.041217 0.032262
vt 0.037006 0.032262
vt 0.032795 0.032262
vt 0.117013 0.032262
vt 0.112802 0.032262
vt 0.108591 0.032262
vt 0.104381 0.032262
vt 0.100170 0.032262
vt 0.095959 0.032262
vt 0.091748 0.032262
vt 0.087537 0.032262
vt 0.083326 0.032262
vt 0.079115 0.032262
vt 0.074904 0.032262
vt 0.070693 0.032262
vt 0.066482 0.032262
vt 0.062271 0.032262
vt 0.058060 0.032262
vt 0.053849 0.032262
vt 0.318335 0.556609
vt 0.319875 0.546885
vt 0.321416 0.556609
vt 0.315406 0.555657
vt 0.312914 0.553847
vt 0.311103 0.551354
vt 0.310151 0.548425
vt 0.310151 0.545345
vt 0.311103 0.542415
vt 0.312914 0.539923
vt 0.315406 0.538112
vt 0.318335 0.537161
vt 0.321416 0.537161
vt 0.324345 0.538112
vt 0.326837 0.539923
vt 0.328648 0.542415
vt 0.329600 0.545345
vt 0.329600 0.548425
vt 0.328648 0.551354
vt 0.326837 0.553847
vt 0.324345 0.555657
vt 0.052893 0.658486
vt 0.047072 0.657707
vt 0.052893 0.657707
vt 0.058714 0.658486
vt 0.116920 0.658486
vt 0.111099 0.657707
vt 0.116920 0.657707
vt 0.006328 0.658486
vt 0.000507 0.658486
vt 0.000507 0.657707
vt 0.012149 0.658486
vt 0.012149 0.659316
vt 0.006328 0.659316
vt 0.017969 0.658486
vt 0.017969 0.659316
vt 0.023790 0.658486
vt 0.023790 0.659316
vt 0.029611 0.659316
vt 0.035431 0.658486
vt 0.035431 0.659316
vt 0.029611 0.658486
vt 0.041252 0.659316
vt 0.047072 0.658486
vt 0.047072 0.659316
vt 0.041252 0.658486
vt 0.052893 0.659316
vt 0.093637 0.658486
vt 0.093637 0.659316
vt 0.087817 0.658486
vt 0.099458 0.659316
vt 0.111099 0.658486
vt 0.111099 0.659316
vt 0.105278 0.658486
vt 0.116920 0.659316
vt 0.035431 0.655388
vt 0.029611 0.655388
vt 0.029611 0.654557
vt 0.023790 0.654557
vt 0.111099 0.655388
vt 0.105278 0.655388
vt 0.105278 0.654557
vt 0.099458 0.655388
vt 0.099458 0.654557
vt 0.093637 0.654557
vt 0.093637 0.655388
vt 0.087817 0.655388
vt 0.087817 0.654557
vt 0.081996 0.655388
vt 0.081996 0.654557
vt 0.076175 0.655388
vt 0.076175 0.654557
vt 0.070355 0.655388
vt 0.070355 0.654557
vt 0.064534 0.654557
vt 0.070355 0.656166
vt 0.064534 0.656166
vt 0.064534 0.655388
vt 0.058714 0.655388
vt 0.058714 0.654557
vt 0.052893 0.654557
vt 0.047072 0.655388
vt 0.041252 0.655388
vt 0.041252 0.654557
vt 0.035431 0.654557
vt 0.443212 0.009811
vt 0.443212 0.001754
vt 0.448808 0.001754
vt 0.448808 0.009811
vt 0.549533 0.009811
vt 0.549533 0.001754
vt 0.555129 0.001754
vt 0.555129 0.009811
vt 0.543937 0.009811
vt 0.543937 0.001754
vt 0.538342 0.009811
vt 0.538342 0.001754
vt 0.532746 0.009811
vt 0.532746 0.001754
vt 0.527150 0.009811
vt 0.527150 0.001754
vt 0.521554 0.009811
vt 0.521554 0.001754
vt 0.515958 0.009811
vt 0.515958 0.001754
vt 0.510362 0.009811
vt 0.510362 0.001754
vt 0.504767 0.009811
vt 0.504767 0.001754
vt 0.499171 0.009811
vt 0.499171 0.001754
vt 0.493575 0.009811
vt 0.493575 0.001754
vt 0.487979 0.009811
vt 0.487979 0.001754
vt 0.482383 0.009811
vt 0.482383 0.001754
vt 0.476787 0.009811
vt 0.476787 0.001754
vt 0.471192 0.009811
vt 0.471192 0.001754
vt 0.465596 0.009811
vt 0.465596 0.001754
vt 0.460000 0.009811
vt 0.460000 0.001754
vt 0.454404 0.009811
vt 0.454404 0.001754
vt 0.000507 0.585804
vt 0.000507 0.580152
vt 0.006328 0.580152
vt 0.006328 0.585804
vt 0.111099 0.585804
vt 0.111099 0.580152
vt 0.116919 0.580152
vt 0.116919 0.585804
vt 0.105278 0.585804
vt 0.105278 0.580152
vt 0.099458 0.585804
vt 0.099458 0.580152
vt 0.093637 0.585804
vt 0.093637 0.580152
vt 0.087817 0.585804
vt 0.087817 0.580152
vt 0.081996 0.585804
vt 0.081996 0.580152
vt 0.076175 0.585804
vt 0.076175 0.580152
vt 0.070355 0.585804
vt 0.070355 0.580152
vt 0.064534 0.585804
vt 0.064534 0.580152
vt 0.058713 0.585804
vt 0.058713 0.580152
vt 0.052893 0.585804
vt 0.052893 0.580152
vt 0.047072 0.585804
vt 0.047072 0.580152
vt 0.041252 0.585804
vt 0.041252 0.580152
vt 0.035431 0.585804
vt 0.035431 0.580152
vt 0.029610 0.585804
vt 0.029610 0.580152
vt 0.023790 0.585804
vt 0.023790 0.580152
vt 0.017969 0.585804
vt 0.017969 0.580152
vt 0.012149 0.585804
vt 0.012149 0.580152
vt 0.006328 0.564736
vt 0.012149 0.564736
vt 0.017969 0.564736
vt 0.023790 0.564736
vt 0.029610 0.564736
vt 0.035431 0.564736
vt 0.041252 0.564736
vt 0.047072 0.564736
vt 0.052893 0.564736
vt 0.058713 0.564736
vt 0.064534 0.564736
vt 0.070355 0.564736
vt 0.076175 0.564736
vt 0.081996 0.564736
vt 0.087817 0.564736
vt 0.093637 0.564736
vt 0.099458 0.564736
vt 0.105278 0.564736
vt 0.111099 0.564736
vt 0.116919 0.564736
vt 0.000507 0.564736
vt 0.035431 0.558437
vt 0.035431 0.546850
vt 0.041252 0.546850
vt 0.041252 0.558437
vt 0.047072 0.546850
vt 0.047072 0.558437
vt 0.052893 0.546850
vt 0.052893 0.558437
vt 0.058713 0.546850
vt 0.058713 0.558437
vt 0.064534 0.546850
vt 0.064534 0.558437
vt 0.070355 0.546850
vt 0.070355 0.558437
vt 0.076175 0.546850
vt 0.076175 0.558437
vt 0.081996 0.546850
vt 0.081996 0.558437
vt 0.087817 0.546850
vt 0.087817 0.558437
vt 0.093637 0.546850
vt 0.093637 0.558437
vt 0.099458 0.546850
vt 0.099458 0.558437
vt 0.105278 0.546850
vt 0.105278 0.558437
vt 0.111099 0.546850
vt 0.111099 0.558437
vt 0.116919 0.546850
vt 0.116919 0.558437
vt 0.000507 0.558437
vt 0.000507 0.546850
vt 0.006328 0.546850
vt 0.006328 0.558437
vt 0.012149 0.546850
vt 0.012149 0.558437
vt 0.017969 0.546850
vt 0.017969 0.558437
vt 0.023790 0.546850
vt 0.023790 0.558437
vt 0.029610 0.546850
vt 0.029610 0.558437
vt 0.041252 0.539143
vt 0.047072 0.539143
vt 0.035431 0.539143
vt 0.029610 0.539143
vt 0.023790 0.539143
vt 0.017969 0.539143
vt 0.012149 0.539143
vt 0.006328 0.539143
vt 0.000507 0.539143
vt 0.111099 0.539143
vt 0.116919 0.539143
vt 0.105278 0.539143
vt 0.099458 0.539143
vt 0.093637 0.539143
vt 0.087817 0.539143
vt 0.081996 0.539143
vt 0.076175 0.539143
vt 0.070355 0.539143
vt 0.064534 0.539143
vt 0.058713 0.539143
vt 0.052893 0.539143
vt 0.331300 0.000507
vt 0.331300 0.014832
vt 0.327089 0.014832
vt 0.327089 0.000507
vt 0.322878 0.014832
vt 0.322878 0.000507
vt 0.318667 0.014832
vt 0.318667 0.000507
vt 0.314457 0.014832
vt 0.314457 0.000507
vt 0.310246 0.014832
vt 0.310246 0.000507
vt 0.306035 0.014832
vt 0.306035 0.000507
vt 0.390253 0.000507
vt 0.390253 0.014832
vt 0.386042 0.014832
vt 0.386042 0.000507
vt 0.381831 0.014832
vt 0.381831 0.000507
vt 0.377621 0.014832
vt 0.377621 0.000507
vt 0.373410 0.014832
vt 0.373410 0.000507
vt 0.369199 0.014832
vt 0.369199 0.000507
vt 0.364988 0.014832
vt 0.364988 0.000507
vt 0.360777 0.014832
vt 0.360777 0.000507
vt 0.356566 0.014832
vt 0.356566 0.000507
vt 0.352355 0.014832
vt 0.352355 0.000507
vt 0.348144 0.014832
vt 0.348144 0.000507
vt 0.343933 0.014832
vt 0.343933 0.000507
vt 0.339722 0.014832
vt 0.339722 0.000507
vt 0.335511 0.014832
vt 0.335511 0.000507
vt 0.327089 0.016769
vt 0.327089 0.019698
vt 0.322878 0.019698
vt 0.322878 0.016769
vt 0.331300 0.016769
vt 0.331300 0.019698
vt 0.335511 0.016769
vt 0.335511 0.019698
vt 0.339722 0.016769
vt 0.339722 0.019698
vt 0.343933 0.016769
vt 0.343933 0.019698
vt 0.348144 0.016769
vt 0.348144 0.019698
vt 0.352355 0.016769
vt 0.352355 0.019698
vt 0.356566 0.016769
vt 0.356566 0.019698
vt 0.360777 0.016769
vt 0.360777 0.019698
vt 0.364988 0.016769
vt 0.364988 0.019698
vt 0.369199 0.016769
vt 0.369199 0.019698
vt 0.373410 0.016769
vt 0.373410 0.019698
vt 0.377621 0.016769
vt 0.377621 0.019698
vt 0.381831 0.016769
vt 0.381831 0.019698
vt 0.386042 0.016769
vt 0.386042 0.019698
vt 0.390253 0.016769
vt 0.390253 0.019698
vt 0.310246 0.016769
vt 0.310246 0.019698
vt 0.306035 0.019698
vt 0.306035 0.016769
vt 0.314457 0.016769
vt 0.314457 0.019698
vt 0.318667 0.016769
vt 0.318667 0.019698
vt 0.322878 0.029546
vt 0.318667 0.029546
vt 0.314457 0.029546
vt 0.310246 0.029546
vt 0.306035 0.029546
vt 0.390253 0.029546
vt 0.386042 0.029546
vt 0.381831 0.029546
vt 0.377621 0.029546
vt 0.373410 0.029546
vt 0.369199 0.029546
vt 0.364988 0.029546
vt 0.360777 0.029546
vt 0.356566 0.029546
vt 0.352355 0.029546
vt 0.348144 0.029546
vt 0.343933 0.029546
vt 0.339722 0.029546
vt 0.335511 0.029546
vt 0.331300 0.029546
vt 0.327089 0.029546
vt 0.498005 0.566220
vt 0.499545 0.556496
vt 0.501085 0.566220
vt 0.495075 0.565268
vt 0.492583 0.563458
vt 0.490772 0.560966
vt 0.489821 0.558036
vt 0.489821 0.554956
vt 0.490772 0.552026
vt 0.492583 0.549534
vt 0.495075 0.547724
vt 0.498005 0.546772
vt 0.501085 0.546772
vt 0.504015 0.547724
vt 0.506507 0.549534
vt 0.508317 0.552026
vt 0.509269 0.554956
vt 0.509269 0.558036
vt 0.508317 0.560966
vt 0.506507 0.563458
vt 0.504015 0.565268
vt 0.012149 0.563136
vt 0.012149 0.563966
vt 0.006328 0.563136
vt 0.017969 0.563136
vt 0.017969 0.563966
vt 0.023790 0.563136
vt 0.023790 0.563966
vt 0.029610 0.563136
vt 0.029610 0.563966
vt 0.035431 0.563136
vt 0.035431 0.563966
vt 0.041252 0.563966
vt 0.047072 0.563136
vt 0.047072 0.563966
vt 0.041252 0.563136
vt 0.052893 0.563136
vt 0.052893 0.563966
vt 0.058713 0.563136
vt 0.058713 0.563966
vt 0.064534 0.563966
vt 0.111099 0.563136
vt 0.111099 0.563966
vt 0.105278 0.563136
vt 0.116919 0.563966
vt 0.012149 0.560037
vt 0.006328 0.560037
vt 0.006328 0.559207
vt 0.000507 0.560037
vt 0.000507 0.559207
vt 0.116919 0.559207
vt 0.116919 0.560037
vt 0.111099 0.559207
vt 0.111099 0.560037
vt 0.105278 0.560037
vt 0.105278 0.559207
vt 0.099458 0.560037
vt 0.099458 0.559207
vt 0.093637 0.560037
vt 0.093637 0.559207
vt 0.087817 0.560037
vt 0.087817 0.559207
vt 0.081996 0.560037
vt 0.081996 0.559207
vt 0.076175 0.560037
vt 0.076175 0.559207
vt 0.070355 0.560037
vt 0.070355 0.559207
vt 0.064534 0.560037
vt 0.064534 0.559207
vt 0.058713 0.559207
vt 0.047072 0.560037
vt 0.041252 0.560037
vt 0.041252 0.559207
vt 0.035431 0.559207
vt 0.328732 0.298630
vt 0.328732 0.290573
vt 0.334328 0.290573
vt 0.334328 0.298630
vt 0.435052 0.298630
vt 0.435052 0.290573
vt 0.440648 0.290573
vt 0.440648 0.298630
vt 0.429457 0.298630
vt 0.429457 0.290573
vt 0.423861 0.298630
vt 0.423861 0.290573
vt 0.418265 0.298630
vt 0.418265 0.290573
vt 0.412669 0.298630
vt 0.412669 0.290573
vt 0.407074 0.298630
vt 0.407074 0.290573
vt 0.401478 0.298630
vt 0.401478 0.290573
vt 0.395882 0.298630
vt 0.395882 0.290573
vt 0.390286 0.298630
vt 0.390286 0.290573
vt 0.384690 0.298630
vt 0.384690 0.290573
vt 0.379095 0.298630
vt 0.379095 0.290573
vt 0.373499 0.298630
vt 0.373499 0.290573
vt 0.367903 0.298630
vt 0.367903 0.290573
vt 0.362307 0.298630
vt 0.362307 0.290573
vt 0.356711 0.298630
vt 0.356711 0.290573
vt 0.351116 0.298630
vt 0.351116 0.290573
vt 0.345520 0.298630
vt 0.345520 0.290573
vt 0.339924 0.298630
vt 0.339924 0.290573
vt 0.852925 0.068416
vt 0.852925 0.062765
vt 0.858745 0.062765
vt 0.858745 0.068416
vt 0.963516 0.068416
vt 0.963516 0.062765
vt 0.969337 0.062765
vt 0.969337 0.068416
vt 0.957696 0.068416
vt 0.957696 0.062765
vt 0.951875 0.068416
vt 0.951875 0.062765
vt 0.946054 0.068416
vt 0.946054 0.062765
vt 0.940234 0.068416
vt 0.940234 0.062765
vt 0.934413 0.068416
vt 0.934413 0.062765
vt 0.928593 0.068416
vt 0.928593 0.062765
vt 0.922772 0.068416
vt 0.922772 0.062765
vt 0.916951 0.068416
vt 0.916951 0.062765
vt 0.911131 0.068416
vt 0.911131 0.062765
vt 0.905310 0.068416
vt 0.905310 0.062765
vt 0.899490 0.068416
vt 0.899490 0.062765
vt 0.893669 0.068416
vt 0.893669 0.062765
vt 0.887848 0.068416
vt 0.887848 0.062765
vt 0.882028 0.068416
vt 0.882028 0.062765
vt 0.876207 0.068416
vt 0.876207 0.062765
vt 0.870386 0.068416
vt 0.870386 0.062765
vt 0.864566 0.068416
vt 0.864566 0.062765
vt 0.858745 0.047348
vt 0.864566 0.047348
vt 0.870386 0.047348
vt 0.876207 0.047348
vt 0.882028 0.047348
vt 0.887848 0.047348
vt 0.893669 0.047348
vt 0.899490 0.047348
vt 0.905310 0.047348
vt 0.911131 0.047348
vt 0.916951 0.047348
vt 0.922772 0.047348
vt 0.928593 0.047348
vt 0.934413 0.047348
vt 0.940234 0.047348
vt 0.946054 0.047348
vt 0.951875 0.047348
vt 0.957696 0.047348
vt 0.963516 0.047348
vt 0.969337 0.047348
vt 0.852925 0.047348
vt 0.882028 0.043429
vt 0.887848 0.043429
vt 0.887848 0.044970
vt 0.951875 0.044970
vt 0.951875 0.043429
vt 0.957696 0.044970
vt 0.946054 0.043429
vt 0.893669 0.044970
vt 0.893669 0.043429
vt 0.899490 0.044970
vt 0.887848 0.041050
vt 0.887848 0.029463
vt 0.893669 0.029463
vt 0.893669 0.041050
vt 0.899490 0.029463
vt 0.899490 0.041050
vt 0.905310 0.029463
vt 0.905310 0.041050
vt 0.911131 0.029463
vt 0.911131 0.041050
vt 0.916951 0.029463
vt 0.916951 0.041050
vt 0.922772 0.029463
vt 0.922772 0.041050
vt 0.928593 0.029463
vt 0.928593 0.041050
vt 0.934413 0.029463
vt 0.934413 0.041050
vt 0.940234 0.029463
vt 0.940234 0.041050
vt 0.946054 0.029463
vt 0.946054 0.041050
vt 0.951875 0.029463
vt 0.951875 0.041050
vt 0.957696 0.029463
vt 0.957696 0.041050
vt 0.963516 0.029463
vt 0.963516 0.041050
vt 0.969337 0.029463
vt 0.969337 0.041050
vt 0.852925 0.041050
vt 0.852925 0.029463
vt 0.858745 0.029463
vt 0.858745 0.041050
vt 0.864566 0.029463
vt 0.864566 0.041050
vt 0.870386 0.029463
vt 0.870386 0.041050
vt 0.876207 0.029463
vt 0.876207 0.041050
vt 0.882028 0.029463
vt 0.882028 0.041050
vt 0.893669 0.021756
vt 0.899490 0.021756
vt 0.887848 0.021756
vt 0.882028 0.021756
vt 0.876207 0.021756
vt 0.870386 0.021756
vt 0.864566 0.021756
vt 0.858745 0.021756
vt 0.852925 0.021756
vt 0.963516 0.021756
vt 0.969337 0.021756
vt 0.957696 0.021756
vt 0.951875 0.021756
vt 0.946054 0.021756
vt 0.940234 0.021756
vt 0.934413 0.021756
vt 0.928593 0.021756
vt 0.922772 0.021756
vt 0.916951 0.021756
vt 0.911131 0.021756
vt 0.905310 0.021756
vt 0.449159 0.953485
vt 0.449159 0.967810
vt 0.444948 0.967810
vt 0.444948 0.953485
vt 0.440737 0.967810
vt 0.440737 0.953485
vt 0.436526 0.967810
vt 0.436526 0.953485
vt 0.432315 0.967810
vt 0.432315 0.953485
vt 0.428104 0.967810
vt 0.428104 0.953485
vt 0.423894 0.967810
vt 0.423894 0.953485
vt 0.508112 0.953485
vt 0.508112 0.967810
vt 0.503901 0.967810
vt 0.503901 0.953485
vt 0.499690 0.967810
vt 0.499690 0.953485
vt 0.495479 0.967810
vt 0.495479 0.953485
vt 0.491268 0.967810
vt 0.491268 0.953485
vt 0.487057 0.967810
vt 0.487057 0.953485
vt 0.482847 0.967810
vt 0.482847 0.953485
vt 0.478636 0.967810
vt 0.478636 0.953485
vt 0.474425 0.967810
vt 0.474425 0.953485
vt 0.470214 0.967810
vt 0.470214 0.953485
vt 0.466003 0.967810
vt 0.466003 0.953485
vt 0.461792 0.967810
vt 0.461792 0.953485
vt 0.457581 0.967810
vt 0.457581 0.953485
vt 0.453370 0.967810
vt 0.453370 0.953485
vt 0.444948 0.969747
vt 0.444948 0.972675
vt 0.440737 0.972675
vt 0.440737 0.969747
vt 0.449159 0.969747
vt 0.449159 0.972675
vt 0.453370 0.969747
vt 0.453370 0.972675
vt 0.457581 0.969747
vt 0.457581 0.972675
vt 0.461792 0.969747
vt 0.461792 0.972675
vt 0.466003 0.969747
vt 0.466003 0.972675
vt 0.470214 0.969747
vt 0.470214 0.972675
vt 0.474425 0.969747
vt 0.474425 0.972675
vt 0.478636 0.969747
vt 0.478636 0.972675
vt 0.482847 0.969747
vt 0.482847 0.972675
vt 0.487057 0.969747
vt 0.487057 0.972675
vt 0.491268 0.969747
vt 0.491268 0.972675
vt 0.495479 0.969747
vt 0.495479 0.972675
vt 0.499690 0.969747
vt 0.499690 0.972675
vt 0.503901 0.969747
vt 0.503901 0.972675
vt 0.508112 0.969747
vt 0.508112 0.972675
vt 0.428104 0.969747
vt 0.428104 0.972675
vt 0.423894 0.972675
vt 0.423894 0.969747
vt 0.432315 0.969747
vt 0.432315 0.972675
vt 0.436526 0.969747
vt 0.436526 0.972675
vt 0.440737 0.982524
vt 0.436526 0.982524
vt 0.432315 0.982524
vt 0.428104 0.982524
vt 0.423894 0.982524
vt 0.508112 0.982524
vt 0.503901 0.982524
vt 0.499690 0.982524
vt 0.495479 0.982524
vt 0.491268 0.982524
vt 0.487057 0.982524
vt 0.482847 0.982524
vt 0.478636 0.982524
vt 0.474425 0.982524
vt 0.470214 0.982524
vt 0.466003 0.982524
vt 0.461792 0.982524
vt 0.457581 0.982524
vt 0.453370 0.982524
vt 0.449159 0.982524
vt 0.444948 0.982524
vt 0.515382 0.486145
vt 0.516922 0.476421
vt 0.518462 0.486145
vt 0.512452 0.485193
vt 0.509960 0.483383
vt 0.508150 0.480891
vt 0.507198 0.477961
vt 0.507198 0.474881
vt 0.508150 0.471951
vt 0.509960 0.469459
vt 0.512452 0.467649
vt 0.515382 0.466697
vt 0.518462 0.466697
vt 0.521392 0.467649
vt 0.523884 0.469459
vt 0.525695 0.471951
vt 0.526646 0.474881
vt 0.526646 0.477961
vt 0.525695 0.480891
vt 0.523884 0.483383
vt 0.521392 0.485193
vt 0.882028 0.045748
vt 0.876207 0.044970
vt 0.882028 0.044970
vt 0.887848 0.045748
vt 0.899490 0.045748
vt 0.905310 0.045748
vt 0.940234 0.045748
vt 0.934413 0.044970
vt 0.940234 0.044970
vt 0.946054 0.045748
vt 0.864566 0.045748
vt 0.864566 0.046578
vt 0.858745 0.045748
vt 0.870386 0.045748
vt 0.870386 0.046578
vt 0.876207 0.045748
vt 0.876207 0.046578
vt 0.882028 0.046578
vt 0.911131 0.045748
vt 0.911131 0.046578
vt 0.916951 0.045748
vt 0.916951 0.046578
vt 0.922772 0.046578
vt 0.957696 0.045748
vt 0.957696 0.046578
vt 0.951875 0.045748
vt 0.963516 0.046578
vt 0.969337 0.045748
vt 0.969337 0.046578
vt 0.963516 0.045748
vt 0.858745 0.046578
vt 0.852925 0.046578
vt 0.852925 0.045748
vt 0.864566 0.042650
vt 0.858745 0.042650
vt 0.858745 0.041820
vt 0.852925 0.041820
vt 0.969337 0.042650
vt 0.963516 0.042650
vt 0.963516 0.041820
vt 0.957696 0.041820
vt 0.951875 0.042650
vt 0.946054 0.042650
vt 0.946054 0.041820
vt 0.940234 0.041820
vt 0.940234 0.042650
vt 0.934413 0.042650
vt 0.934413 0.041820
vt 0.928593 0.042650
vt 0.928593 0.041820
vt 0.922772 0.042650
vt 0.922772 0.041820
vt 0.916951 0.041820
vt 0.911131 0.042650
vt 0.905310 0.042650
vt 0.905310 0.041820
vt 0.899490 0.041820
vt 0.359979 0.517454
vt 0.359979 0.509397
vt 0.365575 0.509397
vt 0.365575 0.517454
vt 0.466299 0.517454
vt 0.466299 0.509397
vt 0.471895 0.509397
vt 0.471895 0.517454
vt 0.460703 0.517454
vt 0.460703 0.509397
vt 0.455107 0.517454
vt 0.455107 0.509397
vt 0.449512 0.517454
vt 0.449512 0.509397
vt 0.443916 0.517454
vt 0.443916 0.509397
vt 0.438320 0.517454
vt 0.438320 0.509397
vt 0.432724 0.517454
vt 0.432724 0.509397
vt 0.427128 0.517454
vt 0.427128 0.509397
vt 0.421532 0.517454
vt 0.421532 0.509397
vt 0.415937 0.517454
vt 0.415937 0.509397
vt 0.410341 0.517454
vt 0.410341 0.509397
vt 0.404745 0.517454
vt 0.404745 0.509397
vt 0.399149 0.517454
vt 0.399149 0.509397
vt 0.393553 0.517454
vt 0.393553 0.509397
vt 0.387958 0.517454
vt 0.387958 0.509397
vt 0.382362 0.517454
vt 0.382362 0.509397
vt 0.376766 0.517454
vt 0.376766 0.509397
vt 0.371170 0.517454
vt 0.371170 0.509397
vt 0.000507 0.728829
vt 0.000507 0.723177
vt 0.006328 0.723177
vt 0.006328 0.728829
vt 0.111099 0.728829
vt 0.111099 0.723177
vt 0.116919 0.723177
vt 0.116919 0.728829
vt 0.105278 0.728829
vt 0.105278 0.723177
vt 0.099458 0.728829
vt 0.099458 0.723177
vt 0.093637 0.728829
vt 0.093637 0.723177
vt 0.087816 0.728829
vt 0.087816 0.723177
vt 0.081996 0.728829
vt 0.081996 0.723177
vt 0.076175 0.728829
vt 0.076175 0.723177
vt 0.070355 0.728829
vt 0.070355 0.723177
vt 0.064534 0.728829
vt 0.064534 0.723177
vt 0.058713 0.728829
vt 0.058713 0.723177
vt 0.052893 0.728829
vt 0.052893 0.723177
vt 0.047072 0.728829
vt 0.047072 0.723177
vt 0.041252 0.728829
vt 0.041252 0.723177
vt 0.035431 0.728829
vt 0.035431 0.723177
vt 0.029610 0.728829
vt 0.029610 0.723177
vt 0.023790 0.728829
vt 0.023790 0.723177
vt 0.017969 0.728829
vt 0.017969 0.723177
vt 0.012149 0.728829
vt 0.012149 0.723177
vt 0.006328 0.707761
vt 0.012149 0.707761
vt 0.017969 0.707761
vt 0.023790 0.707761
vt 0.029610 0.707761
vt 0.035431 0.707761
vt 0.041252 0.707761
vt 0.047072 0.707761
vt 0.052893 0.707761
vt 0.058713 0.707761
vt 0.064534 0.707761
vt 0.070355 0.707761
vt 0.076175 0.707761
vt 0.081996 0.707761
vt 0.087816 0.707761
vt 0.093637 0.707761
vt 0.099458 0.707761
vt 0.105278 0.707761
vt 0.111099 0.707761
vt 0.116919 0.707761
vt 0.000507 0.707761
vt 0.093637 0.705382
vt 0.093637 0.703841
vt 0.099458 0.705382
vt 0.087816 0.703841
vt 0.081996 0.705382
vt 0.081996 0.703841
vt 0.087816 0.705382
vt 0.076175 0.703841
vt 0.064534 0.705382
vt 0.064534 0.703841
vt 0.070355 0.705382
vt 0.058713 0.703841
vt 0.035431 0.701462
vt 0.035431 0.689875
vt 0.041252 0.689875
vt 0.041252 0.701462
vt 0.047072 0.689875
vt 0.047072 0.701462
vt 0.052893 0.689875
vt 0.052893 0.701462
vt 0.058713 0.689875
vt 0.058713 0.701462
vt 0.064534 0.689875
vt 0.064534 0.701462
vt 0.070355 0.689875
vt 0.070355 0.701462
vt 0.076175 0.689875
vt 0.076175 0.701462
vt 0.081996 0.689875
vt 0.081996 0.701462
vt 0.087816 0.689875
vt 0.087816 0.701462
vt 0.093637 0.689875
vt 0.093637 0.701462
vt 0.099458 0.689875
vt 0.099458 0.701462
vt 0.105278 0.689875
vt 0.105278 0.701462
vt 0.111099 0.689875
vt 0.111099 0.701462
vt 0.116919 0.689875
vt 0.116919 0.701462
vt 0.000507 0.701462
vt 0.000507 0.689875
vt 0.006328 0.689875
vt 0.006328 0.701462
vt 0.012149 0.689875
vt 0.012149 0.701462
vt 0.017969 0.689875
vt 0.017969 0.701462
vt 0.023790 0.689875
vt 0.023790 0.701462
vt 0.029610 0.689875
vt 0.029610 0.701462
vt 0.041252 0.682168
vt 0.047072 0.682168
vt 0.035431 0.682168
vt 0.029610 0.682168
vt 0.023790 0.682168
vt 0.017969 0.682168
vt 0.012149 0.682168
vt 0.006328 0.682168
vt 0.000507 0.682168
vt 0.111099 0.682168
vt 0.116919 0.682168
vt 0.105278 0.682168
vt 0.099458 0.682168
vt 0.093637 0.682168
vt 0.087816 0.682168
vt 0.081996 0.682168
vt 0.076175 0.682168
vt 0.070355 0.682168
vt 0.064534 0.682168
vt 0.058713 0.682168
vt 0.052893 0.682168
vt 0.287960 0.744572
vt 0.287960 0.758897
vt 0.283749 0.758897
vt 0.283749 0.744572
vt 0.279538 0.758897
vt 0.279538 0.744572
vt 0.275327 0.758897
vt 0.275327 0.744572
vt 0.271116 0.758897
vt 0.271116 0.744572
vt 0.266905 0.758897
vt 0.266905 0.744572
vt 0.262694 0.758897
vt 0.262694 0.744572
vt 0.346913 0.744572
vt 0.346913 0.758897
vt 0.342702 0.758897
vt 0.342702 0.744572
vt 0.338491 0.758897
vt 0.338491 0.744572
vt 0.334280 0.758897
vt 0.334280 0.744572
vt 0.330069 0.758897
vt 0.330069 0.744572
vt 0.325859 0.758897
vt 0.325859 0.744572
vt 0.321648 0.758897
vt 0.321648 0.744572
vt 0.317437 0.758897
vt 0.317437 0.744572
vt 0.313226 0.758897
vt 0.313226 0.744572
vt 0.309015 0.758897
vt 0.309015 0.744572
vt 0.304804 0.758897
vt 0.304804 0.744572
vt 0.300593 0.758897
vt 0.300593 0.744572
vt 0.296382 0.758897
vt 0.296382 0.744572
vt 0.292171 0.758897
vt 0.292171 0.744572
vt 0.283749 0.760834
vt 0.283749 0.763762
vt 0.279538 0.763762
vt 0.279538 0.760834
vt 0.287960 0.760834
vt 0.287960 0.763762
vt 0.292171 0.760834
vt 0.292171 0.763762
vt 0.296382 0.760834
vt 0.296382 0.763762
vt 0.300593 0.760834
vt 0.300593 0.763762
vt 0.304804 0.760834
vt 0.304804 0.763762
vt 0.309015 0.760834
vt 0.309015 0.763762
vt 0.313226 0.760834
vt 0.313226 0.763762
vt 0.317437 0.760834
vt 0.317437 0.763762
vt 0.321648 0.760834
vt 0.321648 0.763762
vt 0.325859 0.760834
vt 0.325859 0.763762
vt 0.330069 0.760834
vt 0.330069 0.763762
vt 0.334280 0.760834
vt 0.334280 0.763762
vt 0.338491 0.760834
vt 0.338491 0.763762
vt 0.342702 0.760834
vt 0.342702 0.763762
vt 0.346913 0.760834
vt 0.346913 0.763762
vt 0.266905 0.760834
vt 0.266905 0.763762
vt 0.262694 0.763762
vt 0.262694 0.760834
vt 0.271116 0.760834
vt 0.271116 0.763762
vt 0.275327 0.760834
vt 0.275327 0.763762
vt 0.279538 0.773610
vt 0.275327 0.773610
vt 0.271116 0.773610
vt 0.266905 0.773610
vt 0.262694 0.773610
vt 0.346913 0.773610
vt 0.342702 0.773610
vt 0.338491 0.773610
vt 0.334280 0.773610
vt 0.330069 0.773610
vt 0.325859 0.773610
vt 0.321648 0.773610
vt 0.317437 0.773610
vt 0.313226 0.773610
vt 0.309015 0.773610
vt 0.304804 0.773610
vt 0.300593 0.773610
vt 0.296382 0.773610
vt 0.292171 0.773610
vt 0.287960 0.773610
vt 0.283749 0.773610
vt 0.338798 0.556609
vt 0.340339 0.546885
vt 0.341879 0.556609
vt 0.335869 0.555657
vt 0.333377 0.553847
vt 0.331566 0.551355
vt 0.330614 0.548425
vt 0.330614 0.545345
vt 0.331566 0.542415
vt 0.333377 0.539923
vt 0.335869 0.538112
vt 0.338798 0.537161
vt 0.341879 0.537161
vt 0.344808 0.538112
vt 0.347300 0.539923
vt 0.349111 0.542415
vt 0.350063 0.545345
vt 0.350063 0.548425
vt 0.349111 0.551355
vt 0.347300 0.553847
vt 0.344808 0.555657
vt 0.017969 0.706160
vt 0.017969 0.706991
vt 0.012149 0.706160
vt 0.023790 0.706991
vt 0.035431 0.706160
vt 0.035431 0.706991
vt 0.029610 0.706160
vt 0.041252 0.706160
vt 0.041252 0.706991
vt 0.047072 0.706991
vt 0.052893 0.706160
vt 0.052893 0.706991
vt 0.047072 0.706160
vt 0.058713 0.706991
vt 0.105278 0.706160
vt 0.105278 0.706991
vt 0.099458 0.706160
vt 0.111099 0.706160
vt 0.111099 0.706991
vt 0.116919 0.706991
vt 0.035431 0.703062
vt 0.029610 0.703062
vt 0.029610 0.702232
vt 0.023790 0.703062
vt 0.023790 0.702232
vt 0.017969 0.702232
vt 0.017969 0.703062
vt 0.012149 0.703062
vt 0.012149 0.702232
vt 0.006328 0.703062
vt 0.006328 0.702232
vt 0.000507 0.703062
vt 0.000507 0.702232
vt 0.116919 0.702232
vt 0.116919 0.703062
vt 0.111099 0.702232
vt 0.105278 0.703062
vt 0.099458 0.703062
vt 0.099458 0.702232
vt 0.093637 0.702232
vt 0.087816 0.703062
vt 0.081996 0.703062
vt 0.076175 0.703062
vt 0.076175 0.702232
vt 0.070355 0.702232
vt 0.070355 0.703841
vt 0.070355 0.703062
vt 0.064534 0.703062
vt 0.058713 0.703062
vt 0.058713 0.702232
vt 0.052893 0.702232
vt 0.052893 0.703062
vt 0.047072 0.703062
vt 0.047072 0.702232
vt 0.041252 0.702232
vt 0.333576 0.250365
vt 0.333576 0.242308
vt 0.339172 0.242308
vt 0.339172 0.250365
vt 0.439898 0.250365
vt 0.439898 0.242308
vt 0.445493 0.242308
vt 0.445493 0.250365
vt 0.434302 0.250365
vt 0.434302 0.242308
vt 0.428706 0.250365
vt 0.428706 0.242308
vt 0.423110 0.250365
vt 0.423110 0.242308
vt 0.417514 0.250365
vt 0.417514 0.242308
vt 0.411918 0.250365
vt 0.411918 0.242308
vt 0.406322 0.250365
vt 0.406322 0.242308
vt 0.400727 0.250365
vt 0.400727 0.242308
vt 0.395131 0.250365
vt 0.395131 0.242308
vt 0.389535 0.250365
vt 0.389535 0.242308
vt 0.383939 0.250365
vt 0.383939 0.242308
vt 0.378343 0.250365
vt 0.378343 0.242308
vt 0.372747 0.250365
vt 0.372747 0.242308
vt 0.367151 0.250365
vt 0.367151 0.242308
vt 0.361556 0.250365
vt 0.361556 0.242308
vt 0.355960 0.250365
vt 0.355960 0.242308
vt 0.350364 0.250365
vt 0.350364 0.242308
vt 0.344768 0.250365
vt 0.344768 0.242308
vt 0.000507 0.633479
vt 0.000507 0.627827
vt 0.006328 0.627827
vt 0.006328 0.633479
vt 0.111099 0.633479
vt 0.111099 0.627827
vt 0.116919 0.627827
vt 0.116919 0.633479
vt 0.105278 0.633479
vt 0.105278 0.627827
vt 0.099458 0.633479
vt 0.099458 0.627827
vt 0.093637 0.633479
vt 0.093637 0.627827
vt 0.087816 0.633479
vt 0.087816 0.627827
vt 0.081996 0.633479
vt 0.081996 0.627827
vt 0.076175 0.633479
vt 0.076175 0.627827
vt 0.070355 0.633479
vt 0.070355 0.627827
vt 0.064534 0.633479
vt 0.064534 0.627827
vt 0.058713 0.633479
vt 0.058713 0.627827
vt 0.052893 0.633479
vt 0.052893 0.627827
vt 0.047072 0.633479
vt 0.047072 0.627827
vt 0.041251 0.633479
vt 0.041251 0.627827
vt 0.035431 0.633479
vt 0.035431 0.627827
vt 0.029610 0.633479
vt 0.029610 0.627827
vt 0.023790 0.633479
vt 0.023790 0.627827
vt 0.017969 0.633479
vt 0.017969 0.627827
vt 0.012149 0.633479
vt 0.012149 0.627827
vt 0.006328 0.612411
vt 0.012149 0.612411
vt 0.017969 0.612411
vt 0.023790 0.612411
vt 0.029610 0.612411
vt 0.035431 0.612411
vt 0.041251 0.612411
vt 0.047072 0.612411
vt 0.052893 0.612411
vt 0.058713 0.612411
vt 0.064534 0.612411
vt 0.070355 0.612411
vt 0.076175 0.612411
vt 0.081996 0.612411
vt 0.087816 0.612411
vt 0.093637 0.612411
vt 0.099458 0.612411
vt 0.105278 0.612411
vt 0.111099 0.612411
vt 0.116919 0.612411
vt 0.000507 0.612411
vt 0.035431 0.606112
vt 0.035431 0.594525
vt 0.041251 0.594525
vt 0.041251 0.606112
vt 0.047072 0.594525
vt 0.047072 0.606112
vt 0.052893 0.594525
vt 0.052893 0.606112
vt 0.058713 0.594525
vt 0.058713 0.606112
vt 0.064534 0.594525
vt 0.064534 0.606112
vt 0.070355 0.594525
vt 0.070355 0.606112
vt 0.076175 0.594525
vt 0.076175 0.606112
vt 0.081996 0.594525
vt 0.081996 0.606112
vt 0.087816 0.594525
vt 0.087816 0.606112
vt 0.093637 0.594525
vt 0.093637 0.606112
vt 0.099458 0.594525
vt 0.099458 0.606112
vt 0.105278 0.594525
vt 0.105278 0.606112
vt 0.111099 0.594525
vt 0.111099 0.606112
vt 0.116919 0.594525
vt 0.116919 0.606112
vt 0.000507 0.606112
vt 0.000507 0.594525
vt 0.006328 0.594525
vt 0.006328 0.606112
vt 0.012149 0.594525
vt 0.012149 0.606112
vt 0.017969 0.594525
vt 0.017969 0.606112
vt 0.023790 0.594525
vt 0.023790 0.606112
vt 0.029610 0.594525
vt 0.029610 0.606112
vt 0.041251 0.586818
vt 0.047072 0.586818
vt 0.035431 0.586818
vt 0.029610 0.586818
vt 0.023790 0.586818
vt 0.017969 0.586818
vt 0.012149 0.586818
vt 0.006328 0.586818
vt 0.000507 0.586818
vt 0.111099 0.586818
vt 0.116919 0.586818
vt 0.105278 0.586818
vt 0.099458 0.586818
vt 0.093637 0.586818
vt 0.087816 0.586818
vt 0.081996 0.586818
vt 0.076175 0.586818
vt 0.070355 0.586818
vt 0.064534 0.586818
vt 0.058713 0.586818
vt 0.052893 0.586818
vt 0.791314 0.000985
vt 0.791314 0.015309
vt 0.787103 0.015309
vt 0.787103 0.000985
vt 0.782892 0.015309
vt 0.782892 0.000985
vt 0.778681 0.015309
vt 0.778681 0.000985
vt 0.774470 0.015309
vt 0.774470 0.000985
vt 0.770259 0.015309
vt 0.770259 0.000985
vt 0.766048 0.015309
vt 0.766048 0.000985
vt 0.850267 0.000985
vt 0.850267 0.015309
vt 0.846056 0.015309
vt 0.846056 0.000985
vt 0.841845 0.015309
vt 0.841845 0.000985
vt 0.837634 0.015309
vt 0.837634 0.000985
vt 0.833423 0.015309
vt 0.833423 0.000985
vt 0.829213 0.015309
vt 0.829213 0.000985
vt 0.825001 0.015309
vt 0.825001 0.000985
vt 0.820791 0.015309
vt 0.820791 0.000985
vt 0.816580 0.015309
vt 0.816580 0.000985
vt 0.812369 0.015309
vt 0.812369 0.000985
vt 0.808158 0.015309
vt 0.808158 0.000985
vt 0.803947 0.015309
vt 0.803947 0.000985
vt 0.799736 0.015309
vt 0.799736 0.000985
vt 0.795525 0.015309
vt 0.795525 0.000985
vt 0.787103 0.017246
vt 0.787103 0.020175
vt 0.782892 0.020175
vt 0.782892 0.017246
vt 0.791314 0.017246
vt 0.791314 0.020175
vt 0.795525 0.017246
vt 0.795525 0.020175
vt 0.799736 0.017246
vt 0.799736 0.020175
vt 0.803947 0.017246
vt 0.803947 0.020175
vt 0.808158 0.017246
vt 0.808158 0.020175
vt 0.812369 0.017246
vt 0.812369 0.020175
vt 0.816580 0.017246
vt 0.816580 0.020175
vt 0.820791 0.017246
vt 0.820791 0.020175
vt 0.825001 0.017246
vt 0.825001 0.020175
vt 0.829213 0.017246
vt 0.829213 0.020175
vt 0.833423 0.017246
vt 0.833423 0.020175
vt 0.837634 0.017246
vt 0.837634 0.020175
vt 0.841845 0.017246
vt 0.841845 0.020175
vt 0.846056 0.017246
vt 0.846056 0.020175
vt 0.850267 0.017246
vt 0.850267 0.020175
vt 0.770259 0.017246
vt 0.770259 0.020175
vt 0.766048 0.020175
vt 0.766048 0.017246
vt 0.774470 0.017246
vt 0.774470 0.020175
vt 0.778681 0.017246
vt 0.778681 0.020175
vt 0.782892 0.030023
vt 0.778681 0.030023
vt 0.774470 0.030023
vt 0.770259 0.030023
vt 0.766048 0.030023
vt 0.850267 0.030023
vt 0.846056 0.030023
vt 0.841845 0.030023
vt 0.837634 0.030023
vt 0.833423 0.030023
vt 0.829213 0.030023
vt 0.825001 0.030023
vt 0.820791 0.030023
vt 0.816580 0.030023
vt 0.812369 0.030023
vt 0.808158 0.030023
vt 0.803947 0.030023
vt 0.799736 0.030023
vt 0.795525 0.030023
vt 0.791314 0.030023
vt 0.787103 0.030023
vt 0.477541 0.566220
vt 0.479082 0.556496
vt 0.480622 0.566220
vt 0.474612 0.565268
vt 0.472120 0.563458
vt 0.470309 0.560966
vt 0.469357 0.558036
vt 0.469357 0.554956
vt 0.470309 0.552026
vt 0.472120 0.549534
vt 0.474612 0.547724
vt 0.477541 0.546772
vt 0.480622 0.546772
vt 0.483552 0.547724
vt 0.486044 0.549534
vt 0.487854 0.552026
vt 0.488806 0.554956
vt 0.488806 0.558036
vt 0.487854 0.560966
vt 0.486044 0.563458
vt 0.483552 0.565268
vt 0.012149 0.610811
vt 0.006328 0.610811
vt 0.006328 0.610032
vt 0.012149 0.610032
vt 0.017969 0.610811
vt 0.047072 0.610811
vt 0.041251 0.610032
vt 0.047072 0.610032
vt 0.052893 0.610811
vt 0.000507 0.610032
vt 0.023790 0.610811
vt 0.023790 0.611641
vt 0.029610 0.610811
vt 0.029610 0.611641
vt 0.035431 0.611641
vt 0.041251 0.610811
vt 0.041251 0.611641
vt 0.035431 0.610811
vt 0.047072 0.611641
vt 0.064534 0.610811
vt 0.064534 0.611641
vt 0.058713 0.610811
vt 0.070355 0.611641
vt 0.076175 0.610811
vt 0.076175 0.611641
vt 0.070355 0.610811
vt 0.081996 0.611641
vt 0.099458 0.610811
vt 0.099458 0.611641
vt 0.093637 0.610811
vt 0.105278 0.611641
vt 0.035431 0.606882
vt 0.035431 0.607712
vt 0.029610 0.606882
vt 0.023790 0.607712
vt 0.017969 0.607712
vt 0.017969 0.606882
vt 0.012149 0.606882
vt 0.006328 0.607712
vt 0.000507 0.607712
vt 0.000507 0.606882
vt 0.116919 0.606882
vt 0.116919 0.607712
vt 0.111099 0.606882
vt 0.116919 0.608491
vt 0.111099 0.608491
vt 0.111099 0.607712
vt 0.105278 0.607712
vt 0.105278 0.606882
vt 0.099458 0.606882
vt 0.099458 0.608491
vt 0.093637 0.608491
vt 0.093637 0.607712
vt 0.087816 0.607712
vt 0.087816 0.606882
vt 0.081996 0.606882
vt 0.087816 0.608491
vt 0.081996 0.608491
vt 0.081996 0.607712
vt 0.076175 0.607712
vt 0.070355 0.607712
vt 0.070355 0.606882
vt 0.064534 0.606882
vt 0.064534 0.607712
vt 0.058713 0.607712
vt 0.058713 0.606882
vt 0.052893 0.607712
vt 0.052893 0.606882
vt 0.047072 0.606882
vt 0.041251 0.607712
vt 0.281781 0.183944
vt 0.281781 0.189223
vt 0.256518 0.189223
vt 0.256518 0.183944
vt 0.281780 0.194505
vt 0.256518 0.194505
vt 0.281779 0.199787
vt 0.256518 0.199787
vt 0.281779 0.205068
vt 0.256518 0.205068
vt 0.281779 0.210348
vt 0.256518 0.210348
vt 0.281779 0.215628
vt 0.256518 0.215628
vt 0.281779 0.220910
vt 0.256518 0.220910
vt 0.281780 0.226192
vt 0.256518 0.226192
vt 0.281781 0.231473
vt 0.256518 0.231473
vt 0.281781 0.236753
vt 0.256518 0.236753
vt 0.428163 0.183944
vt 0.428163 0.189223
vt 0.382313 0.189223
vt 0.382313 0.183944
vt 0.428163 0.194505
vt 0.382313 0.194505
vt 0.428163 0.199787
vt 0.382313 0.199787
vt 0.428163 0.205068
vt 0.382313 0.205068
vt 0.428163 0.210348
vt 0.382313 0.210348
vt 0.428163 0.215628
vt 0.382313 0.215628
vt 0.428163 0.220910
vt 0.382313 0.220910
vt 0.428163 0.226192
vt 0.382313 0.226192
vt 0.428163 0.231473
vt 0.382313 0.231473
vt 0.428163 0.236753
vt 0.382313 0.236753
vt 0.450738 0.183944
vt 0.450738 0.189223
vt 0.450738 0.194505
vt 0.450738 0.199787
vt 0.450738 0.205068
vt 0.450738 0.210348
vt 0.450738 0.215628
vt 0.450738 0.220910
vt 0.450738 0.226192
vt 0.450738 0.231473
vt 0.450738 0.236753
vt 0.459569 0.183944
vt 0.459569 0.189223
vt 0.459569 0.194505
vt 0.459569 0.199787
vt 0.459569 0.205068
vt 0.459569 0.210348
vt 0.459569 0.215628
vt 0.459569 0.220910
vt 0.459569 0.226192
vt 0.459569 0.231473
vt 0.459569 0.236753
vt 0.470378 0.183944
vt 0.470378 0.189223
vt 0.470378 0.194505
vt 0.470378 0.199787
vt 0.470378 0.205068
vt 0.470378 0.210348
vt 0.470378 0.215628
vt 0.470378 0.220910
vt 0.470378 0.226192
vt 0.470378 0.231473
vt 0.470378 0.236753
vt 0.486195 0.183944
vt 0.486195 0.189223
vt 0.486195 0.194505
vt 0.486195 0.199787
vt 0.486195 0.205068
vt 0.486195 0.210348
vt 0.486195 0.215628
vt 0.486195 0.220910
vt 0.486195 0.226192
vt 0.486195 0.231473
vt 0.486195 0.236753
vt 0.498887 0.183944
vt 0.498887 0.189223
vt 0.498887 0.194505
vt 0.498887 0.199787
vt 0.498887 0.205068
vt 0.498887 0.210348
vt 0.498887 0.215628
vt 0.498887 0.220910
vt 0.498887 0.226192
vt 0.498887 0.231473
vt 0.498887 0.236753
vt 0.511478 0.183944
vt 0.511478 0.189223
vt 0.511478 0.194505
vt 0.511478 0.199787
vt 0.511478 0.205068
vt 0.511478 0.210348
vt 0.511478 0.215628
vt 0.511478 0.220910
vt 0.511478 0.226192
vt 0.511478 0.231473
vt 0.511478 0.236753
vt 0.522700 0.183944
vt 0.522700 0.189223
vt 0.522700 0.194505
vt 0.522700 0.199787
vt 0.522700 0.205068
vt 0.522700 0.210348
vt 0.522700 0.215628
vt 0.522700 0.220910
vt 0.522700 0.226192
vt 0.522700 0.231473
vt 0.522700 0.236753
vt 0.531205 0.183944
vt 0.531205 0.189223
vt 0.531205 0.194505
vt 0.531205 0.199787
vt 0.531205 0.205068
vt 0.531205 0.210348
vt 0.531205 0.215628
vt 0.531205 0.220910
vt 0.531205 0.226192
vt 0.531205 0.231473
vt 0.531205 0.236753
vt 0.541296 0.183944
vt 0.541296 0.189223
vt 0.541296 0.194505
vt 0.541296 0.199787
vt 0.541296 0.205068
vt 0.541296 0.210348
vt 0.541296 0.215628
vt 0.541296 0.220910
vt 0.541296 0.226192
vt 0.541296 0.231473
vt 0.541296 0.236753
vt 0.550244 0.183944
vt 0.550244 0.189223
vt 0.550244 0.194505
vt 0.550244 0.199787
vt 0.550244 0.205068
vt 0.550244 0.210348
vt 0.550244 0.215628
vt 0.550244 0.220910
vt 0.550244 0.226192
vt 0.550244 0.231473
vt 0.550244 0.236753
vt 0.560811 0.183944
vt 0.560811 0.189223
vt 0.560811 0.194505
vt 0.560811 0.199787
vt 0.560811 0.205068
vt 0.560811 0.210348
vt 0.560811 0.215628
vt 0.560811 0.220910
vt 0.560811 0.226192
vt 0.560811 0.231473
vt 0.560811 0.236753
vt 0.571291 0.183944
vt 0.571291 0.189223
vt 0.571291 0.194505
vt 0.571291 0.199787
vt 0.571291 0.205068
vt 0.571291 0.210348
vt 0.571291 0.215628
vt 0.571291 0.220910
vt 0.571291 0.226192
vt 0.571291 0.231473
vt 0.571291 0.236753
vt 0.583515 0.183944
vt 0.583515 0.189223
vt 0.583515 0.194505
vt 0.583515 0.199787
vt 0.583515 0.205068
vt 0.583515 0.210348
vt 0.583515 0.215628
vt 0.583515 0.220910
vt 0.583515 0.226192
vt 0.583515 0.231473
vt 0.583515 0.236753
vt 0.597581 0.183944
vt 0.597581 0.189223
vt 0.597581 0.194505
vt 0.597581 0.199787
vt 0.597581 0.205068
vt 0.597581 0.210348
vt 0.597581 0.215628
vt 0.597581 0.220910
vt 0.597581 0.226192
vt 0.597581 0.231473
vt 0.597581 0.236753
vt 0.613592 0.183944
vt 0.613592 0.189223
vt 0.613592 0.194505
vt 0.613592 0.199787
vt 0.613592 0.205068
vt 0.613592 0.210348
vt 0.613592 0.215628
vt 0.613592 0.220910
vt 0.613592 0.226192
vt 0.613592 0.231473
vt 0.613592 0.236753
vt 0.629793 0.183944
vt 0.629793 0.189223
vt 0.629793 0.194505
vt 0.629793 0.199787
vt 0.629793 0.205068
vt 0.629793 0.210348
vt 0.629793 0.215628
vt 0.629793 0.220910
vt 0.629793 0.226192
vt 0.629793 0.231473
vt 0.629793 0.236753
vt 0.649346 0.183944
vt 0.649346 0.189223
vt 0.649346 0.194505
vt 0.649346 0.199787
vt 0.649346 0.205068
vt 0.649346 0.210348
vt 0.649346 0.215628
vt 0.649346 0.220910
vt 0.649346 0.226192
vt 0.649346 0.231473
vt 0.649346 0.236753
vt 0.675673 0.183944
vt 0.675673 0.189223
vt 0.675673 0.194505
vt 0.675673 0.199787
vt 0.675673 0.205068
vt 0.675673 0.210348
vt 0.675673 0.215628
vt 0.675673 0.220910
vt 0.675673 0.226192
vt 0.675673 0.231473
vt 0.675673 0.236753
vt 0.704074 0.183944
vt 0.704074 0.189223
vt 0.704074 0.194505
vt 0.704074 0.199787
vt 0.704074 0.205068
vt 0.704074 0.210348
vt 0.704074 0.215628
vt 0.704074 0.220910
vt 0.704074 0.226192
vt 0.704074 0.231473
vt 0.704074 0.236753
vt 0.802477 0.183944
vt 0.802477 0.189223
vt 0.708715 0.189223
vt 0.708716 0.183944
vt 0.802477 0.194505
vt 0.708712 0.194505
vt 0.802477 0.199787
vt 0.708708 0.199787
vt 0.802477 0.205068
vt 0.708705 0.205068
vt 0.802477 0.210348
vt 0.708703 0.210348
vt 0.802477 0.215628
vt 0.708705 0.215628
vt 0.802477 0.220910
vt 0.708708 0.220910
vt 0.802477 0.226192
vt 0.708712 0.226192
vt 0.802477 0.231473
vt 0.708715 0.231473
vt 0.802477 0.236753
vt 0.708716 0.236753
vt 0.320688 0.087886
vt 0.320688 0.083969
vt 0.380382 0.083969
vt 0.380388 0.087886
vt 0.320688 0.080047
vt 0.380368 0.080047
vt 0.320688 0.076118
vt 0.380349 0.076118
vt 0.320688 0.072190
vt 0.380335 0.072190
vt 0.320688 0.068272
vt 0.380329 0.068272
vt 0.320688 0.064353
vt 0.380335 0.064353
vt 0.320688 0.060426
vt 0.380349 0.060426
vt 0.320688 0.056497
vt 0.380368 0.056497
vt 0.320688 0.052575
vt 0.380382 0.052575
vt 0.320688 0.048658
vt 0.380388 0.048658
vt 0.696580 0.052575
vt 0.696584 0.048658
vt 0.725862 0.048658
vt 0.725862 0.052575
vt 0.696569 0.056497
vt 0.725862 0.056497
vt 0.696558 0.060426
vt 0.725862 0.060426
vt 0.696550 0.064353
vt 0.725862 0.064353
vt 0.696547 0.068272
vt 0.725862 0.068272
vt 0.696550 0.072190
vt 0.725862 0.072190
vt 0.696558 0.076118
vt 0.725862 0.076118
vt 0.696569 0.080047
vt 0.725862 0.080047
vt 0.696580 0.083969
vt 0.725862 0.083969
vt 0.696584 0.087886
vt 0.725862 0.087886
vt 0.668427 0.955548
vt 0.668423 0.959127
vt 0.630690 0.959127
vt 0.630690 0.955548
vt 0.668414 0.962709
vt 0.630690 0.962709
vt 0.668403 0.966292
vt 0.630690 0.966292
vt 0.668394 0.969874
vt 0.630690 0.969874
vt 0.668390 0.973453
vt 0.630690 0.973453
vt 0.668394 0.977031
vt 0.630690 0.977031
vt 0.668403 0.980613
vt 0.630690 0.980613
vt 0.668414 0.984196
vt 0.630690 0.984196
vt 0.668423 0.987778
vt 0.630690 0.987778
vt 0.668427 0.991357
vt 0.630690 0.991357
vt 0.680607 0.955548
vt 0.680607 0.959127
vt 0.670204 0.959127
vt 0.670204 0.955548
vt 0.680607 0.962709
vt 0.670204 0.962709
vt 0.680607 0.966292
vt 0.670204 0.966292
vt 0.680607 0.969874
vt 0.670204 0.969874
vt 0.680607 0.973453
vt 0.670204 0.973453
vt 0.680607 0.977031
vt 0.670204 0.977031
vt 0.680607 0.980613
vt 0.670204 0.980613
vt 0.680607 0.984196
vt 0.670204 0.984196
vt 0.680607 0.987778
vt 0.670204 0.987778
vt 0.680607 0.991357
vt 0.670204 0.991357
vt 0.692540 0.955548
vt 0.692540 0.959127
vt 0.692540 0.962709
vt 0.692540 0.966292
vt 0.692540 0.969874
vt 0.692540 0.973453
vt 0.692540 0.977031
vt 0.692540 0.980613
vt 0.692540 0.984196
vt 0.692540 0.987778
vt 0.692540 0.991357
vt 0.708613 0.955548
vt 0.708613 0.959127
vt 0.708613 0.962709
vt 0.708613 0.966292
vt 0.708613 0.969874
vt 0.708613 0.973453
vt 0.708613 0.977031
vt 0.708613 0.980613
vt 0.708613 0.984196
vt 0.708613 0.987778
vt 0.708613 0.991357
vt 0.725967 0.955548
vt 0.725967 0.959127
vt 0.725967 0.962709
vt 0.725967 0.966292
vt 0.725967 0.969874
vt 0.725967 0.973453
vt 0.725967 0.977031
vt 0.725967 0.980613
vt 0.725967 0.984196
vt 0.725967 0.987778
vt 0.725967 0.991357
vt 0.747543 0.955548
vt 0.747543 0.959127
vt 0.747543 0.962709
vt 0.747543 0.966292
vt 0.747543 0.969874
vt 0.747543 0.973453
vt 0.747543 0.977031
vt 0.747543 0.980613
vt 0.747543 0.984196
vt 0.747543 0.987778
vt 0.747543 0.991357
vt 0.757029 0.955548
vt 0.757029 0.959127
vt 0.757029 0.962709
vt 0.757029 0.966292
vt 0.757029 0.969874
vt 0.757029 0.973453
vt 0.757029 0.977031
vt 0.757029 0.980613
vt 0.757029 0.984196
vt 0.757029 0.987778
vt 0.757029 0.991357
vt 0.764355 0.955548
vt 0.764355 0.959127
vt 0.764355 0.962709
vt 0.764355 0.966292
vt 0.764355 0.969874
vt 0.764355 0.973453
vt 0.764355 0.977031
vt 0.764355 0.980613
vt 0.764355 0.984196
vt 0.764355 0.987778
vt 0.764355 0.991357
vt 0.770658 0.955548
vt 0.770658 0.959127
vt 0.770658 0.962709
vt 0.770658 0.966292
vt 0.770658 0.969874
vt 0.770658 0.973453
vt 0.770658 0.977031
vt 0.770658 0.980613
vt 0.770658 0.984196
vt 0.770658 0.987778
vt 0.770658 0.991357
vt 0.777218 0.955548
vt 0.777218 0.959127
vt 0.777218 0.962709
vt 0.777218 0.966292
vt 0.777218 0.969874
vt 0.777218 0.973453
vt 0.777218 0.977031
vt 0.777218 0.980613
vt 0.777218 0.984196
vt 0.777218 0.987778
vt 0.777218 0.991357
vt 0.784072 0.955548
vt 0.784072 0.959127
vt 0.784072 0.962709
vt 0.784072 0.966292
vt 0.784072 0.969874
vt 0.784072 0.973453
vt 0.784072 0.977031
vt 0.784072 0.980613
vt 0.784072 0.984196
vt 0.784072 0.987778
vt 0.784072 0.991357
vt 0.793197 0.955548
vt 0.793197 0.959127
vt 0.793197 0.962709
vt 0.793197 0.966292
vt 0.793197 0.969874
vt 0.793197 0.973453
vt 0.793197 0.977031
vt 0.793197 0.980613
vt 0.793197 0.984196
vt 0.793197 0.987778
vt 0.793197 0.991357
vt 0.801373 0.955548
vt 0.801373 0.959127
vt 0.801373 0.962709
vt 0.801373 0.966292
vt 0.801373 0.969874
vt 0.801373 0.973453
vt 0.801373 0.977031
vt 0.801373 0.980613
vt 0.801373 0.984196
vt 0.801373 0.987778
vt 0.801373 0.991357
vt 0.810333 0.955548
vt 0.810333 0.959127
vt 0.810333 0.962709
vt 0.810333 0.966292
vt 0.810333 0.969874
vt 0.810333 0.973453
vt 0.810333 0.977031
vt 0.810333 0.980613
vt 0.810333 0.984196
vt 0.810333 0.987778
vt 0.810333 0.991357
vt 0.821342 0.955548
vt 0.821342 0.959127
vt 0.821342 0.962709
vt 0.821342 0.966292
vt 0.821342 0.969874
vt 0.821342 0.973453
vt 0.821342 0.977031
vt 0.821342 0.980613
vt 0.821342 0.984196
vt 0.821342 0.987778
vt 0.821342 0.991357
vt 0.910872 0.955548
vt 0.910872 0.959127
vt 0.910872 0.962709
vt 0.910872 0.966292
vt 0.910872 0.969874
vt 0.910872 0.973453
vt 0.910872 0.977031
vt 0.910872 0.980613
vt 0.910872 0.984196
vt 0.910872 0.987778
vt 0.910872 0.991357
vt 0.562586 0.273479
vt 0.562585 0.269799
vt 0.600977 0.269799
vt 0.600977 0.273479
vt 0.562587 0.277161
vt 0.600977 0.277161
vt 0.562588 0.280845
vt 0.600977 0.280845
vt 0.562589 0.284531
vt 0.600977 0.284531
vt 0.562589 0.288218
vt 0.600977 0.288218
vt 0.562589 0.255067
vt 0.562589 0.251380
vt 0.600977 0.251380
vt 0.600977 0.255067
vt 0.562588 0.258754
vt 0.600977 0.258754
vt 0.562587 0.262438
vt 0.600977 0.262438
vt 0.562586 0.266119
vt 0.600977 0.266119
vt 0.687278 0.087886
vt 0.687278 0.083969
vt 0.690932 0.083969
vt 0.690932 0.087886
vt 0.687278 0.080047
vt 0.690932 0.080047
vt 0.687278 0.076118
vt 0.690932 0.076118
vt 0.687278 0.072190
vt 0.690932 0.072190
vt 0.687278 0.068272
vt 0.690932 0.068272
vt 0.687278 0.064353
vt 0.690932 0.064353
vt 0.687278 0.060426
vt 0.690932 0.060426
vt 0.687278 0.056497
vt 0.690932 0.056497
vt 0.687278 0.052575
vt 0.690932 0.052575
vt 0.687278 0.048658
vt 0.690932 0.048658
vt 0.647802 0.052575
vt 0.647802 0.048658
vt 0.653987 0.048658
vt 0.653987 0.052575
vt 0.647802 0.056497
vt 0.653987 0.056497
vt 0.647802 0.060426
vt 0.653987 0.060426
vt 0.647802 0.064353
vt 0.653987 0.064353
vt 0.647802 0.068272
vt 0.653987 0.068272
vt 0.647802 0.072190
vt 0.653987 0.072190
vt 0.647802 0.076118
vt 0.653987 0.076118
vt 0.647802 0.080047
vt 0.653987 0.080047
vt 0.647802 0.083969
vt 0.653987 0.083969
vt 0.647802 0.087886
vt 0.653987 0.087886
vt 0.211582 0.989027
vt 0.211589 0.985334
vt 0.253752 0.985334
vt 0.253752 0.989027
vt 0.211608 0.981641
vt 0.253752 0.981641
vt 0.211630 0.977946
vt 0.253752 0.977946
vt 0.211648 0.974252
vt 0.253752 0.974252
vt 0.211654 0.970560
vt 0.253752 0.970560
vt 0.211648 0.966868
vt 0.253752 0.966868
vt 0.211630 0.963174
vt 0.253752 0.963174
vt 0.211608 0.959479
vt 0.253752 0.959479
vt 0.211589 0.955785
vt 0.253752 0.955785
vt 0.211582 0.952093
vt 0.253752 0.952093
vt 0.631185 0.052575
vt 0.631185 0.048658
vt 0.631185 0.056497
vt 0.631185 0.060426
vt 0.631185 0.064353
vt 0.631185 0.068272
vt 0.631185 0.072190
vt 0.631185 0.076118
vt 0.631185 0.080047
vt 0.631185 0.083969
vt 0.631185 0.087886
vt 0.209762 0.966868
vt 0.192649 0.966868
vt 0.192649 0.963174
vt 0.209762 0.963174
vt 0.209762 0.970560
vt 0.192649 0.970560
vt 0.209762 0.974252
vt 0.192649 0.974252
vt 0.209762 0.977946
vt 0.192649 0.977946
vt 0.209762 0.981641
vt 0.192649 0.981641
vt 0.209762 0.985334
vt 0.192649 0.985334
vt 0.209762 0.989027
vt 0.192649 0.989027
vt 0.209762 0.955785
vt 0.192649 0.955785
vt 0.192649 0.952093
vt 0.209762 0.952093
vt 0.209762 0.959479
vt 0.192649 0.959479
vt 0.172972 0.989027
vt 0.172972 0.985334
vt 0.172972 0.981641
vt 0.172972 0.977946
vt 0.172972 0.974252
vt 0.172972 0.970560
vt 0.172972 0.966868
vt 0.172972 0.963174
vt 0.172972 0.959479
vt 0.172972 0.955785
vt 0.172972 0.952093
vt 0.164393 0.989027
vt 0.164393 0.985334
vt 0.164393 0.981641
vt 0.164393 0.977946
vt 0.164393 0.974252
vt 0.164393 0.970560
vt 0.164393 0.966868
vt 0.164393 0.963174
vt 0.164393 0.959479
vt 0.164393 0.955785
vt 0.164393 0.952093
vt 0.158043 0.989027
vt 0.158043 0.985334
vt 0.158043 0.981641
vt 0.158043 0.977946
vt 0.158043 0.974252
vt 0.158043 0.970560
vt 0.158043 0.966868
vt 0.158043 0.963174
vt 0.158043 0.959479
vt 0.158043 0.955785
vt 0.158043 0.952093
vt 0.152784 0.989027
vt 0.152784 0.985334
vt 0.152784 0.981641
vt 0.152784 0.977946
vt 0.152784 0.974252
vt 0.152784 0.970560
vt 0.152784 0.966868
vt 0.152784 0.963174
vt 0.152784 0.959479
vt 0.152784 0.955785
vt 0.152784 0.952093
vt 0.147516 0.989027
vt 0.147516 0.985334
vt 0.147516 0.981641
vt 0.147516 0.977946
vt 0.147516 0.974252
vt 0.147516 0.970560
vt 0.147516 0.966868
vt 0.147516 0.963174
vt 0.147516 0.959479
vt 0.147516 0.955785
vt 0.147516 0.952093
vt 0.143258 0.989027
vt 0.143258 0.985334
vt 0.143258 0.981641
vt 0.143258 0.977946
vt 0.143258 0.974252
vt 0.143258 0.970560
vt 0.143258 0.966868
vt 0.143258 0.963174
vt 0.143258 0.959479
vt 0.143258 0.955785
vt 0.143258 0.952093
vt 0.138923 0.989027
vt 0.138923 0.985334
vt 0.138923 0.981641
vt 0.138923 0.977946
vt 0.138923 0.974252
vt 0.138923 0.970560
vt 0.138923 0.966868
vt 0.138923 0.963174
vt 0.138923 0.959479
vt 0.138923 0.955785
vt 0.138923 0.952093
vt 0.133893 0.989027
vt 0.133893 0.985334
vt 0.133893 0.981641
vt 0.133893 0.977946
vt 0.133893 0.974252
vt 0.133893 0.970560
vt 0.133893 0.966868
vt 0.133893 0.963174
vt 0.133893 0.959479
vt 0.133893 0.955785
vt 0.133893 0.952093
vt 0.127715 0.989027
vt 0.127715 0.985334
vt 0.127715 0.981641
vt 0.127715 0.977946
vt 0.127715 0.974252
vt 0.127715 0.970560
vt 0.127715 0.966868
vt 0.127715 0.963174
vt 0.127715 0.959479
vt 0.127715 0.955785
vt 0.127715 0.952093
vt 0.121593 0.989027
vt 0.121593 0.985334
vt 0.121593 0.981641
vt 0.121593 0.977946
vt 0.121593 0.974252
vt 0.121593 0.970560
vt 0.121593 0.966868
vt 0.121593 0.963174
vt 0.121593 0.959479
vt 0.121593 0.955785
vt 0.121593 0.952093
vt 0.114248 0.989027
vt 0.114248 0.985334
vt 0.114248 0.981641
vt 0.114248 0.977946
vt 0.114248 0.974252
vt 0.114248 0.970560
vt 0.114248 0.966868
vt 0.114248 0.963174
vt 0.114248 0.959479
vt 0.114248 0.955785
vt 0.114248 0.952093
vt 0.105610 0.989027
vt 0.105610 0.985334
vt 0.105610 0.981641
vt 0.105610 0.977946
vt 0.105610 0.974252
vt 0.105610 0.970560
vt 0.105610 0.966868
vt 0.105610 0.963174
vt 0.105610 0.959479
vt 0.105610 0.955785
vt 0.105610 0.952093
vt 0.091821 0.989027
vt 0.091821 0.985334
vt 0.091821 0.981641
vt 0.091821 0.977946
vt 0.091821 0.974252
vt 0.091821 0.970560
vt 0.091821 0.966868
vt 0.091821 0.963174
vt 0.091821 0.959479
vt 0.091821 0.955785
vt 0.091821 0.952093
vt 0.076575 0.989027
vt 0.076575 0.985334
vt 0.076575 0.981641
vt 0.076575 0.977946
vt 0.076575 0.974252
vt 0.076575 0.970560
vt 0.076575 0.966868
vt 0.076575 0.963174
vt 0.076575 0.959479
vt 0.076575 0.955785
vt 0.076575 0.952093
vt 0.036765 0.989027
vt 0.036765 0.985334
vt 0.074731 0.985334
vt 0.074735 0.989027
vt 0.036765 0.981641
vt 0.074723 0.981641
vt 0.036765 0.977946
vt 0.074715 0.977946
vt 0.036765 0.974252
vt 0.074711 0.974252
vt 0.036765 0.970560
vt 0.074710 0.970560
vt 0.036765 0.966868
vt 0.074711 0.966868
vt 0.036765 0.963174
vt 0.074715 0.963174
vt 0.036765 0.959479
vt 0.074723 0.959479
vt 0.036765 0.955785
vt 0.074731 0.955785
vt 0.036765 0.952093
vt 0.074735 0.952093
vt 0.337855 0.088900
vt 0.337855 0.093173
vt 0.310300 0.093173
vt 0.310300 0.088900
vt 0.337857 0.097448
vt 0.310300 0.097448
vt 0.337861 0.101727
vt 0.310300 0.101727
vt 0.337867 0.106005
vt 0.310300 0.106005
vt 0.337869 0.110278
vt 0.310300 0.110278
vt 0.337867 0.114551
vt 0.310300 0.114551
vt 0.337861 0.118829
vt 0.310300 0.118829
vt 0.337857 0.123108
vt 0.310300 0.123108
vt 0.337855 0.127383
vt 0.310300 0.127383
vt 0.337855 0.131655
vt 0.310300 0.131655
vt 0.358971 0.088900
vt 0.358971 0.093173
vt 0.344969 0.093173
vt 0.344969 0.088900
vt 0.358971 0.097448
vt 0.344969 0.097448
vt 0.358971 0.101727
vt 0.344969 0.101727
vt 0.358971 0.106005
vt 0.344969 0.106005
vt 0.358971 0.110278
vt 0.344969 0.110278
vt 0.358971 0.114551
vt 0.344969 0.114551
vt 0.358971 0.118829
vt 0.344969 0.118829
vt 0.358971 0.123108
vt 0.344969 0.123108
vt 0.358971 0.127383
vt 0.344969 0.127383
vt 0.358971 0.131655
vt 0.344969 0.131655
vt 0.364527 0.088900
vt 0.364527 0.093173
vt 0.364527 0.097448
vt 0.364527 0.101727
vt 0.364527 0.106005
vt 0.364527 0.110278
vt 0.364527 0.114551
vt 0.364527 0.118829
vt 0.364527 0.123108
vt 0.364527 0.127383
vt 0.364527 0.131655
vt 0.368450 0.088900
vt 0.368450 0.093173
vt 0.368450 0.097448
vt 0.368450 0.101727
vt 0.368450 0.106005
vt 0.368450 0.110278
vt 0.368450 0.114551
vt 0.368450 0.118829
vt 0.368450 0.123108
vt 0.368450 0.127383
vt 0.368450 0.131655
vt 0.373039 0.088900
vt 0.373039 0.093173
vt 0.373039 0.097448
vt 0.373039 0.101727
vt 0.373039 0.106005
vt 0.373039 0.110278
vt 0.373039 0.114551
vt 0.373039 0.118829
vt 0.373039 0.123108
vt 0.373039 0.127383
vt 0.373039 0.131655
vt 0.376166 0.088900
vt 0.376166 0.093173
vt 0.376166 0.097448
vt 0.376166 0.101727
vt 0.376166 0.106005
vt 0.376166 0.110278
vt 0.376166 0.114551
vt 0.376166 0.118829
vt 0.376166 0.123108
vt 0.376166 0.127383
vt 0.376166 0.131655
vt 0.382640 0.088900
vt 0.382640 0.093173
vt 0.382640 0.097448
vt 0.382640 0.101727
vt 0.382640 0.106005
vt 0.382640 0.110278
vt 0.382640 0.114551
vt 0.382640 0.118829
vt 0.382640 0.123108
vt 0.382640 0.127383
vt 0.382640 0.131655
vt 0.640189 0.032913
vt 0.640188 0.029235
vt 0.679801 0.029235
vt 0.679801 0.032913
vt 0.640190 0.036593
vt 0.679801 0.036593
vt 0.640191 0.040275
vt 0.679801 0.040275
vt 0.640192 0.043959
vt 0.679801 0.043959
vt 0.640192 0.047644
vt 0.679801 0.047644
vt 0.640192 0.014511
vt 0.640192 0.010826
vt 0.679801 0.010826
vt 0.679801 0.014511
vt 0.640191 0.018194
vt 0.679801 0.018194
vt 0.640190 0.021876
vt 0.679801 0.021876
vt 0.640189 0.025556
vt 0.679801 0.025556
vt 0.389156 0.088900
vt 0.389156 0.093173
vt 0.389156 0.097448
vt 0.389156 0.101727
vt 0.389156 0.106005
vt 0.389156 0.110278
vt 0.389156 0.114551
vt 0.389156 0.118829
vt 0.389156 0.123108
vt 0.389156 0.127383
vt 0.389156 0.131655
vt 0.383594 0.052575
vt 0.383594 0.048658
vt 0.486100 0.048658
vt 0.486100 0.052575
vt 0.383594 0.056497
vt 0.486100 0.056497
vt 0.383594 0.060426
vt 0.486100 0.060426
vt 0.383594 0.064353
vt 0.486100 0.064353
vt 0.383594 0.068272
vt 0.486100 0.068272
vt 0.383594 0.072190
vt 0.486100 0.072190
vt 0.383594 0.076118
vt 0.486100 0.076118
vt 0.383594 0.080047
vt 0.486100 0.080047
vt 0.383594 0.083969
vt 0.486100 0.083969
vt 0.383594 0.087886
vt 0.486100 0.087886
vt 0.396480 0.088900
vt 0.396480 0.093173
vt 0.396480 0.097448
vt 0.396480 0.101727
vt 0.396480 0.106005
vt 0.396480 0.110278
vt 0.396480 0.114551
vt 0.396480 0.118829
vt 0.396480 0.123108
vt 0.396480 0.127383
vt 0.396480 0.131655
vt 0.529662 0.052575
vt 0.529662 0.048658
vt 0.584272 0.048658
vt 0.584272 0.052575
vt 0.529662 0.056497
vt 0.584272 0.056497
vt 0.529662 0.060426
vt 0.584272 0.060426
vt 0.529662 0.064353
vt 0.584272 0.064353
vt 0.529662 0.068272
vt 0.584272 0.068272
vt 0.529662 0.072190
vt 0.584272 0.072190
vt 0.529662 0.076118
vt 0.584272 0.076118
vt 0.529662 0.080047
vt 0.584272 0.080047
vt 0.529662 0.083969
vt 0.584272 0.083969
vt 0.529662 0.087886
vt 0.584272 0.087886
vt 0.401970 0.088900
vt 0.401970 0.093173
vt 0.401970 0.097448
vt 0.401970 0.101727
vt 0.401970 0.106005
vt 0.401970 0.110278
vt 0.401970 0.114551
vt 0.401970 0.118829
vt 0.401970 0.123108
vt 0.401970 0.127383
vt 0.401970 0.131655
vt 0.407608 0.088900
vt 0.407608 0.093173
vt 0.407608 0.097448
vt 0.407608 0.101727
vt 0.407608 0.106005
vt 0.407608 0.110278
vt 0.407608 0.114551
vt 0.407608 0.118829
vt 0.407608 0.123108
vt 0.407608 0.127383
vt 0.407608 0.131655
vt 0.413438 0.088900
vt 0.413438 0.093173
vt 0.413438 0.097448
vt 0.413438 0.101727
vt 0.413438 0.106005
vt 0.413438 0.110278
vt 0.413438 0.114551
vt 0.413438 0.118829
vt 0.413438 0.123108
vt 0.413438 0.127383
vt 0.413438 0.131655
vt 0.421302 0.088900
vt 0.421302 0.093173
vt 0.421302 0.097448
vt 0.421302 0.101727
vt 0.421302 0.106005
vt 0.421302 0.110278
vt 0.421302 0.114551
vt 0.421302 0.118829
vt 0.421302 0.123108
vt 0.421302 0.127383
vt 0.421302 0.131655
vt 0.555197 0.088900
vt 0.555197 0.093173
vt 0.555197 0.097448
vt 0.555197 0.101727
vt 0.555197 0.106005
vt 0.555197 0.110278
vt 0.555197 0.114551
vt 0.555197 0.118829
vt 0.555197 0.123108
vt 0.555197 0.127383
vt 0.555197 0.131655
vt 0.563303 0.088900
vt 0.563303 0.093173
vt 0.563303 0.097448
vt 0.563303 0.101727
vt 0.563303 0.106005
vt 0.563303 0.110278
vt 0.563303 0.114551
vt 0.563303 0.118829
vt 0.563303 0.123108
vt 0.563303 0.127383
vt 0.563303 0.131655
vt 0.571240 0.088900
vt 0.571240 0.093173
vt 0.571240 0.097448
vt 0.571240 0.101727
vt 0.571240 0.106005
vt 0.571240 0.110278
vt 0.571240 0.114551
vt 0.571240 0.118829
vt 0.571240 0.123108
vt 0.571240 0.127383
vt 0.571240 0.131655
vt 0.575960 0.088900
vt 0.575960 0.093173
vt 0.575960 0.097448
vt 0.575960 0.101727
vt 0.575960 0.106005
vt 0.575960 0.110278
vt 0.575960 0.114551
vt 0.575960 0.118829
vt 0.575960 0.123108
vt 0.575960 0.127383
vt 0.575960 0.131655
vt 0.582316 0.088900
vt 0.582316 0.093173
vt 0.582316 0.097448
vt 0.582316 0.101727
vt 0.582316 0.106005
vt 0.582316 0.110278
vt 0.582316 0.114551
vt 0.582316 0.118829
vt 0.582316 0.123108
vt 0.582316 0.127383
vt 0.582316 0.131655
vt 0.589186 0.088900
vt 0.589186 0.093173
vt 0.589186 0.097448
vt 0.589186 0.101727
vt 0.589186 0.106005
vt 0.589186 0.110278
vt 0.589186 0.114551
vt 0.589186 0.118829
vt 0.589186 0.123108
vt 0.589186 0.127383
vt 0.589186 0.131655
vt 0.604715 0.088900
vt 0.604715 0.093173
vt 0.604715 0.097448
vt 0.604715 0.101727
vt 0.604715 0.106005
vt 0.604715 0.110278
vt 0.604715 0.114551
vt 0.604715 0.118829
vt 0.604715 0.123108
vt 0.604715 0.127383
vt 0.604715 0.131655
vt 0.613319 0.088900
vt 0.613319 0.093173
vt 0.613319 0.097448
vt 0.613319 0.101727
vt 0.613319 0.106005
vt 0.613319 0.110278
vt 0.613319 0.114551
vt 0.613319 0.118829
vt 0.613319 0.123108
vt 0.613319 0.127383
vt 0.613319 0.131655
vt 0.623481 0.088900
vt 0.623481 0.093173
vt 0.623481 0.097448
vt 0.623481 0.101727
vt 0.623481 0.106005
vt 0.623481 0.110278
vt 0.623481 0.114551
vt 0.623481 0.118829
vt 0.623481 0.123108
vt 0.623481 0.127383
vt 0.623481 0.131655
vt 0.632791 0.088900
vt 0.632791 0.093173
vt 0.632791 0.097448
vt 0.632791 0.101727
vt 0.632791 0.106005
vt 0.632791 0.110278
vt 0.632791 0.114551
vt 0.632791 0.118829
vt 0.632791 0.123108
vt 0.632791 0.127383
vt 0.632791 0.131655
vt 0.643029 0.088900
vt 0.643029 0.093173
vt 0.643029 0.097448
vt 0.643029 0.101727
vt 0.643029 0.106005
vt 0.643029 0.110278
vt 0.643029 0.114551
vt 0.643029 0.118829
vt 0.643029 0.123108
vt 0.643029 0.127383
vt 0.643029 0.131655
vt 0.655101 0.088900
vt 0.655101 0.093173
vt 0.655101 0.097448
vt 0.655101 0.101727
vt 0.655101 0.106005
vt 0.655101 0.110278
vt 0.655101 0.114551
vt 0.655101 0.118829
vt 0.655101 0.123108
vt 0.655101 0.127383
vt 0.655101 0.131655
vt 0.667198 0.088900
vt 0.667198 0.093173
vt 0.667198 0.097448
vt 0.667198 0.101727
vt 0.667198 0.106005
vt 0.667198 0.110278
vt 0.667198 0.114551
vt 0.667198 0.118829
vt 0.667198 0.123108
vt 0.667198 0.127383
vt 0.667198 0.131655
vt 0.683017 0.088900
vt 0.683017 0.093173
vt 0.683017 0.097448
vt 0.683017 0.101727
vt 0.683017 0.106005
vt 0.683017 0.110278
vt 0.683017 0.114551
vt 0.683017 0.118829
vt 0.683017 0.123108
vt 0.683017 0.127383
vt 0.683017 0.131655
vt 0.698799 0.088900
vt 0.698799 0.093173
vt 0.698799 0.097448
vt 0.698799 0.101727
vt 0.698799 0.106005
vt 0.698799 0.110278
vt 0.698799 0.114551
vt 0.698799 0.118829
vt 0.698799 0.123108
vt 0.698799 0.127383
vt 0.698799 0.131655
vt 0.713847 0.088900
vt 0.713847 0.093173
vt 0.713847 0.097448
vt 0.713847 0.101727
vt 0.713847 0.106005
vt 0.713847 0.110278
vt 0.713847 0.114551
vt 0.713847 0.118829
vt 0.713847 0.123108
vt 0.713847 0.127383
vt 0.713847 0.131655
vt 0.728908 0.088900
vt 0.728908 0.093173
vt 0.728908 0.097448
vt 0.728908 0.101727
vt 0.728908 0.106005
vt 0.728908 0.110278
vt 0.728908 0.114551
vt 0.728908 0.118829
vt 0.728908 0.123108
vt 0.728908 0.127383
vt 0.728908 0.131655
vt 0.752215 0.088900
vt 0.752215 0.093173
vt 0.730133 0.093173
vt 0.730136 0.088900
vt 0.752215 0.097448
vt 0.730125 0.097448
vt 0.752215 0.101727
vt 0.730115 0.101727
vt 0.752215 0.106005
vt 0.730106 0.106005
vt 0.752215 0.110278
vt 0.730103 0.110278
vt 0.752215 0.114551
vt 0.730106 0.114551
vt 0.752215 0.118829
vt 0.730115 0.118829
vt 0.752215 0.123108
vt 0.730125 0.123108
vt 0.752215 0.127383
vt 0.730133 0.127383
vt 0.752215 0.131655
vt 0.730136 0.131655
vt 0.657392 0.048658
vt 0.657392 0.052575
vt 0.657392 0.056497
vt 0.657392 0.060426
vt 0.657392 0.064353
vt 0.657392 0.068272
vt 0.657392 0.072190
vt 0.657392 0.076118
vt 0.657392 0.080047
vt 0.657392 0.083969
vt 0.657392 0.087886
vt 0.661420 0.048658
vt 0.661420 0.052575
vt 0.661420 0.056497
vt 0.661420 0.060426
vt 0.661420 0.064353
vt 0.661420 0.068272
vt 0.661420 0.072190
vt 0.661420 0.076118
vt 0.661420 0.080047
vt 0.661420 0.083969
vt 0.661420 0.087886
vt 0.695032 0.048658
vt 0.695032 0.052575
vt 0.695032 0.056497
vt 0.695032 0.060426
vt 0.695032 0.064353
vt 0.695032 0.068272
vt 0.695032 0.072190
vt 0.695032 0.076118
vt 0.695032 0.080047
vt 0.695032 0.083969
vt 0.695032 0.087886
vt 0.304841 0.157799
vt 0.304846 0.162824
vt 0.282704 0.162824
vt 0.282704 0.157799
vt 0.304859 0.167850
vt 0.282704 0.167850
vt 0.304877 0.172878
vt 0.282704 0.172878
vt 0.304892 0.177904
vt 0.282704 0.177904
vt 0.304898 0.182929
vt 0.282704 0.182929
vt 0.304898 0.132670
vt 0.304892 0.137695
vt 0.282704 0.137695
vt 0.282704 0.132670
vt 0.304877 0.142721
vt 0.282704 0.142721
vt 0.304859 0.147749
vt 0.282704 0.147749
vt 0.304846 0.152775
vt 0.282704 0.152775
vt 0.306036 0.137695
vt 0.312647 0.137695
vt 0.312647 0.142721
vt 0.306036 0.142721
vt 0.306036 0.132670
vt 0.312647 0.132670
vt 0.306036 0.177904
vt 0.312647 0.177904
vt 0.312647 0.182929
vt 0.306036 0.182929
vt 0.306036 0.172878
vt 0.312647 0.172878
vt 0.306036 0.167850
vt 0.312647 0.167850
vt 0.306036 0.162824
vt 0.312647 0.162824
vt 0.306036 0.157799
vt 0.312647 0.157799
vt 0.306036 0.152775
vt 0.312647 0.152775
vt 0.306036 0.147749
vt 0.312647 0.147749
vt 0.319266 0.157799
vt 0.319266 0.162824
vt 0.319266 0.167850
vt 0.319266 0.172878
vt 0.319266 0.177904
vt 0.319266 0.182929
vt 0.319266 0.132670
vt 0.319266 0.137695
vt 0.319266 0.142721
vt 0.319266 0.147749
vt 0.319266 0.152775
vt 0.325861 0.157799
vt 0.325861 0.162824
vt 0.325861 0.167850
vt 0.325861 0.172878
vt 0.325861 0.177904
vt 0.325861 0.182929
vt 0.325861 0.132670
vt 0.325861 0.137695
vt 0.325861 0.142721
vt 0.325861 0.147749
vt 0.325861 0.152775
vt 0.330717 0.157799
vt 0.330717 0.162824
vt 0.330717 0.167850
vt 0.330717 0.172878
vt 0.330717 0.177904
vt 0.330717 0.182929
vt 0.330717 0.132670
vt 0.330717 0.137695
vt 0.330717 0.142721
vt 0.330717 0.147749
vt 0.330717 0.152775
vt 0.335677 0.157799
vt 0.335677 0.162824
vt 0.335677 0.167850
vt 0.335677 0.172878
vt 0.335677 0.177904
vt 0.335677 0.182929
vt 0.335677 0.132670
vt 0.335677 0.137695
vt 0.335677 0.142721
vt 0.335677 0.147749
vt 0.335677 0.152775
vt 0.340509 0.157799
vt 0.340509 0.162824
vt 0.340509 0.167850
vt 0.340509 0.172878
vt 0.340509 0.177904
vt 0.340509 0.182929
vt 0.340509 0.132670
vt 0.340509 0.137695
vt 0.340509 0.142721
vt 0.340509 0.147749
vt 0.340509 0.152775
vt 0.344782 0.157799
vt 0.344782 0.162824
vt 0.344782 0.167850
vt 0.344782 0.172878
vt 0.344782 0.177904
vt 0.344782 0.182929
vt 0.344782 0.132670
vt 0.344782 0.137695
vt 0.344782 0.142721
vt 0.344782 0.147749
vt 0.344782 0.152775
vt 0.348546 0.157799
vt 0.348546 0.162824
vt 0.348546 0.167850
vt 0.348546 0.172878
vt 0.348546 0.177904
vt 0.348546 0.182929
vt 0.348546 0.132670
vt 0.348546 0.137695
vt 0.348546 0.142721
vt 0.348546 0.147749
vt 0.348546 0.152775
vt 0.352306 0.157799
vt 0.352306 0.162824
vt 0.352306 0.167850
vt 0.352306 0.172878
vt 0.352306 0.177904
vt 0.352306 0.182929
vt 0.352306 0.132670
vt 0.352306 0.137695
vt 0.352306 0.142721
vt 0.352306 0.147749
vt 0.352306 0.152775
vt 0.355623 0.157799
vt 0.355623 0.162824
vt 0.355623 0.167850
vt 0.355623 0.172878
vt 0.355623 0.177904
vt 0.355623 0.182929
vt 0.355623 0.132670
vt 0.355623 0.137695
vt 0.355623 0.142721
vt 0.355623 0.147749
vt 0.355623 0.152775
vt 0.357541 0.157799
vt 0.357541 0.162824
vt 0.357541 0.167850
vt 0.357541 0.172878
vt 0.357541 0.177904
vt 0.357541 0.182929
vt 0.357541 0.132670
vt 0.357541 0.137695
vt 0.357541 0.142721
vt 0.357541 0.147749
vt 0.357541 0.152775
vt 0.359482 0.157799
vt 0.359482 0.162824
vt 0.359482 0.167850
vt 0.359482 0.172878
vt 0.359482 0.177904
vt 0.359482 0.182929
vt 0.359482 0.132670
vt 0.359482 0.137695
vt 0.359482 0.142721
vt 0.359482 0.147749
vt 0.359482 0.152775
vt 0.369550 0.157799
vt 0.369550 0.162824
vt 0.369550 0.167850
vt 0.369550 0.172878
vt 0.369550 0.177904
vt 0.369550 0.182929
vt 0.369550 0.132670
vt 0.369550 0.137695
vt 0.369550 0.142721
vt 0.369550 0.147749
vt 0.369550 0.152775
vt 0.379649 0.157799
vt 0.379649 0.162824
vt 0.379649 0.167850
vt 0.379649 0.172878
vt 0.379649 0.177904
vt 0.379649 0.182929
vt 0.379649 0.132670
vt 0.379649 0.137695
vt 0.379649 0.142721
vt 0.379649 0.147749
vt 0.379649 0.152775
vt 0.431108 0.157799
vt 0.431108 0.162824
vt 0.431108 0.167850
vt 0.431108 0.172878
vt 0.431108 0.177904
vt 0.431108 0.182929
vt 0.431108 0.132670
vt 0.431108 0.137695
vt 0.431108 0.142721
vt 0.431108 0.147749
vt 0.431108 0.152775
vt 0.460656 0.157799
vt 0.460656 0.162824
vt 0.460656 0.167850
vt 0.460656 0.172878
vt 0.460656 0.177904
vt 0.460656 0.182929
vt 0.460656 0.132670
vt 0.460656 0.137695
vt 0.460656 0.142721
vt 0.460656 0.147749
vt 0.460656 0.152775
vt 0.516286 0.157799
vt 0.516286 0.162824
vt 0.516286 0.167850
vt 0.516286 0.172878
vt 0.516286 0.177904
vt 0.516286 0.182929
vt 0.516286 0.132670
vt 0.516286 0.137695
vt 0.516286 0.142721
vt 0.516286 0.147749
vt 0.516286 0.152775
vt 0.554075 0.157799
vt 0.554075 0.162824
vt 0.554075 0.167850
vt 0.554075 0.172878
vt 0.554075 0.177904
vt 0.554075 0.182929
vt 0.554075 0.132670
vt 0.554075 0.137695
vt 0.554075 0.142721
vt 0.554075 0.147749
vt 0.554075 0.152775
vt 0.586932 0.157799
vt 0.586932 0.162824
vt 0.586932 0.167850
vt 0.586932 0.172878
vt 0.586932 0.177904
vt 0.586932 0.182929
vt 0.586932 0.132670
vt 0.586932 0.137695
vt 0.586932 0.142721
vt 0.586932 0.147749
vt 0.586932 0.152775
vt 0.597744 0.157799
vt 0.597744 0.162824
vt 0.597744 0.167850
vt 0.597744 0.172878
vt 0.597744 0.177904
vt 0.597744 0.182929
vt 0.597744 0.132670
vt 0.597744 0.137695
vt 0.597744 0.142721
vt 0.597744 0.147749
vt 0.597744 0.152775
vt 0.606871 0.157799
vt 0.606871 0.162824
vt 0.606871 0.167850
vt 0.606871 0.172878
vt 0.606871 0.177904
vt 0.606871 0.182929
vt 0.606871 0.132670
vt 0.606871 0.137695
vt 0.606871 0.142721
vt 0.606871 0.147749
vt 0.606871 0.152775
vt 0.617470 0.157799
vt 0.617470 0.162824
vt 0.617470 0.167850
vt 0.617470 0.172878
vt 0.617470 0.177904
vt 0.617470 0.182929
vt 0.617470 0.132670
vt 0.617470 0.137695
vt 0.617470 0.142721
vt 0.617470 0.147749
vt 0.617470 0.152775
vt 0.624881 0.157799
vt 0.624881 0.162824
vt 0.624881 0.167850
vt 0.624881 0.172878
vt 0.624881 0.177904
vt 0.624881 0.182929
vt 0.624881 0.132670
vt 0.624881 0.137695
vt 0.624881 0.142721
vt 0.624881 0.147749
vt 0.624881 0.152775
vt 0.629953 0.157799
vt 0.629953 0.162824
vt 0.629953 0.167850
vt 0.629953 0.172878
vt 0.629953 0.177904
vt 0.629953 0.182929
vt 0.629953 0.132670
vt 0.629953 0.137695
vt 0.629953 0.142721
vt 0.629953 0.147749
vt 0.629953 0.152775
vt 0.634936 0.157799
vt 0.634936 0.162824
vt 0.634936 0.167850
vt 0.634936 0.172878
vt 0.634936 0.177904
vt 0.634936 0.182929
vt 0.634936 0.132670
vt 0.634936 0.137695
vt 0.634936 0.142721
vt 0.634936 0.147749
vt 0.634936 0.152775
vt 0.639879 0.157799
vt 0.639879 0.162824
vt 0.639879 0.167850
vt 0.639879 0.172878
vt 0.639879 0.177904
vt 0.639879 0.182929
vt 0.639879 0.132670
vt 0.639879 0.137695
vt 0.639879 0.142721
vt 0.639879 0.147749
vt 0.639879 0.152775
vt 0.644827 0.157799
vt 0.644827 0.162824
vt 0.644827 0.167850
vt 0.644827 0.172878
vt 0.644827 0.177904
vt 0.644827 0.182929
vt 0.644827 0.132670
vt 0.644827 0.137695
vt 0.644827 0.142721
vt 0.644827 0.147749
vt 0.644827 0.152775
vt 0.650445 0.157799
vt 0.650445 0.162824
vt 0.650445 0.167850
vt 0.650445 0.172878
vt 0.650445 0.177904
vt 0.650445 0.182929
vt 0.650445 0.132670
vt 0.650445 0.137695
vt 0.650445 0.142721
vt 0.650445 0.147749
vt 0.650445 0.152775
vt 0.656160 0.157799
vt 0.656160 0.162824
vt 0.656160 0.167850
vt 0.656160 0.172878
vt 0.656160 0.177904
vt 0.656160 0.182929
vt 0.656160 0.132670
vt 0.656160 0.137695
vt 0.656160 0.142721
vt 0.656160 0.147749
vt 0.656160 0.152775
vt 0.660780 0.157799
vt 0.660780 0.162824
vt 0.660780 0.167850
vt 0.660780 0.172878
vt 0.660780 0.177904
vt 0.660780 0.182929
vt 0.660780 0.132670
vt 0.660780 0.137695
vt 0.660780 0.142721
vt 0.660780 0.147749
vt 0.660780 0.152775
vt 0.667890 0.157799
vt 0.667890 0.162824
vt 0.667890 0.167850
vt 0.667890 0.172878
vt 0.667890 0.177904
vt 0.667890 0.182929
vt 0.667890 0.132670
vt 0.667890 0.137695
vt 0.667890 0.142721
vt 0.667890 0.147749
vt 0.667890 0.152775
vt 0.675165 0.157799
vt 0.675165 0.162824
vt 0.675165 0.167850
vt 0.675165 0.172878
vt 0.675165 0.177904
vt 0.675165 0.182929
vt 0.675165 0.132670
vt 0.675165 0.137695
vt 0.675165 0.142721
vt 0.675165 0.147749
vt 0.675165 0.152775
vt 0.711130 0.157799
vt 0.711130 0.162824
vt 0.711130 0.167850
vt 0.711130 0.172878
vt 0.711130 0.177904
vt 0.711130 0.182929
vt 0.711130 0.132670
vt 0.711130 0.137695
vt 0.711130 0.142721
vt 0.711130 0.147749
vt 0.711130 0.152775
vt 0.728364 0.157799
vt 0.728364 0.162824
vt 0.728364 0.167850
vt 0.728364 0.172878
vt 0.728364 0.177904
vt 0.728364 0.182929
vt 0.728364 0.132670
vt 0.728364 0.137695
vt 0.728364 0.142721
vt 0.728364 0.147749
vt 0.728364 0.152775
vt 0.745562 0.157799
vt 0.745562 0.162824
vt 0.745562 0.167850
vt 0.745562 0.172878
vt 0.745562 0.177904
vt 0.745562 0.182929
vt 0.745562 0.132670
vt 0.745562 0.137695
vt 0.745562 0.142721
vt 0.745562 0.147749
vt 0.745562 0.152775
vt 0.765760 0.157799
vt 0.765760 0.162824
vt 0.765760 0.167850
vt 0.765760 0.172878
vt 0.765760 0.177904
vt 0.765760 0.182929
vt 0.765760 0.132670
vt 0.765760 0.137695
vt 0.765760 0.142721
vt 0.765760 0.147749
vt 0.765760 0.152775
vt 0.779107 0.157799
vt 0.779107 0.162824
vt 0.779107 0.167850
vt 0.779107 0.172878
vt 0.779107 0.177904
vt 0.779107 0.182929
vt 0.779107 0.132670
vt 0.779107 0.137695
vt 0.779107 0.142721
vt 0.779107 0.147749
vt 0.779107 0.152775
vt 0.802477 0.157799
vt 0.802477 0.162824
vt 0.780283 0.162824
vt 0.780286 0.157799
vt 0.802477 0.167850
vt 0.780275 0.167850
vt 0.802477 0.172878
vt 0.780265 0.172878
vt 0.802477 0.177904
vt 0.780257 0.177904
vt 0.802477 0.182929
vt 0.780254 0.182929
vt 0.802477 0.132670
vt 0.802477 0.137695
vt 0.780257 0.137695
vt 0.780254 0.132670
vt 0.802477 0.142721
vt 0.780265 0.142721
vt 0.802477 0.147749
vt 0.780275 0.147749
vt 0.802477 0.152775
vt 0.780283 0.152775
vt 0.665557 0.048658
vt 0.665557 0.052575
vt 0.665557 0.056497
vt 0.665557 0.060426
vt 0.665557 0.064353
vt 0.665557 0.068272
vt 0.665557 0.072190
vt 0.665557 0.076118
vt 0.665557 0.080047
vt 0.665557 0.083969
vt 0.665557 0.087886
vt 0.669907 0.048658
vt 0.669907 0.052575
vt 0.669907 0.056497
vt 0.669907 0.060426
vt 0.669907 0.064353
vt 0.669907 0.068272
vt 0.669907 0.072190
vt 0.669907 0.076118
vt 0.669907 0.080047
vt 0.669907 0.083969
vt 0.669907 0.087886
vt 0.674506 0.048658
vt 0.674506 0.052575
vt 0.674506 0.056497
vt 0.674506 0.060426
vt 0.674506 0.064353
vt 0.674506 0.068272
vt 0.674506 0.072190
vt 0.674506 0.076118
vt 0.674506 0.080047
vt 0.674506 0.083969
vt 0.674506 0.087886
vt 0.677980 0.048658
vt 0.677980 0.052575
vt 0.677980 0.056497
vt 0.677980 0.060426
vt 0.677980 0.064353
vt 0.677980 0.068272
vt 0.677980 0.072190
vt 0.677980 0.076118
vt 0.677980 0.080047
vt 0.677980 0.083969
vt 0.677980 0.087886
vt 0.682853 0.048658
vt 0.682853 0.052575
vt 0.682853 0.056497
vt 0.682853 0.060426
vt 0.682853 0.064353
vt 0.682853 0.068272
vt 0.682853 0.072190
vt 0.682853 0.076118
vt 0.682853 0.080047
vt 0.682853 0.083969
vt 0.682853 0.087886
vt 0.733631 0.715641
vt 0.733631 0.670682
vt 0.931885 0.670682
vt 0.931885 0.715641
vt 0.720608 0.728664
vt 0.720608 0.872750
vt 0.675649 0.872750
vt 0.675649 0.728664
vt 0.931885 0.728664
vt 0.931885 0.872750
vt 0.733631 0.872750
vt 0.733631 0.728664
vt 0.989867 0.728664
vt 0.989867 0.872750
vt 0.944907 0.872750
vt 0.944907 0.728664
vt 0.931885 0.930732
vt 0.733631 0.930732
vt 0.733631 0.885773
vt 0.931885 0.885773
vt 0.727120 0.717386
vt 0.727120 0.884028
vt 0.943163 0.722153
vt 0.943163 0.879261
vt 0.944907 0.670682
vt 0.944907 0.715641
vt 0.720608 0.715641
vt 0.720608 0.670682
vt 0.720608 0.885773
vt 0.675649 0.885773
vt 0.989867 0.885773
vt 0.944907 0.885773
vt 0.254767 0.941503
vt 0.207370 0.941503
vt 0.207370 0.846709
vt 0.254767 0.846709
vt 0.264342 0.951079
vt 0.413304 0.951079
vt 0.413304 0.998475
vt 0.264342 0.998475
vt 0.264342 0.846709
vt 0.413304 0.846709
vt 0.413304 0.941503
vt 0.264342 0.941503
vt 0.264342 0.789737
vt 0.413304 0.789737
vt 0.413304 0.837134
vt 0.264342 0.837134
vt 0.470276 0.846709
vt 0.470276 0.941503
vt 0.422879 0.941503
vt 0.422879 0.846709
vt 0.259555 0.949796
vt 0.418091 0.949796
vt 0.259555 0.838417
vt 0.418091 0.838417
vt 0.207370 0.837134
vt 0.254767 0.837134
vt 0.254767 0.951079
vt 0.207370 0.951079
vt 0.422879 0.951079
vt 0.422879 0.998475
vt 0.422879 0.789737
vt 0.422879 0.837134
vt 0.452297 0.741326
vt 0.452297 0.788723
vt 0.357503 0.788723
vt 0.357503 0.741326
vt 0.461872 0.731750
vt 0.461872 0.582789
vt 0.509269 0.582789
vt 0.509269 0.731750
vt 0.357503 0.731750
vt 0.357503 0.582789
vt 0.452297 0.582789
vt 0.452297 0.731750
vt 0.300531 0.731750
vt 0.300531 0.582789
vt 0.347928 0.582789
vt 0.347928 0.731750
vt 0.357503 0.525817
vt 0.452297 0.525817
vt 0.452297 0.573214
vt 0.357503 0.573214
vt 0.461872 0.741326
vt 0.457085 0.733033
vt 0.461872 0.573214
vt 0.453580 0.578001
vt 0.352716 0.733033
vt 0.347928 0.741326
vt 0.347928 0.573214
vt 0.356220 0.578001
vt 0.347928 0.788723
vt 0.461872 0.788723
vt 0.509269 0.573214
vt 0.300531 0.573214
vt 0.338071 0.451410
vt 0.290674 0.451410
vt 0.290674 0.356617
vt 0.338071 0.356617
vt 0.347647 0.460986
vt 0.496608 0.460986
vt 0.496608 0.508382
vt 0.347647 0.508382
vt 0.347647 0.356617
vt 0.496608 0.356617
vt 0.496608 0.451410
vt 0.347647 0.451410
vt 0.347647 0.299644
vt 0.496608 0.299644
vt 0.496608 0.347041
vt 0.347647 0.347041
vt 0.553580 0.356617
vt 0.553580 0.451410
vt 0.506183 0.451410
vt 0.506183 0.356617
vt 0.338071 0.460986
vt 0.346364 0.456198
vt 0.506183 0.460986
vt 0.501395 0.452693
vt 0.342859 0.348324
vt 0.501395 0.348324
vt 0.290674 0.347041
vt 0.338071 0.347041
vt 0.290674 0.460986
vt 0.506183 0.508382
vt 0.506183 0.299644
vt 0.506183 0.347041
vt 0.601991 0.393602
vt 0.554595 0.393602
vt 0.554595 0.298808
vt 0.601991 0.298808
vt 0.611567 0.403177
vt 0.760528 0.403177
vt 0.760528 0.450574
vt 0.611567 0.450574
vt 0.611567 0.298808
vt 0.760528 0.298808
vt 0.760528 0.393602
vt 0.611567 0.393602
vt 0.611567 0.241836
vt 0.760528 0.241836
vt 0.760528 0.289233
vt 0.611567 0.289233
vt 0.817500 0.298808
vt 0.817500 0.393602
vt 0.770104 0.393602
vt 0.770104 0.298808
vt 0.601991 0.403177
vt 0.610284 0.398390
vt 0.770104 0.403177
vt 0.765316 0.394885
vt 0.606779 0.290516
vt 0.765316 0.290516
vt 0.554595 0.289233
vt 0.601991 0.289233
vt 0.554595 0.403177
vt 0.770104 0.450574
vt 0.770104 0.241836
vt 0.770104 0.289233
vt 0.927092 0.306465
vt 0.927092 0.351424
vt 0.861474 0.351424
vt 0.861474 0.306465
vt 0.940115 0.293442
vt 0.940115 0.175088
vt 0.985074 0.175088
vt 0.985074 0.293442
vt 0.861474 0.293442
vt 0.861474 0.175088
vt 0.927092 0.175088
vt 0.927092 0.293442
vt 0.803492 0.293442
vt 0.803492 0.175088
vt 0.848451 0.175088
vt 0.848451 0.293442
vt 0.861474 0.117106
vt 0.927092 0.117106
vt 0.927092 0.162065
vt 0.861474 0.162065
vt 0.933604 0.304721
vt 0.938370 0.168576
vt 0.854962 0.304721
vt 0.854962 0.163810
vt 0.848451 0.351424
vt 0.848451 0.306465
vt 0.940115 0.306465
vt 0.940115 0.351424
vt 0.940115 0.162065
vt 0.985074 0.162065
vt 0.803492 0.162065
vt 0.848451 0.162065
vt 0.241534 0.745620
vt 0.241534 0.790579
vt 0.175916 0.790579
vt 0.175916 0.745620
vt 0.254557 0.732597
vt 0.254557 0.550183
vt 0.299516 0.550183
vt 0.299516 0.732597
vt 0.175916 0.732597
vt 0.175916 0.550183
vt 0.241534 0.550183
vt 0.241534 0.732597
vt 0.117934 0.732597
vt 0.117934 0.550183
vt 0.162893 0.550183
vt 0.162893 0.732597
vt 0.175916 0.492201
vt 0.241534 0.492201
vt 0.241534 0.537160
vt 0.175916 0.537160
vt 0.248046 0.743876
vt 0.248046 0.538905
vt 0.169405 0.743876
vt 0.169405 0.538905
vt 0.162893 0.790579
vt 0.162893 0.745620
vt 0.254557 0.745620
vt 0.254557 0.790579
vt 0.254557 0.537160
vt 0.299516 0.537160
vt 0.117934 0.537160
vt 0.162893 0.537160
vt 0.148374 0.898308
vt 0.148374 0.943267
vt 0.082755 0.943267
vt 0.082755 0.898308
vt 0.161396 0.885285
vt 0.161396 0.804617
vt 0.206356 0.804617
vt 0.206356 0.885285
vt 0.082755 0.885285
vt 0.082755 0.804617
vt 0.148374 0.804617
vt 0.148374 0.885285
vt 0.024773 0.885285
vt 0.024773 0.804617
vt 0.069732 0.804617
vt 0.069732 0.885285
vt 0.082755 0.746635
vt 0.148374 0.746635
vt 0.148374 0.791594
vt 0.082755 0.791594
vt 0.159652 0.891797
vt 0.159652 0.798105
vt 0.076244 0.896563
vt 0.076244 0.793339
vt 0.069732 0.943267
vt 0.069732 0.898308
vt 0.161396 0.898308
vt 0.161396 0.943267
vt 0.161396 0.791594
vt 0.206356 0.791594
vt 0.024773 0.791594
vt 0.069732 0.791594
vt 0.170826 0.093195
vt 0.215785 0.093195
vt 0.215785 0.158814
vt 0.170826 0.158814
vt 0.157803 0.080173
vt 0.077134 0.080173
vt 0.077134 0.035213
vt 0.157803 0.035213
vt 0.157803 0.158814
vt 0.077134 0.158814
vt 0.077134 0.093195
vt 0.157803 0.093195
vt 0.157803 0.216796
vt 0.077134 0.216796
vt 0.077134 0.171837
vt 0.157803 0.171837
vt 0.019152 0.158814
vt 0.019152 0.093195
vt 0.064111 0.093195
vt 0.064111 0.158814
vt 0.164314 0.081917
vt 0.070623 0.081917
vt 0.159548 0.165325
vt 0.170826 0.171837
vt 0.065856 0.165325
vt 0.215785 0.171837
vt 0.170826 0.080173
vt 0.215785 0.080173
vt 0.064111 0.080173
vt 0.064111 0.035213
vt 0.064111 0.216796
vt 0.064111 0.171837
vt 0.231678 0.446228
vt 0.231678 0.491187
vt 0.166059 0.491187
vt 0.166059 0.446228
vt 0.244701 0.433205
vt 0.244701 0.250791
vt 0.289660 0.250791
vt 0.289660 0.433205
vt 0.166059 0.433205
vt 0.166059 0.250791
vt 0.231678 0.250791
vt 0.231678 0.433205
vt 0.108077 0.433205
vt 0.108077 0.250791
vt 0.153036 0.250791
vt 0.153036 0.433205
vt 0.166059 0.192809
vt 0.231678 0.192809
vt 0.231678 0.237768
vt 0.166059 0.237768
vt 0.238189 0.444483
vt 0.238189 0.239513
vt 0.154781 0.439716
vt 0.154781 0.244279
vt 0.153036 0.491187
vt 0.153036 0.446228
vt 0.244701 0.446228
vt 0.244701 0.491187
vt 0.244701 0.237768
vt 0.289660 0.237768
vt 0.108077 0.237768
vt 0.153036 0.237768
vt 0.725374 0.509571
vt 0.770334 0.509571
vt 0.770334 0.636687
vt 0.725374 0.636687
vt 0.712352 0.496548
vt 0.568266 0.496548
vt 0.568266 0.451589
vt 0.712352 0.451589
vt 0.712352 0.636687
vt 0.568266 0.636687
vt 0.568266 0.509571
vt 0.712352 0.509571
vt 0.712352 0.694669
vt 0.568266 0.694669
vt 0.568266 0.649710
vt 0.712352 0.649710
vt 0.510284 0.636687
vt 0.510284 0.509571
vt 0.555243 0.509571
vt 0.555243 0.636687
vt 0.723630 0.503059
vt 0.556987 0.503059
vt 0.723630 0.643198
vt 0.556987 0.643198
vt 0.770334 0.649710
vt 0.725374 0.649710
vt 0.725374 0.496548
vt 0.770334 0.496548
vt 0.555243 0.496548
vt 0.555243 0.451589
vt 0.555243 0.694669
vt 0.555243 0.649710
vt 0.916710 0.624708
vt 0.916710 0.669667
vt 0.829330 0.669667
vt 0.829330 0.624708
vt 0.929733 0.611685
vt 0.929733 0.423840
vt 0.974692 0.423840
vt 0.974692 0.611685
vt 0.829330 0.611685
vt 0.829330 0.423840
vt 0.916710 0.423840
vt 0.916710 0.611685
vt 0.771348 0.611685
vt 0.771348 0.423840
vt 0.816307 0.423840
vt 0.816307 0.611685
vt 0.829330 0.365858
vt 0.916710 0.365858
vt 0.916710 0.410818
vt 0.829330 0.410818
vt 0.923222 0.622963
vt 0.927988 0.417329
vt 0.822819 0.622963
vt 0.818052 0.417329
vt 0.816307 0.669667
vt 0.816307 0.624708
vt 0.929733 0.624708
vt 0.929733 0.669667
vt 0.929733 0.410818
vt 0.974692 0.410818
vt 0.771348 0.410818
vt 0.816307 0.410818
vt 0.616652 0.954534
vt 0.616652 0.999493
vt 0.529272 0.999493
vt 0.529272 0.954534
vt 0.629675 0.941511
vt 0.629675 0.753666
vt 0.674634 0.753666
vt 0.674634 0.941511
vt 0.529272 0.941511
vt 0.529272 0.753666
vt 0.616652 0.753666
vt 0.616652 0.941511
vt 0.471290 0.941511
vt 0.471290 0.753666
vt 0.516250 0.753666
vt 0.516250 0.941511
vt 0.529272 0.695684
vt 0.616652 0.695684
vt 0.616652 0.740643
vt 0.529272 0.740643
vt 0.623164 0.952789
vt 0.627931 0.747154
vt 0.517994 0.948022
vt 0.517994 0.747154
vt 0.516250 0.999493
vt 0.516250 0.954534
vt 0.629675 0.954534
vt 0.629675 0.999493
vt 0.629675 0.740643
vt 0.674634 0.740643
vt 0.471290 0.740643
vt 0.516250 0.740643
vt 0.076575 0.985334
vt 0.076575 0.989027
vt 0.076575 0.952093
vt 0.076575 0.981641
vt 0.912670 0.980613
vt 0.949230 0.980613
vt 0.949230 0.984196
vt 0.912661 0.984196
vt 0.949230 0.987778
vt 0.912655 0.987778
vt 0.949230 0.991357
vt 0.912652 0.991357
vt 0.912652 0.955548
vt 0.949230 0.955548
vt 0.949230 0.959127
vt 0.912655 0.959127
vt 0.949230 0.962709
vt 0.912661 0.962709
vt 0.949230 0.966292
vt 0.912670 0.966292
vt 0.949230 0.969874
vt 0.912678 0.969874
vt 0.949230 0.973453
vt 0.912682 0.973453
vt 0.949230 0.977031
vt 0.912678 0.977031
vt 0.910872 0.977031
vt 0.910872 0.973453
vt 0.910872 0.969874
vt 0.910872 0.959127
vt 0.910872 0.962709
vt 0.437957 0.036593
vt 0.391268 0.036593
vt 0.391268 0.032913
vt 0.437958 0.032913
vt 0.391268 0.029235
vt 0.437959 0.029235
vt 0.391268 0.025556
vt 0.437958 0.025556
vt 0.391268 0.021876
vt 0.437957 0.021876
vt 0.391268 0.018194
vt 0.437956 0.018194
vt 0.391268 0.014511
vt 0.437956 0.014511
vt 0.391268 0.010826
vt 0.437956 0.010826
vt 0.437956 0.047644
vt 0.391268 0.047644
vt 0.391268 0.043959
vt 0.437956 0.043959
vt 0.391268 0.040275
vt 0.437956 0.040275
vt 0.360797 0.284531
vt 0.312395 0.284531
vt 0.312395 0.280845
vt 0.360798 0.280845
vt 0.360797 0.288218
vt 0.312395 0.288218
vt 0.360797 0.255067
vt 0.312395 0.255067
vt 0.312395 0.251380
vt 0.360797 0.251380
vt 0.360798 0.258754
vt 0.312395 0.258754
vt 0.360800 0.262438
vt 0.312395 0.262438
vt 0.360801 0.266119
vt 0.312395 0.266119
vt 0.360801 0.269799
vt 0.312395 0.269799
vt 0.360801 0.273479
vt 0.312395 0.273479
vt 0.360800 0.277161
vt 0.312395 0.277161
vt 0.638342 0.040275
vt 0.439807 0.040275
vt 0.439807 0.036593
vt 0.638342 0.036593
vt 0.439807 0.032913
vt 0.638342 0.032913
vt 0.439807 0.029235
vt 0.638342 0.029235
vt 0.439807 0.025556
vt 0.638342 0.025556
vt 0.439807 0.021876
vt 0.638342 0.021876
vt 0.439807 0.018194
vt 0.638342 0.018194
vt 0.439807 0.014511
vt 0.638342 0.014511
vt 0.439807 0.010826
vt 0.638342 0.010826
vt 0.638342 0.047644
vt 0.439807 0.047644
vt 0.439807 0.043959
vt 0.638342 0.043959
vt 0.560739 0.280845
vt 0.362647 0.280845
vt 0.362647 0.277161
vt 0.560739 0.277161
vt 0.362647 0.273479
vt 0.560739 0.273479
vt 0.362647 0.269799
vt 0.560739 0.269799
vt 0.362647 0.266119
vt 0.560739 0.266119
vt 0.362647 0.262438
vt 0.560739 0.262438
vt 0.362647 0.258754
vt 0.560739 0.258754
vt 0.362647 0.255067
vt 0.560739 0.255067
vt 0.362647 0.251380
vt 0.560739 0.251380
vt 0.560739 0.288218
vt 0.362647 0.288218
vt 0.362647 0.284531
vt 0.560739 0.284531
vt 0.560739 0.280845
vt 0.560739 0.255067
vt 0.638342 0.029235
vt 0.560739 0.266119
vt 0.209762 0.955785
vt 0.209762 0.952093
vt 0.670204 0.955548
vt 0.670204 0.959127
vt 0.209762 0.974252
vt 0.209762 0.970560
vt 0.670204 0.962709
vt 0.209762 0.959479
vt 0.670204 0.966292
vt 0.209762 0.977946
vt 0.670204 0.969874
vt 0.209762 0.963174
vt 0.670204 0.973453
vt 0.209762 0.981641
vt 0.670204 0.977031
vt 0.209762 0.966868
vt 0.670204 0.980613
vt 0.209762 0.985334
vt 0.670204 0.984196
vt 0.670204 0.987778
vt 0.209762 0.989027
vt 0.670204 0.991357
vt 0.282896 0.215628
vt 0.282896 0.220910
vt 0.282896 0.226192
vt 0.282896 0.231473
vt 0.282896 0.236753
vt 0.282896 0.183944
vt 0.282896 0.189223
vt 0.282896 0.194505
vt 0.282896 0.199787
vt 0.282896 0.205068
vt 0.282896 0.210348
vt 0.282896 0.236753
vt 0.282896 0.183944
vt 0.282896 0.210348
vt 0.339220 0.123108
vt 0.339220 0.127383
vt 0.339220 0.131655
vt 0.339220 0.088900
vt 0.339220 0.093173
vt 0.339220 0.097448
vt 0.339220 0.101727
vt 0.339220 0.106005
vt 0.339220 0.110278
vt 0.339220 0.114551
vt 0.339220 0.118829
vt 0.306036 0.177904
vt 0.339220 0.097448
vt 0.306036 0.172878
vt 0.339220 0.101727
vt 0.339220 0.110278
vt 0.282524 0.189223
vt 0.282524 0.194505
vt 0.282524 0.199787
vt 0.282523 0.205068
vt 0.282523 0.210348
vt 0.282523 0.215628
vt 0.282524 0.220910
vt 0.282524 0.226192
vt 0.282524 0.231473
vt 0.561355 0.273479
vt 0.561355 0.277161
vt 0.561356 0.284531
vt 0.561356 0.288218
vt 0.561356 0.251380
vt 0.561356 0.255067
vt 0.561356 0.258754
vt 0.210371 0.985334
vt 0.210369 0.989027
vt 0.210391 0.974252
vt 0.210393 0.970560
vt 0.210369 0.952093
vt 0.075953 0.974252
vt 0.075953 0.970560
vt 0.075953 0.966868
vt 0.075955 0.963174
vt 0.075957 0.959479
vt 0.338765 0.093173
vt 0.338765 0.088900
vt 0.338765 0.097448
vt 0.338769 0.114551
vt 0.338767 0.118829
vt 0.338765 0.123108
vt 0.338765 0.127383
vt 0.338765 0.131655
vt 0.638957 0.032913
vt 0.638958 0.036593
vt 0.638958 0.010826
vt 0.638958 0.014511
vt 0.638958 0.018194
vt 0.638958 0.021876
vt 0.638957 0.025556
vt 0.305639 0.162824
vt 0.305637 0.157799
vt 0.305644 0.167850
vt 0.305649 0.172878
vt 0.305644 0.147749
vt 0.305639 0.152775
vt 0.779499 0.162824
vt 0.779496 0.167850
vt 0.911471 0.980613
vt 0.911468 0.984196
vt 0.911466 0.987778
vt 0.911465 0.991357
vt 0.911465 0.955548
vt 0.911468 0.962709
vt 0.911471 0.966292
vt 0.911474 0.977031
vt 0.439191 0.032913
vt 0.439191 0.029235
vt 0.439190 0.047644
vt 0.439190 0.043959
vt 0.362030 0.284531
vt 0.362031 0.280845
vt 0.362032 0.266119
vt 0.362032 0.269799
vt 0.362032 0.273479
vt 0.362031 0.277161
vt 0.282152 0.189223
vt 0.282153 0.183944
vt 0.282152 0.194505
vt 0.282151 0.199787
vt 0.282151 0.205068
vt 0.282151 0.210348
vt 0.282151 0.215628
vt 0.282151 0.220910
vt 0.282152 0.226192
vt 0.282152 0.231473
vt 0.282153 0.236753
vt 0.705622 0.183944
vt 0.707169 0.183944
vt 0.707168 0.189223
vt 0.705621 0.189223
vt 0.707166 0.194505
vt 0.705620 0.194505
vt 0.707163 0.199787
vt 0.705619 0.199787
vt 0.707161 0.205068
vt 0.705618 0.205068
vt 0.705617 0.210348
vt 0.707160 0.210348
vt 0.707161 0.215628
vt 0.705618 0.215628
vt 0.707163 0.220910
vt 0.705619 0.220910
vt 0.707166 0.226192
vt 0.705620 0.226192
vt 0.707168 0.231473
vt 0.705621 0.231473
vt 0.707169 0.236753
vt 0.705622 0.236753
vt 0.695549 0.048658
vt 0.696066 0.048658
vt 0.696064 0.052575
vt 0.695548 0.052575
vt 0.696057 0.056497
vt 0.695544 0.056497
vt 0.696050 0.060426
vt 0.695541 0.060426
vt 0.696044 0.064353
vt 0.695538 0.064353
vt 0.696042 0.068272
vt 0.695537 0.068272
vt 0.696044 0.072190
vt 0.695538 0.072190
vt 0.696050 0.076118
vt 0.695541 0.076118
vt 0.695544 0.080047
vt 0.696057 0.080047
vt 0.696064 0.083969
vt 0.695548 0.083969
vt 0.696066 0.087886
vt 0.695549 0.087886
vt 0.669610 0.959127
vt 0.669017 0.959127
vt 0.669019 0.955548
vt 0.669611 0.955548
vt 0.669607 0.962709
vt 0.669010 0.962709
vt 0.669603 0.966292
vt 0.669003 0.966292
vt 0.669600 0.969874
vt 0.668997 0.969874
vt 0.669599 0.973453
vt 0.668995 0.973453
vt 0.669600 0.977031
vt 0.668997 0.977031
vt 0.669003 0.980613
vt 0.669607 0.984196
vt 0.669010 0.984196
vt 0.669603 0.980613
vt 0.669610 0.987778
vt 0.669017 0.987778
vt 0.669611 0.991357
vt 0.669019 0.991357
vt 0.561355 0.269799
vt 0.561970 0.269799
vt 0.561970 0.273479
vt 0.561971 0.277161
vt 0.561972 0.280845
vt 0.561973 0.284531
vt 0.561973 0.288218
vt 0.561973 0.251380
vt 0.561973 0.255067
vt 0.561972 0.258754
vt 0.561971 0.262438
vt 0.561355 0.262438
vt 0.561355 0.266119
vt 0.561970 0.266119
vt 0.210980 0.985334
vt 0.210975 0.989027
vt 0.210378 0.981641
vt 0.210993 0.981641
vt 0.210385 0.977946
vt 0.211008 0.977946
vt 0.211019 0.974252
vt 0.211024 0.970560
vt 0.210391 0.966868
vt 0.211019 0.966868
vt 0.210385 0.963174
vt 0.211008 0.963174
vt 0.210378 0.959479
vt 0.210993 0.959479
vt 0.210371 0.955785
vt 0.210980 0.955785
vt 0.210975 0.952093
vt 0.075961 0.989027
vt 0.075348 0.989027
vt 0.075345 0.985334
vt 0.075960 0.985334
vt 0.075340 0.981641
vt 0.075957 0.981641
vt 0.075335 0.977946
vt 0.075955 0.977946
vt 0.075332 0.974252
vt 0.075331 0.970560
vt 0.075332 0.966868
vt 0.075335 0.963174
vt 0.075340 0.959479
vt 0.075345 0.955785
vt 0.075960 0.955785
vt 0.075348 0.952093
vt 0.075961 0.952093
vt 0.338310 0.088900
vt 0.338311 0.097448
vt 0.338767 0.101727
vt 0.338314 0.101727
vt 0.338769 0.106005
vt 0.338318 0.106005
vt 0.338319 0.110278
vt 0.338318 0.114551
vt 0.338314 0.118829
vt 0.338311 0.123108
vt 0.338310 0.127383
vt 0.338310 0.131655
vt 0.639573 0.029235
vt 0.639573 0.032913
vt 0.639574 0.036593
vt 0.639574 0.040275
vt 0.638958 0.040275
vt 0.639575 0.043959
vt 0.638958 0.043959
vt 0.639575 0.047644
vt 0.638958 0.047644
vt 0.639575 0.010826
vt 0.639574 0.021876
vt 0.639573 0.025556
vt 0.729727 0.088900
vt 0.729725 0.093173
vt 0.729720 0.097448
vt 0.729713 0.101727
vt 0.729707 0.106005
vt 0.729704 0.110278
vt 0.729306 0.110278
vt 0.729707 0.114551
vt 0.729308 0.114551
vt 0.729713 0.118829
vt 0.729310 0.118829
vt 0.729720 0.123108
vt 0.729314 0.123108
vt 0.729725 0.127383
vt 0.729317 0.127383
vt 0.729318 0.131656
vt 0.729727 0.131655
vt 0.305243 0.162824
vt 0.305239 0.157799
vt 0.305251 0.167850
vt 0.305263 0.172878
vt 0.305273 0.177904
vt 0.305656 0.182929
vt 0.305277 0.182929
vt 0.305654 0.177904
vt 0.305654 0.137695
vt 0.305273 0.137695
vt 0.305277 0.132670
vt 0.305656 0.132670
vt 0.305649 0.142721
vt 0.305263 0.142721
vt 0.305251 0.147749
vt 0.305243 0.152775
vt 0.779500 0.157800
vt 0.779893 0.157799
vt 0.779891 0.162824
vt 0.779886 0.167850
vt 0.779879 0.172878
vt 0.779493 0.172878
vt 0.779490 0.177904
vt 0.779873 0.177904
vt 0.779871 0.182929
vt 0.779489 0.182929
vt 0.779489 0.132670
vt 0.779871 0.132670
vt 0.779873 0.137695
vt 0.779490 0.137695
vt 0.779879 0.142721
vt 0.779493 0.142721
vt 0.779886 0.147749
vt 0.779496 0.147749
vt 0.779891 0.152775
vt 0.779499 0.152775
vt 0.912071 0.980613
vt 0.912065 0.984196
vt 0.912059 0.955548
vt 0.912060 0.959127
vt 0.911466 0.959127
vt 0.912065 0.962709
vt 0.912071 0.966292
vt 0.912076 0.969874
vt 0.911474 0.969874
vt 0.912078 0.973453
vt 0.911475 0.973453
vt 0.912076 0.977031
vt 0.438574 0.036593
vt 0.438575 0.032913
vt 0.438575 0.029235
vt 0.438575 0.025556
vt 0.439191 0.025556
vt 0.439190 0.021876
vt 0.438574 0.021876
vt 0.438573 0.018194
vt 0.439190 0.018194
vt 0.438573 0.014511
vt 0.439190 0.014511
vt 0.438573 0.010826
vt 0.439190 0.010826
vt 0.438573 0.047644
vt 0.438573 0.040275
vt 0.361414 0.284531
vt 0.362030 0.288218
vt 0.361414 0.288218
vt 0.362030 0.255067
vt 0.361414 0.255067
vt 0.361414 0.251380
vt 0.362030 0.251380
vt 0.362031 0.258754
vt 0.361415 0.258754
vt 0.362031 0.262438
vt 0.361415 0.262438
vt 0.361416 0.266119
vt 0.383594 0.083969
vt 0.383594 0.087886
vt 0.381457 0.048658
vt 0.383594 0.080047
vt 0.383594 0.076118
vt 0.383594 0.072190
vt 0.383594 0.064353
vt 0.382508 0.064353
vt 0.381421 0.064353
vt 0.382512 0.060426
vt 0.383594 0.048658
vt 0.381417 0.068272
vt 0.382508 0.072190
vt 0.382506 0.068272
vt 0.382519 0.056497
vt 0.382523 0.052575
vt 0.381457 0.087886
vt 0.381453 0.083969
vt 0.382523 0.083969
vt 0.381443 0.080047
vt 0.382519 0.080047
vt 0.381431 0.076118
vt 0.382512 0.076118
vt 0.381421 0.072190
vt 0.013145 0.382252
vt 0.012672 0.366054
vt 0.010335 0.350175
vt 0.003335 0.316432
vt 0.006554 0.313249
vt 0.023156 0.314360
vt 0.023589 0.315841
vt 0.018570 0.349935
vt 0.017163 0.365923
vt 0.017637 0.382120
vt 0.019974 0.397999
vt 0.023755 0.434926
vt 0.006720 0.432333
vt 0.011738 0.398239
vt 0.015955 0.249583
vt 0.015955 0.230132
vt 0.013706 0.211000
vt 0.006490 0.170270
vt 0.010464 0.166563
vt 0.028990 0.167125
vt 0.030812 0.170270
vt 0.023596 0.211000
vt 0.021348 0.230132
vt 0.021348 0.249583
vt 0.023596 0.268716
vt 0.028990 0.312590
vt 0.026838 0.313153
vt 0.010464 0.313153
vt 0.006490 0.309445
vt 0.013706 0.268716
vn 0.0000 1.0000 0.0000
vn 0.0000 -1.0000 0.0000
vn 1.0000 0.0000 0.0000
vn -1.0000 0.0000 0.0000
vn 0.0658 -0.1021 -0.9926
vn 0.0897 -0.1421 -0.9858
vn -0.0749 -0.1625 -0.9839
vn -0.3389 -0.7803 -0.5256
vn -0.0668 -0.1252 -0.9899
vn -0.4881 -0.1199 -0.8645
vn -0.4993 -0.1095 -0.8595
vn -0.5085 0.0504 -0.8596
vn -0.5014 0.0661 -0.8627
vn -0.0905 0.0863 -0.9921
vn -0.1230 0.4882 -0.8640
vn -0.1098 0.4987 -0.8598
vn 0.0492 0.5083 -0.8598
vn 0.2034 0.4684 -0.8598
vn 0.3378 0.3830 -0.8598
vn 0.4394 0.2603 -0.8598
vn 0.4983 0.1122 -0.8597
vn 0.5087 -0.0471 -0.8597
vn 0.4991 -0.0600 -0.8645
vn 0.0970 -0.0794 -0.9921
vn 0.1245 0.0049 -0.9922
vn 0.4834 -0.2005 -0.8521
vn 0.0000 0.0000 -1.0000
vn -0.2638 -0.8164 -0.5136
vn -0.2824 -0.4132 -0.8657
vn -0.2225 -0.0009 -0.9749
vn -0.3957 0.3110 -0.8641
vn -0.4119 0.3026 -0.8595
vn -0.2981 0.4150 -0.8596
vn -0.1553 0.4866 -0.8597
vn 0.0022 0.5106 -0.8598
vn 0.1593 0.4850 -0.8599
vn 0.3007 0.4124 -0.8599
vn 0.4129 0.3000 -0.8599
vn 0.4183 0.2822 -0.8633
vn 0.0360 -0.0609 -0.9975
vn -0.0312 -0.0600 -0.9977
vn -0.0798 -0.0027 -0.9968
vn -0.0741 0.0594 -0.9955
vn -0.0260 0.0694 -0.9972
vn -0.0000 0.1239 -0.9923
vn 0.0318 0.0642 -0.9974
vn 0.0741 0.0593 -0.9955
vn 0.1347 -0.0339 -0.9903
vn 0.0409 -0.0618 -0.9972
vn 0.0270 0.0846 -0.9961
vn 0.0437 0.0601 -0.9972
vn 0.1247 0.0590 -0.9904
vn 0.1064 -0.0403 -0.9935
vn -0.0362 -0.0606 -0.9975
vn -0.0722 -0.0322 -0.9969
vn -0.1239 -0.0000 -0.9923
vn -0.0454 0.0644 -0.9969
vn 0.0038 0.0633 -0.9980
vn 0.0784 0.0502 -0.9957
vn 0.0801 0.0245 -0.9965
vn 0.1044 -0.0409 -0.9937
vn 0.0340 -0.0867 -0.9957
vn -0.0393 -0.0541 -0.9978
vn -0.1106 -0.0034 -0.9939
vn -0.0741 0.0593 -0.9955
vn 0.0580 -0.0334 -0.9978
vn 0.0618 0.0409 -0.9972
vn 0.0709 -0.0104 -0.9974
vn 0.0793 -0.0521 -0.9955
vn 0.0082 -0.0716 -0.9974
vn -0.0431 -0.0652 -0.9969
vn -0.0669 0.0100 -0.9977
vn -0.0278 0.0843 -0.9961
vn 0.0283 0.1085 -0.9937
vn 0.0728 0.1002 -0.9923
vn 0.1178 0.0383 -0.9923
vn 0.0708 -0.0104 -0.9974
vn -0.0420 -0.0577 -0.9975
vn -0.0846 0.0270 -0.9961
vn -0.0502 0.0784 -0.9957
vn 0.0082 0.0716 -0.9974
vn 0.0580 0.0462 -0.9972
vn 0.0606 0.0173 -0.9980
vn 0.0707 -0.0230 -0.9972
vn 0.0573 -0.0489 -0.9972
vn 0.0000 -0.1239 -0.9923
vn -0.0278 -0.0843 -0.9961
vn -0.0635 -0.0554 -0.9964
vn -0.0738 0.0042 -0.9973
vn -0.0441 0.1357 -0.9898
vn 0.0403 0.1064 -0.9935
vn 0.0688 0.0156 -0.9975
vn 0.0572 -0.0490 -0.9972
vn -0.0589 -0.1247 -0.9904
vn -0.1002 -0.0728 -0.9923
vn -0.0630 0.0023 -0.9980
vn -0.0601 0.0437 -0.9972
vn -0.0590 0.1247 -0.9904
vn 0.0334 0.0580 -0.9978
vn -0.9943 0.0000 0.1071
vn -0.5898 0.0000 -0.8075
vn 0.4044 -0.0000 -0.9146
vn 0.9943 0.0000 -0.1071
vn 0.5899 -0.0000 0.8075
vn -0.4044 0.0000 0.9146
vn -0.4171 0.7071 -0.5710
vn 0.2860 0.7071 -0.6467
vn 0.7030 0.7071 -0.0757
vn 0.4171 0.7071 0.5710
vn -0.2860 0.7071 0.6467
vn -0.7030 0.7071 0.0757
vn -0.9943 -0.0000 -0.1071
vn -0.5898 -0.0000 0.8075
vn 0.4044 0.0000 0.9146
vn 0.9943 -0.0000 0.1071
vn 0.5898 -0.0000 -0.8075
vn -0.4044 -0.0000 -0.9146
vn -0.4171 -0.7071 0.5710
vn 0.2860 -0.7071 0.6467
vn 0.7030 -0.7071 0.0757
vn 0.4171 -0.7071 -0.5710
vn -0.2860 -0.7071 -0.6467
vn -0.7030 -0.7071 -0.0757
vn -0.5899 -0.0000 0.8075
vn 0.5899 -0.0000 -0.8075
vn 0.5898 0.0000 0.8075
vn 0.0000 0.9943 0.1071
vn 0.0000 0.5898 -0.8075
vn 0.0000 -0.4044 -0.9146
vn 0.0000 -0.9943 -0.1071
vn 0.0000 -0.5898 0.8075
vn 0.0000 0.4044 0.9146
vn 0.7071 0.4171 -0.5710
vn 0.7071 -0.2860 -0.6467
vn 0.7071 -0.7030 -0.0757
vn 0.7071 -0.4171 0.5710
vn 0.7071 0.2860 0.6467
vn 0.7071 0.7030 0.0757
vn 0.0000 0.5899 -0.8075
vn 0.0000 0.8660 -0.5000
vn 0.0000 -0.8660 -0.5000
vn 0.0000 -0.8660 0.5000
vn 0.0000 -0.0000 1.0000
vn 0.0000 0.8660 0.5000
vn 0.7071 0.0000 -0.7071
vn 0.7071 -0.6124 -0.3536
vn 0.7071 -0.6124 0.3536
vn 0.7071 -0.0000 0.7071
vn 0.7071 0.6124 0.3536
vn 0.7071 0.6124 -0.3536
vn -0.7071 -0.0000 -0.7071
vn -0.7071 0.6124 -0.3536
vn -0.7071 0.6124 0.3536
vn -0.7071 0.0000 0.7071
vn -0.7071 -0.6124 0.3536
vn -0.7071 -0.6124 -0.3536
vn 0.2169 -0.9762 0.0000
vn 0.2242 -0.9694 -0.0998
vn 0.5031 -0.8533 -0.1371
vn 0.5079 -0.8614 -0.0000
vn -0.0954 -0.9954 0.0000
vn -0.1135 -0.9870 -0.1139
vn -0.3983 -0.9172 0.0000
vn -0.6623 -0.7493 0.0000
vn -0.6409 -0.7587 -0.1171
vn -0.8614 -0.5079 -0.0000
vn -0.8551 -0.4979 -0.1447
vn -0.9762 -0.2169 0.0000
vn -0.9649 -0.2144 -0.1514
vn -0.9954 0.0954 0.0000
vn -0.9840 0.0943 -0.1514
vn -0.9172 0.3983 -0.0000
vn -0.9097 0.3891 -0.1447
vn -0.7493 0.6623 -0.0000
vn -0.7451 0.6586 -0.1050
vn -0.5079 0.8614 -0.0000
vn -0.4979 0.8551 -0.1447
vn -0.2169 0.9762 0.0000
vn -0.2144 0.9649 -0.1514
vn 0.0954 0.9954 0.0000
vn 0.0943 0.9840 -0.1514
vn 0.3983 0.9172 0.0000
vn 0.3937 0.9067 -0.1514
vn 0.6623 0.7493 0.0000
vn 0.6546 0.7406 -0.1514
vn 0.8614 0.5079 0.0000
vn 0.8515 0.5021 -0.1514
vn 0.9762 0.2169 0.0000
vn 0.9649 0.2144 -0.1514
vn 0.9954 -0.0954 0.0000
vn 0.9840 -0.0943 -0.1514
vn 0.9172 -0.3983 -0.0000
vn 0.9097 -0.3891 -0.1447
vn 0.7493 -0.6623 -0.0000
vn 0.7451 -0.6586 -0.1050
vn -0.3851 -0.8868 -0.2557
vn 0.4575 -0.5691 -0.6832
vn 0.6504 -0.7596 0.0000
vn 0.4321 -0.8959 0.1031
vn 0.2682 -0.5618 -0.7826
vn 0.9982 0.0015 -0.0607
vn 0.9587 0.2845 -0.0071
vn 0.8484 -0.5257 -0.0623
vn 0.9455 0.1837 -0.2687
vn 0.6292 0.7722 -0.0887
vn 0.7022 0.7114 0.0285
vn -0.0382 0.9973 -0.0629
vn -0.4049 0.8881 -0.2174
vn -0.4730 0.8811 -0.0000
vn -0.6504 0.7596 -0.0000
vn -0.9560 -0.2569 -0.1416
vn -0.9504 -0.3097 0.0300
vn -0.5612 0.8266 0.0417
vn -0.5150 0.8572 0.0049
vn -0.9089 -0.4112 -0.0694
vn -0.7998 -0.5963 -0.0694
vn -0.7677 -0.6409 -0.0007
vn -0.8022 -0.4666 -0.3725
vn -0.3499 0.9368 0.0000
vn 0.3499 -0.9368 -0.0000
vn 0.4567 -0.8896 -0.0000
vn 0.4770 -0.8755 -0.0768
vn 0.4039 -0.9148 0.0000
vn -0.4567 0.8896 0.0000
vn -0.4039 0.9148 0.0000
vn 0.5574 -0.8302 0.0000
vn 0.5755 -0.8178 0.0072
vn 0.6050 -0.7962 0.0000
vn 0.5865 -0.7648 -0.2666
vn -0.5574 0.8302 0.0000
vn -0.6050 0.7962 0.0000
vn 0.1169 -0.2178 -0.9690
vn 0.5197 0.2939 -0.8022
vn 0.2617 -0.0085 -0.9651
vn -0.4834 0.6097 -0.6282
vn 0.7086 -0.5557 -0.4349
vn 0.2766 -0.7330 -0.6214
vn -0.6076 0.7530 -0.2528
vn -0.3648 0.8961 -0.2528
vn -0.3157 0.7635 -0.5634
vn 0.3648 -0.8961 -0.2528
vn -0.4419 0.8606 -0.2531
vn -0.3767 0.7354 -0.5632
vn -0.5392 0.8032 -0.2531
vn -0.4596 0.6867 -0.5632
vn 0.9511 -0.3090 -0.0000
vn 0.9393 -0.3110 -0.1447
vn 0.9945 -0.0000 -0.1050
vn 0.8090 -0.5878 0.0000
vn 0.4070 -0.2958 -0.8642
vn 0.5878 -0.8090 0.0000
vn 0.3256 -0.4481 -0.8326
vn 0.3090 -0.9511 0.0000
vn 0.3055 -0.9401 -0.1514
vn -0.0704 -0.5405 -0.8384
vn -0.3090 -0.9511 -0.0000
vn -0.5878 -0.8090 -0.0000
vn -0.5714 -0.7989 -0.1880
vn -0.8090 -0.5878 0.0000
vn -0.4070 -0.2958 -0.8642
vn -0.9511 -0.3090 -0.0000
vn -0.6289 0.0276 -0.7770
vn -0.9992 -0.0164 -0.0368
vn -0.9511 0.3090 -0.0000
vn -0.9421 0.3077 -0.1334
vn -0.8090 0.5878 0.0000
vn -0.7997 0.5810 -0.1514
vn -0.5878 0.8090 0.0000
vn -0.5810 0.7997 -0.1514
vn -0.3090 0.9511 0.0000
vn -0.3055 0.9401 -0.1514
vn 0.0000 0.9885 -0.1514
vn 0.3090 0.9511 0.0000
vn 0.3055 0.9401 -0.1514
vn 0.5878 0.8090 0.0000
vn 0.5810 0.7997 -0.1514
vn 0.8090 0.5878 0.0000
vn 0.7997 0.5810 -0.1514
vn 0.9511 0.3090 -0.0000
vn 0.9393 0.3109 -0.1447
vn -0.2987 -0.9195 -0.2557
vn -0.2376 -0.0772 -0.9683
vn -0.2021 -0.1468 -0.9683
vn -0.0000 -0.2498 -0.9683
vn 0.1171 -0.3603 -0.9255
vn 0.1468 -0.2021 -0.9683
vn 0.2021 -0.1468 -0.9683
vn 0.9410 -0.2764 -0.1953
vn 0.9784 -0.2068 0.0044
vn 0.8613 -0.5047 -0.0592
vn 0.9847 0.1744 0.0000
vn 0.9847 0.1745 -0.0000
vn 0.3385 0.9407 -0.0236
vn 0.4881 0.8726 -0.0188
vn 0.9953 0.0874 0.0406
vn 0.9758 0.2000 -0.0888
vn -0.1133 0.9883 -0.1018
vn -0.2045 0.9789 -0.0030
vn -0.9356 0.3508 0.0402
vn -0.9053 0.4247 0.0060
vn -0.9847 -0.1745 0.0000
vn -0.9847 -0.1744 -0.0000
vn -0.8232 -0.5553 -0.1180
vn -0.3255 -0.8982 0.2954
vn -0.9992 -0.0400 0.0000
vn -0.2514 -0.9529 -0.1696
vn 0.4210 -0.9071 0.0051
vn 0.4300 -0.9028 0.0063
vn -0.9847 0.1745 0.0000
vn 0.9847 -0.1744 -0.0000
vn 0.9983 -0.0584 -0.0000
vn 0.9932 -0.1167 -0.0000
vn -0.9983 0.0584 0.0000
vn -0.9932 0.1167 0.0000
vn 0.9983 0.0584 0.0000
vn 0.9932 0.1167 0.0000
vn -0.9983 -0.0584 -0.0000
vn -0.9932 -0.1167 -0.0000
vn 0.8210 0.1165 -0.5589
vn 0.9572 0.1409 -0.2528
vn 0.1731 0.7328 -0.6581
vn 0.7375 0.1006 -0.6679
vn -0.6479 0.2907 -0.7041
vn -0.8169 -0.1217 -0.5638
vn -0.9572 -0.1409 -0.2529
vn -0.7259 -0.2730 -0.6314
vn -0.9085 -0.0342 -0.4165
vn -0.0141 -0.7317 -0.6815
vn 0.3472 -0.8565 -0.3819
vn -0.7712 0.1079 -0.6273
vn -0.9572 0.1409 -0.2529
vn 0.8171 -0.1198 -0.5640
vn 0.9658 -0.0565 -0.2531
vn 0.8284 -0.0369 -0.5590
vn -0.9658 0.0565 -0.2531
vn -0.8244 0.0482 -0.5640
vn 0.9658 0.0565 -0.2531
vn 0.8277 0.0492 -0.5590
vn -0.9658 -0.0565 -0.2531
vn -0.8244 -0.0476 -0.5640
vn -0.5851 -0.8053 -0.0952
vn -0.3076 -0.9467 -0.0953
vn -0.8053 -0.5851 -0.0951
vn -0.9467 -0.3076 -0.0953
vn -0.9955 0.0000 -0.0952
vn -0.9468 0.3076 -0.0950
vn -0.8054 0.5851 -0.0950
vn -0.5851 0.8053 -0.0952
vn -0.3076 0.9467 -0.0951
vn -0.0000 0.9955 -0.0951
vn 0.3076 0.9467 -0.0953
vn 0.5851 0.8053 -0.0952
vn 0.8054 0.5852 -0.0943
vn 0.9467 0.3076 -0.0954
vn 0.9955 -0.0000 -0.0951
vn 0.9467 -0.3076 -0.0955
vn 0.8054 -0.5851 -0.0948
vn 0.5851 -0.8053 -0.0952
vn 0.3076 -0.9467 -0.0953
vn -0.0000 -0.9955 -0.0951
vn 0.3005 -0.2183 -0.9285
vn 0.2183 -0.3005 -0.9285
vn 0.4130 -0.5685 -0.7115
vn 0.5685 -0.4131 -0.7115
vn 0.5438 -0.7485 -0.3794
vn 0.7485 -0.5438 -0.3794
vn 0.3532 -0.1148 -0.9285
vn 0.6683 -0.2172 -0.7115
vn 0.8800 -0.2859 -0.3794
vn 0.3714 -0.0000 -0.9285
vn 0.7027 -0.0000 -0.7115
vn 0.9252 -0.0000 -0.3794
vn 0.3532 0.1148 -0.9285
vn 0.6683 0.2172 -0.7115
vn 0.8800 0.2859 -0.3794
vn 0.3005 0.2183 -0.9285
vn 0.5685 0.4131 -0.7115
vn 0.7485 0.5438 -0.3794
vn 0.2183 0.3005 -0.9285
vn 0.4130 0.5685 -0.7115
vn 0.5438 0.7485 -0.3794
vn 0.1148 0.3532 -0.9285
vn 0.2171 0.6683 -0.7115
vn 0.2859 0.8800 -0.3794
vn -0.0000 0.3714 -0.9285
vn -0.0000 0.7027 -0.7115
vn -0.0000 0.9252 -0.3794
vn -0.1148 0.3532 -0.9285
vn -0.2171 0.6683 -0.7115
vn -0.2859 0.8800 -0.3794
vn -0.2183 0.3005 -0.9285
vn -0.4130 0.5685 -0.7115
vn -0.5438 0.7485 -0.3794
vn -0.3005 0.2183 -0.9285
vn -0.5685 0.4130 -0.7115
vn -0.7485 0.5438 -0.3794
vn -0.3532 0.1148 -0.9285
vn -0.6683 0.2171 -0.7115
vn -0.8800 0.2859 -0.3794
vn -0.3714 0.0000 -0.9285
vn -0.7027 0.0000 -0.7115
vn -0.9252 0.0000 -0.3794
vn -0.3532 -0.1148 -0.9285
vn -0.6683 -0.2171 -0.7115
vn -0.8800 -0.2859 -0.3794
vn -0.3005 -0.2183 -0.9285
vn -0.5685 -0.4130 -0.7115
vn -0.7485 -0.5438 -0.3794
vn -0.2183 -0.3005 -0.9285
vn -0.4130 -0.5685 -0.7115
vn -0.5438 -0.7485 -0.3794
vn -0.1148 -0.3532 -0.9285
vn -0.2171 -0.6683 -0.7115
vn -0.2859 -0.8800 -0.3794
vn 0.0000 -0.3714 -0.9285
vn -0.0000 -0.7027 -0.7115
vn -0.0000 -0.9252 -0.3794
vn 0.1148 -0.3532 -0.9285
vn 0.2171 -0.6683 -0.7115
vn 0.2859 -0.8800 -0.3794
vn -0.5851 -0.8053 -0.0953
vn -0.3076 -0.9468 -0.0950
vn -0.8054 -0.5851 -0.0947
vn -0.9467 -0.3076 -0.0952
vn -0.9955 0.0000 -0.0951
vn -0.9467 0.3076 -0.0953
vn -0.8054 0.5851 -0.0944
vn -0.5851 0.8053 -0.0953
vn -0.3076 0.9468 -0.0950
vn 0.0000 0.9955 -0.0952
vn 0.5851 0.8054 -0.0950
vn 0.8053 0.5851 -0.0952
vn 0.9467 0.3076 -0.0951
vn 0.9955 -0.0000 -0.0952
vn 0.9468 -0.3076 -0.0950
vn 0.8053 -0.5851 -0.0953
vn 0.5685 -0.4130 -0.7115
vn 0.8799 -0.2859 -0.3794
vn 0.5685 0.4130 -0.7115
vn 0.2172 0.6683 -0.7115
vn -0.2172 0.6683 -0.7115
vn -0.6683 0.2172 -0.7115
vn -0.6683 -0.2172 -0.7115
vn -0.4131 -0.5685 -0.7115
vn -0.2172 -0.6683 -0.7115
vn 0.2172 -0.6683 -0.7115
vn 0.2859 -0.8799 -0.3794
vn -0.5852 -0.8054 -0.0944
vn -0.8053 -0.5851 -0.0953
vn -0.9468 -0.3076 -0.0947
vn -0.9468 0.3076 -0.0947
vn -0.8054 0.5851 -0.0948
vn 0.3076 0.9468 -0.0948
vn 0.5851 0.8053 -0.0951
vn 0.8054 0.5851 -0.0948
vn 0.9468 0.3076 -0.0950
vn 0.9954 -0.0000 -0.0954
vn 0.9468 -0.3076 -0.0948
vn 0.3076 -0.9468 -0.0950
vn -0.0000 -0.9955 -0.0952
vn 0.6683 -0.2171 -0.7115
vn 0.6683 0.2171 -0.7115
vn -0.8799 0.2859 -0.3794
vn -0.8799 -0.2859 -0.3794
vn -0.5851 -0.8054 -0.0950
vn -0.8054 -0.5851 -0.0951
vn -0.9954 0.0000 -0.0953
vn -0.8053 0.5851 -0.0953
vn 0.3076 0.9468 -0.0950
vn 0.9467 -0.3076 -0.0951
vn 0.5851 -0.8053 -0.0953
vn 0.3076 -0.9467 -0.0951
vn -0.5685 0.4131 -0.7114
vn 0.8054 -0.5851 -0.0950
vn 0.3076 -0.9467 -0.0952
vn -0.8054 -0.5851 -0.0950
vn -0.9955 -0.0000 -0.0948
vn -0.8054 0.5851 -0.0951
vn -0.5851 0.8054 -0.0948
vn 0.0000 0.9955 -0.0948
vn 0.3076 0.9467 -0.0952
vn 0.8054 0.5851 -0.0950
vn 0.9467 0.3076 -0.0952
vn 0.9955 -0.0000 -0.0950
vn -0.2859 -0.8799 -0.3794
vn 0.9467 -0.3076 -0.0952
vn 0.3076 -0.9468 -0.0948
vn -0.3076 -0.9467 -0.0952
vn -0.8053 -0.5851 -0.0952
vn -0.9467 -0.3076 -0.0951
vn -0.8053 0.5851 -0.0952
vn 0.0000 0.9955 -0.0950
vn 0.8053 0.5851 -0.0951
vn 0.3533 -0.1148 -0.9285
vn 0.8799 0.2859 -0.3794
vn -0.3011 0.0081 -0.9536
vn 0.7963 0.5786 -0.1765
vn -0.1384 -0.1224 -0.9828
vn 0.3011 0.9371 -0.1768
vn -0.0000 0.9837 -0.1801
vn -0.3011 0.9371 -0.1768
vn -0.5716 0.7830 -0.2454
vn -0.8007 0.5818 -0.1427
vn 0.1927 -0.0622 -0.9793
vn -0.9895 -0.0089 -0.1441
vn -0.1199 0.2560 -0.9592
vn 0.2203 0.1409 -0.9652
vn -0.5789 -0.7968 -0.1730
vn -0.0121 0.2207 -0.9753
vn 0.0125 -0.9831 -0.1827
vn 0.1526 -0.4914 -0.8575
vn 0.7861 -0.5211 -0.3325
vn 0.8027 -0.5677 -0.1827
vn 0.4872 -0.1654 -0.8575
vn 0.9804 0.0101 -0.1966
vn -0.2632 0.0338 -0.9641
vn -0.0890 0.1946 -0.9768
vn -0.4282 0.3012 -0.8520
vn 0.0677 -0.0933 -0.9933
vn 0.7832 -0.5690 -0.2508
vn -0.2747 0.3324 -0.9023
vn 0.9343 -0.3036 -0.1869
vn 0.9536 0.0280 -0.2997
vn 0.9151 0.2825 -0.2876
vn 0.7929 0.5796 -0.1881
vn 0.5774 0.7949 -0.1865
vn 0.3062 0.9332 -0.1881
vn -0.0800 -0.0396 -0.9960
vn -0.3345 0.9043 -0.2652
vn -0.9282 0.2609 -0.2652
vn -0.9395 -0.2997 -0.1659
vn -0.8487 -0.5142 -0.1238
vn -0.5750 -0.7962 -0.1881
vn 0.6276 -0.5718 -0.5284
vn -0.0009 0.4919 -0.8707
vn 0.0060 -0.0020 -1.0000
vn 0.0063 0.0002 -1.0000
vn 0.0060 0.0020 -1.0000
vn 0.0051 0.0038 -1.0000
vn 0.0036 0.0051 -1.0000
vn 0.0019 0.0060 -1.0000
vn -0.0001 0.0063 -1.0000
vn -0.0020 0.0060 -1.0000
vn -0.8295 0.5514 -0.0888
vn -0.1277 0.0924 -0.9875
vn -0.8176 0.5682 -0.0933
vn -0.1930 -0.0532 -0.9798
vn -0.1532 -0.0498 -0.9869
vn -0.1874 -0.0704 -0.9798
vn -0.3002 -0.9509 -0.0753
vn -0.0019 -0.0060 -1.0000
vn -0.0002 -0.0063 -1.0000
vn 0.0020 -0.0060 -1.0000
vn 0.0038 -0.0051 -1.0000
vn 0.0051 -0.0036 -1.0000
vn 0.9510 0.3090 -0.0098
vn 0.8090 0.5878 -0.0098
vn 0.5878 0.8090 -0.0098
vn 0.3090 0.9510 -0.0098
vn 0.0000 1.0000 -0.0098
vn -0.1584 0.9838 -0.0845
vn -0.0991 0.1363 -0.9857
vn -0.8867 0.4546 -0.0845
vn -0.9945 0.0766 -0.0707
vn -0.0171 0.0529 -0.9985
vn -0.1222 -0.0398 -0.9917
vn 0.0172 -0.0529 -0.9985
vn -0.5865 -0.8073 -0.0657
vn -0.0241 -0.0743 -0.9969
vn -0.1896 -0.9744 -0.1204
vn 0.0521 -0.1603 -0.9857
vn 0.7028 -0.7064 -0.0845
vn 0.7064 -0.7028 -0.0845
vn 0.1604 -0.0519 -0.9857
vn 0.9845 0.1534 -0.0845
vn -0.2376 0.0772 -0.9683
vn -0.0772 0.2376 -0.9683
vn 0.8053 -0.5851 -0.0952
vn -0.5851 -0.8053 -0.0951
vn -0.8054 -0.5851 -0.0948
vn -0.9467 0.3076 -0.0951
vn -0.3076 0.9468 -0.0948
vn 0.8053 0.5851 -0.0953
vn 0.9467 -0.3076 -0.0953
vn 0.5852 -0.8054 -0.0947
vn -0.0000 -0.9955 -0.0950
vn -0.3076 -0.9467 -0.0951
vn -0.9955 -0.0000 -0.0950
vn -0.5851 0.8054 -0.0950
vn -0.3076 0.9467 -0.0953
vn 0.5851 0.8053 -0.0950
vn 0.9954 -0.0000 -0.0953
vn -0.2859 0.8799 -0.3794
vn 0.2183 -0.3005 -0.9284
vn 0.9367 0.3044 -0.1730
vn -0.1615 -0.1172 -0.9799
vn 0.5789 0.7968 -0.1730
vn 0.7838 0.6081 -0.1260
vn -0.1732 -0.2422 -0.9546
vn -0.3072 0.9351 -0.1768
vn -0.5782 0.7958 -0.1801
vn -0.7958 0.5782 -0.1801
vn -0.9355 0.3040 -0.1801
vn -0.9842 0.0032 -0.1768
vn 0.2938 0.1212 -0.9482
vn 0.0448 -0.0436 -0.9980
vn -0.5817 -0.7945 -0.1743
vn -0.7838 -0.6081 -0.1260
vn 0.0001 0.3722 -0.9281
vn 0.0899 0.2839 -0.9546
vn 0.5817 -0.7945 -0.1743
vn -0.1375 -0.2576 -0.9564
vn -0.2915 0.0649 -0.9544
vn 0.9003 0.3373 -0.2752
vn -0.1644 -0.0269 -0.9860
vn -0.9390 -0.3049 -0.1590
vn 0.8438 -0.0938 -0.5284
vn -0.2887 0.3983 -0.8707
vn -0.3974 0.2899 -0.8707
vn -0.4683 0.1505 -0.8707
vn 0.9830 -0.1498 -0.1061
vn 0.9349 0.3008 -0.1881
vn 0.7531 0.5846 -0.3017
vn 0.6540 0.7353 -0.1780
vn 0.3048 0.9332 -0.1903
vn 0.0000 0.9811 -0.1933
vn -0.3049 0.9332 -0.1903
vn -0.8238 -0.1161 -0.5549
vn -0.7665 0.5743 -0.2876
vn -0.9338 0.3023 -0.1912
vn -0.7948 -0.5774 -0.1869
vn -0.5775 -0.7948 -0.1865
vn -0.3048 -0.9332 -0.1903
vn 0.0016 -0.9817 -0.1903
vn 0.0060 -0.0018 -1.0000
vn 0.0063 0.0003 -1.0000
vn 0.0037 0.0051 -1.0000
vn -0.0016 0.0061 -1.0000
vn -0.0035 0.0052 -1.0000
vn -0.0051 0.0036 -1.0000
vn -0.0059 0.0023 -1.0000
vn -0.7599 -0.5965 -0.2585
vn -0.0718 -0.0234 -0.9971
vn -0.9692 -0.2057 -0.1358
vn -0.0704 -0.1874 -0.9798
vn -0.0496 -0.1533 -0.9869
vn 0.0386 -0.1704 -0.9846
vn 0.0281 -0.0864 -0.9959
vn 0.0547 -0.2129 -0.9755
vn 0.9509 -0.3001 -0.0753
vn 0.9945 0.0767 -0.0707
vn 0.6603 0.7183 -0.2191
vn -0.0001 0.2296 -0.9733
vn -0.6603 0.7183 -0.2191
vn -0.7596 0.6466 -0.0707
vn -0.0632 0.0458 -0.9969
vn -0.8496 0.5226 -0.0707
vn -0.9845 0.1534 -0.0845
vn -0.1166 -0.1514 -0.9816
vn -0.0558 0.0001 -0.9984
vn 0.0002 -0.1285 -0.9917
vn 0.0556 0.0001 -0.9985
vn 0.3090 -0.9510 -0.0000
vn 0.3802 -0.9222 -0.0707
vn 0.7062 -0.7029 -0.0845
vn 0.1834 0.0541 -0.9816
vn 0.0171 0.0529 -0.9985
vn 0.9360 0.3038 -0.1778
vn 0.7958 0.5782 -0.1801
vn 0.5782 0.7958 -0.1801
vn 0.3072 0.9351 -0.1768
vn -0.0004 -0.1996 -0.9799
vn -0.3044 0.9367 -0.1730
vn 0.1170 -0.1617 -0.9799
vn -0.7988 0.5758 -0.1743
vn -0.9160 0.3252 -0.2351
vn 0.3025 -0.0004 -0.9532
vn 0.0908 0.0294 -0.9954
vn 0.2565 0.2362 -0.9372
vn 0.2189 0.3011 -0.9281
vn 0.1151 0.3540 -0.9281
vn 0.1732 0.2422 -0.9546
vn 0.3044 -0.9367 -0.1730
vn 0.0312 -0.9915 -0.1260
vn -0.0942 0.2825 -0.9546
vn 0.9376 -0.3008 -0.1743
vn 0.9628 -0.0000 -0.2703
vn 0.3036 -0.9344 -0.1865
vn 0.5774 -0.7948 -0.1869
vn -0.2802 0.2425 -0.9288
vn 0.8602 -0.5061 -0.0623
vn 0.9820 -0.0000 -0.1890
vn 0.8956 0.2910 -0.3364
vn 0.7935 0.5778 -0.1912
vn 0.5767 0.7937 -0.1933
vn 0.3032 0.9331 -0.1933
vn -0.0016 0.9817 -0.1903
vn -0.3037 0.9343 -0.1865
vn -0.5757 0.7952 -0.1903
vn -0.7952 0.5758 -0.1903
vn 0.3414 -0.1441 -0.9288
vn 0.1887 0.0000 -0.9820
vn 0.4836 0.0948 -0.8701
vn 0.3982 0.2888 -0.8707
vn 0.2888 0.3982 -0.8707
vn -0.4462 -0.8886 -0.1061
vn 0.0000 -0.9824 -0.1869
vn 0.1499 -0.0487 -0.9875
vn 0.9336 -0.3470 -0.0888
vn -0.0038 0.0051 -1.0000
vn -0.9593 0.2679 -0.0888
vn -0.1671 -0.0602 -0.9841
vn -0.1044 0.0956 -0.9899
vn -0.2194 0.0138 -0.9755
vn -0.4951 -0.8582 -0.1358
vn 0.1394 -0.1977 -0.9703
vn -0.0199 -0.1189 -0.9927
vn 0.0001 -0.1055 -0.9944
vn 0.0199 -0.1189 -0.9927
vn -0.1394 -0.1977 -0.9703
vn 0.7568 -0.6526 -0.0381
vn 0.9510 0.3089 -0.0098
vn -0.3090 0.9510 -0.0098
vn -0.5878 0.8090 -0.0098
vn -0.7064 0.7028 -0.0845
vn -0.1491 -0.0574 -0.9872
vn -0.9510 0.3090 -0.0000
vn -0.0988 -0.0578 -0.9934
vn -0.9812 0.0818 -0.1749
vn -0.1385 -0.1090 -0.9843
vn -0.0026 -0.0036 -1.0000
vn -0.2045 -0.0837 -0.9753
vn 0.1687 -0.1428 -0.9753
vn 0.1914 -0.0534 -0.9801
vn 0.3917 -0.9023 -0.1798
vn 0.1859 -0.1348 -0.9733
vn 0.9693 0.1120 -0.2191
vn 1.0000 -0.0000 -0.0098
vn -0.2839 0.0898 -0.9546
vn 0.7944 0.5811 -0.1768
vn 0.3040 0.9355 -0.1801
vn -0.5831 0.8026 -0.1260
vn -0.7948 0.5814 -0.1740
vn -0.9386 0.3050 -0.1615
vn -0.9847 -0.0032 -0.1740
vn -0.9527 0.2767 -0.1260
vn 0.3012 0.2187 -0.9281
vn 0.1146 0.3542 -0.9281
vn -0.1153 0.3539 -0.9281
vn -0.2187 0.3012 -0.9281
vn 0.9367 -0.3044 -0.1730
vn 0.8206 -0.5575 -0.1259
vn 0.1695 -0.9799 -0.1052
vn 0.5804 -0.7988 -0.1584
vn 0.9007 0.1831 -0.3939
vn 0.9495 -0.3085 -0.0569
vn 0.9710 -0.1937 -0.1399
vn 0.9341 0.3019 -0.1903
vn 0.7938 0.5767 -0.1933
vn -0.3032 0.9331 -0.1933
vn -0.5767 0.7938 -0.1933
vn -0.9344 0.3035 -0.1865
vn -0.9817 0.0015 -0.1903
vn -0.9332 -0.3049 -0.1903
vn 0.1716 -0.8314 -0.5285
vn 0.2900 0.3973 -0.8707
vn 0.1504 0.4684 -0.8707
vn 0.9971 0.0084 -0.0753
vn 0.0063 0.0001 -1.0000
vn 0.0052 0.0035 -1.0000
vn 0.0002 0.0063 -1.0000
vn -0.0039 0.0050 -1.0000
vn -0.0060 0.0019 -1.0000
vn -0.9336 -0.3471 -0.0888
vn -0.1498 -0.0490 -0.9875
vn -0.7568 -0.6526 -0.0381
vn -0.0443 -0.0611 -0.9971
vn -0.3089 -0.9508 -0.0246
vn 0.0001 -0.0755 -0.9971
vn 0.3089 -0.9508 -0.0246
vn -0.0024 -0.0553 -0.9985
vn 0.1390 -0.1715 -0.9753
vn 0.9510 0.3091 -0.0098
vn -0.4546 0.8867 -0.0845
vn -0.1364 0.0990 -0.9857
vn -0.9853 0.1208 -0.1204
vn -0.0898 -0.2521 -0.9635
vn -0.8933 0.3493 -0.2829
vn -0.3735 0.2083 -0.9040
vn -0.2204 -0.0164 -0.9753
vn 0.0669 -0.1929 -0.9789
vn 0.3810 -0.9079 -0.1749
vn -0.0244 -0.1118 -0.9934
vn -0.0085 -0.1596 -0.9872
vn 0.8998 -0.4194 -0.1204
vn 0.0743 -0.0241 -0.9969
vn 0.9695 -0.2345 -0.0707
vn 0.9435 0.3065 -0.1260
vn 0.3053 0.9355 -0.1778
vn 0.0432 0.9652 -0.2577
vn -0.0809 0.2172 -0.9728
vn -0.5441 -0.1631 -0.8230
vn -0.7963 0.5786 -0.1765
vn 0.1591 -0.0938 -0.9828
vn -0.9847 0.0032 -0.1740
vn -0.9421 -0.2983 -0.1531
vn -0.9919 -0.0625 -0.1103
vn 0.1554 0.2363 -0.9592
vn 0.0000 -0.9843 -0.1765
vn -0.0545 0.2195 -0.9741
vn 0.1761 -0.2234 -0.9587
vn 0.7973 -0.5845 -0.1502
vn -0.1249 0.2169 -0.9682
vn 0.9849 -0.0000 -0.1730
vn 0.1257 0.1567 -0.9796
vn 0.1865 -0.9507 -0.2478
vn -0.6059 0.6914 -0.3935
vn -0.5290 0.7930 -0.3022
vn -0.0749 -0.2842 -0.9558
vn -0.0973 0.0527 -0.9939
vn 0.9349 -0.3008 -0.1881
vn 0.6071 0.6847 -0.4032
vn 0.9620 0.2184 -0.1641
vn 0.7951 0.5758 -0.1903
vn 0.3043 0.9332 -0.1912
vn 0.0000 0.9929 -0.1191
vn -0.3062 0.9332 -0.1881
vn -0.9343 0.3036 -0.1869
vn -0.9823 -0.0095 -0.1872
vn -0.9391 -0.3051 -0.1584
vn 0.1602 -0.8399 -0.5185
vn 0.2884 0.3985 -0.8707
vn 0.0619 0.4469 -0.8924
vn 0.9070 0.3325 -0.2585
vn 0.0755 0.0001 -0.9971
vn 0.9070 -0.3325 -0.2585
vn -0.0021 0.0059 -1.0000
vn -0.0063 -0.0001 -1.0000
vn -0.0060 -0.0020 -1.0000
vn -0.2642 -0.9292 -0.2585
vn -0.0441 -0.0613 -0.9971
vn -0.8021 -0.5384 -0.2585
vn 0.0023 -0.0059 -1.0000
vn 0.0052 -0.0035 -1.0000
vn -0.8682 0.4814 -0.1204
vn -0.1100 0.1654 -0.9801
vn -0.1416 -0.0456 -0.9889
vn 0.1162 -0.5666 -0.8158
vn -0.1544 -0.0412 -0.9872
vn -0.1208 -0.9853 -0.1204
vn -0.0529 -0.0171 -0.9985
vn -0.0541 -0.1834 -0.9816
vn 0.7261 -0.6769 -0.1204
vn 0.0632 -0.0458 -0.9969
vn 0.8496 -0.5226 -0.0707
vn -0.3540 -0.1150 -0.9281
vn -0.2978 -0.0023 -0.9546
vn -0.5760 0.7981 -0.1768
vn 0.1614 -0.1174 -0.9799
vn -0.9367 0.3044 -0.1730
vn 0.2415 -0.0001 -0.9704
vn -0.1495 -0.0932 -0.9844
vn 0.0486 0.0754 -0.9960
vn 0.1839 0.2395 -0.9533
vn -0.0498 -0.2485 -0.9673
vn 0.0014 -0.4073 -0.9133
vn 0.0125 -0.1757 -0.9844
vn -0.1342 0.1848 -0.9736
vn 0.7981 -0.5760 -0.1768
vn 0.9351 -0.3072 -0.1768
vn 0.8205 -0.5576 -0.1260
vn -0.2720 0.9016 -0.3362
vn 0.2705 0.8548 -0.4430
vn 0.8713 0.3125 -0.3784
vn 0.8438 -0.0936 -0.5285
vn 0.4566 -0.8833 -0.1061
vn 0.7948 -0.5774 -0.1870
vn 0.9344 -0.3035 -0.1865
vn 0.9824 0.0000 -0.1869
vn 0.7830 0.5515 -0.2876
vn 0.5750 0.7962 -0.1881
vn 0.0000 0.9717 -0.2361
vn -0.5774 0.7948 -0.1869
vn -0.7377 -0.4202 -0.5284
vn -0.8886 0.4462 -0.1061
vn -0.9331 -0.3032 -0.1933
vn -0.7933 -0.5783 -0.1903
vn -0.5774 -0.7949 -0.1865
vn 0.0023 0.0059 -1.0000
vn -0.0059 -0.0023 -1.0000
vn 0.5965 -0.7599 -0.2585
vn 0.0234 -0.0718 -0.9971
vn -0.0359 -0.9654 -0.2585
vn 0.0766 0.9945 -0.0707
vn -0.0001 0.0781 -0.9969
vn 0.0689 0.9715 -0.2269
vn -0.1350 0.1857 -0.9733
vn -0.9564 0.1930 -0.2191
vn -0.9510 0.3090 -0.0098
vn -0.9584 -0.2255 -0.1749
vn -0.1943 -0.1331 -0.9719
vn 0.0689 -0.9715 -0.2269
vn 0.0000 0.2498 -0.9683
vn 0.9311 0.3157 -0.1827
vn 0.8027 0.5677 -0.1827
vn 0.0032 0.9842 -0.1768
vn 0.0613 -0.1899 -0.9799
vn -0.5817 0.7945 -0.1743
vn -0.7706 0.5923 -0.2351
vn 0.2753 0.0439 -0.9603
vn 0.2422 -0.1732 -0.9546
vn -0.9367 -0.3044 -0.1730
vn 0.1615 0.1172 -0.9799
vn -0.5758 -0.7988 -0.1743
vn -0.2875 0.0512 -0.9564
vn 0.0001 0.3733 -0.9277
vn 0.0553 0.0291 -0.9980
vn 0.5758 -0.7988 -0.1743
vn -0.2707 0.1664 -0.9482
vn -0.0908 0.0293 -0.9954
vn -0.2725 0.0002 -0.9622
vn 0.3036 -0.9343 -0.1869
vn -0.1915 0.3172 -0.9288
vn 0.6617 -0.7472 -0.0623
vn 0.9338 -0.3023 -0.1912
vn 0.9817 0.0016 -0.1903
vn 0.9343 0.3037 -0.1865
vn 0.7948 0.5774 -0.1869
vn -0.3650 0.7475 -0.5549
vn 0.3093 0.9064 -0.2876
vn 0.0000 0.9820 -0.1890
vn -0.3233 0.8969 -0.3018
vn -0.4972 0.8492 -0.1780
vn -0.7929 0.5796 -0.1881
vn -0.8956 0.2910 -0.3364
vn -0.9820 0.0000 -0.1890
vn 0.1361 -0.0757 -0.9878
vn -0.8792 -0.4732 -0.0560
vn -0.1498 -0.9830 -0.1061
vn 0.0718 -0.0233 -0.9971
vn 0.7599 -0.5965 -0.2585
vn 0.0039 0.0050 -1.0000
vn 0.0021 0.0059 -1.0000
vn -0.0717 -0.0235 -0.9971
vn -0.9654 0.0359 -0.2585
vn -0.0036 -0.0051 -1.0000
vn 0.0001 -0.0063 -1.0000
vn 0.6185 -0.7807 -0.0888
vn 0.0927 -0.1275 -0.9875
vn 0.8545 -0.5181 -0.0381
vn -0.8090 0.5878 -0.0098
vn -1.0000 0.0000 -0.0098
vn -0.8496 -0.5226 -0.0707
vn -0.0631 -0.0459 -0.9969
vn -0.8265 -0.5153 -0.2269
vn -0.0461 -0.1581 -0.9864
vn 0.1232 -0.1628 -0.9789
vn 0.7849 -0.5142 -0.3458
vn -0.1512 -0.2208 -0.9635
vn 0.6466 -0.7596 -0.0707
vn 0.9510 -0.3090 -0.0098
vn 1.0000 -0.0033 -0.0000
vn 0.8091 -0.0027 -0.5877
vn 0.8091 -0.0027 -0.5876
vn 0.3091 -0.0010 -0.9510
vn 0.3092 -0.0010 -0.9510
vn -0.2917 -0.4712 -0.8324
vn -0.3091 0.0010 -0.9510
vn -0.3652 -0.7760 -0.5143
vn -0.8091 0.0027 -0.5876
vn -1.0000 0.0033 -0.0000
vn -0.8092 0.0027 0.5876
vn -0.8091 0.0027 0.5876
vn -0.3092 0.0010 0.9510
vn -0.3091 0.0010 0.9510
vn 0.3091 -0.0010 0.9510
vn 0.8091 -0.0027 0.5876
vn 0.9965 -0.0839 -0.0000
vn 0.8059 -0.0678 -0.5882
vn 0.8090 -0.0146 -0.5876
vn 0.9998 -0.0180 0.0000
vn 0.3076 -0.0259 -0.9512
vn 0.3091 -0.0056 -0.9510
vn -0.3076 0.0259 -0.9512
vn -0.3090 0.0056 -0.9511
vn -0.8059 0.0678 -0.5882
vn -0.8089 0.0147 -0.5878
vn -0.9965 0.0838 0.0000
vn -0.9998 0.0181 -0.0000
vn -0.8059 0.0678 0.5882
vn -0.8089 0.0146 0.5878
vn -0.3077 0.0259 0.9511
vn -0.3090 0.0056 0.9511
vn 0.3076 -0.0259 0.9512
vn 0.3090 -0.0056 0.9511
vn 0.8059 -0.0678 0.5882
vn 0.8089 -0.0146 0.5877
vn 0.9855 -0.1696 -0.0000
vn 0.7973 -0.1372 -0.5879
vn 0.3044 -0.0524 -0.9511
vn -0.3045 0.0524 -0.9511
vn -0.7972 0.1372 -0.5879
vn -0.9855 0.1696 0.0000
vn -0.7972 0.1372 0.5879
vn -0.3045 0.0524 0.9511
vn 0.3044 -0.0524 0.9511
vn 0.7972 -0.1372 0.5879
vn 0.9736 -0.2283 0.0000
vn 0.7877 -0.1847 -0.5877
vn 0.3009 -0.0706 -0.9510
vn -0.3009 0.0706 -0.9510
vn -0.7876 0.1847 -0.5878
vn -0.9736 0.2283 0.0000
vn -0.7876 0.1847 0.5878
vn -0.3009 0.0706 0.9510
vn 0.3009 -0.0706 0.9510
vn 0.7877 -0.1847 0.5877
vn 0.9577 -0.2877 0.0000
vn 0.7747 -0.2328 -0.5879
vn 0.2959 -0.0889 -0.9511
vn -0.2958 0.0889 -0.9511
vn -0.7747 0.2328 -0.5879
vn -0.9577 0.2878 -0.0000
vn -0.7747 0.2328 0.5880
vn -0.2958 0.0889 0.9511
vn 0.2958 -0.0889 0.9511
vn 0.7747 -0.2328 0.5879
vn 0.9305 -0.3662 0.0000
vn 0.7526 -0.2962 -0.5881
vn 0.2873 -0.1131 -0.9511
vn -0.2873 0.1131 -0.9511
vn -0.7525 0.2963 -0.5882
vn -0.9305 0.3663 -0.0000
vn -0.7525 0.2963 0.5882
vn -0.2873 0.1131 0.9511
vn 0.2873 -0.1131 0.9511
vn 0.7526 -0.2962 0.5881
vn 0.8929 -0.4502 0.0000
vn 0.7221 -0.3641 -0.5882
vn 0.2757 -0.1390 -0.9511
vn -0.2757 0.1390 -0.9511
vn -0.7221 0.3641 -0.5882
vn -0.8929 0.4502 0.0000
vn -0.7221 0.3641 0.5882
vn -0.2757 0.1390 0.9511
vn 0.2757 -0.1390 0.9511
vn 0.7221 -0.3641 0.5882
vn 0.8477 -0.5304 0.0000
vn 0.6856 -0.4290 -0.5881
vn 0.2617 -0.1638 -0.9511
vn -0.2618 0.1637 -0.9511
vn -0.6857 0.4289 -0.5881
vn -0.8478 0.5303 0.0000
vn -0.6857 0.4289 0.5882
vn -0.2618 0.1637 0.9511
vn 0.2618 -0.1638 0.9511
vn 0.6856 -0.4290 0.5881
vn 0.7993 -0.6009 -0.0000
vn 0.6466 -0.4861 -0.5879
vn 0.2469 -0.1856 -0.9511
vn -0.2470 0.1856 -0.9511
vn -0.6467 0.4859 -0.5879
vn -0.7994 0.6007 0.0000
vn -0.6467 0.4860 0.5879
vn -0.2469 0.1856 0.9511
vn 0.2469 -0.1856 0.9511
vn 0.6466 -0.4860 0.5880
vn 0.7512 -0.6600 0.0000
vn 0.6078 -0.5340 -0.5878
vn 0.2321 -0.2039 -0.9511
vn -0.2321 0.2039 -0.9511
vn -0.6078 0.5339 -0.5878
vn -0.7513 0.6600 0.0000
vn -0.6078 0.5339 0.5878
vn -0.2321 0.2039 0.9511
vn 0.2321 -0.2039 0.9511
vn 0.6078 -0.5340 0.5878
vn 0.6967 -0.7174 0.0000
vn 0.5636 -0.5803 -0.5879
vn 0.2152 -0.2216 -0.9511
vn -0.2152 0.2216 -0.9511
vn -0.5634 0.5804 -0.5879
vn -0.6965 0.7175 0.0000
vn -0.5634 0.5804 0.5879
vn -0.2152 0.2216 0.9511
vn 0.2152 -0.2216 0.9511
vn 0.5636 -0.5803 0.5879
vn 0.6290 -0.7774 0.0000
vn 0.5086 -0.6288 -0.5882
vn 0.1942 -0.2400 -0.9511
vn -0.1941 0.2401 -0.9512
vn -0.5085 0.6289 -0.5882
vn -0.6287 0.7776 0.0000
vn -0.5085 0.6289 0.5882
vn -0.1941 0.2401 0.9512
vn 0.1942 -0.2400 0.9511
vn 0.5086 -0.6288 0.5882
vn 0.5498 -0.8353 0.0000
vn 0.4446 -0.6755 -0.5882
vn 0.1697 -0.2578 -0.9512
vn -0.1697 0.2578 -0.9512
vn -0.4446 0.6755 -0.5883
vn -0.5498 0.8353 0.0000
vn -0.4446 0.6755 0.5883
vn -0.1697 0.2578 0.9512
vn 0.1697 -0.2578 0.9512
vn 0.4446 -0.6755 0.5882
vn 0.4648 -0.8854 0.0000
vn 0.3759 -0.7160 -0.5882
vn 0.1435 -0.2733 -0.9512
vn -0.1435 0.2733 -0.9512
vn -0.3759 0.7160 -0.5882
vn -0.4648 0.8854 0.0000
vn -0.3759 0.7160 0.5882
vn -0.1435 0.2733 0.9512
vn 0.1435 -0.2733 0.9512
vn 0.3759 -0.7160 0.5882
vn 0.3753 -0.9269 0.0000
vn 0.3035 -0.7495 -0.5883
vn 0.1159 -0.2861 -0.9512
vn -0.1159 0.2861 -0.9512
vn -0.3035 0.7495 -0.5883
vn -0.3753 0.9269 0.0000
vn -0.3035 0.7495 0.5883
vn -0.1159 0.2861 0.9512
vn 0.1159 -0.2861 0.9512
vn 0.3035 -0.7495 0.5883
vn 0.2839 -0.9589 0.0000
vn 0.2296 -0.7755 -0.5881
vn 0.0877 -0.2960 -0.9511
vn -0.0877 0.2960 -0.9511
vn -0.2297 0.7754 -0.5881
vn -0.2841 0.9588 0.0000
vn -0.2297 0.7754 0.5882
vn -0.0877 0.2960 0.9511
vn 0.0877 -0.2960 0.9511
vn 0.2296 -0.7755 0.5881
vn 0.1994 -0.9799 0.0000
vn 0.1613 -0.7927 -0.5879
vn 0.0616 -0.3027 -0.9511
vn -0.0616 0.3027 -0.9511
vn -0.1614 0.7927 -0.5879
vn -0.1996 0.9799 0.0000
vn -0.1614 0.7927 0.5879
vn -0.0616 0.3027 0.9511
vn 0.0616 -0.3028 0.9511
vn 0.1613 -0.7927 0.5879
vn 0.1202 -0.9928 0.0000
vn 0.0972 -0.8031 -0.5879
vn 0.0371 -0.3067 -0.9511
vn -0.0371 0.3067 -0.9511
vn -0.0971 0.8031 -0.5879
vn -0.1201 0.9928 0.0000
vn -0.0971 0.8031 0.5879
vn -0.0371 0.3067 0.9511
vn 0.0371 -0.3067 0.9511
vn 0.0972 -0.8031 0.5879
vn 0.0341 -0.9994 0.0000
vn 0.0276 -0.8083 -0.5881
vn 0.0105 -0.3086 -0.9511
vn -0.0105 0.3086 -0.9511
vn -0.0275 0.8083 -0.5881
vn -0.0340 0.9994 0.0000
vn -0.0275 0.8083 0.5881
vn -0.0105 0.3086 0.9511
vn 0.0105 -0.3086 0.9511
vn 0.0276 -0.8083 0.5881
vn -0.0139 -0.9999 0.0000
vn -0.0112 -0.8092 -0.5875
vn -0.0043 -0.3094 -0.9509
vn 0.0043 0.3087 -0.9511
vn 0.0112 0.8089 -0.5878
vn 0.0138 0.9999 -0.0000
vn 0.0112 0.8089 0.5878
vn 0.0043 0.3087 0.9511
vn -0.0043 -0.3094 0.9509
vn -0.0113 -0.8091 0.5875
vn 0.7548 -0.6418 -0.1356
vn 0.7481 -0.5487 -0.3731
vn 0.7661 -0.3544 -0.5362
vn 0.7988 0.0135 -0.6015
vn 0.7321 0.6688 -0.1290
vn 0.7208 0.6930 0.0136
vn 0.3776 0.9086 0.1787
vn 0.7929 -0.0617 0.6063
vn 0.8421 -0.1896 0.5049
vn 0.7830 -0.5155 0.3481
vn -0.0412 -0.9992 0.0000
vn -0.0333 -0.8082 -0.5880
vn 0.4788 -0.7217 -0.4998
vn 0.0090 -0.9989 -0.0462
vn -0.0127 -0.3088 -0.9510
vn 0.0354 -0.3560 -0.9338
vn 0.0127 0.3081 -0.9513
vn 0.1003 0.2883 -0.9523
vn 0.0333 0.8081 -0.5881
vn 0.1516 0.8147 -0.5598
vn 0.0412 0.9992 0.0000
vn 0.0333 0.8081 0.5881
vn 0.2313 0.7957 0.5598
vn 0.0127 0.3084 0.9512
vn 0.1043 0.2954 0.9497
vn -0.0127 -0.3088 0.9510
vn 0.0766 -0.3123 0.9469
vn -0.0333 -0.8084 0.5877
vn 0.0403 -0.8099 0.5852
vn 1.0000 0.0056 -0.0000
vn 0.8092 0.0046 -0.5875
vn 0.6959 0.5136 -0.5020
vn 0.3093 0.0018 -0.9510
vn 0.2776 0.5098 -0.8143
vn -0.3092 -0.0019 -0.9510
vn -0.2528 0.5072 -0.8239
vn -0.8093 -0.0049 -0.5874
vn -0.7211 0.4921 -0.4877
vn -1.0000 -0.0060 -0.0000
vn -0.5550 0.8318 -0.0000
vn -0.8092 -0.0049 0.5875
vn -0.7062 0.4828 0.5178
vn -0.3092 -0.0018 0.9510
vn -0.2043 0.8772 0.4344
vn 0.3093 0.0018 0.9510
vn 0.3419 0.0173 0.9396
vn 0.8092 0.0046 0.5875
vn 0.8679 0.0700 0.4918
vn -0.0949 -0.8035 0.5877
vn -0.0252 -0.9996 0.0104
vn 0.0665 -0.9978 -0.0000
vn 0.0536 -0.8066 0.5886
vn -0.1289 -0.3168 0.9397
vn 0.0204 -0.3077 0.9513
vn -0.1691 0.2916 0.9415
vn -0.0198 0.3076 0.9513
vn -0.1989 0.7874 0.5835
vn -0.0518 0.8065 0.5889
vn -0.2062 0.9785 0.0085
vn -0.0639 0.9980 0.0000
vn -0.1377 0.8053 -0.5767
vn -0.0518 0.8066 -0.5889
vn -0.1246 0.2677 -0.9554
vn -0.0199 0.3076 -0.9513
vn 0.0204 -0.3077 -0.9513
vn -0.0723 -0.7525 -0.6546
vn 0.0536 -0.8066 -0.5886
vn 0.9899 -0.1417 0.0087
vn 0.8123 -0.0902 -0.5762
vn 0.8091 -0.0014 -0.5876
vn 1.0000 -0.0017 0.0000
vn 0.2874 -0.0700 -0.9552
vn 0.3092 -0.0005 -0.9510
vn -0.3383 -0.0636 -0.9389
vn -0.3091 0.0005 -0.9510
vn -0.8074 -0.1237 -0.5768
vn -0.8091 0.0013 -0.5876
vn -0.9906 -0.1364 -0.0089
vn -1.0000 0.0017 -0.0000
vn -0.7833 -0.0990 0.6138
vn -0.8092 0.0013 0.5876
vn -0.3091 0.0005 0.9510
vn 0.2954 -0.1637 0.9412
vn 0.3092 -0.0005 0.9510
vn 0.7970 -0.1447 0.5864
vn 0.8092 -0.0014 0.5875
vn 0.9911 -0.1328 0.0000
vn 0.8013 -0.1074 -0.5885
vn 0.8071 -0.0574 -0.5877
vn 0.9975 -0.0709 0.0000
vn 0.3058 -0.0410 -0.9512
vn 0.3083 -0.0220 -0.9510
vn -0.3058 0.0410 -0.9512
vn -0.3083 0.0221 -0.9510
vn -0.8013 0.1076 -0.5885
vn -0.8070 0.0578 -0.5877
vn -0.9911 0.1331 -0.0000
vn -0.9974 0.0715 0.0000
vn -0.8013 0.1076 0.5885
vn -0.8070 0.0577 0.5877
vn -0.3058 0.0410 0.9512
vn -0.3083 0.0221 0.9510
vn 0.3058 -0.0410 0.9512
vn 0.3083 -0.0220 0.9510
vn 0.8013 -0.1074 0.5885
vn 0.8070 -0.0574 0.5877
vn 0.9700 -0.2431 0.0000
vn 0.7844 -0.1966 -0.5882
vn 0.2994 -0.0750 -0.9512
vn -0.2994 0.0750 -0.9512
vn -0.7844 0.1966 -0.5882
vn -0.9700 0.2431 -0.0000
vn -0.7844 0.1966 0.5883
vn -0.2994 0.0750 0.9512
vn 0.2994 -0.0750 0.9512
vn 0.7844 -0.1966 0.5882
vn 0.9425 -0.3342 0.0000
vn 0.7622 -0.2703 -0.5881
vn 0.2910 -0.1032 -0.9512
vn -0.2910 0.1032 -0.9512
vn -0.7622 0.2703 -0.5882
vn -0.9425 0.3342 -0.0000
vn -0.7622 0.2703 0.5882
vn -0.2910 0.1032 0.9512
vn 0.2910 -0.1032 0.9512
vn 0.7622 -0.2703 0.5881
vn 0.9054 -0.4247 0.0000
vn 0.7321 -0.3434 -0.5883
vn 0.2794 -0.1311 -0.9512
vn -0.2794 0.1311 -0.9512
vn -0.7321 0.3434 -0.5883
vn -0.9054 0.4247 0.0000
vn -0.7321 0.3434 0.5883
vn -0.2794 0.1311 0.9512
vn 0.2794 -0.1311 0.9512
vn 0.7321 -0.3434 0.5884
vn 0.8554 -0.5180 0.0000
vn 0.6917 -0.4189 -0.5883
vn 0.2640 -0.1599 -0.9512
vn -0.2640 0.1599 -0.9512
vn -0.6917 0.4189 -0.5883
vn -0.8554 0.5180 0.0000
vn -0.6917 0.4189 0.5883
vn -0.2640 0.1599 0.9512
vn 0.2640 -0.1599 0.9512
vn 0.6917 -0.4189 0.5883
vn 0.7977 -0.6031 0.0000
vn 0.6451 -0.4877 -0.5882
vn 0.2462 -0.1862 -0.9512
vn -0.2462 0.1862 -0.9512
vn -0.6450 0.4877 -0.5883
vn -0.7977 0.6031 -0.0000
vn -0.6450 0.4877 0.5883
vn -0.2462 0.1862 0.9512
vn 0.2462 -0.1862 0.9512
vn 0.6451 -0.4877 0.5882
vn 0.7334 -0.6798 0.0000
vn 0.5931 -0.5497 -0.5882
vn 0.2264 -0.2098 -0.9512
vn -0.2265 0.2097 -0.9512
vn -0.5935 0.5493 -0.5882
vn -0.7339 0.6792 -0.0000
vn -0.5935 0.5494 0.5882
vn -0.2265 0.2097 0.9512
vn 0.2264 -0.2098 0.9512
vn 0.5931 -0.5497 0.5882
vn 0.6493 -0.7605 0.0000
vn 0.5246 -0.6152 -0.5884
vn 0.2001 -0.2349 -0.9512
vn -0.1994 0.2354 -0.9512
vn -0.5223 0.6172 -0.5885
vn -0.6454 0.7638 -0.0000
vn -0.5223 0.6172 0.5885
vn -0.1994 0.2354 0.9512
vn 0.2001 -0.2349 0.9512
vn 0.5246 -0.6152 0.5884
vn 0.5589 -0.8292 0.0000
vn 0.4513 -0.6713 -0.5879
vn 0.1721 -0.2566 -0.9511
vn -0.1705 0.2577 -0.9511
vn -0.4456 0.6752 -0.5878
vn -0.5501 0.8351 0.0000
vn -0.4456 0.6752 0.5878
vn -0.1705 0.2576 0.9511
vn 0.1720 -0.2565 0.9511
vn 0.4513 -0.6713 0.5880
vn 0.4894 -0.8721 0.0000
vn 0.3955 -0.7057 -0.5878
vn 0.1509 -0.2696 -0.9511
vn -0.1502 0.2701 -0.9511
vn -0.3927 0.7073 -0.5878
vn -0.4849 0.8746 0.0000
vn -0.3927 0.7073 0.5878
vn -0.1501 0.2700 0.9511
vn 0.1509 -0.2696 0.9511
vn 0.3955 -0.7057 0.5879
vn 0.4169 -0.9089 0.0000
vn 0.3372 -0.7351 -0.5882
vn 0.1287 -0.2806 -0.9512
vn -0.1287 0.2806 -0.9511
vn -0.3372 0.7351 -0.5882
vn -0.4169 0.9089 0.0000
vn -0.3372 0.7351 0.5882
vn -0.1287 0.2806 0.9512
vn 0.1287 -0.2806 0.9512
vn 0.3372 -0.7351 0.5882
vn 0.3475 -0.9377 0.0000
vn 0.2814 -0.7585 -0.5878
vn 0.1075 -0.2896 -0.9511
vn -0.1080 0.2895 -0.9511
vn -0.2829 0.7579 -0.5878
vn -0.2829 0.7579 0.5879
vn -0.1080 0.2895 0.9511
vn 0.1076 -0.2897 0.9511
vn 0.2814 -0.7585 0.5878
vn 0.2510 -0.9680 -0.0000
vn 0.2030 -0.7819 -0.5894
vn 0.0774 -0.2980 -0.9514
vn -0.0777 0.2981 -0.9514
vn -0.2040 0.7819 -0.5891
vn -0.2527 0.9675 0.0000
vn -0.2040 0.7819 0.5891
vn -0.0777 0.2981 0.9514
vn 0.0774 -0.2980 0.9514
vn 0.2030 -0.7819 0.5894
vn 0.1136 -0.9935 0.0000
vn 0.0914 -0.8028 -0.5892
vn 0.0348 -0.3061 -0.9514
vn -0.0347 0.3068 -0.9511
vn -0.0907 0.8037 -0.5881
vn -0.1118 0.9937 0.0000
vn -0.0907 0.8037 0.5881
vn -0.0347 0.3068 0.9511
vn 0.0348 -0.3061 0.9514
vn 0.0914 -0.8028 0.5892
vn 0.0464 -0.9989 -0.0000
vn 0.0376 -0.8083 -0.5876
vn 0.0144 -0.3089 -0.9510
vn -0.0143 0.3095 -0.9508
vn -0.0375 0.8090 -0.5866
vn -0.0463 0.9989 0.0000
vn -0.0375 0.8090 0.5866
vn -0.0144 0.3095 0.9508
vn 0.0144 -0.3089 0.9510
vn 0.0375 -0.8083 0.5876
vn 0.7905 -0.1872 0.5831
vn 0.9783 -0.2070 -0.0111
vn 0.9995 -0.0301 -0.0000
vn 0.8088 -0.0244 0.5876
vn 0.3089 -0.0093 0.9510
vn 0.3090 -0.0093 0.9510
vn -0.3090 0.0093 0.9510
vn -0.8088 0.0244 0.5876
vn -0.8087 0.0244 0.5877
vn -0.9995 0.0301 -0.0000
vn -0.8088 0.0244 -0.5876
vn -0.3090 0.0093 -0.9510
vn 0.3089 -0.0093 -0.9510
vn 0.3090 -0.0093 -0.9510
vn 0.8088 -0.0244 -0.5876
vn 0.8087 -0.0244 -0.5877
vn 0.3169 -0.9485 -0.0000
vn 0.2555 -0.7668 -0.5888
vn 0.1806 -0.7873 -0.5896
vn 0.2239 -0.9746 -0.0000
vn 0.0972 -0.2925 -0.9513
vn 0.0687 -0.3000 -0.9515
vn -0.0957 0.2928 -0.9514
vn -0.0681 0.3001 -0.9515
vn -0.2504 0.7682 -0.5892
vn -0.1784 0.7877 -0.5896
vn -0.3091 0.9510 0.0000
vn -0.2204 0.9754 0.0000
vn -0.2504 0.7682 0.5892
vn -0.1784 0.7878 0.5896
vn -0.0957 0.2928 0.9514
vn -0.0681 0.3000 0.9515
vn 0.0972 -0.2925 0.9513
vn 0.0687 -0.2999 0.9515
vn 0.2555 -0.7669 0.5888
vn 0.1805 -0.7873 0.5895
vn 0.7536 -0.2937 0.5880
vn 0.9319 -0.3628 -0.0000
vn 0.8781 -0.4786 -0.0000
vn 0.7103 -0.3875 0.5877
vn 0.2878 -0.1122 0.9511
vn 0.2712 -0.1481 0.9511
vn -0.2876 0.1125 0.9511
vn -0.2706 0.1488 0.9511
vn -0.7531 0.2949 0.5881
vn -0.7085 0.3901 0.5881
vn -0.9311 0.3649 -0.0000
vn -0.8757 0.4828 0.0000
vn -0.7531 0.2949 -0.5881
vn -0.7085 0.3901 -0.5881
vn -0.2876 0.1125 -0.9511
vn -0.2706 0.1488 -0.9511
vn 0.2877 -0.1122 -0.9511
vn 0.2712 -0.1482 -0.9510
vn 0.7536 -0.2937 -0.5880
vn 0.7102 -0.3875 -0.5877
vn 0.5690 -0.8168 -0.0952
vn 0.8089 -0.0340 -0.5869
vn 0.8090 -0.0339 -0.5869
vn 0.9991 -0.0419 -0.0000
vn 0.3060 -0.1205 -0.9444
vn 0.3093 -0.0130 -0.9509
vn -0.3289 -0.1233 -0.9363
vn -0.3094 0.0129 -0.9509
vn -0.5952 -0.7584 -0.2657
vn -0.8089 0.0336 -0.5869
vn -0.9991 0.0414 0.0000
vn -0.8119 -0.1277 0.5696
vn -0.8090 0.0335 0.5869
vn -0.3205 -0.1283 0.9385
vn -0.3094 0.0129 0.9508
vn 0.2921 -0.1552 0.9437
vn 0.3094 -0.0130 0.9508
vn 0.7913 -0.1778 0.5850
vn 0.8090 -0.0339 0.5869
vn 0.7888 -0.1848 0.5862
vn 0.9736 -0.2282 0.0000
vn 0.3019 -0.0708 0.9507
vn -0.3016 0.0709 0.9508
vn -0.7883 0.1852 0.5867
vn -0.9736 0.2282 -0.0000
vn -0.7883 0.1852 -0.5867
vn -0.3016 0.0709 -0.9508
vn 0.3019 -0.0708 -0.9507
vn 0.7888 -0.1848 -0.5862
vn -0.8079 0.0542 0.5869
vn -0.8024 0.1023 0.5880
vn -0.3064 0.0391 0.9511
vn -0.3090 0.0208 0.9508
vn -0.9978 0.0669 0.0000
vn -0.9920 0.1262 -0.0000
vn -0.8079 0.0542 -0.5869
vn -0.8024 0.1023 -0.5880
vn -0.3090 0.0208 -0.9508
vn -0.3064 0.0391 -0.9511
vn 0.3090 -0.0210 -0.9508
vn 0.3064 -0.0392 -0.9511
vn 0.8078 -0.0549 -0.5868
vn 0.8024 -0.1025 -0.5879
vn 0.9977 -0.0679 0.0000
vn 0.9919 -0.1272 -0.0000
vn 0.8078 -0.0549 0.5868
vn 0.8024 -0.1026 0.5879
vn 0.3090 -0.0210 0.9508
vn 0.3064 -0.0392 0.9511
vn 0.9721 -0.2346 -0.0000
vn 0.7861 -0.1898 -0.5883
vn 0.3001 -0.0724 -0.9512
vn -0.3000 0.0725 -0.9512
vn -0.7861 0.1899 -0.5883
vn -0.9720 0.2348 -0.0000
vn -0.7861 0.1898 0.5883
vn -0.3000 0.0725 0.9512
vn 0.3001 -0.0724 0.9512
vn 0.7861 -0.1898 0.5882
vn 0.9451 -0.3268 -0.0000
vn 0.7643 -0.2643 -0.5882
vn 0.2918 -0.1009 -0.9512
vn -0.2918 0.1009 -0.9512
vn -0.7643 0.2643 -0.5882
vn -0.9451 0.3268 -0.0000
vn -0.7643 0.2643 0.5882
vn -0.2918 0.1009 0.9512
vn 0.2918 -0.1009 0.9512
vn 0.7643 -0.2643 0.5882
vn 0.9115 -0.4113 0.0000
vn 0.7372 -0.3326 -0.5881
vn 0.2814 -0.1270 -0.9512
vn -0.2814 0.1270 -0.9512
vn -0.7372 0.3326 -0.5882
vn -0.9115 0.4113 0.0000
vn -0.7372 0.3326 0.5882
vn -0.2814 0.1270 0.9512
vn 0.2814 -0.1270 0.9512
vn 0.7372 -0.3326 0.5882
vn 0.8694 -0.4942 0.0000
vn 0.7031 -0.3996 -0.5882
vn 0.2684 -0.1526 -0.9512
vn -0.2684 0.1525 -0.9512
vn -0.7030 0.3996 -0.5883
vn -0.8694 0.4942 0.0000
vn -0.7031 0.3996 0.5882
vn -0.2684 0.1525 0.9512
vn 0.2683 -0.1525 0.9512
vn 0.7030 -0.3996 0.5882
vn 0.8183 -0.5748 0.0000
vn 0.6617 -0.4649 -0.5882
vn 0.2526 -0.1774 -0.9512
vn -0.2526 0.1774 -0.9512
vn -0.6617 0.4649 -0.5882
vn -0.8183 0.5748 0.0000
vn -0.6617 0.4649 0.5882
vn -0.2526 0.1774 0.9512
vn 0.2526 -0.1774 0.9512
vn 0.6617 -0.4649 0.5882
vn 0.7613 -0.6484 0.0000
vn 0.6157 -0.5244 -0.5882
vn 0.2350 -0.2002 -0.9512
vn -0.2350 0.2002 -0.9512
vn -0.6157 0.5244 -0.5882
vn -0.7613 0.6484 0.0000
vn -0.6157 0.5244 0.5882
vn -0.2350 0.2002 0.9512
vn 0.2350 -0.2002 0.9512
vn 0.6157 -0.5244 0.5882
vn 0.6993 -0.7148 0.0000
vn 0.5655 -0.5781 -0.5882
vn 0.2159 -0.2207 -0.9511
vn -0.2159 0.2207 -0.9512
vn -0.5655 0.5781 -0.5882
vn -0.6993 0.7148 0.0000
vn -0.5655 0.5781 0.5882
vn -0.2159 0.2207 0.9511
vn 0.2159 -0.2207 0.9511
vn 0.5656 -0.5781 0.5882
vn 0.6288 -0.7775 0.0000
vn 0.5085 -0.6288 -0.5883
vn 0.1941 -0.2400 -0.9512
vn -0.1941 0.2400 -0.9512
vn -0.5085 0.6288 -0.5883
vn -0.6288 0.7775 0.0000
vn -0.5085 0.6288 0.5883
vn -0.1941 0.2400 0.9512
vn 0.1941 -0.2400 0.9512
vn 0.5085 -0.6288 0.5883
vn 0.5484 -0.8362 0.0000
vn 0.4434 -0.6762 -0.5883
vn 0.1692 -0.2581 -0.9512
vn -0.1692 0.2581 -0.9512
vn -0.4434 0.6762 -0.5883
vn -0.5484 0.8362 0.0000
vn -0.4434 0.6762 0.5883
vn -0.1692 0.2581 0.9512
vn 0.1692 -0.2581 0.9512
vn 0.4434 -0.6762 0.5883
vn 0.4613 -0.8872 0.0000
vn 0.3730 -0.7175 -0.5882
vn 0.1424 -0.2738 -0.9512
vn -0.1424 0.2739 -0.9512
vn -0.3730 0.7175 -0.5883
vn -0.4613 0.8872 0.0000
vn -0.3730 0.7175 0.5883
vn -0.1424 0.2739 0.9512
vn 0.1424 -0.2739 0.9512
vn 0.3730 -0.7175 0.5883
vn 0.3696 -0.9292 0.0000
vn 0.2989 -0.7514 -0.5883
vn 0.1141 -0.2868 -0.9512
vn -0.1141 0.2868 -0.9512
vn -0.2989 0.7514 -0.5883
vn -0.3696 0.9292 -0.0000
vn -0.2989 0.7514 0.5883
vn -0.1141 0.2868 0.9512
vn 0.1141 -0.2868 0.9512
vn 0.2989 -0.7514 0.5883
vn 0.2704 -0.9627 0.0000
vn 0.2187 -0.7785 -0.5883
vn 0.0835 -0.2971 -0.9512
vn -0.0835 0.2971 -0.9512
vn -0.2187 0.7785 -0.5884
vn -0.2704 0.9627 -0.0000
vn -0.2187 0.7785 0.5884
vn -0.0835 0.2971 0.9512
vn 0.0835 -0.2971 0.9512
vn 0.2187 -0.7785 0.5884
vn 0.1735 -0.9848 0.0000
vn 0.1403 -0.7965 -0.5881
vn 0.0536 -0.3041 -0.9511
vn -0.0536 0.3041 -0.9511
vn -0.1406 0.7965 -0.5881
vn -0.1738 0.9848 0.0000
vn -0.1406 0.7965 0.5881
vn -0.0537 0.3041 0.9511
vn 0.0536 -0.3041 0.9511
vn 0.1403 -0.7965 0.5881
vn 0.1287 -0.9917 0.0000
vn 0.1041 -0.8024 -0.5876
vn 0.0398 -0.3066 -0.9510
vn 0.9097 0.1999 -0.3640
vn 0.8628 0.4490 -0.2323
vn -0.1293 0.9916 0.0000
vn -0.1046 0.8023 0.5877
vn -0.0399 0.3065 0.9510
vn 0.0398 -0.3066 0.9510
vn 0.1041 -0.8024 0.5876
vn -0.0116 -0.9999 0.0000
vn -0.0095 -0.8096 -0.5869
vn 0.4991 -0.6663 -0.5540
vn 0.0271 -0.9981 -0.0549
vn -0.0037 -0.3097 -0.9508
vn 0.0337 -0.3468 -0.9373
vn 0.0038 0.3097 -0.9508
vn 0.0741 0.2987 -0.9515
vn 0.0101 0.8096 -0.5869
vn 0.1135 0.8253 -0.5531
vn 0.0125 0.9999 0.0000
vn 0.0101 0.8097 0.5868
vn 0.0101 0.8096 0.5868
vn 0.0038 0.3097 0.9508
vn -0.0037 -0.3097 0.9508
vn -0.0094 -0.8096 0.5869
vn 0.1023 -0.7148 0.6918
vn 0.9993 0.0363 0.0000
vn 0.5112 -0.8254 -0.2397
vn 0.8096 0.0294 -0.5862
vn 0.3715 -0.4704 -0.8005
vn 0.3099 0.0113 -0.9507
vn -0.2362 -0.0421 -0.9708
vn -0.3100 -0.0115 -0.9507
vn -0.8459 -0.1249 -0.5185
vn -0.8096 -0.0301 -0.5862
vn -0.9993 -0.0372 0.0000
vn -0.8096 -0.0301 0.5862
vn -0.8096 -0.0301 0.5863
vn -0.3099 -0.0115 0.9507
vn -0.3100 -0.0115 0.9507
vn 0.3099 0.0113 0.9507
vn 0.8096 0.0294 0.5862
vn 0.9778 0.2095 0.0000
vn 0.7903 0.1698 -0.5887
vn 0.8076 0.0629 -0.5863
vn 0.9970 0.0768 -0.0000
vn 0.3015 0.0648 -0.9513
vn 0.3092 0.0241 -0.9507
vn -0.3013 -0.0653 -0.9513
vn -0.3090 -0.0246 -0.9507
vn -0.7899 -0.1715 -0.5887
vn -0.8074 -0.0645 -0.5864
vn -0.9771 -0.2126 0.0000
vn -0.9968 -0.0799 -0.0000
vn -0.7899 -0.1715 0.5887
vn -0.8074 -0.0645 0.5864
vn -0.3013 -0.0653 0.9513
vn -0.3090 -0.0246 0.9507
vn 0.3015 0.0648 0.9513
vn 0.3091 0.0241 0.9507
vn 0.7903 0.1698 0.5887
vn 0.8076 0.0629 0.5863
vn 0.9401 0.3410 0.0000
vn 0.7604 0.2758 -0.5880
vn 0.2903 0.1053 -0.9511
vn -0.2904 -0.1053 -0.9511
vn -0.7604 -0.2756 -0.5880
vn -0.9401 -0.3408 0.0000
vn -0.7604 -0.2756 0.5880
vn -0.2904 -0.1053 0.9511
vn 0.2904 0.1053 0.9511
vn 0.7604 0.2758 0.5880
vn 0.9061 0.4230 0.0000
vn 0.7329 0.3420 -0.5881
vn 0.2798 0.1305 -0.9511
vn -0.2799 -0.1304 -0.9511
vn -0.7332 -0.3414 -0.5881
vn -0.9065 -0.4221 -0.0000
vn -0.7332 -0.3414 0.5881
vn -0.2799 -0.1304 0.9511
vn 0.2798 0.1305 0.9511
vn 0.7329 0.3420 0.5881
vn 0.8619 0.5070 0.0000
vn 0.6970 0.4100 -0.5883
vn 0.2660 0.1565 -0.9512
vn -0.2661 -0.1565 -0.9512
vn -0.6970 -0.4100 -0.5882
vn -0.8619 -0.5070 -0.0000
vn -0.6970 -0.4100 0.5882
vn -0.2660 -0.1565 0.9512
vn 0.2660 0.1565 0.9512
vn 0.6970 0.4100 0.5883
vn 0.7929 0.6094 -0.0000
vn 0.6414 0.4925 -0.5883
vn 0.2448 0.1880 -0.9512
vn -0.2449 -0.1880 -0.9512
vn -0.6415 -0.4924 -0.5883
vn -0.7935 -0.6085 -0.0000
vn -0.6415 -0.4924 0.5883
vn -0.2449 -0.1880 0.9512
vn 0.2448 0.1880 0.9512
vn 0.6414 0.4925 0.5883
vn 0.6885 0.7252 -0.0000
vn 0.5567 0.5865 -0.5883
vn 0.2125 0.2239 -0.9512
vn -0.2125 -0.2239 -0.9512
vn -0.5567 -0.5865 -0.5883
vn -0.6884 -0.7254 -0.0000
vn -0.5567 -0.5865 0.5883
vn -0.2125 -0.2239 0.9512
vn 0.2125 0.2239 0.9512
vn 0.5567 0.5865 0.5883
vn 0.8087 -0.0256 0.5877
vn 0.9995 -0.0317 0.0000
vn 0.8086 -0.0257 0.5878
vn 0.3087 -0.0098 0.9511
vn 0.3090 -0.0098 0.9510
vn -0.2986 -0.1687 0.9394
vn -0.3088 0.0098 0.9511
vn -0.8048 -0.1173 0.5818
vn -0.8086 0.0256 0.5878
vn -0.9938 -0.1113 -0.0000
vn -0.9995 0.0317 0.0000
vn -0.4258 -0.8596 -0.2825
vn -0.8086 0.0256 -0.5878
vn -0.2638 -0.0601 -0.9627
vn -0.3089 0.0098 -0.9511
vn 0.3088 -0.0098 -0.9511
vn 0.3089 -0.0098 -0.9510
vn 0.8085 -0.0257 -0.5879
vn 0.8087 -0.0256 -0.5877
vn 0.5723 0.8200 -0.0000
vn 0.4629 0.6633 -0.5880
vn 0.1768 0.2533 -0.9511
vn -0.1767 -0.2533 -0.9511
vn -0.4629 -0.6633 -0.5880
vn -0.5722 -0.8201 0.0000
vn -0.4629 -0.6633 0.5880
vn -0.1767 -0.2533 0.9511
vn 0.1768 0.2533 0.9511
vn 0.4629 0.6633 0.5880
vn 0.8090 -0.0025 0.5878
vn 1.0000 -0.0032 0.0000
vn 0.9997 -0.0254 0.0000
vn 0.8087 -0.0205 0.5879
vn 0.3090 -0.0010 0.9510
vn 0.3089 -0.0078 0.9511
vn -0.3090 0.0010 0.9511
vn -0.3089 0.0078 0.9511
vn -0.8091 0.0025 0.5877
vn -0.8088 0.0204 0.5878
vn -1.0000 0.0032 -0.0000
vn -0.9997 0.0252 0.0000
vn -0.8090 0.0026 -0.5878
vn -0.8088 0.0204 -0.5878
vn -0.3089 0.0078 -0.9511
vn 0.3090 -0.0009 -0.9510
vn 0.3088 -0.0078 -0.9511
vn 0.8090 -0.0025 -0.5878
vn 0.8087 -0.0205 -0.5878
vn 0.4431 0.8965 0.0000
vn 0.3584 0.7248 -0.5883
vn 0.1368 0.2766 -0.9512
vn -0.1369 -0.2766 -0.9512
vn -0.3587 -0.7247 -0.5883
vn -0.4438 -0.8961 0.0000
vn -0.3587 -0.7247 0.5883
vn -0.1369 -0.2766 0.9512
vn 0.1368 0.2766 0.9512
vn 0.3584 0.7248 0.5883
vn 0.8067 -0.0624 0.5876
vn 0.9970 -0.0773 0.0000
vn 0.9896 -0.1442 0.0000
vn 0.8010 -0.1167 0.5871
vn 0.3082 -0.0238 0.9510
vn 0.3062 -0.0446 0.9509
vn -0.3081 0.0238 0.9511
vn -0.3058 0.0445 0.9511
vn -0.8065 0.0623 0.5879
vn -0.8005 0.1165 0.5879
vn -0.9971 0.0767 0.0000
vn -0.9896 0.1437 0.0000
vn -0.8066 0.0622 -0.5878
vn -0.8005 0.1165 -0.5879
vn -0.3081 0.0238 -0.9511
vn -0.3058 0.0445 -0.9511
vn 0.3082 -0.0238 -0.9510
vn 0.3062 -0.0446 -0.9509
vn 0.8067 -0.0624 -0.5877
vn 0.8010 -0.1166 -0.5872
vn 0.3417 0.9398 0.0000
vn 0.2763 0.7608 -0.5872
vn 0.1056 0.2909 -0.9509
vn -0.1054 -0.2909 -0.9509
vn -0.2757 -0.7610 -0.5873
vn -0.3403 -0.9403 0.0000
vn -0.2757 -0.7610 0.5873
vn -0.1054 -0.2909 0.9509
vn 0.1056 0.2909 0.9509
vn 0.2763 0.7608 0.5872
vn 0.2736 0.9618 0.0000
vn 0.2207 0.7781 -0.5880
vn 0.0841 0.2972 -0.9511
vn -0.0833 -0.2973 -0.9511
vn -0.2177 -0.7789 -0.5882
vn -0.2688 -0.9632 0.0000
vn -0.2177 -0.7788 0.5882
vn -0.0833 -0.2973 0.9511
vn 0.0841 0.2972 0.9511
vn 0.2207 0.7781 0.5880
vn 0.1619 0.9868 0.0000
vn 0.1305 0.7973 -0.5893
vn 0.0496 0.3038 -0.9514
vn -0.0488 -0.3035 -0.9516
vn -0.1277 -0.7972 -0.5900
vn -0.1576 -0.9875 0.0000
vn -0.1277 -0.7972 0.5900
vn -0.0488 -0.3035 0.9516
vn 0.0496 0.3038 0.9514
vn 0.1305 0.7973 0.5893
vn 0.0230 0.9997 0.0000
vn 0.0185 0.8078 -0.5891
vn 0.0070 0.3078 -0.9514
vn -0.0068 -0.3066 -0.9518
vn -0.0178 -0.8063 -0.5913
vn -0.0219 -0.9998 -0.0000
vn -0.0178 -0.8063 0.5913
vn -0.0068 -0.3066 0.9518
vn 0.0070 0.3078 0.9514
vn 0.0185 0.8078 0.5891
vn -0.1275 0.9918 -0.0000
vn -0.1030 0.8016 -0.5889
vn -0.0393 0.3056 -0.9514
vn 0.0392 -0.3046 -0.9517
vn 0.1028 -0.8004 -0.5906
vn 0.1272 -0.9919 -0.0000
vn 0.1028 -0.8004 0.5906
vn 0.0392 -0.3046 0.9517
vn -0.0393 0.3056 0.9514
vn -0.1030 0.8016 0.5889
vn -0.2355 0.9719 0.0000
vn -0.1904 0.7861 -0.5880
vn -0.0727 0.3002 -0.9511
vn 0.0726 -0.3001 -0.9511
vn 0.1901 -0.7862 -0.5880
vn 0.2349 -0.9720 -0.0000
vn 0.1901 -0.7862 0.5881
vn 0.0726 -0.3002 0.9511
vn -0.0727 0.3001 0.9511
vn -0.1904 0.7861 0.5880
vn -0.3230 0.9464 0.0000
vn -0.2612 0.7652 -0.5885
vn -0.0997 0.2920 -0.9512
vn 0.0999 -0.2919 -0.9512
vn 0.2618 -0.7650 -0.5884
vn 0.3238 -0.9461 -0.0000
vn 0.2618 -0.7650 0.5885
vn 0.0999 -0.2919 0.9512
vn -0.0997 0.2920 0.9512
vn -0.2612 0.7652 0.5885
vn -0.4223 0.9065 -0.0000
vn -0.3416 0.7332 -0.5880
vn -0.1304 0.2799 -0.9511
vn 0.1305 -0.2800 -0.9511
vn 0.3418 -0.7331 -0.5880
vn 0.4226 -0.9063 0.0000
vn 0.3418 -0.7331 0.5880
vn 0.1305 -0.2799 0.9511
vn -0.1304 0.2799 0.9511
vn -0.3416 0.7332 0.5880
vn -0.4805 0.8770 0.0000
vn -0.3887 0.7096 -0.5876
vn -0.1484 0.2710 -0.9511
vn 0.1484 -0.2711 -0.9510
vn 0.3884 -0.7098 -0.5877
vn 0.4800 -0.8773 0.0000
vn 0.3884 -0.7097 0.5877
vn 0.1484 -0.2711 0.9510
vn -0.1484 0.2710 0.9511
vn -0.3887 0.7096 0.5877
vn -0.5122 0.8589 0.0000
vn -0.4143 0.6948 -0.5879
vn -0.1582 0.2654 -0.9511
vn 0.1583 -0.2654 -0.9511
vn 0.4143 -0.6949 -0.5878
vn 0.5121 -0.8589 0.0000
vn 0.4143 -0.6949 0.5878
vn 0.1583 -0.2654 0.9511
vn -0.1583 0.2654 0.9511
vn -0.4143 0.6948 0.5879
vn -0.5675 0.8234 0.0000
vn -0.4589 0.6659 -0.5882
vn -0.1752 0.2542 -0.9512
vn 0.1753 -0.2542 -0.9511
vn 0.4591 -0.6658 -0.5882
vn 0.5677 -0.8232 0.0000
vn 0.4591 -0.6658 0.5882
vn 0.1753 -0.2542 0.9511
vn -0.1752 0.2542 0.9512
vn -0.4589 0.6659 0.5882
vn -0.6875 0.7262 -0.0000
vn -0.5554 0.5871 -0.5889
vn -0.2116 0.2240 -0.9513
vn 0.2105 -0.2248 -0.9514
vn 0.5517 -0.5902 -0.5893
vn 0.6823 -0.7311 0.0000
vn 0.5517 -0.5902 0.5893
vn 0.2105 -0.2248 0.9514
vn -0.2117 0.2240 0.9513
vn -0.5554 0.5871 0.5889
vn -0.7930 0.6093 -0.0000
vn -0.6414 0.4940 -0.5870
vn -0.2449 0.1893 -0.9509
vn 0.2428 -0.1911 -0.9511
vn 0.6348 -0.5013 -0.5880
vn 0.7840 -0.6208 -0.0000
vn 0.6348 -0.5013 0.5880
vn 0.2428 -0.1911 0.9511
vn -0.2450 0.1893 0.9509
vn -0.6415 0.4941 0.5868
vn -0.8432 0.5376 -0.0000
vn -0.6822 0.4352 -0.5876
vn -0.2605 0.1665 -0.9510
vn 0.2595 -0.1674 -0.9511
vn 0.6793 -0.4390 -0.5881
vn 0.8395 -0.5433 -0.0000
vn 0.6793 -0.4390 0.5881
vn 0.2595 -0.1674 0.9511
vn -0.2605 0.1665 0.9510
vn -0.6822 0.4352 0.5876
vn -0.8906 0.4548 0.0000
vn -0.7201 0.3677 -0.5884
vn -0.2748 0.1403 -0.9512
vn 0.2748 -0.1403 -0.9512
vn 0.7202 -0.3676 -0.5884
vn 0.8907 -0.4546 0.0000
vn 0.7202 -0.3676 0.5884
vn 0.2748 -0.1403 0.9512
vn -0.2748 0.1403 0.9512
vn -0.7201 0.3677 0.5884
vn -0.9319 0.3627 -0.0000
vn -0.7538 0.2934 -0.5880
vn -0.2878 0.1120 -0.9511
vn 0.2879 -0.1120 -0.9511
vn 0.7538 -0.2934 -0.5879
vn 0.9319 -0.3627 0.0000
vn 0.7538 -0.2934 0.5880
vn 0.2879 -0.1120 0.9511
vn -0.2878 0.1120 0.9511
vn -0.7538 0.2934 0.5880
vn -0.9514 0.3079 0.0000
vn -0.7697 0.2491 -0.5878
vn -0.2940 0.0952 -0.9511
vn 0.2940 -0.0952 -0.9510
vn 0.7697 -0.2493 -0.5878
vn 0.9513 -0.3082 0.0000
vn 0.7698 -0.2493 0.5876
vn 0.2940 -0.0952 0.9510
vn -0.2940 0.0952 0.9511
vn -0.7697 0.2491 0.5877
vn -0.9690 0.2469 -0.0000
vn -0.7837 0.1997 -0.5882
vn -0.2991 0.0762 -0.9512
vn 0.2992 -0.0762 -0.9512
vn 0.7837 -0.1997 -0.5882
vn 0.9690 -0.2469 0.0000
vn 0.7837 -0.1997 0.5882
vn 0.2992 -0.0762 0.9512
vn -0.2991 0.0762 0.9512
vn -0.7837 0.1997 0.5882
vn -0.9897 0.1433 0.0000
vn -0.8002 0.1159 -0.5884
vn -0.3054 0.0442 -0.9512
vn 0.3054 -0.0442 -0.9512
vn 0.8003 -0.1157 -0.5884
vn 0.9897 -0.1431 0.0000
vn 0.8003 -0.1157 0.5884
vn 0.3054 -0.0442 0.9512
vn -0.3054 0.0442 0.9512
vn -0.8002 0.1159 0.5884
vn -0.9979 0.0655 0.0000
vn -0.8074 0.0529 -0.5876
vn -0.3085 0.0202 -0.9510
vn 0.3086 -0.0199 -0.9510
vn 0.8076 -0.0520 -0.5875
vn 0.9979 -0.0640 -0.0000
vn 0.8075 -0.0519 0.5876
vn 0.3086 -0.0199 0.9510
vn -0.3085 0.0201 0.9510
vn -0.8075 0.0529 0.5875
vn -0.7280 -0.6766 -0.1104
vn -0.8143 -0.0124 -0.5803
vn -0.3220 -0.0364 -0.9460
vn 0.2965 -0.0639 -0.9529
vn 0.7569 -0.1487 -0.6364
vn 0.9167 -0.2367 -0.3220
vn 0.8084 -0.0993 0.5803
vn 0.2628 -0.0872 0.9609
vn -0.3575 -0.0578 0.9321
vn -0.9484 -0.2136 0.2345
vn -0.8102 0.0025 -0.5862
vn -0.3102 0.0009 -0.9507
vn 0.3101 -0.0003 -0.9507
vn 0.8101 -0.0005 -0.5863
vn 0.8101 -0.0005 -0.5862
vn 1.0000 -0.0004 -0.0000
vn 0.9838 -0.1788 -0.0124
vn 0.8101 -0.0005 0.5863
vn 0.8037 -0.1451 0.5771
vn 0.3102 -0.0003 0.9507
vn 0.3125 -0.1470 0.9385
vn -0.3102 0.0009 0.9507
vn -0.3003 -0.1469 0.9425
vn -0.8102 0.0025 0.5862
vn -0.7995 -0.1665 0.5771
vn 0.8279 -0.5609 -0.0000
vn 0.6692 -0.4538 0.5884
vn 0.2553 -0.1732 0.9512
vn -0.2548 0.1737 0.9513
vn -0.6676 0.4557 0.5888
vn -0.8255 0.5644 0.0000
vn -0.6676 0.4557 -0.5888
vn -0.2548 0.1737 -0.9513
vn 0.2553 -0.1732 -0.9512
vn 0.6692 -0.4538 -0.5884
vn 0.7463 -0.6657 0.0000
vn 0.6033 -0.5379 0.5889
vn 0.2301 -0.2049 0.9513
vn -0.2307 0.2040 0.9514
vn -0.6056 0.5348 0.5893
vn -0.7499 0.6615 -0.0000
vn -0.6056 0.5348 -0.5893
vn -0.2307 0.2040 -0.9514
vn 0.2302 -0.2050 -0.9513
vn 0.6033 -0.5379 -0.5889
vn -0.7804 -0.5924 0.2002
vn -0.0056 -0.6161 0.7876
vn -0.0219 -0.3530 0.9354
vn -0.1226 0.2521 0.9599
vn -0.2010 0.7982 0.5679
vn -0.2587 0.9392 0.2260
vn -0.8605 0.4677 -0.2021
vn -0.7292 -0.1343 -0.6710
vn -0.6742 -0.3811 -0.6326
vn -0.6713 -0.3526 -0.6520
vn 0.9998 0.0214 -0.0000
vn 0.8103 -0.1445 -0.5680
vn 0.8095 0.0173 -0.5868
vn 0.2209 -0.8285 -0.5145
vn 0.3097 0.0067 -0.9508
vn -0.2159 -0.5046 -0.8359
vn -0.3096 -0.0069 -0.9508
vn -0.8095 -0.0180 -0.5868
vn -0.9822 -0.1878 -0.0057
vn -0.9998 -0.0223 -0.0000
vn -0.7939 -0.1625 0.5860
vn -0.8095 -0.0180 0.5868
vn -0.2769 -0.1829 0.9433
vn -0.3096 -0.0068 0.9508
vn 0.3096 0.0070 0.9508
vn 0.3096 0.0067 0.9508
vn 0.8095 0.0174 0.5868
vn -0.7988 -0.1453 0.5838
vn -0.7985 -0.1267 0.5885
vn -0.3047 -0.0483 0.9512
vn -0.1006 -0.9421 0.3198
vn -0.2553 -0.9662 0.0341
vn -0.9876 -0.1572 -0.0000
vn -0.8063 -0.0706 -0.5872
vn -0.7985 -0.1267 -0.5884
vn -0.3082 -0.0269 -0.9509
vn -0.3048 -0.0483 -0.9512
vn 0.3084 0.0263 -0.9509
vn 0.3048 0.0480 -0.9512
vn 0.8066 0.0686 -0.5871
vn 0.7987 0.1257 -0.5884
vn 0.9964 0.0845 0.0000
vn 0.9879 0.1550 0.0000
vn 0.8066 0.0686 0.5871
vn 0.7987 0.1257 0.5884
vn 0.3084 0.0263 0.9509
vn 0.3048 0.0480 0.9512
vn 0.9628 0.2703 0.0000
vn 0.7787 0.2186 -0.5881
vn 0.2972 0.0835 -0.9511
vn -0.2972 -0.0835 -0.9511
vn -0.7786 -0.2189 -0.5881
vn -0.9627 -0.2707 0.0000
vn -0.7786 -0.2189 0.5881
vn -0.2972 -0.0835 0.9511
vn 0.2972 0.0835 0.9511
vn 0.7786 0.2186 0.5882
vn 0.9359 0.3522 0.0000
vn 0.7571 0.2849 -0.5879
vn 0.2891 0.1088 -0.9511
vn -0.2891 -0.1089 -0.9511
vn -0.7571 -0.2851 -0.5879
vn -0.9359 -0.3524 0.0000
vn -0.7570 -0.2850 0.5879
vn -0.2891 -0.1089 0.9511
vn 0.2891 0.1088 0.9511
vn 0.7571 0.2849 0.5879
vn 0.9082 0.4185 0.0000
vn 0.7347 0.3386 -0.5878
vn 0.2807 0.1293 -0.9511
vn -0.2806 -0.1293 -0.9511
vn -0.7348 -0.3385 -0.5878
vn -0.9082 -0.4185 -0.0000
vn -0.7348 -0.3386 0.5877
vn -0.2806 -0.1293 0.9511
vn 0.2806 0.1293 0.9511
vn 0.7347 0.3386 0.5878
vn 0.8775 0.4797 0.0000
vn 0.7098 0.3881 -0.5878
vn 0.2711 0.1482 -0.9511
vn -0.2711 -0.1483 -0.9511
vn -0.7097 -0.3883 -0.5878
vn -0.8773 -0.4800 -0.0000
vn -0.7097 -0.3883 0.5878
vn -0.2711 -0.1483 0.9511
vn 0.2711 0.1482 0.9511
vn 0.7098 0.3881 0.5878
vn 0.8354 0.5497 0.0000
vn 0.6757 0.4446 -0.5880
vn 0.2581 0.1697 -0.9511
vn -0.2581 -0.1697 -0.9511
vn -0.6760 -0.4443 -0.5880
vn -0.8357 -0.5492 -0.0000
vn -0.6760 -0.4443 0.5880
vn -0.2582 -0.1697 0.9511
vn 0.2581 0.1698 0.9511
vn 0.6757 0.4446 0.5880
vn 0.7827 0.6224 0.0000
vn 0.6330 0.5034 -0.5881
vn 0.2417 0.1921 -0.9511
vn -0.2418 -0.1920 -0.9511
vn -0.6334 -0.5029 -0.5881
vn -0.7832 -0.6218 -0.0000
vn -0.6334 -0.5029 0.5881
vn -0.2418 -0.1920 0.9511
vn 0.2417 0.1922 0.9511
vn 0.6331 0.5034 0.5881
vn 0.7228 0.6910 0.0000
vn 0.5845 0.5588 -0.5882
vn 0.2232 0.2133 -0.9512
vn -0.2232 -0.2133 -0.9511
vn -0.5846 -0.5589 -0.5882
vn -0.7228 -0.6910 0.0000
vn -0.5845 -0.5588 0.5882
vn -0.2232 -0.2133 0.9511
vn 0.2232 0.2133 0.9512
vn 0.5846 0.5589 0.5882
vn 0.6560 0.7548 0.0000
vn 0.5305 0.6104 -0.5882
vn 0.2025 0.2331 -0.9511
vn -0.2024 -0.2331 -0.9511
vn -0.5302 -0.6107 -0.5882
vn -0.6555 -0.7552 -0.0000
vn -0.5302 -0.6107 0.5882
vn -0.2024 -0.2331 0.9511
vn 0.2025 0.2331 0.9511
vn 0.5305 0.6104 0.5882
vn 0.5923 0.8057 0.0000
vn 0.4791 0.6518 -0.5879
vn 0.1830 0.2489 -0.9511
vn -0.1830 -0.2490 -0.9511
vn -0.4791 -0.6518 -0.5879
vn -0.5922 -0.8058 0.0000
vn -0.4791 -0.6518 0.5879
vn -0.1830 -0.2490 0.9511
vn 0.1830 0.2489 0.9511
vn 0.4791 0.6518 0.5879
vn 0.5416 0.8407 0.0000
vn 0.4382 0.6800 -0.5878
vn 0.1674 0.2597 -0.9511
vn -0.1676 -0.2596 -0.9511
vn -0.4388 -0.6796 -0.5878
vn -0.5425 -0.8401 0.0000
vn -0.4389 -0.6797 0.5877
vn -0.1676 -0.2596 0.9511
vn 0.1674 0.2597 0.9511
vn 0.4382 0.6800 0.5878
vn 0.4761 0.8794 0.0000
vn 0.3851 0.7111 -0.5882
vn 0.1470 0.2715 -0.9512
vn -0.1471 -0.2714 -0.9512
vn -0.3853 -0.7110 -0.5882
vn -0.4764 -0.8792 0.0000
vn -0.3853 -0.7110 0.5882
vn -0.1471 -0.2714 0.9512
vn 0.1470 0.2715 0.9512
vn 0.3851 0.7112 0.5882
vn 0.3957 0.9184 0.0000
vn 0.3201 0.7429 -0.5879
vn 0.1222 0.2837 -0.9511
vn -0.1222 -0.2837 -0.9511
vn -0.3200 -0.7429 -0.5879
vn -0.3956 -0.9184 0.0000
vn -0.3200 -0.7429 0.5879
vn -0.1222 -0.2837 0.9511
vn 0.1222 0.2837 0.9511
vn 0.3201 0.7429 0.5879
vn 0.3410 0.9401 0.0000
vn 0.2759 0.7605 -0.5878
vn 0.1054 0.2905 -0.9511
vn -0.1054 -0.2905 -0.9510
vn -0.2761 -0.7605 -0.5877
vn -0.3412 -0.9400 0.0000
vn -0.2761 -0.7605 0.5877
vn -0.1054 -0.2905 0.9510
vn 0.1054 0.2905 0.9511
vn 0.2759 0.7605 0.5878
vn 0.2528 0.9675 0.0000
vn 0.2044 0.7820 -0.5888
vn 0.0780 0.2983 -0.9513
vn -0.0779 -0.2983 -0.9513
vn -0.2044 -0.7821 -0.5887
vn -0.2528 -0.9675 0.0000
vn -0.2043 -0.7820 0.5888
vn -0.0779 -0.2983 0.9513
vn 0.0780 0.2983 0.9513
vn 0.2044 0.7820 0.5888
vn 0.1545 0.9880 0.0000
vn 0.1250 0.7992 -0.5879
vn 0.0477 0.3053 -0.9511
vn -0.0477 -0.3053 -0.9511
vn -0.1250 -0.7993 -0.5878
vn -0.1545 -0.9880 0.0000
vn -0.1250 -0.7993 0.5878
vn -0.0477 -0.3053 0.9511
vn 0.0477 0.3052 0.9511
vn 0.1250 0.7992 0.5879
vn 0.0963 0.9954 0.0000
vn 0.0779 0.8052 -0.5879
vn 0.0298 0.3075 -0.9511
vn -0.0298 -0.3076 -0.9511
vn -0.0779 -0.8053 -0.5878
vn -0.0963 -0.9954 0.0000
vn -0.0779 -0.8053 0.5878
vn -0.0298 -0.3075 0.9511
vn 0.0298 0.3076 0.9511
vn 0.0779 0.8053 0.5878
vn 0.0237 0.9997 0.0000
vn 0.0192 0.8087 -0.5880
vn 0.0073 0.3088 -0.9511
vn -0.0073 -0.3088 -0.9511
vn -0.0192 -0.8087 -0.5879
vn -0.0238 -0.9997 0.0000
vn -0.0192 -0.8087 0.5879
vn -0.0073 -0.3088 0.9511
vn 0.0073 0.3088 0.9511
vn 0.0192 0.8087 0.5879
vn -0.0758 0.9971 0.0000
vn -0.0616 0.8062 -0.5884
vn -0.0235 0.3077 -0.9512
vn 0.0238 -0.3076 -0.9512
vn 0.0627 -0.8060 -0.5885
vn 0.0781 -0.9969 0.0000
vn 0.0627 -0.8060 0.5885
vn 0.0238 -0.3076 0.9512
vn -0.0235 0.3077 0.9512
vn -0.0616 0.8062 0.5884
vn -0.1828 0.9831 0.0000
vn -0.1484 0.7949 -0.5883
vn -0.0568 0.3034 -0.9512
vn 0.0574 -0.3031 -0.9512
vn 0.1508 -0.7943 -0.5885
vn 0.1874 -0.9823 -0.0000
vn 0.1508 -0.7942 0.5886
vn 0.0574 -0.3031 0.9512
vn -0.0568 0.3034 0.9512
vn -0.1484 0.7949 0.5883
vn -0.2751 0.9614 -0.0000
vn -0.2230 0.7775 -0.5880
vn -0.0853 0.2968 -0.9511
vn 0.0859 -0.2965 -0.9512
vn 0.2253 -0.7767 -0.5883
vn 0.2793 -0.9602 -0.0000
vn 0.2253 -0.7767 0.5883
vn 0.0859 -0.2965 0.9512
vn -0.0853 0.2968 0.9511
vn -0.2230 0.7775 0.5880
vn -0.3737 0.9275 0.0000
vn -0.3025 0.7500 -0.5882
vn -0.1155 0.2863 -0.9511
vn 0.1158 -0.2861 -0.9512
vn 0.3036 -0.7495 -0.5883
vn 0.3758 -0.9267 0.0000
vn 0.3036 -0.7495 0.5882
vn 0.1158 -0.2861 0.9512
vn -0.1155 0.2863 0.9511
vn -0.3025 0.7500 0.5882
vn -0.4669 0.8843 -0.0000
vn -0.3777 0.7153 -0.5879
vn -0.1442 0.2732 -0.9511
vn 0.1441 -0.2733 -0.9511
vn 0.3773 -0.7155 -0.5880
vn 0.4665 -0.8845 0.0000
vn 0.3774 -0.7155 0.5879
vn 0.1441 -0.2733 0.9511
vn -0.1442 0.2732 0.9511
vn -0.3777 0.7153 0.5880
vn -0.5462 0.8377 -0.0000
vn -0.4417 0.6775 -0.5882
vn -0.1686 0.2586 -0.9512
vn 0.1685 -0.2587 -0.9512
vn 0.4413 -0.6777 -0.5882
vn 0.5457 -0.8380 0.0000
vn 0.4413 -0.6777 0.5882
vn 0.1685 -0.2587 0.9512
vn -0.1686 0.2587 0.9511
vn -0.4417 0.6775 0.5882
vn -0.6250 0.7807 0.0000
vn -0.5054 0.6313 -0.5883
vn -0.1929 0.2410 -0.9512
vn 0.1929 -0.2410 -0.9512
vn 0.5054 -0.6313 -0.5883
vn 0.6249 -0.7807 0.0000
vn 0.5054 -0.6313 0.5882
vn 0.1929 -0.2410 0.9512
vn -0.1929 0.2410 0.9512
vn -0.5054 0.6313 0.5883
vn -0.6960 0.7180 0.0000
vn -0.5629 0.5807 -0.5882
vn -0.2149 0.2217 -0.9512
vn 0.2149 -0.2217 -0.9511
vn 0.5629 -0.5806 -0.5882
vn 0.6960 -0.7180 -0.0000
vn 0.5629 -0.5806 0.5882
vn 0.2149 -0.2217 0.9511
vn -0.2149 0.2217 0.9512
vn -0.5629 0.5807 0.5882
vn -0.7597 0.6503 0.0000
vn -0.6143 0.5259 -0.5882
vn -0.2345 0.2008 -0.9512
vn 0.2345 -0.2008 -0.9511
vn 0.6143 -0.5259 -0.5882
vn 0.7597 -0.6503 -0.0000
vn 0.6144 -0.5259 0.5882
vn 0.2345 -0.2008 0.9511
vn -0.2345 0.2008 0.9512
vn -0.6143 0.5259 0.5882
vn -0.8159 0.5782 0.0000
vn -0.6599 0.4676 -0.5881
vn -0.2520 0.1785 -0.9511
vn 0.2520 -0.1784 -0.9511
vn 0.6601 -0.4673 -0.5881
vn 0.8162 -0.5777 -0.0000
vn 0.6601 -0.4673 0.5881
vn 0.2520 -0.1784 0.9511
vn -0.2519 0.1785 0.9511
vn -0.6599 0.4676 0.5881
vn -0.8645 0.5027 0.0000
vn -0.6992 0.4066 -0.5880
vn -0.2670 0.1552 -0.9511
vn 0.2670 -0.1553 -0.9511
vn 0.6992 -0.4067 -0.5880
vn 0.8644 -0.5028 -0.0000
vn 0.6992 -0.4067 0.5880
vn 0.2670 -0.1553 0.9511
vn -0.2670 0.1553 0.9511
vn -0.6992 0.4066 0.5880
vn -0.9088 0.4172 0.0000
vn -0.7350 0.3374 -0.5882
vn -0.2806 0.1288 -0.9511
vn 0.2806 -0.1289 -0.9511
vn 0.7349 -0.3376 -0.5882
vn 0.9087 -0.4175 -0.0000
vn 0.7349 -0.3376 0.5882
vn 0.2806 -0.1289 0.9511
vn -0.2806 0.1288 0.9511
vn -0.7350 0.3374 0.5881
vn -0.9436 0.3312 0.0000
vn -0.7632 0.2679 -0.5880
vn -0.2915 0.1023 -0.9511
vn 0.2915 -0.1022 -0.9511
vn 0.7634 -0.2677 -0.5878
vn 0.9437 -0.3309 0.0000
vn 0.7634 -0.2677 0.5879
vn 0.2915 -0.1022 0.9511
vn -0.2915 0.1023 0.9511
vn -0.7632 0.2679 0.5880
vn -0.9669 0.2552 0.0000
vn -0.7822 0.2065 -0.5879
vn -0.2987 0.0789 -0.9511
vn 0.2987 -0.0789 -0.9511
vn 0.7821 -0.2065 -0.5879
vn 0.9669 -0.2553 0.0000
vn 0.7821 -0.2065 0.5879
vn 0.2987 -0.0789 0.9511
vn -0.2987 0.0789 0.9511
vn -0.7822 0.2065 0.5879
vn -0.9799 0.1995 0.0000
vn -0.7928 0.1614 -0.5877
vn -0.3029 0.0617 -0.9510
vn 0.3029 -0.0617 -0.9510
vn 0.7928 -0.1614 -0.5877
vn 0.9799 -0.1995 -0.0000
vn 0.7928 -0.1614 0.5877
vn 0.3029 -0.0617 0.9510
vn -0.3029 0.0617 0.9510
vn -0.7928 0.1614 0.5877
vn -0.9896 0.1441 0.0000
vn -0.8005 0.1166 -0.5879
vn -0.3057 0.0445 -0.9511
vn 0.3057 -0.0445 -0.9511
vn 0.8005 -0.1166 -0.5879
vn 0.9896 -0.1441 -0.0000
vn 0.8005 -0.1166 0.5879
vn 0.3057 -0.0445 0.9511
vn -0.3057 0.0445 0.9511
vn -0.8005 0.1166 0.5879
vn -0.9983 0.0591 0.0000
vn -0.8074 0.0480 -0.5880
vn -0.3083 0.0183 -0.9511
vn 0.3083 -0.0184 -0.9511
vn 0.8074 -0.0483 -0.5880
vn 0.9982 -0.0599 -0.0000
vn 0.8074 -0.0483 0.5880
vn 0.3083 -0.0184 0.9511
vn -0.3083 0.0183 0.9511
vn -0.8074 0.0480 0.5880
vn -0.9998 0.0176 0.0000
vn -0.8094 0.0142 -0.5872
vn -0.3094 0.0053 -0.9509
vn 0.3094 -0.0050 -0.9509
vn 0.8091 -0.0132 -0.5876
vn 0.9999 -0.0162 0.0000
vn 0.8090 -0.0132 0.5876
vn 0.3094 -0.0051 0.9509
vn -0.3093 0.0054 0.9509
vn -0.8095 0.0142 0.5870
vn -0.5274 -0.8420 -0.1133
vn -0.3780 -0.8525 -0.3611
vn -0.3097 0.0072 -0.9508
vn 0.2603 -0.8602 -0.4384
vn 0.5986 -0.6548 -0.4614
vn 0.6235 -0.7440 -0.2402
vn 0.5681 -0.2050 0.7970
vn 0.2548 -0.0847 0.9633
vn -0.3681 -0.0707 0.9271
vn -0.5579 -0.0978 0.8241
vn -0.9987 -0.0509 0.0000
vn -0.8090 -0.0413 -0.5864
vn -0.6967 -0.1079 -0.7092
vn -0.9926 -0.1211 -0.0061
vn -0.3096 -0.0159 -0.9507
vn -0.1368 -0.8462 -0.5150
vn 0.3096 0.0163 -0.9507
vn 0.3328 -0.0718 -0.9402
vn 0.8089 0.0427 -0.5864
vn 0.9986 0.0528 0.0000
vn 0.9970 -0.0537 -0.0556
vn 0.8089 0.0426 0.5864
vn 0.8043 -0.1031 0.5852
vn 0.3097 0.0163 0.9507
vn 0.3188 -0.1303 0.9388
vn -0.3096 -0.0159 0.9507
vn -0.2931 -0.1629 0.9421
vn -0.8090 -0.0413 0.5864
vn -0.7859 -0.1859 0.5897
vn 0.6435 -0.7655 0.0000
vn 0.5212 -0.6184 0.5881
vn 0.1994 -0.2356 0.9512
vn -0.2017 0.2327 0.9514
vn -0.5306 0.6093 0.5892
vn -0.6579 0.7531 0.0000
vn -0.5307 0.6093 -0.5892
vn -0.2017 0.2328 -0.9514
vn 0.1994 -0.2357 -0.9512
vn 0.5212 -0.6184 -0.5881
vn 0.5500 -0.8352 0.0000
vn 0.4467 -0.6755 0.5866
vn 0.1715 -0.2578 0.9508
vn -0.1748 0.2542 0.9512
vn -0.4602 0.6647 0.5886
vn -0.5709 0.8210 0.0000
vn -0.4602 0.6647 -0.5885
vn -0.1749 0.2543 -0.9512
vn 0.1716 -0.2579 -0.9508
vn 0.4467 -0.6756 -0.5865
vn 0.4931 -0.8700 -0.0000
vn 0.4006 -0.7036 0.5869
vn 0.1538 -0.2686 0.9509
vn -0.1567 0.2657 0.9512
vn -0.4124 0.6952 0.5888
vn -0.5118 0.8591 0.0000
vn -0.4124 0.6952 -0.5888
vn -0.1567 0.2657 -0.9512
vn 0.1538 -0.2687 -0.9509
vn 0.4006 -0.7036 -0.5869
vn 0.4528 -0.8916 -0.0000
vn 0.3672 -0.7209 0.5878
vn 0.1406 -0.2750 0.9511
vn -0.1424 0.2730 0.9514
vn -0.3748 0.7157 0.5893
vn -0.3748 0.7157 -0.5893
vn -0.1424 0.2731 -0.9514
vn 0.1406 -0.2751 -0.9511
vn 0.3672 -0.7209 -0.5877
vn 0.3922 -0.9199 -0.0000
vn 0.3170 -0.7437 0.5886
vn 0.1210 -0.2836 0.9513
vn -0.1209 0.2830 0.9515
vn -0.3175 0.7426 0.5897
vn -0.3934 0.9193 0.0000
vn -0.3175 0.7426 -0.5897
vn -0.1209 0.2830 -0.9515
vn 0.1210 -0.2836 -0.9513
vn 0.3170 -0.7437 -0.5886
vn 0.7388 -0.4765 -0.4765
vn 0.4765 -0.7388 -0.4765
vn 0.4765 -0.4765 -0.7388
vn 0.4765 0.7388 -0.4765
vn 0.7388 0.4765 -0.4765
vn 0.4765 0.4765 -0.7388
vn -0.4765 -0.4765 -0.7388
vn -0.4765 -0.7388 -0.4765
vn -0.7388 -0.4765 -0.4765
vn -0.4765 0.7388 -0.4765
vn -0.4765 0.4765 -0.7388
vn -0.7388 0.4765 -0.4765
vn -0.7071 -0.7071 0.0000
vn 0.7071 -0.7071 0.0000
vn 0.7071 0.7071 0.0000
vn -0.7071 0.7071 0.0000
vn 0.9821 -0.1261 -0.1399
vn 0.9991 0.0226 -0.0359
vn 1.0000 -0.0029 -0.0000
vn 0.9836 -0.1802 -0.0022
vn 0.9639 -0.1895 0.1873
vn 0.9822 -0.0003 -0.1880
vn 0.9977 0.0644 -0.0230
vn 0.8548 0.1983 0.4796
vn -0.0144 0.3093 0.9509
vn 0.0144 -0.3091 0.9509
vn 0.4993 -0.2516 0.8291
vn 0.0375 -0.8085 0.5873
vn 0.8858 -0.3328 0.3233
vn 0.8377 -0.5366 -0.1017
vn 0.0376 -0.8085 -0.5873
vn 0.5280 -0.6986 -0.4829
vn 0.0144 -0.3091 -0.9509
vn 0.5066 -0.2180 -0.8341
vn -0.0144 0.3093 -0.9509
vn 0.8259 0.2059 -0.5248
vn -0.0374 0.8087 -0.5870
vn 0.4635 0.7064 -0.5350
vn 0.4684 0.8835 0.0000
vn -0.0375 0.8087 0.5870
vn 0.4635 0.7064 0.5350
vn 0.9992 0.0411 0.0010
vn 0.9990 0.0449 0.0013
vn 0.9661 0.2219 0.1323
vn 0.9989 0.0461 -0.0000
vn 0.9744 0.2247 0.0000
vn 0.9990 0.0449 -0.0013
vn 0.9736 0.1972 -0.1149
vn 0.9992 0.0411 -0.0010
vn 0.9878 -0.1141 -0.1058
vn 0.9991 0.0419 0.0049
vn 0.9990 0.0450 -0.0000
vn 0.9992 0.0386 0.0028
vn 0.9773 -0.0267 -0.2100
vn 0.3095 0.0010 0.9509
vn 0.3094 0.0010 0.9509
vn 0.8095 0.0026 0.5872
vn 0.7899 0.1973 0.5806
vn 1.0000 0.0033 0.0000
vn 0.5228 0.8524 -0.0141
vn 0.8095 0.0027 -0.5872
vn 0.8007 0.0915 -0.5920
vn 0.3095 0.0010 -0.9509
vn 0.3094 0.0010 -0.9509
vn -0.3095 -0.0010 -0.9509
vn -0.2469 0.5095 -0.8243
vn -0.8095 -0.0027 -0.5871
vn -0.7702 0.0338 -0.6369
vn -1.0000 -0.0033 0.0000
vn -0.9986 0.0520 0.0075
vn -0.8095 -0.0027 0.5872
vn -0.3795 0.8331 0.4025
vn -0.3095 -0.0010 0.9509
vn -0.7899 0.1276 0.5998
vn -0.8086 0.0244 0.5878
vn -0.3089 0.0093 0.9511
vn -0.0850 0.8778 0.4714
vn -0.9916 0.1276 -0.0204
vn -0.7777 0.0743 -0.6242
vn -0.8087 0.0244 -0.5877
vn -0.3597 0.0467 -0.9319
vn -0.3089 0.0093 -0.9511
vn 0.3194 0.0437 -0.9466
vn 0.4516 0.8283 -0.3316
vn 0.5219 0.8530 -0.0003
vn 0.4393 0.8519 0.2850
vn 0.2066 0.8624 0.4621
vn -0.0935 -0.9383 0.3330
vn -0.2328 0.7410 0.6299
vn 0.1275 0.1818 0.9750
vn 0.3089 -0.0091 0.9510
vn 0.2767 0.6531 0.7049
vn 0.8087 -0.0239 0.5877
vn 0.9996 -0.0296 -0.0000
vn 0.3433 0.8786 -0.3321
vn 0.8088 -0.0239 -0.5876
vn 0.2637 0.6524 -0.7105
vn 0.3089 -0.0091 -0.9510
vn -0.2130 0.7653 -0.6074
vn -0.3088 0.0091 -0.9511
vn -0.4775 0.7927 -0.3790
vn -0.8086 0.0239 -0.5879
vn -0.5575 0.8300 -0.0182
vn -0.4908 -0.8563 -0.1610
vn -0.8087 0.0239 0.5878
vn -0.6605 -0.0807 0.7464
vn -0.3090 0.0087 0.9510
vn -0.3089 0.0087 0.9511
vn 0.3090 -0.0087 0.9510
vn 0.8088 -0.0228 0.5876
vn 0.7458 -0.6659 -0.0177
vn 0.9996 -0.0281 -0.0000
vn 0.2580 -0.9573 0.1303
vn 0.8088 -0.0227 -0.5876
vn 0.8088 -0.0227 -0.5877
vn 0.1405 0.8695 -0.4735
vn 0.3090 -0.0087 -0.9510
vn -0.1628 0.7962 -0.5827
vn -0.3090 0.0087 -0.9510
vn -0.3858 0.7899 -0.4767
vn -0.8088 0.0228 -0.5877
vn -0.5417 0.8334 -0.1096
vn -0.9996 0.0281 0.0000
vn -0.3017 0.8757 0.3769
vn -0.8087 0.0227 0.5877
vn -0.1404 -0.9827 0.1211
vn -0.0110 -0.9999 0.0047
vn -0.0114 -0.9999 -0.0059
vn -0.1779 -0.9764 0.1228
vn -0.0218 -0.9997 -0.0090
vn -0.0280 -0.9996 0.0000
vn -0.0114 -0.9999 -0.0058
vn 0.1275 -0.9856 0.1115
vn -0.0309 -0.9995 -0.0000
vn 0.1085 -0.9941 -0.0000
vn 0.3237 -0.9438 0.0669
vn -0.0214 -0.9997 0.0085
vn 0.0629 -0.9714 -0.2288
vn -0.0287 -0.9996 0.0030
vn -0.0116 -0.9973 0.0721
vn -0.0685 -0.9972 0.0296
vn -0.0489 -0.9988 -0.0000
vn 0.0793 -0.9956 0.0505
vn -0.0049 -1.0000 -0.0000
vn -0.0146 -0.9998 -0.0126
vn 0.0938 -0.9933 -0.0675
vn -0.0683 -0.9972 0.0297
vn -0.0484 -0.9988 -0.0000
vn -0.2272 -0.9738 -0.0000
vn -0.0298 -0.9995 -0.0070
vn 0.0119 -0.9904 -0.1375
vn -0.0944 -0.9933 0.0662
vn -0.1024 -0.9945 0.0199
vn -0.0293 -0.9995 0.0089
vn -0.0837 -0.9867 -0.1394
vn -0.1716 -0.9824 -0.0743
vn -0.1023 -0.9946 0.0200
vn -0.0139 -0.9998 0.0134
vn -0.1081 -0.9940 -0.0177
vn -0.1239 -0.9919 0.0271
vn -0.1036 -0.9945 -0.0155
vn -0.0048 -1.0000 0.0000
vn -0.0895 -0.9947 -0.0506
vn -0.0647 -0.9903 -0.1231
vn -0.1036 -0.9945 -0.0154
vn -0.0148 -0.9998 -0.0125
vn -0.1064 -0.9928 0.0547
vn -0.1340 -0.9905 -0.0299
vn -0.0703 -0.9971 -0.0277
vn -0.0298 -0.9995 -0.0071
vn 0.2090 -0.8959 0.3920
vn 0.1133 -0.9891 -0.0945
vn -0.0707 -0.9971 -0.0275
vn -0.0293 -0.9995 0.0090
vn -0.0506 -0.9964 0.0686
vn 0.0227 -0.9989 0.0421
vn -0.8090 0.0027 0.5877
vn -0.3089 0.0010 0.9511
vn 0.8091 -0.0027 0.5877
vn -0.3090 0.0010 -0.9511
vn -0.8090 0.0027 -0.5878
vn 0.1634 -0.9809 0.1050
vn -0.0009 -1.0000 -0.0000
vn 0.1516 -0.9846 0.0869
vn 0.0061 -0.9999 0.0097
vn 0.0061 -0.9999 -0.0097
vn 0.3105 0.0113 0.9505
vn 0.8101 0.0295 0.5855
vn 0.8101 0.0295 -0.5855
vn 0.3104 0.0113 -0.9505
vn -0.3104 -0.0115 -0.9505
vn -0.8101 -0.0301 -0.5856
vn -0.8101 -0.0301 0.5856
vn -0.3104 -0.0115 0.9505
vn -0.1856 -0.9820 -0.0342
vn 0.0558 -0.9978 -0.0361
vn 0.0780 -0.9961 0.0413
vn 0.1271 -0.9916 0.0245
vn 0.1900 -0.9634 -0.1889
vn 0.0233 -0.9719 -0.2340
vn 0.0969 -0.9950 -0.0231
vn 0.1263 -0.9916 -0.0275
vn 0.0679 -0.9790 -0.1920
vn -0.0799 -0.9862 -0.1452
vn 0.0968 -0.9951 0.0201
vn 0.0475 -0.9989 0.0000
vn -0.1110 -0.9936 0.0225
vn 0.0784 -0.9961 0.0412
vn 0.6498 -0.6014 -0.4648
vn 0.1996 -0.9707 -0.1337
vn 0.2524 -0.6204 -0.7426
vn 0.0885 -0.9706 -0.2240
vn -0.1359 -0.8778 -0.4595
vn -0.0607 -0.9703 -0.2342
vn -0.1906 -0.9702 -0.1497
vn -0.4777 -0.8783 -0.0192
vn -0.6317 -0.6188 0.4670
vn -0.1906 -0.9702 0.1496
vn -0.1359 -0.8776 0.4597
vn -0.0605 -0.9702 0.2348
vn 0.2732 -0.6029 0.7496
vn 0.0884 -0.9705 0.2243
vn 0.2666 -0.6332 0.7266
vn 0.0610 -0.9724 0.2251
vn -0.7975 -0.6023 0.0358
vn -0.2686 -0.9633 0.0000
vn -0.3850 -0.8811 -0.2747
vn -0.2624 -0.5739 -0.7757
vn -0.0885 -0.9683 -0.2337
vn 0.1949 -0.9808 0.0000
vn -0.2574 -0.9590 -0.1184
vn 0.6152 0.7880 0.0229
vn 0.9717 0.2364 0.0003
vn 0.5957 0.6637 0.4524
vn 0.9707 0.2134 0.1107
vn 0.5921 0.2849 0.7538
vn 0.9689 0.1297 0.2108
vn 0.5732 -0.2173 0.7900
vn 0.9682 -0.0202 0.2494
vn 0.8353 -0.5499 -0.0019
vn 0.2847 -0.9586 0.0000
vn 0.2644 -0.9588 -0.1042
vn -0.5673 -0.6403 0.5179
vn -0.1254 -0.9760 0.1780
vn -0.0552 -0.9448 0.3230
vn 0.3052 -0.5697 0.7631
vn 0.1875 -0.9601 0.2076
vn 0.6930 -0.5653 0.4475
vn 0.2656 -0.9583 0.1056
vn 0.2294 -0.6112 0.7575
vn 0.0490 -0.9725 0.2278
vn -0.2233 -0.9640 -0.1442
vn -0.0999 -0.9678 -0.2308
vn 0.2412 -0.6007 -0.7622
vn 0.0491 -0.9725 -0.2278
vn 0.6552 -0.5730 -0.4924
vn 0.1666 -0.9761 -0.1392
vn 0.3727 -0.9159 -0.1489
vn 0.7989 -0.5997 -0.0455
vn 0.2688 -0.9632 -0.0000
vn 0.1592 -0.9648 -0.2091
vn 0.2890 -0.5744 0.7658
vn 0.1598 -0.9642 0.2117
vn 0.6805 -0.5765 0.4523
vn 0.2449 -0.9630 0.1122
vn 0.0093 -0.9711 -0.2384
vn 0.8843 -0.1124 0.4532
vn 0.9732 -0.0360 0.2269
vn 0.9664 0.1152 0.2300
vn 0.9785 -0.1537 0.1375
vn 0.9804 -0.1969 0.0000
vn 0.9663 0.1152 -0.2300
vn 0.2423 0.9702 0.0000
vn -0.1798 0.9706 0.1601
vn -0.0368 0.9721 0.2317
vn 0.2280 0.9639 -0.1377
vn 0.2711 0.9625 0.0000
vn 0.2280 0.9639 0.1377
vn 0.1122 0.9674 0.2269
vn 0.7810 -0.2673 -0.5645
vn 0.9634 -0.2679 -0.0000
vn 0.3012 -0.2658 -0.9158
vn -0.9651 -0.2618 0.0000
vn -0.7796 -0.2623 0.5687
vn -0.2811 -0.3980 0.8733
vn 0.3012 -0.2658 0.9158
vn 0.7260 -0.4467 0.5228
vn 0.3045 0.9525 -0.0000
vn -0.2442 -0.3178 -0.9162
vn -0.3038 -0.2642 0.9154
vn 0.2935 -0.2738 0.9159
vn -0.3024 -0.2559 0.9182
vn -0.7354 -0.4229 0.5295
vn -0.9718 -0.2357 0.0000
vn -0.7865 -0.2413 -0.5685
vn -0.3024 -0.2559 -0.9182
vn 0.2710 -0.4433 -0.8544
vn 0.7733 -0.2882 -0.5648
vn 0.7647 -0.2972 -0.5718
vn -0.9746 -0.2242 -0.0000
vn 0.2762 0.9611 -0.0000
vn 0.2740 0.7835 0.5577
vn 0.2682 0.3106 0.9119
vn 0.2613 -0.2870 0.9216
vn 0.9735 -0.2288 0.0000
vn -0.9537 -0.3007 -0.0000
vn -0.7643 -0.2934 0.5742
vn -0.2311 -0.4531 0.8610
vn 0.3262 -0.2525 0.9109
vn 0.7973 -0.2352 0.5558
vn 0.7110 -0.4673 0.5255
vn 0.9554 -0.2952 0.0000
vn 0.2908 -0.2742 0.9167
vn 0.2908 -0.2741 -0.9167
vn -0.9651 -0.2619 -0.0000
vn -0.7777 -0.2625 -0.5712
vn -0.2897 -0.2639 -0.9200
vn 0.3070 -0.2649 -0.9141
vn 0.7837 -0.2650 -0.5617
vn 0.9699 -0.2435 0.0000
vn -0.7692 -0.2821 -0.5734
vn 0.3190 -0.2576 0.9121
vn 0.7921 -0.2473 0.5581
vn 0.7963 -0.2230 -0.5624
vn 0.3066 0.2656 0.9140
vn 0.3066 0.2656 -0.9140
vn -0.2902 0.2638 0.9199
vn 0.1450 0.9843 -0.1007
vn 0.0014 1.0000 0.0072
vn -0.0039 1.0000 -0.0000
vn 0.1454 0.9886 0.0391
vn 0.9628 0.2701 -0.0000
vn 0.0607 0.9840 -0.1676
vn 0.0098 0.9999 0.0044
vn -0.0502 0.9835 -0.1740
vn 0.0097 0.9999 -0.0046
vn -0.1818 0.9742 -0.1340
vn 0.0011 1.0000 -0.0073
vn -0.0042 1.0000 0.0000
vn 0.0011 1.0000 0.0073
vn 0.0097 0.9999 0.0046
vn -0.3320 0.9105 0.2466
vn 0.0013 1.0000 -0.0072
vn -0.2455 0.9694 -0.0000
vn -0.0671 0.9701 0.2331
vn 0.0820 0.9708 0.2256
vn 0.1954 0.9713 0.1356
usemtl None
s 1
f 13/1/1 3/2/1 7/3/1 11/4/1 17/5/1 15/6/1
f 31/7/2 21/8/2 25/9/2 29/10/2 35/11/2 33/12/2
f 49/13/2 39/14/2 43/15/2 47/16/2 53/17/2 51/18/2
f 67/19/2 57/20/2 61/21/2 65/22/2 71/23/2 69/24/2
f 85/25/2 75/26/2 79/27/2 83/28/2 89/29/2 87/30/2
f 103/31/2 93/32/2 97/33/2 101/34/2 107/35/2 105/36/2
f 121/37/2 111/38/2 115/39/2 119/40/2 125/41/2 123/42/2
f 139/43/2 129/44/2 133/45/2 137/46/2 143/47/2 141/48/2
f 157/49/2 147/50/2 151/51/2 155/52/2 161/53/2 159/54/2
f 175/55/2 165/56/2 169/57/2 173/58/2 179/59/2 177/60/2
f 193/61/1 183/62/1 187/63/1 191/64/1 197/65/1 195/66/1
f 211/67/1 201/68/1 205/69/1 209/70/1 215/71/1 213/72/1
f 229/73/3 219/74/3 223/75/3 227/76/3 233/77/3 231/78/3
f 247/79/3 237/80/3 241/81/3 245/82/3 251/83/3 249/84/3
f 265/85/3 255/86/3 259/87/3 263/88/3 269/89/3 267/90/3
f 283/91/4 273/92/4 277/93/4 281/94/4 287/95/4 285/96/4
f 315/97/5 316/98/6 318/99/7 297/100/8 321/101/9 323/102/10 324/103/11 325/104/12 326/105/13 327/106/14 329/107/15 330/108/16 331/109/17 332/110/18 333/111/19 334/112/20 335/113/21 336/114/22 337/115/23 338/116/24
f 422/117/25 424/118/26 425/119/27 426/120/27 427/121/27 428/122/27 411/123/28 430/124/29 431/125/27 432/126/27 452/127/30 434/128/31 435/129/32 436/130/33 437/131/34 438/132/35 439/133/36 440/134/37 441/135/38 442/136/39
f 627/137/40 619/138/41 620/139/42 621/140/43 622/141/44 623/142/45 624/143/46 625/144/47 626/145/48
f 816/146/49 808/147/41 809/148/42 810/149/43 811/150/44 812/151/50 813/152/51 814/153/52 815/154/53
f 1005/155/49 997/156/54 998/157/55 999/158/56 1000/159/57 1001/160/58 1002/161/59 1003/162/60 1004/163/61
f 1194/164/62 1186/165/63 1187/166/64 1188/167/65 1189/168/44 1190/169/50 1191/170/51 1192/171/52 1193/172/66
f 1383/173/67 1375/174/68 1376/175/69 1377/176/70 1378/177/71 1379/178/72 1380/179/73 1381/180/74 1382/181/75
f 1572/182/76 1564/183/77 1565/184/69 1566/185/70 1567/186/78 1568/187/79 1569/188/80 1570/189/81 1571/190/82
f 1962/191/83 1954/192/84 1955/193/85 1956/194/86 1957/195/87 1958/196/88 1959/197/89 1960/198/90 1961/199/91
f 2150/200/92 2143/201/93 2144/202/94 2145/203/95 2146/204/96 2147/205/97 2148/206/98 2149/207/99
f 16/208/100 4/209/100 2/210/100 14/211/100
f 18/212/101 6/213/101 4/209/101 16/208/101
f 9/214/102 8/215/102 6/213/102 18/212/102
f 5/216/103 10/217/103 8/215/103 9/214/103
f 1/218/104 12/219/104 10/217/104 5/216/104
f 14/220/105 2/221/105 12/219/105 1/218/105
f 15/6/106 17/5/106 18/212/106 16/208/106
f 17/5/107 11/4/107 9/214/107 18/212/107
f 11/4/108 7/3/108 5/216/108 9/214/108
f 7/3/109 3/2/109 1/218/109 5/216/109
f 3/2/110 13/1/110 14/220/110 1/218/110
f 13/1/111 15/6/111 16/222/111 14/223/111
f 34/224/112 22/225/112 20/226/112 32/227/112
f 36/228/113 24/229/113 22/225/113 34/224/113
f 27/230/114 26/231/114 24/229/114 36/228/114
f 23/232/115 28/233/115 26/231/115 27/230/115
f 19/234/116 30/235/116 28/233/116 23/232/116
f 32/236/117 20/237/117 30/235/117 19/234/117
f 33/12/118 35/11/118 36/228/118 34/224/118
f 35/11/119 29/10/119 27/230/119 36/228/119
f 29/10/120 25/9/120 23/232/120 27/230/120
f 25/9/121 21/8/121 19/234/121 23/232/121
f 21/8/122 31/7/122 32/236/122 19/234/122
f 31/7/123 33/12/123 34/238/123 32/239/123
f 52/240/112 40/241/112 38/242/112 50/243/112
f 54/244/124 42/245/124 40/241/124 52/240/124
f 45/246/114 44/247/114 42/245/114 54/244/114
f 41/248/115 46/249/115 44/247/115 45/246/115
f 37/250/116 48/251/116 46/249/116 41/248/116
f 50/252/117 38/253/117 48/251/117 37/250/117
f 51/18/118 53/17/118 54/244/118 52/240/118
f 53/17/119 47/16/119 45/246/119 54/244/119
f 47/16/120 43/15/120 41/248/120 45/246/120
f 43/15/121 39/14/121 37/250/121 41/248/121
f 39/14/122 49/13/122 50/252/122 37/250/122
f 49/13/123 51/18/123 52/254/123 50/255/123
f 70/256/112 58/257/112 56/258/112 68/259/112
f 72/260/113 60/261/113 58/257/113 70/256/113
f 63/262/114 62/263/114 60/261/114 72/260/114
f 59/264/115 64/265/115 62/263/115 63/262/115
f 55/266/116 66/267/116 64/265/116 59/264/116
f 68/268/117 56/269/117 66/267/117 55/266/117
f 69/24/118 71/23/118 72/260/118 70/256/118
f 71/23/119 65/22/119 63/262/119 72/260/119
f 65/22/120 61/21/120 59/264/120 63/262/120
f 61/21/121 57/20/121 55/266/121 59/264/121
f 57/20/122 67/19/122 68/268/122 55/266/122
f 67/19/123 69/24/123 70/270/123 68/271/123
f 88/272/112 76/273/112 74/274/112 86/275/112
f 90/276/113 78/277/113 76/273/113 88/272/113
f 81/278/114 80/279/114 78/277/114 90/276/114
f 77/280/115 82/281/115 80/279/115 81/278/115
f 73/282/116 84/283/116 82/281/116 77/280/116
f 86/284/117 74/285/117 84/283/117 73/282/117
f 87/30/118 89/29/118 90/276/118 88/272/118
f 89/29/119 83/28/119 81/278/119 90/276/119
f 83/28/120 79/27/120 77/280/120 81/278/120
f 79/27/121 75/26/121 73/282/121 77/280/121
f 75/26/122 85/25/122 86/284/122 73/282/122
f 85/25/123 87/30/123 88/286/123 86/287/123
f 106/288/112 94/289/112 92/290/112 104/291/112
f 108/292/113 96/293/113 94/289/113 106/288/113
f 99/294/114 98/295/114 96/293/114 108/292/114
f 95/296/115 100/297/115 98/295/115 99/294/115
f 91/298/116 102/299/116 100/297/116 95/296/116
f 104/300/117 92/301/117 102/299/117 91/298/117
f 105/36/118 107/35/118 108/292/118 106/288/118
f 107/35/119 101/34/119 99/294/119 108/292/119
f 101/34/120 97/33/120 95/296/120 99/294/120
f 97/33/121 93/32/121 91/298/121 95/296/121
f 93/32/122 103/31/122 104/300/122 91/298/122
f 103/31/123 105/36/123 106/302/123 104/303/123
f 124/304/112 112/305/112 110/306/112 122/307/112
f 126/308/113 114/309/113 112/305/113 124/304/113
f 117/310/114 116/311/114 114/309/114 126/308/114
f 113/312/115 118/313/115 116/311/115 117/310/115
f 109/314/116 120/315/116 118/313/116 113/312/116
f 122/316/117 110/317/117 120/315/117 109/314/117
f 123/42/118 125/41/118 126/308/118 124/304/118
f 125/41/119 119/40/119 117/310/119 126/308/119
f 119/40/120 115/39/120 113/312/120 117/310/120
f 115/39/121 111/38/121 109/314/121 113/312/121
f 111/38/122 121/37/122 122/316/122 109/314/122
f 121/37/123 123/42/123 124/318/123 122/319/123
f 142/320/112 130/321/112 128/322/112 140/323/112
f 144/324/113 132/325/113 130/321/113 142/320/113
f 135/326/114 134/327/114 132/325/114 144/324/114
f 131/328/115 136/329/115 134/327/115 135/326/115
f 127/330/125 138/331/125 136/329/125 131/328/125
f 140/332/117 128/333/117 138/331/117 127/330/117
f 141/48/118 143/47/118 144/324/118 142/320/118
f 143/47/119 137/46/119 135/326/119 144/324/119
f 137/46/120 133/45/120 131/328/120 135/326/120
f 133/45/121 129/44/121 127/330/121 131/328/121
f 129/44/122 139/43/122 140/332/122 127/330/122
f 139/43/123 141/48/123 142/334/123 140/335/123
f 160/336/112 148/337/112 146/338/112 158/339/112
f 162/340/113 150/341/113 148/337/113 160/336/113
f 153/342/114 152/343/114 150/341/114 162/340/114
f 149/344/115 154/345/115 152/343/115 153/342/115
f 145/346/116 156/347/116 154/345/116 149/344/116
f 158/348/117 146/349/117 156/347/117 145/346/117
f 159/54/118 161/53/118 162/340/118 160/336/118
f 161/53/119 155/52/119 153/342/119 162/340/119
f 155/52/120 151/51/120 149/344/120 153/342/120
f 151/51/121 147/50/121 145/346/121 149/344/121
f 147/50/122 157/49/122 158/348/122 145/346/122
f 157/49/123 159/54/123 160/350/123 158/351/123
f 178/352/112 166/353/112 164/354/112 176/355/112
f 180/356/113 168/357/113 166/353/113 178/352/113
f 171/358/114 170/359/114 168/357/114 180/356/114
f 167/360/115 172/361/115 170/359/115 171/358/115
f 163/362/116 174/363/116 172/361/116 167/360/116
f 176/364/117 164/365/117 174/363/117 163/362/117
f 177/60/118 179/59/118 180/356/118 178/352/118
f 179/59/119 173/58/119 171/358/119 180/356/119
f 173/58/120 169/57/120 167/360/120 171/358/120
f 169/57/121 165/56/121 163/362/121 167/360/121
f 165/56/122 175/55/122 176/364/122 163/362/122
f 175/55/123 177/60/123 178/366/123 176/367/123
f 196/368/100 184/369/100 182/370/100 194/371/100
f 198/372/101 186/373/101 184/369/101 196/368/101
f 189/374/102 188/375/102 186/373/102 198/372/102
f 185/376/103 190/377/103 188/375/103 189/374/103
f 181/378/126 192/379/126 190/377/126 185/376/126
f 194/380/105 182/381/105 192/379/105 181/378/105
f 195/66/106 197/65/106 198/372/106 196/368/106
f 197/65/107 191/64/107 189/374/107 198/372/107
f 191/64/108 187/63/108 185/376/108 189/374/108
f 187/63/109 183/62/109 181/378/109 185/376/109
f 183/62/110 193/61/110 194/380/110 181/378/110
f 193/61/111 195/66/111 196/382/111 194/383/111
f 214/384/100 202/385/100 200/386/100 212/387/100
f 216/388/101 204/389/101 202/385/101 214/384/101
f 207/390/102 206/391/102 204/389/102 216/388/102
f 203/392/103 208/393/103 206/391/103 207/390/103
f 199/394/126 210/395/126 208/393/126 203/392/126
f 212/396/105 200/397/105 210/395/105 199/394/105
f 213/72/106 215/71/106 216/388/106 214/384/106
f 215/71/107 209/70/107 207/390/107 216/388/107
f 209/70/108 205/69/108 203/392/108 207/390/108
f 205/69/109 201/68/109 199/394/109 203/392/109
f 201/68/110 211/67/110 212/396/110 199/394/110
f 211/67/111 213/72/111 214/398/111 212/399/111
f 232/400/127 220/401/127 218/402/127 230/403/127
f 234/404/128 222/405/128 220/401/128 232/400/128
f 225/406/129 224/407/129 222/405/129 234/404/129
f 221/408/130 226/409/130 224/407/130 225/406/130
f 217/410/131 228/411/131 226/409/131 221/408/131
f 230/412/132 218/413/132 228/411/132 217/410/132
f 231/78/133 233/77/133 234/404/133 232/400/133
f 233/77/134 227/76/134 225/406/134 234/404/134
f 227/76/135 223/75/135 221/408/135 225/406/135
f 223/75/136 219/74/136 217/410/136 221/408/136
f 219/74/137 229/73/137 230/412/137 217/410/137
f 229/73/138 231/78/138 232/414/138 230/415/138
f 250/416/127 238/417/127 236/418/127 248/419/127
f 252/420/139 240/421/139 238/417/139 250/416/139
f 243/422/129 242/423/129 240/421/129 252/420/129
f 239/424/130 244/425/130 242/423/130 243/422/130
f 235/426/131 246/427/131 244/425/131 239/424/131
f 248/428/132 236/429/132 246/427/132 235/426/132
f 249/84/133 251/83/133 252/420/133 250/416/133
f 251/83/134 245/82/134 243/422/134 252/420/134
f 245/82/135 241/81/135 239/424/135 243/422/135
f 241/81/136 237/80/136 235/426/136 239/424/136
f 237/80/137 247/79/137 248/428/137 235/426/137
f 247/79/138 249/84/138 250/430/138 248/431/138
f 268/432/140 256/433/140 254/434/140 266/435/140
f 270/436/27 258/437/27 256/433/27 268/432/27
f 261/438/141 260/439/141 258/437/141 270/436/141
f 257/440/142 262/441/142 260/439/142 261/438/142
f 253/442/143 264/443/143 262/441/143 257/440/143
f 266/444/144 254/445/144 264/443/144 253/442/144
f 267/90/145 269/89/145 270/436/145 268/432/145
f 269/89/146 263/88/146 261/438/146 270/436/146
f 263/88/147 259/87/147 257/440/147 261/438/147
f 259/87/148 255/86/148 253/442/148 257/440/148
f 255/86/149 265/85/149 266/444/149 253/442/149
f 265/85/150 267/90/150 268/446/150 266/447/150
f 286/448/141 274/449/141 272/450/141 284/451/141
f 288/452/27 276/453/27 274/449/27 286/448/27
f 279/454/140 278/455/140 276/453/140 288/452/140
f 275/456/144 280/457/144 278/455/144 279/454/144
f 271/458/143 282/459/143 280/457/143 275/456/143
f 284/460/142 272/461/142 282/459/142 271/458/142
f 285/96/151 287/95/151 288/452/151 286/448/151
f 287/95/152 281/94/152 279/454/152 288/452/152
f 281/94/153 277/93/153 275/456/153 279/454/153
f 277/93/154 273/92/154 271/458/154 275/456/154
f 273/92/155 283/91/155 284/460/155 271/458/155
f 283/91/156 285/96/156 286/462/156 284/463/156
f 290/464/157 317/465/158 291/466/159 289/467/160
f 292/468/161 319/469/162 317/465/158 290/464/157
f 293/470/163 320/471/163 319/469/162 292/468/161
f 294/472/164 322/473/165 320/471/163 293/470/163
f 295/474/166 303/475/167 322/473/165 294/472/164
f 296/476/168 306/477/169 303/475/167 295/474/166
f 298/478/170 309/479/171 306/477/169 296/476/168
f 299/480/172 312/481/173 309/479/171 298/478/170
f 300/482/174 328/483/175 312/481/173 299/480/172
f 301/484/176 348/485/177 328/483/175 300/482/174
f 302/486/178 347/487/179 348/485/177 301/484/176
f 304/488/180 346/489/181 347/487/179 302/486/178
f 305/490/182 345/491/183 346/492/181 304/493/180
f 307/494/184 344/495/185 345/491/183 305/490/182
f 308/496/186 343/497/187 344/495/185 307/494/184
f 310/498/188 342/499/189 343/497/187 308/496/186
f 311/500/190 341/501/191 342/499/189 310/498/188
f 313/502/192 340/503/193 341/501/191 311/500/190
f 314/504/194 339/505/195 340/503/193 313/502/192
f 289/467/160 291/466/159 339/505/195 314/504/194
f 322/506/165 297/507/8 320/471/196
f 297/507/8 319/469/162 320/471/196
f 339/508/195 338/509/24 337/510/23 340/511/193
f 340/511/193 337/510/23 336/512/22 341/513/191
f 341/513/191 336/512/22 335/514/21 342/515/189
f 342/515/189 335/514/21 334/516/20 343/517/187
f 343/517/187 334/516/20 333/518/19 344/519/185
f 344/519/185 333/518/19 332/520/18 345/521/183
f 345/521/183 332/520/18 331/522/17 346/523/181
f 346/524/181 331/525/17 330/526/16 347/527/179
f 347/527/179 330/526/16 329/528/15 348/529/177
f 348/529/177 329/528/15 327/530/14 328/531/175
f 328/531/175 327/530/14 326/532/13 312/533/173
f 312/533/173 326/532/13 325/534/12 309/535/171
f 309/535/171 325/534/12 324/536/11 306/537/169
f 306/537/169 324/536/11 323/538/10 303/539/167
f 303/539/167 323/538/10 321/540/9 322/506/165
f 322/506/165 321/540/9 297/507/8
f 297/541/8 318/542/7 319/543/162
f 319/543/162 318/542/7 316/544/6 317/545/158
f 317/545/158 316/544/6 315/546/5 291/547/159
f 291/547/159 315/546/5 338/509/24 339/508/195
f 389/548/197 366/549/198 351/550/199 374/551/200
f 378/552/201 353/553/202 352/554/203 375/555/203
f 390/556/204 353/553/202 378/552/201
f 391/557/205 349/558/206 353/559/202 390/556/204
f 370/560/207 349/561/206 391/562/205
f 392/563/208 356/564/209 349/565/206 370/560/207
f 386/566/210 363/567/210 356/564/209 392/563/208
f 362/568/211 355/569/212 354/570/213 365/571/214
f 376/572/215 355/569/212 362/568/211
f 372/573/216 350/574/217 355/575/212 376/572/215
f 359/576/218 350/574/217 372/573/216
f 374/577/200 351/578/199 350/579/217 359/580/218
f 384/581/219 365/582/214 354/583/213 364/584/219
f 388/585/220 375/586/203 352/587/203 367/588/220
f 369/589/221 358/590/222 388/585/223 367/588/223
f 360/591/224 382/592/224 384/581/225 364/584/225
f 369/589/221 368/593/226 357/594/227 358/590/222
f 368/593/226 366/549/228 389/548/229 357/594/227
f 360/591/224 361/595/230 380/596/230 382/592/224
f 361/595/230 363/567/231 386/566/231 380/596/230
f 374/597/200 359/598/218 373/599/232
f 389/600/197 374/597/200 373/599/232
f 371/601/233 390/602/204 377/603/234
f 385/604/235 392/605/208 371/606/233
f 375/607/236 387/608/237 377/609/234
f 377/610/234 390/611/204 375/612/236
f 390/611/204 378/552/201 375/612/236
f 371/601/233 391/613/205 390/602/204
f 392/614/208 370/560/207 391/562/205 371/615/233
f 385/616/235 386/566/238 392/617/208
f 359/618/218 372/573/216 376/572/215 362/619/211
f 365/582/214 384/581/239 383/620/240
f 375/586/236 388/585/241 387/621/237
f 387/621/237 388/585/241 358/622/222
f 383/620/240 384/581/239 382/592/242 381/623/243
f 381/623/243 382/592/242 380/596/244 379/624/245
f 379/624/245 380/596/244 386/566/238 385/616/235
f 394/625/246 397/626/247 423/627/248 393/628/3
f 395/629/249 400/630/250 397/626/247 394/625/246
f 396/631/251 403/632/252 400/630/250 395/629/249
f 398/633/253 406/634/254 403/632/252 396/631/251
f 399/635/2 409/636/255 406/634/254 398/633/253
f 401/637/256 429/638/256 409/636/255 399/635/2
f 402/639/257 415/640/258 429/638/256 401/637/256
f 404/641/259 418/642/260 415/640/258 402/639/257
f 405/643/261 421/644/262 418/642/260 404/641/259
f 407/645/4 433/646/263 421/644/262 405/643/261
f 408/647/264 451/648/265 433/649/263 407/650/4
f 410/651/266 450/652/267 451/648/265 408/647/264
f 412/653/268 449/654/269 450/652/267 410/651/266
f 413/655/270 448/656/271 449/654/269 412/653/268
f 414/657/1 447/658/272 448/656/271 413/655/270
f 416/659/273 446/660/274 447/658/272 414/657/1
f 417/661/275 445/662/276 446/660/274 416/659/273
f 419/663/277 444/664/278 445/662/276 417/661/275
f 420/665/279 443/666/280 444/664/278 419/663/277
f 393/628/3 423/627/248 443/666/280 420/665/279
f 415/667/258 411/668/28 429/638/281
f 411/668/28 409/636/255 429/638/281
f 443/669/280 442/670/39 441/671/38 444/672/278
f 444/672/278 441/671/38 440/673/37 445/674/276
f 445/674/276 440/673/37 439/675/36 446/676/274
f 446/676/274 439/675/36 438/677/35 447/678/272
f 447/678/272 438/677/35 437/679/34 448/680/271
f 448/680/271 437/679/34 436/681/33 449/682/269
f 449/682/269 436/681/33 435/683/32 450/684/267
f 450/684/267 435/683/32 434/685/31 451/686/265
f 451/686/265 434/685/31 452/687/30 433/688/263
f 433/689/263 452/690/30 421/691/262
f 452/692/30 432/693/282 421/694/262
f 421/694/262 432/693/282 431/695/283 418/696/260
f 418/696/260 430/697/29 415/667/258
f 418/696/260 431/695/283 430/697/29
f 415/667/258 430/697/29 411/668/28
f 411/698/28 428/699/284 409/700/255
f 409/700/255 427/701/285 406/702/254
f 409/700/255 428/699/284 427/701/285
f 406/702/254 427/701/285 403/703/252
f 427/704/285 426/705/286 403/706/252
f 403/706/252 426/705/286 425/707/287 400/708/250
f 400/708/250 424/709/26 397/710/247
f 400/708/250 425/707/287 424/709/26
f 397/710/247 424/709/26 422/711/25 423/712/248
f 423/712/248 422/711/25 442/670/39 443/669/280
f 495/713/288 460/714/289 480/715/290
f 490/716/291 468/717/292 460/718/289 495/713/288
f 478/719/293 457/720/294 456/721/295 496/722/296
f 497/723/297 453/724/298 457/725/294 478/726/293
f 498/727/299 453/724/298 497/723/297
f 498/728/299 459/729/300 453/730/298
f 488/731/301 465/732/302 459/733/300 498/734/299
f 472/735/303 454/736/304 458/737/305 467/738/305
f 462/739/306 454/740/304 472/741/303
f 475/742/307 455/743/308 454/744/304 462/739/306
f 480/715/290 460/714/289 455/745/308 475/746/307
f 486/747/309 467/738/305 458/737/305 466/748/309
f 461/749/310 496/750/296 456/751/295 469/752/310
f 471/753/311 492/754/311 461/749/312 469/752/312
f 463/755/313 484/756/313 486/747/314 466/748/314
f 471/753/311 470/757/315 494/758/315 492/754/311
f 470/759/315 468/717/316 490/716/316 494/760/315
f 463/755/313 464/761/317 482/762/317 484/756/313
f 464/761/317 465/732/318 488/731/318 482/762/317
f 489/763/319 490/716/320 495/764/288
f 477/765/321 478/766/293 496/767/296 476/768/322
f 497/723/297 478/726/293 477/769/321
f 479/770/323 498/771/299 497/772/297
f 487/773/324 488/731/325 498/734/299 479/774/323
f 473/775/326 472/735/303 467/776/327
f 462/777/306 472/735/303 473/775/326
f 474/778/328 475/742/329 462/779/306
f 495/780/288 475/781/329 474/782/328
f 495/780/288 480/715/290 475/781/329
f 473/783/326 467/776/327 485/784/330
f 467/738/327 486/747/331 485/785/330
f 476/786/322 496/750/296 461/787/332
f 461/749/332 492/754/333 491/788/334
f 485/785/330 486/747/331 484/756/335 483/789/336
f 491/788/334 492/754/333 494/758/337 493/790/338
f 493/791/338 494/760/337 490/716/320 489/763/319
f 483/789/336 484/756/335 482/762/339 481/792/340
f 481/792/340 482/762/339 488/731/325 487/773/324
f 501/793/253 502/794/253 500/795/2 499/796/2
f 503/797/251 504/798/251 502/794/253 501/793/253
f 505/799/249 506/800/249 504/798/251 503/797/251
f 507/801/246 508/802/246 506/800/249 505/799/249
f 509/803/3 510/804/3 508/802/246 507/801/246
f 511/805/279 512/806/279 510/807/3 509/808/3
f 513/809/277 514/810/277 512/806/279 511/805/279
f 515/811/275 516/812/275 514/810/277 513/809/277
f 517/813/273 518/814/273 516/812/275 515/811/275
f 519/815/1 520/816/1 518/814/273 517/813/273
f 521/817/270 522/818/270 520/816/1 519/815/1
f 523/819/268 524/820/268 522/818/270 521/817/270
f 525/821/266 526/822/266 524/820/268 523/819/268
f 527/823/264 528/824/264 526/822/266 525/821/266
f 529/825/4 530/826/4 528/824/264 527/823/264
f 531/827/261 532/828/261 530/826/4 529/825/4
f 533/829/259 534/830/259 532/828/261 531/827/261
f 535/831/257 536/832/257 534/830/259 533/829/259
f 537/833/256 538/834/256 536/832/257 535/831/257
f 499/796/2 500/795/2 538/834/256 537/833/256
f 499/796/27 540/835/27 539/836/27 501/793/27
f 501/793/27 539/836/27 541/837/27 503/797/27
f 503/797/27 541/837/27 542/838/27 505/799/27
f 505/799/27 542/838/27 543/839/27 507/801/27
f 507/801/27 543/839/27 544/840/27 509/803/27
f 509/808/27 544/841/27 545/842/27 511/805/27
f 511/805/27 545/842/27 546/843/27 513/809/27
f 513/809/27 546/843/27 547/844/27 515/811/27
f 515/811/27 547/844/27 548/845/27 517/813/27
f 517/813/27 548/845/27 549/846/27 519/815/27
f 519/815/27 549/846/27 550/847/27 521/817/27
f 521/817/27 550/847/27 551/848/27 523/819/27
f 523/819/27 551/848/27 552/849/27 525/821/27
f 525/821/27 552/849/27 553/850/27 527/823/27
f 527/823/27 553/850/27 554/851/27 529/825/27
f 529/825/27 554/851/27 555/852/27 531/827/27
f 531/827/27 555/852/27 556/853/27 533/829/27
f 533/829/27 556/853/27 557/854/27 535/831/27
f 535/831/27 557/854/27 558/855/27 537/833/27
f 537/833/27 558/855/27 540/835/27 499/796/27
f 539/836/270 560/856/270 559/857/268 541/837/268
f 540/835/1 561/858/1 560/856/270 539/836/270
f 558/855/273 562/859/273 561/858/1 540/835/1
f 557/854/275 563/860/275 562/859/273 558/855/273
f 556/853/277 564/861/277 563/860/275 557/854/275
f 555/852/279 565/862/279 564/861/277 556/853/277
f 554/851/3 566/863/3 565/862/279 555/852/279
f 553/850/246 567/864/246 566/863/3 554/851/3
f 552/849/249 568/865/249 567/864/246 553/850/246
f 551/848/251 569/866/251 568/865/249 552/849/249
f 550/847/253 570/867/253 569/866/251 551/848/251
f 549/846/2 571/868/2 570/867/253 550/847/253
f 548/845/256 572/869/256 571/868/2 549/846/2
f 547/844/257 573/870/257 572/869/256 548/845/256
f 546/843/259 574/871/259 573/870/257 547/844/257
f 545/842/261 575/872/261 574/871/259 546/843/259
f 544/841/4 576/873/4 575/872/261 545/842/261
f 543/839/264 577/874/264 576/875/4 544/840/4
f 542/838/266 578/876/266 577/874/264 543/839/264
f 541/837/268 559/857/268 578/876/266 542/838/266
f 564/861/27 580/877/27 579/878/27 563/860/27
f 563/860/27 579/878/27 581/879/27 562/859/27
f 562/859/27 581/879/27 582/880/27 561/858/27
f 561/858/27 582/880/27 583/881/27 560/856/27
f 560/856/27 583/881/27 584/882/27 559/857/27
f 559/857/27 584/882/27 585/883/27 578/876/27
f 578/876/27 585/883/27 586/884/27 577/874/27
f 577/874/27 586/884/27 587/885/27 576/875/27
f 576/873/27 587/886/27 588/887/27 575/872/27
f 575/872/27 588/887/27 589/888/27 574/871/27
f 574/871/27 589/888/27 590/889/27 573/870/27
f 573/870/27 590/889/27 591/890/27 572/869/27
f 572/869/27 591/890/27 592/891/27 571/868/27
f 571/868/27 592/891/27 593/892/27 570/867/27
f 570/867/27 593/892/27 594/893/27 569/866/27
f 569/866/27 594/893/27 595/894/27 568/865/27
f 568/865/27 595/894/27 596/895/27 567/864/27
f 567/864/27 596/895/27 597/896/27 566/863/27
f 566/863/27 597/896/27 598/897/27 565/862/27
f 565/862/27 598/897/27 580/877/27 564/861/27
f 579/878/257 600/898/341 599/899/342 581/879/256
f 580/877/259 601/900/343 600/898/341 579/878/257
f 598/897/261 602/901/344 601/900/343 580/877/259
f 597/896/4 603/902/345 602/901/344 598/897/261
f 596/895/264 604/903/346 603/902/345 597/896/4
f 595/894/266 605/904/347 604/903/346 596/895/264
f 594/893/268 606/905/348 605/904/347 595/894/266
f 593/892/270 607/906/349 606/905/348 594/893/268
f 592/891/1 608/907/350 607/906/349 593/892/270
f 591/890/273 609/908/351 608/907/350 592/891/1
f 590/889/275 610/909/352 609/908/351 591/890/273
f 589/888/277 611/910/353 610/909/352 590/889/275
f 588/887/279 612/911/354 611/910/353 589/888/277
f 587/886/3 613/912/355 612/911/354 588/887/279
f 586/884/246 614/913/356 613/914/355 587/885/3
f 585/883/249 615/915/357 614/913/356 586/884/246
f 584/882/251 616/916/358 615/915/357 585/883/249
f 583/881/253 617/917/359 616/916/358 584/882/251
f 582/880/2 618/918/360 617/917/359 583/881/253
f 581/879/256 599/899/342 618/918/360 582/880/2
f 626/919/48 631/920/361 628/921/362 627/922/40
f 629/923/363 628/921/362 631/920/361 632/924/364
f 630/925/365 629/923/363 632/924/364 633/926/366
f 633/926/366 615/915/357 616/916/358 630/925/365
f 626/927/48 634/928/367 631/920/361
f 632/924/364 631/920/361 634/928/367 635/929/368
f 633/926/366 632/924/364 635/929/368 636/930/369
f 636/930/369 614/913/356 615/915/357 633/926/366
f 626/931/48 637/932/370 634/928/367
f 635/929/368 634/928/367 637/932/370 638/933/371
f 636/930/369 635/929/368 638/933/371 639/934/372
f 639/934/372 613/914/355 614/913/356 636/930/369
f 625/935/47 640/936/373 637/937/370 626/938/48
f 638/939/371 637/937/370 640/936/373 641/940/374
f 639/941/372 638/939/371 641/940/374 642/942/375
f 642/942/375 612/911/354 613/912/355 639/941/372
f 625/943/47 643/944/376 640/936/373
f 641/940/374 640/936/373 643/944/376 644/945/377
f 642/942/375 641/940/374 644/945/377 645/946/378
f 645/946/378 611/910/353 612/911/354 642/942/375
f 624/947/46 646/948/379 643/944/376 625/943/47
f 644/945/377 643/944/376 646/948/379 647/949/380
f 645/946/378 644/945/377 647/949/380 648/950/381
f 648/950/381 610/909/352 611/910/353 645/946/378
f 624/951/46 649/952/382 646/948/379
f 647/949/380 646/948/379 649/952/382 650/953/383
f 648/950/381 647/949/380 650/953/383 651/954/384
f 651/954/384 609/908/351 610/909/352 648/950/381
f 623/955/45 652/956/385 649/952/382 624/951/46
f 650/953/383 649/952/382 652/956/385 653/957/386
f 651/954/384 650/953/383 653/957/386 654/958/387
f 654/958/387 608/907/350 609/908/351 651/954/384
f 622/959/44 655/960/388 652/956/385 623/955/45
f 653/957/386 652/956/385 655/960/388 656/961/389
f 654/958/387 653/957/386 656/961/389 657/962/390
f 657/962/390 607/906/349 608/907/350 654/958/387
f 622/963/44 658/964/391 655/960/388
f 656/961/389 655/960/388 658/964/391 659/965/392
f 657/962/390 656/961/389 659/965/392 660/966/393
f 660/966/393 606/905/348 607/906/349 657/962/390
f 621/967/43 661/968/394 658/964/391 622/963/44
f 659/965/392 658/964/391 661/968/394 662/969/395
f 660/966/393 659/965/392 662/969/395 663/970/396
f 663/970/396 605/904/347 606/905/348 660/966/393
f 621/971/43 664/972/397 661/968/394
f 662/969/395 661/968/394 664/972/397 665/973/398
f 663/970/396 662/969/395 665/973/398 666/974/399
f 666/974/399 604/903/346 605/904/347 663/970/396
f 620/975/42 667/976/400 664/972/397 621/971/43
f 665/973/398 664/972/397 667/976/400 668/977/401
f 666/974/399 665/973/398 668/977/401 669/978/402
f 669/978/402 603/902/345 604/903/346 666/974/399
f 620/979/42 670/980/403 667/976/400
f 668/977/401 667/976/400 670/980/403 671/981/404
f 669/978/402 668/977/401 671/981/404 672/982/405
f 672/982/405 602/901/344 603/902/345 669/978/402
f 620/983/42 673/984/406 670/980/403
f 671/981/404 670/980/403 673/984/406 674/985/407
f 672/982/405 671/981/404 674/985/407 675/986/408
f 675/986/408 601/900/343 602/901/344 672/982/405
f 619/987/41 676/988/409 673/984/406 620/983/42
f 674/985/407 673/984/406 676/988/409 677/989/410
f 675/986/408 674/985/407 677/989/410 678/990/411
f 678/990/411 600/898/341 601/900/343 675/986/408
f 619/991/41 679/992/412 676/988/409
f 677/989/410 676/988/409 679/992/412 680/993/413
f 678/990/411 677/989/410 680/993/413 681/994/414
f 681/994/414 599/899/342 600/898/341 678/990/411
f 619/995/41 682/996/415 679/992/412
f 680/993/413 679/992/412 682/996/415 683/997/416
f 681/994/414 680/993/413 683/997/416 684/998/417
f 684/998/417 618/918/360 599/899/342 681/994/414
f 627/999/40 685/1000/418 682/996/415 619/995/41
f 683/997/416 682/996/415 685/1000/418 686/1001/419
f 684/998/417 683/997/416 686/1001/419 687/1002/420
f 687/1002/420 617/917/359 618/918/360 684/998/417
f 627/922/40 628/921/362 685/1000/418
f 686/1001/419 685/1000/418 628/921/362 629/923/363
f 687/1002/420 686/1001/419 629/923/363 630/925/365
f 630/925/365 616/916/358 617/917/359 687/1002/420
f 690/1003/253 691/1004/253 689/1005/2 688/1006/2
f 692/1007/251 693/1008/251 691/1004/253 690/1003/253
f 694/1009/249 695/1010/249 693/1008/251 692/1007/251
f 696/1011/246 697/1012/246 695/1010/249 694/1009/249
f 698/1013/3 699/1014/3 697/1012/246 696/1011/246
f 700/1015/279 701/1016/279 699/1017/3 698/1018/3
f 702/1019/277 703/1020/277 701/1016/279 700/1015/279
f 704/1021/275 705/1022/275 703/1020/277 702/1019/277
f 706/1023/273 707/1024/273 705/1022/275 704/1021/275
f 708/1025/1 709/1026/1 707/1024/273 706/1023/273
f 710/1027/270 711/1028/270 709/1026/1 708/1025/1
f 712/1029/268 713/1030/268 711/1028/270 710/1027/270
f 714/1031/266 715/1032/266 713/1030/268 712/1029/268
f 716/1033/264 717/1034/264 715/1032/266 714/1031/266
f 718/1035/4 719/1036/4 717/1034/264 716/1033/264
f 720/1037/261 721/1038/261 719/1036/4 718/1035/4
f 722/1039/259 723/1040/259 721/1038/261 720/1037/261
f 724/1041/257 725/1042/257 723/1040/259 722/1039/259
f 726/1043/256 727/1044/256 725/1042/257 724/1041/257
f 688/1006/2 689/1005/2 727/1044/256 726/1043/256
f 688/1006/27 729/1045/27 728/1046/27 690/1003/27
f 690/1003/27 728/1046/27 730/1047/27 692/1007/27
f 692/1007/27 730/1047/27 731/1048/27 694/1009/27
f 694/1009/27 731/1048/27 732/1049/27 696/1011/27
f 696/1011/27 732/1049/27 733/1050/27 698/1013/27
f 698/1018/27 733/1051/27 734/1052/27 700/1015/27
f 700/1015/27 734/1052/27 735/1053/27 702/1019/27
f 702/1019/27 735/1053/27 736/1054/27 704/1021/27
f 704/1021/27 736/1054/27 737/1055/27 706/1023/27
f 706/1023/27 737/1055/27 738/1056/27 708/1025/27
f 708/1025/27 738/1056/27 739/1057/27 710/1027/27
f 710/1027/27 739/1057/27 740/1058/27 712/1029/27
f 712/1029/27 740/1058/27 741/1059/27 714/1031/27
f 714/1031/27 741/1059/27 742/1060/27 716/1033/27
f 716/1033/27 742/1060/27 743/1061/27 718/1035/27
f 718/1035/27 743/1061/27 744/1062/27 720/1037/27
f 720/1037/27 744/1062/27 745/1063/27 722/1039/27
f 722/1039/27 745/1063/27 746/1064/27 724/1041/27
f 724/1041/27 746/1064/27 747/1065/27 726/1043/27
f 726/1043/27 747/1065/27 729/1045/27 688/1006/27
f 728/1046/270 749/1066/270 748/1067/268 730/1047/268
f 729/1045/1 750/1068/1 749/1066/270 728/1046/270
f 747/1065/273 751/1069/273 750/1068/1 729/1045/1
f 746/1064/275 752/1070/275 751/1069/273 747/1065/273
f 745/1063/277 753/1071/277 752/1070/275 746/1064/275
f 744/1062/279 754/1072/279 753/1071/277 745/1063/277
f 743/1061/3 755/1073/3 754/1072/279 744/1062/279
f 742/1060/246 756/1074/246 755/1073/3 743/1061/3
f 741/1059/249 757/1075/249 756/1074/246 742/1060/246
f 740/1058/251 758/1076/251 757/1075/249 741/1059/249
f 739/1057/253 759/1077/253 758/1076/251 740/1058/251
f 738/1056/2 760/1078/2 759/1077/253 739/1057/253
f 737/1055/256 761/1079/256 760/1078/2 738/1056/2
f 736/1054/257 762/1080/257 761/1079/256 737/1055/256
f 735/1053/259 763/1081/259 762/1080/257 736/1054/257
f 734/1052/261 764/1082/261 763/1081/259 735/1053/259
f 733/1051/4 765/1083/4 764/1082/261 734/1052/261
f 732/1049/264 766/1084/264 765/1085/4 733/1050/4
f 731/1048/266 767/1086/266 766/1084/264 732/1049/264
f 730/1047/268 748/1067/268 767/1086/266 731/1048/266
f 753/1071/27 769/1087/27 768/1088/27 752/1070/27
f 752/1070/27 768/1088/27 770/1089/27 751/1069/27
f 751/1069/27 770/1089/27 771/1090/27 750/1068/27
f 750/1068/27 771/1090/27 772/1091/27 749/1066/27
f 749/1066/27 772/1091/27 773/1092/27 748/1067/27
f 748/1067/27 773/1092/27 774/1093/27 767/1086/27
f 767/1086/27 774/1093/27 775/1094/27 766/1084/27
f 766/1084/27 775/1094/27 776/1095/27 765/1085/27
f 765/1083/27 776/1096/27 777/1097/27 764/1082/27
f 764/1082/27 777/1097/27 778/1098/27 763/1081/27
f 763/1081/27 778/1098/27 779/1099/27 762/1080/27
f 762/1080/27 779/1099/27 780/1100/27 761/1079/27
f 761/1079/27 780/1100/27 781/1101/27 760/1078/27
f 760/1078/27 781/1101/27 782/1102/27 759/1077/27
f 759/1077/27 782/1102/27 783/1103/27 758/1076/27
f 758/1076/27 783/1103/27 784/1104/27 757/1075/27
f 757/1075/27 784/1104/27 785/1105/27 756/1074/27
f 756/1074/27 785/1105/27 786/1106/27 755/1073/27
f 755/1073/27 786/1106/27 787/1107/27 754/1072/27
f 754/1072/27 787/1107/27 769/1087/27 753/1071/27
f 768/1088/257 789/1108/421 788/1109/422 770/1089/256
f 769/1087/259 790/1110/423 789/1108/421 768/1088/257
f 787/1107/261 791/1111/424 790/1110/423 769/1087/259
f 786/1106/4 792/1112/425 791/1111/424 787/1107/261
f 785/1105/264 793/1113/426 792/1112/425 786/1106/4
f 784/1104/266 794/1114/427 793/1113/426 785/1105/264
f 783/1103/268 795/1115/428 794/1114/427 784/1104/266
f 782/1102/270 796/1116/429 795/1115/428 783/1103/268
f 781/1101/1 797/1117/430 796/1116/429 782/1102/270
f 780/1100/273 798/1118/351 797/1117/430 781/1101/1
f 779/1099/275 799/1119/431 798/1118/351 780/1100/273
f 778/1098/277 800/1120/432 799/1119/431 779/1099/275
f 777/1097/279 801/1121/433 800/1120/432 778/1098/277
f 776/1096/3 802/1122/434 801/1121/433 777/1097/279
f 775/1094/246 803/1123/435 802/1124/434 776/1095/3
f 774/1093/249 804/1125/436 803/1123/435 775/1094/246
f 773/1092/251 805/1126/358 804/1125/436 774/1093/249
f 772/1091/253 806/1127/359 805/1126/358 773/1092/251
f 771/1090/2 807/1128/360 806/1127/359 772/1091/253
f 770/1089/256 788/1109/422 807/1128/360 771/1090/2
f 815/1129/53 820/1130/361 817/1131/362 816/1132/49
f 818/1133/363 817/1131/362 820/1130/361 821/1134/437
f 819/1135/365 818/1133/363 821/1134/437 822/1136/366
f 822/1136/366 804/1125/436 805/1126/358 819/1135/365
f 815/1137/53 823/1138/367 820/1130/361
f 821/1134/437 820/1130/361 823/1138/367 824/1139/368
f 822/1136/366 821/1134/437 824/1139/368 825/1140/438
f 825/1140/438 803/1123/435 804/1125/436 822/1136/366
f 814/1141/52 826/1142/370 823/1138/367 815/1137/53
f 824/1139/368 823/1138/367 826/1142/370 827/1143/371
f 825/1140/438 824/1139/368 827/1143/371 828/1144/372
f 828/1144/372 802/1124/434 803/1123/435 825/1140/438
f 814/1145/52 829/1146/373 826/1147/370
f 827/1148/371 826/1147/370 829/1146/373 830/1149/374
f 828/1150/372 827/1148/371 830/1149/374 831/1151/375
f 831/1151/375 801/1121/433 802/1122/434 828/1150/372
f 814/1152/52 832/1153/376 829/1146/373
f 830/1149/374 829/1146/373 832/1153/376 833/1154/439
f 831/1151/375 830/1149/374 833/1154/439 834/1155/378
f 834/1155/378 800/1120/432 801/1121/433 831/1151/375
f 813/1156/51 835/1157/379 832/1153/376 814/1152/52
f 833/1154/439 832/1153/376 835/1157/379 836/1158/380
f 834/1155/378 833/1154/439 836/1158/380 837/1159/381
f 837/1159/381 799/1119/431 800/1120/432 834/1155/378
f 812/1160/50 838/1161/382 835/1157/379 813/1156/51
f 836/1158/380 835/1157/379 838/1161/382 839/1162/440
f 837/1159/381 836/1158/380 839/1162/440 840/1163/384
f 840/1163/384 798/1118/351 799/1119/431 837/1159/381
f 812/1164/50 841/1165/385 838/1161/382
f 839/1162/440 838/1161/382 841/1165/385 842/1166/386
f 840/1163/384 839/1162/440 842/1166/386 843/1167/387
f 843/1167/387 797/1117/430 798/1118/351 840/1163/384
f 811/1168/44 844/1169/388 841/1165/385 812/1164/50
f 842/1166/386 841/1165/385 844/1169/388 845/1170/441
f 843/1167/387 842/1166/386 845/1170/441 846/1171/390
f 846/1171/390 796/1116/429 797/1117/430 843/1167/387
f 811/1172/44 847/1173/391 844/1169/388
f 845/1170/441 844/1169/388 847/1173/391 848/1174/392
f 846/1171/390 845/1170/441 848/1174/392 849/1175/393
f 849/1175/393 795/1115/428 796/1116/429 846/1171/390
f 810/1176/43 850/1177/394 847/1173/391 811/1172/44
f 848/1174/392 847/1173/391 850/1177/394 851/1178/395
f 849/1175/393 848/1174/392 851/1178/395 852/1179/396
f 852/1179/396 794/1114/427 795/1115/428 849/1175/393
f 810/1180/43 853/1181/397 850/1177/394
f 851/1178/395 850/1177/394 853/1181/397 854/1182/442
f 852/1179/396 851/1178/395 854/1182/442 855/1183/399
f 855/1183/399 793/1113/426 794/1114/427 852/1179/396
f 809/1184/42 856/1185/400 853/1181/397 810/1180/43
f 854/1182/442 853/1181/397 856/1185/400 857/1186/401
f 855/1183/399 854/1182/442 857/1186/401 858/1187/402
f 858/1187/402 792/1112/425 793/1113/426 855/1183/399
f 809/1188/42 859/1189/403 856/1185/400
f 857/1186/401 856/1185/400 859/1189/403 860/1190/443
f 858/1187/402 857/1186/401 860/1190/443 861/1191/405
f 861/1191/405 791/1111/424 792/1112/425 858/1187/402
f 809/1192/42 862/1193/406 859/1189/403
f 860/1190/443 859/1189/403 862/1193/406 863/1194/407
f 861/1191/405 860/1190/443 863/1194/407 864/1195/408
f 864/1195/408 790/1110/423 791/1111/424 861/1191/405
f 808/1196/41 865/1197/409 862/1193/406 809/1192/42
f 863/1194/407 862/1193/406 865/1197/409 866/1198/444
f 864/1195/408 863/1194/407 866/1198/444 867/1199/411
f 867/1199/411 789/1108/421 790/1110/423 864/1195/408
f 808/1200/41 868/1201/412 865/1197/409
f 866/1198/444 865/1197/409 868/1201/412 869/1202/445
f 867/1199/411 866/1198/444 869/1202/445 870/1203/414
f 870/1203/414 788/1109/422 789/1108/421 867/1199/411
f 808/1204/41 871/1205/415 868/1201/412
f 869/1202/445 868/1201/412 871/1205/415 872/1206/416
f 870/1203/414 869/1202/445 872/1206/416 873/1207/417
f 873/1207/417 807/1128/360 788/1109/422 870/1203/414
f 816/1208/49 874/1209/418 871/1205/415 808/1204/41
f 872/1206/416 871/1205/415 874/1209/418 875/1210/446
f 873/1207/417 872/1206/416 875/1210/446 876/1211/447
f 876/1211/447 806/1127/359 807/1128/360 873/1207/417
f 816/1132/49 817/1131/362 874/1209/418
f 875/1210/446 874/1209/418 817/1131/362 818/1133/363
f 876/1211/447 875/1210/446 818/1133/363 819/1135/365
f 819/1135/365 805/1126/358 806/1127/359 876/1211/447
f 879/1212/253 880/1213/253 878/1214/2 877/1215/2
f 881/1216/251 882/1217/251 880/1213/253 879/1212/253
f 883/1218/249 884/1219/249 882/1217/251 881/1216/251
f 885/1220/246 886/1221/246 884/1219/249 883/1218/249
f 887/1222/3 888/1223/3 886/1221/246 885/1220/246
f 889/1224/279 890/1225/279 888/1226/3 887/1227/3
f 891/1228/277 892/1229/277 890/1225/279 889/1224/279
f 893/1230/275 894/1231/275 892/1229/277 891/1228/277
f 895/1232/273 896/1233/273 894/1231/275 893/1230/275
f 897/1234/1 898/1235/1 896/1233/273 895/1232/273
f 899/1236/270 900/1237/270 898/1235/1 897/1234/1
f 901/1238/268 902/1239/268 900/1237/270 899/1236/270
f 903/1240/266 904/1241/266 902/1239/268 901/1238/268
f 905/1242/264 906/1243/264 904/1241/266 903/1240/266
f 907/1244/4 908/1245/4 906/1243/264 905/1242/264
f 909/1246/261 910/1247/261 908/1245/4 907/1244/4
f 911/1248/259 912/1249/259 910/1247/261 909/1246/261
f 913/1250/257 914/1251/257 912/1249/259 911/1248/259
f 915/1252/256 916/1253/256 914/1251/257 913/1250/257
f 877/1215/2 878/1214/2 916/1253/256 915/1252/256
f 877/1215/27 918/1254/27 917/1255/27 879/1212/27
f 879/1212/27 917/1255/27 919/1256/27 881/1216/27
f 881/1216/27 919/1256/27 920/1257/27 883/1218/27
f 883/1218/27 920/1257/27 921/1258/27 885/1220/27
f 885/1220/27 921/1258/27 922/1259/27 887/1222/27
f 887/1227/27 922/1260/27 923/1261/27 889/1224/27
f 889/1224/27 923/1261/27 924/1262/27 891/1228/27
f 891/1228/27 924/1262/27 925/1263/27 893/1230/27
f 893/1230/27 925/1263/27 926/1264/27 895/1232/27
f 895/1232/27 926/1264/27 927/1265/27 897/1234/27
f 897/1234/27 927/1265/27 928/1266/27 899/1236/27
f 899/1236/27 928/1266/27 929/1267/27 901/1238/27
f 901/1238/27 929/1267/27 930/1268/27 903/1240/27
f 903/1240/27 930/1268/27 931/1269/27 905/1242/27
f 905/1242/27 931/1269/27 932/1270/27 907/1244/27
f 907/1244/27 932/1270/27 933/1271/27 909/1246/27
f 909/1246/27 933/1271/27 934/1272/27 911/1248/27
f 911/1248/27 934/1272/27 935/1273/27 913/1250/27
f 913/1250/27 935/1273/27 936/1274/27 915/1252/27
f 915/1252/27 936/1274/27 918/1254/27 877/1215/27
f 917/1255/270 938/1275/270 937/1276/268 919/1256/268
f 918/1254/1 939/1277/1 938/1275/270 917/1255/270
f 936/1274/273 940/1278/273 939/1277/1 918/1254/1
f 935/1273/275 941/1279/275 940/1278/273 936/1274/273
f 934/1272/277 942/1280/277 941/1279/275 935/1273/275
f 933/1271/279 943/1281/279 942/1280/277 934/1272/277
f 932/1270/3 944/1282/3 943/1281/279 933/1271/279
f 931/1269/246 945/1283/246 944/1282/3 932/1270/3
f 930/1268/249 946/1284/249 945/1283/246 931/1269/246
f 929/1267/251 947/1285/251 946/1284/249 930/1268/249
f 928/1266/253 948/1286/253 947/1285/251 929/1267/251
f 927/1265/2 949/1287/2 948/1286/253 928/1266/253
f 926/1264/256 950/1288/256 949/1287/2 927/1265/2
f 925/1263/257 951/1289/257 950/1288/256 926/1264/256
f 924/1262/259 952/1290/259 951/1289/257 925/1263/257
f 923/1261/261 953/1291/261 952/1290/259 924/1262/259
f 922/1260/4 954/1292/4 953/1291/261 923/1261/261
f 921/1258/264 955/1293/264 954/1294/4 922/1259/4
f 920/1257/266 956/1295/266 955/1293/264 921/1258/264
f 919/1256/268 937/1276/268 956/1295/266 920/1257/266
f 942/1280/27 958/1296/27 957/1297/27 941/1279/27
f 941/1279/27 957/1297/27 959/1298/27 940/1278/27
f 940/1278/27 959/1298/27 960/1299/27 939/1277/27
f 939/1277/27 960/1299/27 961/1300/27 938/1275/27
f 938/1275/27 961/1300/27 962/1301/27 937/1276/27
f 937/1276/27 962/1301/27 963/1302/27 956/1295/27
f 956/1295/27 963/1302/27 964/1303/27 955/1293/27
f 955/1293/27 964/1303/27 965/1304/27 954/1294/27
f 954/1292/27 965/1305/27 966/1306/27 953/1291/27
f 953/1291/27 966/1306/27 967/1307/27 952/1290/27
f 952/1290/27 967/1307/27 968/1308/27 951/1289/27
f 951/1289/27 968/1308/27 969/1309/27 950/1288/27
f 950/1288/27 969/1309/27 970/1310/27 949/1287/27
f 949/1287/27 970/1310/27 971/1311/27 948/1286/27
f 948/1286/27 971/1311/27 972/1312/27 947/1285/27
f 947/1285/27 972/1312/27 973/1313/27 946/1284/27
f 946/1284/27 973/1313/27 974/1314/27 945/1283/27
f 945/1283/27 974/1314/27 975/1315/27 944/1282/27
f 944/1282/27 975/1315/27 976/1316/27 943/1281/27
f 943/1281/27 976/1316/27 958/1296/27 942/1280/27
f 957/1297/257 978/1317/448 977/1318/342 959/1298/256
f 958/1296/259 979/1319/449 978/1317/448 957/1297/257
f 976/1316/261 980/1320/450 979/1319/449 958/1296/259
f 975/1315/4 981/1321/425 980/1320/450 976/1316/261
f 974/1314/264 982/1322/451 981/1321/425 975/1315/4
f 973/1313/266 983/1323/452 982/1322/451 974/1314/264
f 972/1312/268 984/1324/428 983/1323/452 973/1313/266
f 971/1311/270 985/1325/349 984/1324/428 972/1312/268
f 970/1310/1 986/1326/430 985/1325/349 971/1311/270
f 969/1309/273 987/1327/453 986/1326/430 970/1310/1
f 968/1308/275 988/1328/454 987/1327/453 969/1309/273
f 967/1307/277 989/1329/455 988/1328/454 968/1308/275
f 966/1306/279 990/1330/456 989/1329/455 967/1307/277
f 965/1305/3 991/1331/457 990/1330/456 966/1306/279
f 964/1303/246 992/1332/458 991/1333/457 965/1304/3
f 963/1302/249 993/1334/357 992/1332/458 964/1303/246
f 962/1301/251 994/1335/358 993/1334/357 963/1302/249
f 961/1300/253 995/1336/459 994/1335/358 962/1301/251
f 960/1299/2 996/1337/460 995/1336/459 961/1300/253
f 959/1298/256 977/1318/342 996/1337/460 960/1299/2
f 1004/1338/61 1009/1339/361 1006/1340/362 1005/1341/49
f 1007/1342/363 1006/1340/362 1009/1339/361 1010/1343/437
f 1008/1344/365 1007/1342/363 1010/1343/437 1011/1345/366
f 1011/1345/366 993/1334/357 994/1335/358 1008/1344/365
f 1004/1346/61 1012/1347/367 1009/1339/361
f 1010/1343/437 1009/1339/361 1012/1347/367 1013/1348/461
f 1011/1345/366 1010/1343/437 1013/1348/461 1014/1349/369
f 1014/1349/369 992/1332/458 993/1334/357 1011/1345/366
f 1003/1350/60 1015/1351/370 1012/1347/367 1004/1346/61
f 1013/1348/461 1012/1347/367 1015/1351/370 1016/1352/371
f 1014/1349/369 1013/1348/461 1016/1352/371 1017/1353/372
f 1017/1353/372 991/1333/457 992/1332/458 1014/1349/369
f 1003/1354/60 1018/1355/373 1015/1356/370
f 1016/1357/371 1015/1356/370 1018/1355/373 1019/1358/462
f 1017/1359/372 1016/1357/371 1019/1358/462 1020/1360/375
f 1020/1360/375 990/1330/456 991/1331/457 1017/1359/372
f 1002/1361/59 1021/1362/376 1018/1355/373 1003/1354/60
f 1019/1358/462 1018/1355/373 1021/1362/376 1022/1363/439
f 1020/1360/375 1019/1358/462 1022/1363/439 1023/1364/378
f 1023/1364/378 989/1329/455 990/1330/456 1020/1360/375
f 1002/1365/59 1024/1366/379 1021/1362/376
f 1022/1363/439 1021/1362/376 1024/1366/379 1025/1367/380
f 1023/1364/378 1022/1363/439 1025/1367/380 1026/1368/381
f 1026/1368/381 988/1328/454 989/1329/455 1023/1364/378
f 1001/1369/58 1027/1370/382 1024/1366/379 1002/1365/59
f 1025/1367/380 1024/1366/379 1027/1370/382 1028/1371/383
f 1026/1368/381 1025/1367/380 1028/1371/383 1029/1372/384
f 1029/1372/384 987/1327/453 988/1328/454 1026/1368/381
f 1001/1373/58 1030/1374/385 1027/1370/382
f 1028/1371/383 1027/1370/382 1030/1374/385 1031/1375/386
f 1029/1372/384 1028/1371/383 1031/1375/386 1032/1376/387
f 1032/1376/387 986/1326/430 987/1327/453 1029/1372/384
f 1001/1377/58 1033/1378/388 1030/1374/385
f 1031/1375/386 1030/1374/385 1033/1378/388 1034/1379/441
f 1032/1376/387 1031/1375/386 1034/1379/441 1035/1380/390
f 1035/1380/390 985/1325/349 986/1326/430 1032/1376/387
f 1000/1381/57 1036/1382/391 1033/1378/388 1001/1377/58
f 1034/1379/441 1033/1378/388 1036/1382/391 1037/1383/392
f 1035/1380/390 1034/1379/441 1037/1383/392 1038/1384/393
f 1038/1384/393 984/1324/428 985/1325/349 1035/1380/390
f 1000/1385/57 1039/1386/394 1036/1382/391
f 1037/1383/392 1036/1382/391 1039/1386/394 1040/1387/395
f 1038/1384/393 1037/1383/392 1040/1387/395 1041/1388/396
f 1041/1388/396 983/1323/452 984/1324/428 1038/1384/393
f 1000/1389/57 1042/1390/397 1039/1386/394
f 1040/1387/395 1039/1386/394 1042/1390/397 1043/1391/398
f 1041/1388/396 1040/1387/395 1043/1391/398 1044/1392/463
f 1044/1392/463 982/1322/451 983/1323/452 1041/1388/396
f 999/1393/56 1045/1394/400 1042/1390/397 1000/1389/57
f 1043/1391/398 1042/1390/397 1045/1394/400 1046/1395/401
f 1044/1392/463 1043/1391/398 1046/1395/401 1047/1396/402
f 1047/1396/402 981/1321/425 982/1322/451 1044/1392/463
f 998/1397/55 1048/1398/403 1045/1394/400 999/1393/56
f 1046/1395/401 1045/1394/400 1048/1398/403 1049/1399/404
f 1047/1396/402 1046/1395/401 1049/1399/404 1050/1400/464
f 1050/1400/464 980/1320/450 981/1321/425 1047/1396/402
f 998/1401/55 1051/1402/406 1048/1398/403
f 1049/1399/404 1048/1398/403 1051/1402/406 1052/1403/407
f 1050/1400/464 1049/1399/404 1052/1403/407 1053/1404/408
f 1053/1404/408 979/1319/449 980/1320/450 1050/1400/464
f 997/1405/54 1054/1406/409 1051/1402/406 998/1401/55
f 1052/1403/407 1051/1402/406 1054/1406/409 1055/1407/410
f 1053/1404/408 1052/1403/407 1055/1407/410 1056/1408/411
f 1056/1408/411 978/1317/448 979/1319/449 1053/1404/408
f 997/1409/54 1057/1410/412 1054/1406/409
f 1055/1407/410 1054/1406/409 1057/1410/412 1058/1411/445
f 1056/1408/411 1055/1407/410 1058/1411/445 1059/1412/414
f 1059/1412/414 977/1318/342 978/1317/448 1056/1408/411
f 997/1413/54 1060/1414/415 1057/1410/412
f 1058/1411/445 1057/1410/412 1060/1414/415 1061/1415/416
f 1059/1412/414 1058/1411/445 1061/1415/416 1062/1416/417
f 1062/1416/417 996/1337/460 977/1318/342 1059/1412/414
f 1005/1417/49 1063/1418/418 1060/1414/415 997/1413/54
f 1061/1415/416 1060/1414/415 1063/1418/418 1064/1419/419
f 1062/1416/417 1061/1415/416 1064/1419/419 1065/1420/420
f 1065/1420/420 995/1336/459 996/1337/460 1062/1416/417
f 1005/1341/49 1006/1340/362 1063/1418/418
f 1064/1419/419 1063/1418/418 1006/1340/362 1007/1342/363
f 1065/1420/420 1064/1419/419 1007/1342/363 1008/1344/365
f 1008/1344/365 994/1335/358 995/1336/459 1065/1420/420
f 1068/1421/253 1069/1422/253 1067/1423/2 1066/1424/2
f 1070/1425/251 1071/1426/251 1069/1422/253 1068/1421/253
f 1072/1427/249 1073/1428/249 1071/1426/251 1070/1425/251
f 1074/1429/246 1075/1430/246 1073/1428/249 1072/1427/249
f 1076/1431/3 1077/1432/3 1075/1430/246 1074/1429/246
f 1078/1433/279 1079/1434/279 1077/1435/3 1076/1436/3
f 1080/1437/277 1081/1438/277 1079/1434/279 1078/1433/279
f 1082/1439/275 1083/1440/275 1081/1438/277 1080/1437/277
f 1084/1441/273 1085/1442/273 1083/1440/275 1082/1439/275
f 1086/1443/1 1087/1444/1 1085/1442/273 1084/1441/273
f 1088/1445/270 1089/1446/270 1087/1444/1 1086/1443/1
f 1090/1447/268 1091/1448/268 1089/1446/270 1088/1445/270
f 1092/1449/266 1093/1450/266 1091/1448/268 1090/1447/268
f 1094/1451/264 1095/1452/264 1093/1450/266 1092/1449/266
f 1096/1453/4 1097/1454/4 1095/1452/264 1094/1451/264
f 1098/1455/261 1099/1456/261 1097/1454/4 1096/1453/4
f 1100/1457/259 1101/1458/259 1099/1456/261 1098/1455/261
f 1102/1459/257 1103/1460/257 1101/1458/259 1100/1457/259
f 1104/1461/256 1105/1462/256 1103/1460/257 1102/1459/257
f 1066/1424/2 1067/1423/2 1105/1462/256 1104/1461/256
f 1066/1424/27 1107/1463/27 1106/1464/27 1068/1421/27
f 1068/1421/27 1106/1464/27 1108/1465/27 1070/1425/27
f 1070/1425/27 1108/1465/27 1109/1466/27 1072/1427/27
f 1072/1427/27 1109/1466/27 1110/1467/27 1074/1429/27
f 1074/1429/27 1110/1467/27 1111/1468/27 1076/1431/27
f 1076/1436/27 1111/1469/27 1112/1470/27 1078/1433/27
f 1078/1433/27 1112/1470/27 1113/1471/27 1080/1437/27
f 1080/1437/27 1113/1471/27 1114/1472/27 1082/1439/27
f 1082/1439/27 1114/1472/27 1115/1473/27 1084/1441/27
f 1084/1441/27 1115/1473/27 1116/1474/27 1086/1443/27
f 1086/1443/27 1116/1474/27 1117/1475/27 1088/1445/27
f 1088/1445/27 1117/1475/27 1118/1476/27 1090/1447/27
f 1090/1447/27 1118/1476/27 1119/1477/27 1092/1449/27
f 1092/1449/27 1119/1477/27 1120/1478/27 1094/1451/27
f 1094/1451/27 1120/1478/27 1121/1479/27 1096/1453/27
f 1096/1453/27 1121/1479/27 1122/1480/27 1098/1455/27
f 1098/1455/27 1122/1480/27 1123/1481/27 1100/1457/27
f 1100/1457/27 1123/1481/27 1124/1482/27 1102/1459/27
f 1102/1459/27 1124/1482/27 1125/1483/27 1104/1461/27
f 1104/1461/27 1125/1483/27 1107/1463/27 1066/1424/27
f 1106/1464/270 1127/1484/270 1126/1485/268 1108/1465/268
f 1107/1463/1 1128/1486/1 1127/1484/270 1106/1464/270
f 1125/1483/273 1129/1487/273 1128/1486/1 1107/1463/1
f 1124/1482/275 1130/1488/275 1129/1487/273 1125/1483/273
f 1123/1481/277 1131/1489/277 1130/1488/275 1124/1482/275
f 1122/1480/279 1132/1490/279 1131/1489/277 1123/1481/277
f 1121/1479/3 1133/1491/3 1132/1490/279 1122/1480/279
f 1120/1478/246 1134/1492/246 1133/1491/3 1121/1479/3
f 1119/1477/249 1135/1493/249 1134/1492/246 1120/1478/246
f 1118/1476/251 1136/1494/251 1135/1493/249 1119/1477/249
f 1117/1475/253 1137/1495/253 1136/1494/251 1118/1476/251
f 1116/1474/2 1138/1496/2 1137/1495/253 1117/1475/253
f 1115/1473/256 1139/1497/256 1138/1496/2 1116/1474/2
f 1114/1472/257 1140/1498/257 1139/1497/256 1115/1473/256
f 1113/1471/259 1141/1499/259 1140/1498/257 1114/1472/257
f 1112/1470/261 1142/1500/261 1141/1499/259 1113/1471/259
f 1111/1469/4 1143/1501/4 1142/1500/261 1112/1470/261
f 1110/1467/264 1144/1502/264 1143/1503/4 1111/1468/4
f 1109/1466/266 1145/1504/266 1144/1502/264 1110/1467/264
f 1108/1465/268 1126/1485/268 1145/1504/266 1109/1466/266
f 1131/1489/27 1147/1505/27 1146/1506/27 1130/1488/27
f 1130/1488/27 1146/1506/27 1148/1507/27 1129/1487/27
f 1129/1487/27 1148/1507/27 1149/1508/27 1128/1486/27
f 1128/1486/27 1149/1508/27 1150/1509/27 1127/1484/27
f 1127/1484/27 1150/1509/27 1151/1510/27 1126/1485/27
f 1126/1485/27 1151/1510/27 1152/1511/27 1145/1504/27
f 1145/1504/27 1152/1511/27 1153/1512/27 1144/1502/27
f 1144/1502/27 1153/1512/27 1154/1513/27 1143/1503/27
f 1143/1501/27 1154/1514/27 1155/1515/27 1142/1500/27
f 1142/1500/27 1155/1515/27 1156/1516/27 1141/1499/27
f 1141/1499/27 1156/1516/27 1157/1517/27 1140/1498/27
f 1140/1498/27 1157/1517/27 1158/1518/27 1139/1497/27
f 1139/1497/27 1158/1518/27 1159/1519/27 1138/1496/27
f 1138/1496/27 1159/1519/27 1160/1520/27 1137/1495/27
f 1137/1495/27 1160/1520/27 1161/1521/27 1136/1494/27
f 1136/1494/27 1161/1521/27 1162/1522/27 1135/1493/27
f 1135/1493/27 1162/1522/27 1163/1523/27 1134/1492/27
f 1134/1492/27 1163/1523/27 1164/1524/27 1133/1491/27
f 1133/1491/27 1164/1524/27 1165/1525/27 1132/1490/27
f 1132/1490/27 1165/1525/27 1147/1505/27 1131/1489/27
f 1146/1506/257 1167/1526/465 1166/1527/342 1148/1507/256
f 1147/1505/259 1168/1528/466 1167/1526/465 1146/1506/257
f 1165/1525/261 1169/1529/344 1168/1528/466 1147/1505/259
f 1164/1524/4 1170/1530/467 1169/1529/344 1165/1525/261
f 1163/1523/264 1171/1531/451 1170/1530/467 1164/1524/4
f 1162/1522/266 1172/1532/468 1171/1531/451 1163/1523/264
f 1161/1521/268 1173/1533/348 1172/1532/468 1162/1522/266
f 1160/1520/270 1174/1534/349 1173/1533/348 1161/1521/268
f 1159/1519/1 1175/1535/350 1174/1534/349 1160/1520/270
f 1158/1518/273 1176/1536/469 1175/1535/350 1159/1519/1
f 1157/1517/275 1177/1537/454 1176/1536/469 1158/1518/273
f 1156/1516/277 1178/1538/353 1177/1537/454 1157/1517/275
f 1155/1515/279 1179/1539/456 1178/1538/353 1156/1516/277
f 1154/1514/3 1180/1540/457 1179/1539/456 1155/1515/279
f 1153/1512/246 1181/1541/470 1180/1542/457 1154/1513/3
f 1152/1511/249 1182/1543/357 1181/1541/470 1153/1512/246
f 1151/1510/251 1183/1544/471 1182/1543/357 1152/1511/249
f 1150/1509/253 1184/1545/472 1183/1544/471 1151/1510/251
f 1149/1508/2 1185/1546/360 1184/1545/472 1150/1509/253
f 1148/1507/256 1166/1527/342 1185/1546/360 1149/1508/2
f 1193/1547/66 1198/1548/361 1195/1549/362
f 1196/1550/363 1195/1549/362 1198/1548/361 1199/1551/437
f 1197/1552/365 1196/1550/363 1199/1551/437 1200/1553/366
f 1200/1553/366 1182/1543/357 1183/1544/471 1197/1552/365
f 1193/1554/66 1201/1555/367 1198/1548/361
f 1199/1551/437 1198/1548/361 1201/1555/367 1202/1556/461
f 1200/1553/366 1199/1551/437 1202/1556/461 1203/1557/369
f 1203/1557/369 1181/1541/470 1182/1543/357 1200/1553/366
f 1192/1558/52 1204/1559/370 1201/1555/367 1193/1554/66
f 1202/1556/461 1201/1555/367 1204/1559/370 1205/1560/371
f 1203/1557/369 1202/1556/461 1205/1560/371 1206/1561/372
f 1206/1561/372 1180/1542/457 1181/1541/470 1203/1557/369
f 1192/1562/52 1207/1563/373 1204/1564/370
f 1205/1565/371 1204/1564/370 1207/1563/373 1208/1566/462
f 1206/1567/372 1205/1565/371 1208/1566/462 1209/1568/375
f 1209/1568/375 1179/1539/456 1180/1540/457 1206/1567/372
f 1192/1569/52 1210/1570/376 1207/1563/373
f 1208/1566/462 1207/1563/373 1210/1570/376 1211/1571/439
f 1209/1568/375 1208/1566/462 1211/1571/439 1212/1572/378
f 1212/1572/378 1178/1538/353 1179/1539/456 1209/1568/375
f 1191/1573/51 1213/1574/379 1210/1570/376 1192/1569/52
f 1211/1571/439 1210/1570/376 1213/1574/379 1214/1575/380
f 1212/1572/378 1211/1571/439 1214/1575/380 1215/1576/381
f 1215/1576/381 1177/1537/454 1178/1538/353 1212/1572/378
f 1190/1577/50 1216/1578/382 1213/1574/379 1191/1573/51
f 1214/1575/380 1213/1574/379 1216/1578/382 1217/1579/383
f 1215/1576/381 1214/1575/380 1217/1579/383 1218/1580/384
f 1218/1580/384 1176/1536/469 1177/1537/454 1215/1576/381
f 1190/1581/50 1219/1582/385 1216/1578/382
f 1217/1579/383 1216/1578/382 1219/1582/385 1220/1583/386
f 1218/1580/384 1217/1579/383 1220/1583/386 1221/1584/387
f 1221/1584/387 1175/1535/350 1176/1536/469 1218/1580/384
f 1189/1585/44 1222/1586/388 1219/1582/385 1190/1581/50
f 1220/1583/386 1219/1582/385 1222/1586/388 1223/1587/441
f 1221/1584/387 1220/1583/386 1223/1587/441 1224/1588/390
f 1224/1588/390 1174/1534/349 1175/1535/350 1221/1584/387
f 1189/1589/44 1225/1590/391 1222/1586/388
f 1223/1587/441 1222/1586/388 1225/1590/391 1226/1591/392
f 1224/1588/390 1223/1587/441 1226/1591/392 1227/1592/393
f 1227/1592/393 1173/1533/348 1174/1534/349 1224/1588/390
f 1188/1593/65 1228/1594/394 1225/1590/391 1189/1589/44
f 1226/1591/392 1225/1590/391 1228/1594/394 1229/1595/473
f 1227/1592/393 1226/1591/392 1229/1595/473 1230/1596/396
f 1230/1596/396 1172/1532/468 1173/1533/348 1227/1592/393
f 1188/1597/65 1231/1598/397 1228/1594/394
f 1229/1595/473 1228/1594/394 1231/1598/397 1232/1599/398
f 1230/1596/396 1229/1595/473 1232/1599/398 1233/1600/463
f 1233/1600/463 1171/1531/451 1172/1532/468 1230/1596/396
f 1187/1601/64 1234/1602/400 1231/1598/397 1188/1597/65
f 1232/1599/398 1231/1598/397 1234/1602/400 1235/1603/401
f 1233/1600/463 1232/1599/398 1235/1603/401 1236/1604/402
f 1236/1604/402 1170/1530/467 1171/1531/451 1233/1600/463
f 1187/1605/64 1237/1606/403 1234/1602/400
f 1235/1603/401 1234/1602/400 1237/1606/403 1238/1607/404
f 1236/1604/402 1235/1603/401 1238/1607/404 1239/1608/464
f 1239/1608/464 1169/1529/344 1170/1530/467 1236/1604/402
f 1186/1609/63 1240/1610/406 1237/1606/403 1187/1605/64
f 1238/1607/404 1237/1606/403 1240/1610/406 1241/1611/407
f 1239/1608/464 1238/1607/404 1241/1611/407 1242/1612/408
f 1242/1612/408 1168/1528/466 1169/1529/344 1239/1608/464
f 1186/1613/63 1243/1614/409 1240/1610/406
f 1241/1611/407 1240/1610/406 1243/1614/409 1244/1615/410
f 1242/1612/408 1241/1611/407 1244/1615/410 1245/1616/411
f 1245/1616/411 1167/1526/465 1168/1528/466 1242/1612/408
f 1186/1617/63 1246/1618/412 1243/1614/409
f 1244/1615/410 1243/1614/409 1246/1618/412 1247/1619/445
f 1245/1616/411 1244/1615/410 1247/1619/445 1248/1620/414
f 1248/1620/414 1166/1527/342 1167/1526/465 1245/1616/411
f 1194/1621/62 1249/1622/415 1246/1618/412 1186/1617/63
f 1247/1619/445 1246/1618/412 1249/1622/415 1250/1623/416
f 1248/1620/414 1247/1619/445 1250/1623/416 1251/1624/417
f 1251/1624/417 1185/1546/360 1166/1527/342 1248/1620/414
f 1194/1625/62 1252/1626/418 1249/1622/415
f 1250/1623/416 1249/1622/415 1252/1626/418 1253/1627/419
f 1251/1624/417 1250/1623/416 1253/1627/419 1254/1628/420
f 1254/1628/420 1184/1545/472 1185/1546/360 1251/1624/417
f 1193/1629/66 1195/1549/362 1252/1626/418 1194/1625/62
f 1253/1627/419 1252/1626/418 1195/1549/362 1196/1550/363
f 1254/1628/420 1253/1627/419 1196/1550/363 1197/1552/365
f 1197/1552/365 1183/1544/471 1184/1545/472 1254/1628/420
f 1257/1630/279 1258/1631/279 1256/1632/3 1255/1633/3
f 1259/1634/277 1260/1635/277 1258/1631/279 1257/1630/279
f 1261/1636/275 1262/1637/275 1260/1635/277 1259/1634/277
f 1263/1638/273 1264/1639/273 1262/1637/275 1261/1636/275
f 1265/1640/1 1266/1641/1 1264/1639/273 1263/1638/273
f 1267/1642/270 1268/1643/270 1266/1644/1 1265/1645/1
f 1269/1646/268 1270/1647/268 1268/1643/270 1267/1642/270
f 1271/1648/266 1272/1649/266 1270/1647/268 1269/1646/268
f 1273/1650/264 1274/1651/264 1272/1649/266 1271/1648/266
f 1275/1652/4 1276/1653/4 1274/1651/264 1273/1650/264
f 1277/1654/261 1278/1655/261 1276/1653/4 1275/1652/4
f 1279/1656/259 1280/1657/259 1278/1655/261 1277/1654/261
f 1281/1658/257 1282/1659/257 1280/1657/259 1279/1656/259
f 1283/1660/256 1284/1661/256 1282/1659/257 1281/1658/257
f 1285/1662/2 1286/1663/2 1284/1661/256 1283/1660/256
f 1287/1664/253 1288/1665/253 1286/1663/2 1285/1662/2
f 1289/1666/251 1290/1667/251 1288/1665/253 1287/1664/253
f 1291/1668/249 1292/1669/249 1290/1667/251 1289/1666/251
f 1293/1670/246 1294/1671/246 1292/1669/249 1291/1668/249
f 1255/1633/3 1256/1632/3 1294/1671/246 1293/1670/246
f 1255/1633/27 1296/1672/27 1295/1673/27 1257/1630/27
f 1257/1630/27 1295/1673/27 1297/1674/27 1259/1634/27
f 1259/1634/27 1297/1674/27 1298/1675/27 1261/1636/27
f 1261/1636/27 1298/1675/27 1299/1676/27 1263/1638/27
f 1263/1638/27 1299/1676/27 1300/1677/27 1265/1640/27
f 1265/1645/27 1300/1678/27 1301/1679/27 1267/1642/27
f 1267/1642/27 1301/1679/27 1302/1680/27 1269/1646/27
f 1269/1646/27 1302/1680/27 1303/1681/27 1271/1648/27
f 1271/1648/27 1303/1681/27 1304/1682/27 1273/1650/27
f 1273/1650/27 1304/1682/27 1305/1683/27 1275/1652/27
f 1275/1652/27 1305/1683/27 1306/1684/27 1277/1654/27
f 1277/1654/27 1306/1684/27 1307/1685/27 1279/1656/27
f 1279/1656/27 1307/1685/27 1308/1686/27 1281/1658/27
f 1281/1658/27 1308/1686/27 1309/1687/27 1283/1660/27
f 1283/1660/27 1309/1687/27 1310/1688/27 1285/1662/27
f 1285/1662/27 1310/1688/27 1311/1689/27 1287/1664/27
f 1287/1664/27 1311/1689/27 1312/1690/27 1289/1666/27
f 1289/1666/27 1312/1690/27 1313/1691/27 1291/1668/27
f 1291/1668/27 1313/1691/27 1314/1692/27 1293/1670/27
f 1293/1670/27 1314/1692/27 1296/1672/27 1255/1633/27
f 1295/1673/261 1316/1693/261 1315/1694/259 1297/1674/259
f 1296/1672/4 1317/1695/4 1316/1693/261 1295/1673/261
f 1314/1692/264 1318/1696/264 1317/1695/4 1296/1672/4
f 1313/1691/266 1319/1697/266 1318/1696/264 1314/1692/264
f 1312/1690/268 1320/1698/268 1319/1697/266 1313/1691/266
f 1311/1689/270 1321/1699/270 1320/1698/268 1312/1690/268
f 1310/1688/1 1322/1700/1 1321/1699/270 1311/1689/270
f 1309/1687/273 1323/1701/273 1322/1700/1 1310/1688/1
f 1308/1686/275 1324/1702/275 1323/1701/273 1309/1687/273
f 1307/1685/277 1325/1703/277 1324/1702/275 1308/1686/275
f 1306/1684/279 1326/1704/279 1325/1703/277 1307/1685/277
f 1305/1683/3 1327/1705/3 1326/1704/279 1306/1684/279
f 1304/1682/246 1328/1706/246 1327/1705/3 1305/1683/3
f 1303/1681/249 1329/1707/249 1328/1706/246 1304/1682/246
f 1302/1680/251 1330/1708/251 1329/1707/249 1303/1681/249
f 1301/1679/253 1331/1709/253 1330/1708/251 1302/1680/251
f 1300/1678/2 1332/1710/2 1331/1709/253 1301/1679/253
f 1299/1676/256 1333/1711/256 1332/1712/2 1300/1677/2
f 1298/1675/257 1334/1713/257 1333/1711/256 1299/1676/256
f 1297/1674/259 1315/1694/259 1334/1713/257 1298/1675/257
f 1320/1698/27 1336/1714/27 1335/1715/27 1319/1697/27
f 1319/1697/27 1335/1715/27 1337/1716/27 1318/1696/27
f 1318/1696/27 1337/1716/27 1338/1717/27 1317/1695/27
f 1317/1695/27 1338/1717/27 1339/1718/27 1316/1693/27
f 1316/1693/27 1339/1718/27 1340/1719/27 1315/1694/27
f 1315/1694/27 1340/1719/27 1341/1720/27 1334/1713/27
f 1334/1713/27 1341/1720/27 1342/1721/27 1333/1711/27
f 1333/1711/27 1342/1721/27 1343/1722/27 1332/1712/27
f 1332/1710/27 1343/1723/27 1344/1724/27 1331/1709/27
f 1331/1709/27 1344/1724/27 1345/1725/27 1330/1708/27
f 1330/1708/27 1345/1725/27 1346/1726/27 1329/1707/27
f 1329/1707/27 1346/1726/27 1347/1727/27 1328/1706/27
f 1328/1706/27 1347/1727/27 1348/1728/27 1327/1705/27
f 1327/1705/27 1348/1728/27 1349/1729/27 1326/1704/27
f 1326/1704/27 1349/1729/27 1350/1730/27 1325/1703/27
f 1325/1703/27 1350/1730/27 1351/1731/27 1324/1702/27
f 1324/1702/27 1351/1731/27 1352/1732/27 1323/1701/27
f 1323/1701/27 1352/1732/27 1353/1733/27 1322/1700/27
f 1322/1700/27 1353/1733/27 1354/1734/27 1321/1699/27
f 1321/1699/27 1354/1734/27 1336/1714/27 1320/1698/27
f 1335/1715/249 1356/1735/474 1355/1736/470 1337/1716/246
f 1336/1714/251 1357/1737/358 1356/1735/474 1335/1715/249
f 1354/1734/253 1358/1738/475 1357/1737/358 1336/1714/251
f 1353/1733/2 1359/1739/460 1358/1738/475 1354/1734/253
f 1352/1732/256 1360/1740/422 1359/1739/460 1353/1733/2
f 1351/1731/257 1361/1741/421 1360/1740/422 1352/1732/256
f 1350/1730/259 1362/1742/476 1361/1741/421 1351/1731/257
f 1349/1729/261 1363/1743/424 1362/1742/476 1350/1730/259
f 1348/1728/4 1364/1744/477 1363/1743/424 1349/1729/261
f 1347/1727/264 1365/1745/426 1364/1744/477 1348/1728/4
f 1346/1726/266 1366/1746/478 1365/1745/426 1347/1727/264
f 1345/1725/268 1367/1747/479 1366/1746/478 1346/1726/266
f 1344/1724/270 1368/1748/349 1367/1747/479 1345/1725/268
f 1343/1723/1 1369/1749/480 1368/1748/349 1344/1724/270
f 1342/1721/273 1370/1750/481 1369/1751/480 1343/1722/1
f 1341/1720/275 1371/1752/431 1370/1750/481 1342/1721/273
f 1340/1719/277 1372/1753/482 1371/1752/431 1341/1720/275
f 1339/1718/279 1373/1754/483 1372/1753/482 1340/1719/277
f 1338/1717/3 1374/1755/484 1373/1754/483 1339/1718/279
f 1337/1716/246 1355/1736/470 1374/1755/484 1338/1717/3
f 1382/1756/75 1387/1757/379 1384/1758/376 1383/1759/67
f 1385/1760/439 1384/1758/376 1387/1757/379 1388/1761/380
f 1386/1762/378 1385/1760/439 1388/1761/380 1389/1763/381
f 1389/1763/381 1371/1752/431 1372/1753/482 1386/1762/378
f 1381/1764/74 1390/1765/382 1387/1757/379 1382/1756/75
f 1388/1761/380 1387/1757/379 1390/1765/382 1391/1766/440
f 1389/1763/381 1388/1761/380 1391/1766/440 1392/1767/384
f 1392/1767/384 1370/1750/481 1371/1752/431 1389/1763/381
f 1381/1768/74 1393/1769/385 1390/1765/382
f 1391/1766/440 1390/1765/382 1393/1769/385 1394/1770/386
f 1392/1767/384 1391/1766/440 1394/1770/386 1395/1771/387
f 1395/1771/387 1369/1751/480 1370/1750/481 1392/1767/384
f 1380/1772/73 1396/1773/388 1393/1774/385 1381/1775/74
f 1394/1776/386 1393/1774/385 1396/1773/388 1397/1777/441
f 1395/1778/387 1394/1776/386 1397/1777/441 1398/1779/390
f 1398/1779/390 1368/1748/349 1369/1749/480 1395/1778/387
f 1380/1780/73 1399/1781/391 1396/1773/388
f 1397/1777/441 1396/1773/388 1399/1781/391 1400/1782/392
f 1398/1779/390 1397/1777/441 1400/1782/392 1401/1783/393
f 1401/1783/393 1367/1747/479 1368/1748/349 1398/1779/390
f 1379/1784/72 1402/1785/394 1399/1781/391 1380/1780/73
f 1400/1782/392 1399/1781/391 1402/1785/394 1403/1786/395
f 1401/1783/393 1400/1782/392 1403/1786/395 1404/1787/396
f 1404/1787/396 1366/1746/478 1367/1747/479 1401/1783/393
f 1379/1788/72 1405/1789/397 1402/1785/394
f 1403/1786/395 1402/1785/394 1405/1789/397 1406/1790/398
f 1404/1787/396 1403/1786/395 1406/1790/398 1407/1791/399
f 1407/1791/399 1365/1745/426 1366/1746/478 1404/1787/396
f 1379/1792/72 1408/1793/400 1405/1789/397
f 1406/1790/398 1405/1789/397 1408/1793/400 1409/1794/401
f 1407/1791/399 1406/1790/398 1409/1794/401 1410/1795/402
f 1410/1795/402 1364/1744/477 1365/1745/426 1407/1791/399
f 1378/1796/71 1411/1797/403 1408/1793/400 1379/1792/72
f 1409/1794/401 1408/1793/400 1411/1797/403 1412/1798/404
f 1410/1795/402 1409/1794/401 1412/1798/404 1413/1799/405
f 1413/1799/405 1363/1743/424 1364/1744/477 1410/1795/402
f 1378/1800/71 1414/1801/406 1411/1797/403
f 1412/1798/404 1411/1797/403 1414/1801/406 1415/1802/407
f 1413/1799/405 1412/1798/404 1415/1802/407 1416/1803/408
f 1416/1803/408 1362/1742/476 1363/1743/424 1413/1799/405
f 1378/1804/71 1417/1805/409 1414/1801/406
f 1415/1802/407 1414/1801/406 1417/1805/409 1418/1806/410
f 1416/1803/408 1415/1802/407 1418/1806/410 1419/1807/411
f 1419/1807/411 1361/1741/421 1362/1742/476 1416/1803/408
f 1377/1808/70 1420/1809/412 1417/1805/409 1378/1804/71
f 1418/1806/410 1417/1805/409 1420/1809/412 1421/1810/413
f 1419/1807/411 1418/1806/410 1421/1810/413 1422/1811/485
f 1422/1811/485 1360/1740/422 1361/1741/421 1419/1807/411
f 1377/1812/70 1423/1813/415 1420/1809/412
f 1421/1810/413 1420/1809/412 1423/1813/415 1424/1814/416
f 1422/1811/485 1421/1810/413 1424/1814/416 1425/1815/417
f 1425/1815/417 1359/1739/460 1360/1740/422 1422/1811/485
f 1377/1816/70 1426/1817/418 1423/1813/415
f 1424/1814/416 1423/1813/415 1426/1817/418 1427/1818/419
f 1425/1815/417 1424/1814/416 1427/1818/419 1428/1819/420
f 1428/1819/420 1358/1738/475 1359/1739/460 1425/1815/417
f 1376/1820/69 1429/1821/362 1426/1817/418 1377/1816/70
f 1427/1818/419 1426/1817/418 1429/1821/362 1430/1822/363
f 1428/1819/420 1427/1818/419 1430/1822/363 1431/1823/365
f 1431/1823/365 1357/1737/358 1358/1738/475 1428/1819/420
f 1376/1824/69 1432/1825/361 1429/1821/362
f 1430/1822/363 1429/1821/362 1432/1825/361 1433/1826/437
f 1431/1823/365 1430/1822/363 1433/1826/437 1434/1827/366
f 1434/1827/366 1356/1735/474 1357/1737/358 1431/1823/365
f 1375/1828/68 1435/1829/367 1432/1825/361 1376/1824/69
f 1433/1826/437 1432/1825/361 1435/1829/367 1436/1830/461
f 1434/1827/366 1433/1826/437 1436/1830/461 1437/1831/369
f 1437/1831/369 1355/1736/470 1356/1735/474 1434/1827/366
f 1375/1832/68 1438/1833/370 1435/1829/367
f 1436/1830/461 1435/1829/367 1438/1833/370 1439/1834/371
f 1437/1831/369 1436/1830/461 1439/1834/371 1440/1835/372
f 1440/1835/372 1374/1755/484 1355/1736/470 1437/1831/369
f 1383/1836/67 1441/1837/373 1438/1833/370 1375/1832/68
f 1439/1834/371 1438/1833/370 1441/1837/373 1442/1838/462
f 1440/1835/372 1439/1834/371 1442/1838/462 1443/1839/375
f 1443/1839/375 1373/1754/483 1374/1755/484 1440/1835/372
f 1383/1759/67 1384/1758/376 1441/1837/373
f 1442/1838/462 1441/1837/373 1384/1758/376 1385/1760/439
f 1443/1839/375 1442/1838/462 1385/1760/439 1386/1762/378
f 1386/1762/378 1372/1753/482 1373/1754/483 1443/1839/375
f 1446/1840/279 1447/1841/279 1445/1842/3 1444/1843/3
f 1448/1844/277 1449/1845/277 1447/1841/279 1446/1840/279
f 1450/1846/275 1451/1847/275 1449/1845/277 1448/1844/277
f 1452/1848/273 1453/1849/273 1451/1847/275 1450/1846/275
f 1454/1850/1 1455/1851/1 1453/1849/273 1452/1848/273
f 1456/1852/270 1457/1853/270 1455/1854/1 1454/1855/1
f 1458/1856/268 1459/1857/268 1457/1853/270 1456/1852/270
f 1460/1858/266 1461/1859/266 1459/1857/268 1458/1856/268
f 1462/1860/264 1463/1861/264 1461/1859/266 1460/1858/266
f 1464/1862/4 1465/1863/4 1463/1861/264 1462/1860/264
f 1466/1864/261 1467/1865/261 1465/1863/4 1464/1862/4
f 1468/1866/259 1469/1867/259 1467/1865/261 1466/1864/261
f 1470/1868/257 1471/1869/257 1469/1867/259 1468/1866/259
f 1472/1870/256 1473/1871/256 1471/1869/257 1470/1868/257
f 1474/1872/2 1475/1873/2 1473/1871/256 1472/1870/256
f 1476/1874/253 1477/1875/253 1475/1873/2 1474/1872/2
f 1478/1876/251 1479/1877/251 1477/1875/253 1476/1874/253
f 1480/1878/249 1481/1879/249 1479/1877/251 1478/1876/251
f 1482/1880/246 1483/1881/246 1481/1879/249 1480/1878/249
f 1444/1843/3 1445/1842/3 1483/1881/246 1482/1880/246
f 1444/1843/27 1485/1882/27 1484/1883/27 1446/1840/27
f 1446/1840/27 1484/1883/27 1486/1884/27 1448/1844/27
f 1448/1844/27 1486/1884/27 1487/1885/27 1450/1846/27
f 1450/1846/27 1487/1885/27 1488/1886/27 1452/1848/27
f 1452/1848/27 1488/1886/27 1489/1887/27 1454/1850/27
f 1454/1855/27 1489/1888/27 1490/1889/27 1456/1852/27
f 1456/1852/27 1490/1889/27 1491/1890/27 1458/1856/27
f 1458/1856/27 1491/1890/27 1492/1891/27 1460/1858/27
f 1460/1858/27 1492/1891/27 1493/1892/27 1462/1860/27
f 1462/1860/27 1493/1892/27 1494/1893/27 1464/1862/27
f 1464/1862/27 1494/1893/27 1495/1894/27 1466/1864/27
f 1466/1864/27 1495/1894/27 1496/1895/27 1468/1866/27
f 1468/1866/27 1496/1895/27 1497/1896/27 1470/1868/27
f 1470/1868/27 1497/1896/27 1498/1897/27 1472/1870/27
f 1472/1870/27 1498/1897/27 1499/1898/27 1474/1872/27
f 1474/1872/27 1499/1898/27 1500/1899/27 1476/1874/27
f 1476/1874/27 1500/1899/27 1501/1900/27 1478/1876/27
f 1478/1876/27 1501/1900/27 1502/1901/27 1480/1878/27
f 1480/1878/27 1502/1901/27 1503/1902/27 1482/1880/27
f 1482/1880/27 1503/1902/27 1485/1882/27 1444/1843/27
f 1484/1883/261 1505/1903/261 1504/1904/259 1486/1884/259
f 1485/1882/4 1506/1905/4 1505/1903/261 1484/1883/261
f 1503/1902/264 1507/1906/264 1506/1905/4 1485/1882/4
f 1502/1901/266 1508/1907/266 1507/1906/264 1503/1902/264
f 1501/1900/268 1509/1908/268 1508/1907/266 1502/1901/266
f 1500/1899/270 1510/1909/270 1509/1908/268 1501/1900/268
f 1499/1898/1 1511/1910/1 1510/1909/270 1500/1899/270
f 1498/1897/273 1512/1911/273 1511/1910/1 1499/1898/1
f 1497/1896/275 1513/1912/275 1512/1911/273 1498/1897/273
f 1496/1895/277 1514/1913/277 1513/1912/275 1497/1896/275
f 1495/1894/279 1515/1914/279 1514/1913/277 1496/1895/277
f 1494/1893/3 1516/1915/3 1515/1914/279 1495/1894/279
f 1493/1892/246 1517/1916/246 1516/1915/3 1494/1893/3
f 1492/1891/249 1518/1917/249 1517/1916/246 1493/1892/246
f 1491/1890/251 1519/1918/251 1518/1917/249 1492/1891/249
f 1490/1889/253 1520/1919/253 1519/1918/251 1491/1890/251
f 1489/1888/2 1521/1920/2 1520/1919/253 1490/1889/253
f 1488/1886/256 1522/1921/256 1521/1922/2 1489/1887/2
f 1487/1885/257 1523/1923/257 1522/1921/256 1488/1886/256
f 1486/1884/259 1504/1904/259 1523/1923/257 1487/1885/257
f 1509/1908/27 1525/1924/27 1524/1925/27 1508/1907/27
f 1508/1907/27 1524/1925/27 1526/1926/27 1507/1906/27
f 1507/1906/27 1526/1926/27 1527/1927/27 1506/1905/27
f 1506/1905/27 1527/1927/27 1528/1928/27 1505/1903/27
f 1505/1903/27 1528/1928/27 1529/1929/27 1504/1904/27
f 1504/1904/27 1529/1929/27 1530/1930/27 1523/1923/27
f 1523/1923/27 1530/1930/27 1531/1931/27 1522/1921/27
f 1522/1921/27 1531/1931/27 1532/1932/27 1521/1922/27
f 1521/1920/27 1532/1933/27 1533/1934/27 1520/1919/27
f 1520/1919/27 1533/1934/27 1534/1935/27 1519/1918/27
f 1519/1918/27 1534/1935/27 1535/1936/27 1518/1917/27
f 1518/1917/27 1535/1936/27 1536/1937/27 1517/1916/27
f 1517/1916/27 1536/1937/27 1537/1938/27 1516/1915/27
f 1516/1915/27 1537/1938/27 1538/1939/27 1515/1914/27
f 1515/1914/27 1538/1939/27 1539/1940/27 1514/1913/27
f 1514/1913/27 1539/1940/27 1540/1941/27 1513/1912/27
f 1513/1912/27 1540/1941/27 1541/1942/27 1512/1911/27
f 1512/1911/27 1541/1942/27 1542/1943/27 1511/1910/27
f 1511/1910/27 1542/1943/27 1543/1944/27 1510/1909/27
f 1510/1909/27 1543/1944/27 1525/1924/27 1509/1908/27
f 1524/1925/249 1545/1945/357 1544/1946/486 1526/1926/246
f 1525/1924/251 1546/1947/358 1545/1945/357 1524/1925/249
f 1543/1944/253 1547/1948/487 1546/1947/358 1525/1924/251
f 1542/1943/2 1548/1949/460 1547/1948/487 1543/1944/253
f 1541/1942/256 1549/1950/488 1548/1949/460 1542/1943/2
f 1540/1941/257 1550/1951/448 1549/1950/488 1541/1942/256
f 1539/1940/259 1551/1952/489 1550/1951/448 1540/1941/257
f 1538/1939/261 1552/1953/490 1551/1952/489 1539/1940/259
f 1537/1938/4 1553/1954/477 1552/1953/490 1538/1939/261
f 1536/1937/264 1554/1955/426 1553/1954/477 1537/1938/4
f 1535/1936/266 1555/1956/491 1554/1955/426 1536/1937/264
f 1534/1935/268 1556/1957/479 1555/1956/491 1535/1936/266
f 1533/1934/270 1557/1958/429 1556/1957/479 1534/1935/268
f 1532/1933/1 1558/1959/492 1557/1958/429 1533/1934/270
f 1531/1931/273 1559/1960/481 1558/1961/492 1532/1932/1
f 1530/1930/275 1560/1962/431 1559/1960/481 1531/1931/273
f 1529/1929/277 1561/1963/493 1560/1962/431 1530/1930/275
f 1528/1928/279 1562/1964/483 1561/1963/493 1529/1929/277
f 1527/1927/3 1563/1965/434 1562/1964/483 1528/1928/279
f 1526/1926/246 1544/1946/486 1563/1965/434 1527/1927/3
f 1571/1966/82 1576/1967/379 1573/1968/376
f 1574/1969/439 1573/1968/376 1576/1967/379 1577/1970/380
f 1575/1971/378 1574/1969/439 1577/1970/380 1578/1972/381
f 1578/1972/381 1560/1962/431 1561/1963/493 1575/1971/378
f 1570/1973/81 1579/1974/382 1576/1967/379 1571/1966/82
f 1577/1970/380 1576/1967/379 1579/1974/382 1580/1975/383
f 1578/1972/381 1577/1970/380 1580/1975/383 1581/1976/384
f 1581/1976/384 1559/1960/481 1560/1962/431 1578/1972/381
f 1570/1977/81 1582/1978/385 1579/1974/382
f 1580/1975/383 1579/1974/382 1582/1978/385 1583/1979/386
f 1581/1976/384 1580/1975/383 1583/1979/386 1584/1980/387
f 1584/1980/387 1558/1961/492 1559/1960/481 1581/1976/384
f 1570/1981/81 1585/1982/388 1582/1983/385
f 1583/1984/386 1582/1983/385 1585/1982/388 1586/1985/389
f 1584/1986/387 1583/1984/386 1586/1985/389 1587/1987/390
f 1587/1987/390 1557/1958/429 1558/1959/492 1584/1986/387
f 1569/1988/80 1588/1989/391 1585/1982/388 1570/1981/81
f 1586/1985/389 1585/1982/388 1588/1989/391 1589/1990/392
f 1587/1987/390 1586/1985/389 1589/1990/392 1590/1991/393
f 1590/1991/393 1556/1957/479 1557/1958/429 1587/1987/390
f 1569/1992/80 1591/1993/394 1588/1989/391
f 1589/1990/392 1588/1989/391 1591/1993/394 1592/1994/395
f 1590/1991/393 1589/1990/392 1592/1994/395 1593/1995/396
f 1593/1995/396 1555/1956/491 1556/1957/479 1590/1991/393
f 1568/1996/79 1594/1997/397 1591/1993/394 1569/1992/80
f 1592/1994/395 1591/1993/394 1594/1997/397 1595/1998/398
f 1593/1995/396 1592/1994/395 1595/1998/398 1596/1999/399
f 1596/1999/399 1554/1955/426 1555/1956/491 1593/1995/396
f 1568/2000/79 1597/2001/400 1594/1997/397
f 1595/1998/398 1594/1997/397 1597/2001/400 1598/2002/401
f 1596/1999/399 1595/1998/398 1598/2002/401 1599/2003/402
f 1599/2003/402 1553/1954/477 1554/1955/426 1596/1999/399
f 1567/2004/78 1600/2005/403 1597/2001/400 1568/2000/79
f 1598/2002/401 1597/2001/400 1600/2005/403 1601/2006/404
f 1599/2003/402 1598/2002/401 1601/2006/404 1602/2007/405
f 1602/2007/405 1552/1953/490 1553/1954/477 1599/2003/402
f 1567/2008/78 1603/2009/406 1600/2005/403
f 1601/2006/404 1600/2005/403 1603/2009/406 1604/2010/407
f 1602/2007/405 1601/2006/404 1604/2010/407 1605/2011/408
f 1605/2011/408 1551/1952/489 1552/1953/490 1602/2007/405
f 1567/2012/78 1606/2013/409 1603/2009/406
f 1604/2010/407 1603/2009/406 1606/2013/409 1607/2014/410
f 1605/2011/408 1604/2010/407 1607/2014/410 1608/2015/411
f 1608/2015/411 1550/1951/448 1551/1952/489 1605/2011/408
f 1566/2016/70 1609/2017/412 1606/2013/409 1567/2012/78
f 1607/2014/410 1606/2013/409 1609/2017/412 1610/2018/413
f 1608/2015/411 1607/2014/410 1610/2018/413 1611/2019/414
f 1611/2019/414 1549/1950/488 1550/1951/448 1608/2015/411
f 1566/2020/70 1612/2021/415 1609/2017/412
f 1610/2018/413 1609/2017/412 1612/2021/415 1613/2022/416
f 1611/2019/414 1610/2018/413 1613/2022/416 1614/2023/417
f 1614/2023/417 1548/1949/460 1549/1950/488 1611/2019/414
f 1566/2024/70 1615/2025/418 1612/2021/415
f 1613/2022/416 1612/2021/415 1615/2025/418 1616/2026/419
f 1614/2023/417 1613/2022/416 1616/2026/419 1617/2027/420
f 1617/2027/420 1547/1948/487 1548/1949/460 1614/2023/417
f 1565/2028/69 1618/2029/362 1615/2025/418 1566/2024/70
f 1616/2026/419 1615/2025/418 1618/2029/362 1619/2030/363
f 1617/2027/420 1616/2026/419 1619/2030/363 1620/2031/365
f 1620/2031/365 1546/1947/358 1547/1948/487 1617/2027/420
f 1565/2032/69 1621/2033/361 1618/2029/362
f 1619/2030/363 1618/2029/362 1621/2033/361 1622/2034/437
f 1620/2031/365 1619/2030/363 1622/2034/437 1623/2035/366
f 1623/2035/366 1545/1945/357 1546/1947/358 1620/2031/365
f 1564/2036/77 1624/2037/494 1621/2033/361 1565/2032/69
f 1622/2034/437 1621/2033/361 1624/2037/494 1625/2038/461
f 1623/2035/366 1622/2034/437 1625/2038/461 1626/2039/438
f 1626/2039/438 1544/1946/486 1545/1945/357 1623/2035/366
f 1564/2040/77 1627/2041/370 1624/2037/494
f 1625/2038/461 1624/2037/494 1627/2041/370 1628/2042/371
f 1626/2039/438 1625/2038/461 1628/2042/371 1629/2043/372
f 1629/2043/372 1563/1965/434 1544/1946/486 1626/2039/438
f 1572/2044/76 1630/2045/373 1627/2041/370 1564/2040/77
f 1628/2042/371 1627/2041/370 1630/2045/373 1631/2046/462
f 1629/2043/372 1628/2042/371 1631/2046/462 1632/2047/495
f 1632/2047/495 1562/1964/483 1563/1965/434 1629/2043/372
f 1571/2048/82 1573/1968/376 1630/2045/373 1572/2044/76
f 1631/2046/462 1630/2045/373 1573/1968/376 1574/1969/439
f 1632/2047/495 1631/2046/462 1574/1969/439 1575/1971/378
f 1575/1971/378 1561/1963/493 1562/1964/483 1632/2047/495
f 1635/2049/246 1636/2050/246 1634/2051/3 1633/2052/3
f 1637/2053/249 1638/2054/249 1636/2055/246 1635/2056/246
f 1639/2057/251 1640/2058/251 1638/2054/249 1637/2053/249
f 1641/2059/253 1642/2060/253 1640/2058/251 1639/2057/251
f 1643/2061/2 1644/2062/2 1642/2060/253 1641/2059/253
f 1645/2063/256 1646/2064/256 1644/2062/2 1643/2061/2
f 1647/2065/257 1648/2066/257 1646/2064/256 1645/2063/256
f 1649/2067/259 1650/2068/259 1648/2066/257 1647/2065/257
f 1651/2069/261 1652/2070/261 1650/2068/259 1649/2067/259
f 1653/2071/4 1654/2072/4 1652/2070/261 1651/2069/261
f 1655/2073/264 1656/2074/264 1654/2072/4 1653/2071/4
f 1657/2075/266 1658/2076/266 1656/2074/264 1655/2073/264
f 1659/2077/268 1660/2078/268 1658/2076/266 1657/2075/266
f 1661/2079/270 1662/2080/270 1660/2078/268 1659/2077/268
f 1663/2081/1 1664/2082/1 1662/2080/270 1661/2079/270
f 1665/2083/273 1666/2084/273 1664/2082/1 1663/2081/1
f 1667/2085/275 1668/2086/275 1666/2084/273 1665/2083/273
f 1669/2087/277 1670/2088/277 1668/2086/275 1667/2085/275
f 1671/2089/279 1672/2090/279 1670/2088/277 1669/2087/277
f 1633/2052/3 1634/2051/3 1672/2090/279 1671/2089/279
f 1634/2091/143 1674/2092/143 1673/2093/143 1672/2094/143
f 1636/2095/143 1675/2096/143 1674/2097/143 1634/2098/143
f 1638/2099/143 1676/2100/143 1675/2096/143 1636/2095/143
f 1640/2101/143 1677/2102/143 1676/2100/143 1638/2099/143
f 1642/2103/143 1678/2104/143 1677/2102/143 1640/2101/143
f 1644/2105/143 1679/2106/143 1678/2104/143 1642/2103/143
f 1646/2107/143 1680/2108/143 1679/2106/143 1644/2105/143
f 1648/2109/143 1681/2110/143 1680/2108/143 1646/2107/143
f 1650/2111/143 1682/2112/143 1681/2110/143 1648/2109/143
f 1652/2113/143 1683/2114/143 1682/2112/143 1650/2111/143
f 1654/2115/143 1684/2116/143 1683/2114/143 1652/2113/143
f 1656/2117/143 1685/2118/143 1684/2116/143 1654/2115/143
f 1658/2119/143 1686/2120/143 1685/2118/143 1656/2117/143
f 1660/2121/143 1687/2122/143 1686/2120/143 1658/2119/143
f 1662/2123/143 1688/2124/143 1687/2122/143 1660/2121/143
f 1664/2125/143 1689/2126/143 1688/2124/143 1662/2123/143
f 1666/2127/143 1690/2128/143 1689/2126/143 1664/2125/143
f 1668/2129/143 1691/2130/143 1690/2128/143 1666/2127/143
f 1670/2131/143 1692/2132/143 1691/2130/143 1668/2129/143
f 1672/2094/143 1673/2093/143 1692/2132/143 1670/2131/143
f 1673/2093/279 1762/2133/496 1813/2134/497 1692/2132/277
f 1692/2132/277 1813/2134/497 1763/2135/498 1691/2130/275
f 1691/2130/275 1763/2135/498 1814/2136/499 1690/2128/273
f 1690/2128/273 1814/2136/499 1815/2137/500 1689/2126/1
f 1689/2126/1 1815/2137/500 1816/2138/501 1688/2124/270
f 1688/2124/270 1816/2138/501 1764/2139/502 1687/2122/268
f 1687/2122/268 1764/2139/502 1765/2140/503 1686/2120/266
f 1686/2120/266 1765/2140/503 1766/2141/504 1685/2118/264
f 1685/2118/264 1766/2141/504 1767/2142/505 1684/2116/4
f 1684/2116/4 1767/2142/505 1817/2143/506 1683/2114/261
f 1683/2114/261 1817/2143/506 1768/2144/507 1682/2112/259
f 1682/2112/259 1768/2144/507 1818/2145/508 1681/2110/257
f 1681/2110/257 1818/2145/508 1769/2146/509 1680/2108/256
f 1680/2108/256 1769/2146/509 1819/2147/510 1679/2106/2
f 1679/2106/2 1819/2147/510 1820/2148/511 1678/2104/253
f 1678/2104/253 1820/2148/511 1770/2149/512 1677/2102/251
f 1677/2102/251 1770/2149/512 1821/2150/513 1676/2100/249
f 1676/2100/249 1821/2150/513 1822/2151/514 1675/2096/246
f 1675/2096/246 1822/2151/514 1771/2152/515 1674/2097/3
f 1674/2092/3 1771/2153/515 1762/2133/496 1673/2093/279
f 1771/2154/515 1776/2155/516 1762/2156/496
f 1822/2157/514 1776/2158/516 1771/2159/515
f 1770/2160/512 1777/2161/517 1826/2162/518
f 1820/2163/511 1777/2161/517 1770/2160/512
f 1764/2164/502 1833/2165/519 1780/2166/520
f 1772/2167/521 1833/2165/519 1764/2164/502
f 1772/2168/521 1701/2169/253 1700/2170/251 1833/2171/519
f 1833/2171/519 1700/2170/251 1702/2172/249 1780/2173/520
f 1780/2173/520 1702/2172/249 1703/2174/246 1832/2175/522
f 1832/2175/522 1703/2174/246 1704/2176/3 1779/2177/523
f 1779/2177/523 1704/2176/3 1705/2178/279 1831/2179/524
f 1831/2179/524 1705/2178/279 1706/2180/277 1830/2181/525
f 1830/2181/525 1706/2180/277 1707/2182/275 1778/2183/526
f 1778/2183/526 1707/2182/275 1708/2184/273 1829/2185/527
f 1829/2185/527 1708/2184/273 1709/2186/1 1828/2187/528
f 1828/2187/528 1709/2186/1 1710/2188/270 1827/2189/529
f 1827/2189/529 1710/2188/270 1711/2190/268 1777/2191/517
f 1777/2191/517 1711/2190/268 1712/2192/266 1826/2193/518
f 1826/2193/518 1712/2192/266 1713/2194/264 1825/2195/530
f 1825/2195/530 1713/2194/264 1714/2196/4 1776/2197/516
f 1776/2198/516 1714/2199/4 1715/2200/261 1775/2201/531
f 1775/2201/531 1715/2200/261 1716/2202/259 1824/2203/532
f 1824/2203/532 1716/2202/259 1717/2204/257 1823/2205/533
f 1823/2205/533 1717/2204/257 1718/2206/256 1774/2207/534
f 1774/2207/534 1718/2206/256 1719/2208/2 1773/2209/535
f 1773/2209/535 1719/2208/2 1701/2169/253 1772/2168/521
f 1700/2170/27 1721/2210/27 1720/2211/27 1702/2172/27
f 1701/2169/27 1722/2212/27 1721/2210/27 1700/2170/27
f 1719/2208/27 1723/2213/27 1722/2212/27 1701/2169/27
f 1718/2206/27 1724/2214/27 1723/2213/27 1719/2208/27
f 1717/2204/27 1725/2215/27 1724/2214/27 1718/2206/27
f 1716/2202/27 1726/2216/27 1725/2215/27 1717/2204/27
f 1715/2200/27 1727/2217/27 1726/2216/27 1716/2202/27
f 1714/2199/27 1728/2218/27 1727/2217/27 1715/2200/27
f 1713/2194/27 1729/2219/27 1728/2220/27 1714/2196/27
f 1712/2192/27 1730/2221/27 1729/2219/27 1713/2194/27
f 1711/2190/27 1731/2222/27 1730/2221/27 1712/2192/27
f 1710/2188/27 1732/2223/27 1731/2222/27 1711/2190/27
f 1709/2186/27 1733/2224/27 1732/2223/27 1710/2188/27
f 1708/2184/27 1734/2225/27 1733/2224/27 1709/2186/27
f 1707/2182/27 1735/2226/27 1734/2225/27 1708/2184/27
f 1706/2180/27 1736/2227/27 1735/2226/27 1707/2182/27
f 1705/2178/27 1737/2228/27 1736/2227/27 1706/2180/27
f 1704/2176/27 1738/2229/27 1737/2228/27 1705/2178/27
f 1703/2174/27 1739/2230/27 1738/2229/27 1704/2176/27
f 1702/2172/27 1720/2211/27 1739/2230/27 1703/2174/27
f 1729/2231/246 1782/2232/536 1781/2233/537 1728/2234/3
f 1728/2234/3 1781/2233/537 1783/2235/538 1727/2236/279
f 1727/2236/279 1783/2235/538 1784/2237/539 1726/2238/277
f 1726/2238/277 1784/2237/539 1785/2239/540 1725/2240/275
f 1725/2240/275 1785/2239/540 1786/2241/541 1724/2242/273
f 1724/2242/273 1786/2241/541 1787/2243/542 1723/2244/1
f 1723/2245/1 1787/2246/542 1788/2247/543 1722/2248/270
f 1722/2248/270 1788/2247/543 1789/2249/544 1721/2250/268
f 1721/2250/268 1789/2249/544 1760/2251/545 1720/2252/266
f 1720/2252/266 1760/2251/545 1790/2253/546 1739/2254/264
f 1739/2254/264 1790/2253/546 1791/2255/547 1738/2256/4
f 1738/2256/4 1791/2255/547 1792/2257/548 1737/2258/261
f 1737/2258/261 1792/2257/548 1793/2259/549 1736/2260/259
f 1736/2260/259 1793/2259/549 1794/2261/550 1735/2262/257
f 1735/2262/257 1794/2261/550 1795/2263/551 1734/2264/256
f 1734/2264/256 1795/2263/551 1796/2265/552 1733/2266/2
f 1733/2266/2 1796/2265/552 1797/2267/553 1732/2268/253
f 1732/2268/253 1797/2267/553 1798/2269/554 1731/2270/251
f 1731/2270/251 1798/2269/554 1799/2271/555 1730/2272/249
f 1730/2272/249 1799/2271/555 1782/2232/536 1729/2231/246
f 1781/2273/537 1741/2274/27 1740/2275/27 1783/2276/538
f 1782/2277/536 1742/2278/27 1741/2274/27 1781/2273/537
f 1799/2279/555 1743/2280/27 1742/2278/27 1782/2277/536
f 1798/2281/554 1744/2282/27 1743/2280/27 1799/2279/555
f 1797/2283/553 1745/2284/27 1744/2282/27 1798/2281/554
f 1796/2285/552 1746/2286/27 1745/2284/27 1797/2283/553
f 1795/2287/551 1747/2288/27 1746/2286/27 1796/2285/552
f 1794/2289/550 1748/2290/27 1747/2288/27 1795/2287/551
f 1793/2291/549 1749/2292/27 1748/2290/27 1794/2289/550
f 1792/2293/548 1750/2294/27 1749/2292/27 1793/2291/549
f 1791/2295/547 1751/2296/27 1750/2294/27 1792/2293/548
f 1790/2297/546 1752/2298/27 1751/2296/27 1791/2295/547
f 1760/2299/545 1753/2300/27 1752/2298/27 1790/2297/546
f 1789/2301/544 1754/2302/27 1753/2300/27 1760/2299/545
f 1788/2303/543 1755/2304/27 1754/2302/27 1789/2301/544
f 1787/2305/542 1756/2306/27 1755/2304/27 1788/2303/543
f 1786/2307/541 1757/2308/27 1756/2309/27 1787/2310/542
f 1785/2311/540 1758/2312/27 1757/2308/27 1786/2307/541
f 1784/2313/539 1759/2314/27 1758/2312/27 1785/2311/540
f 1783/2276/538 1740/2275/27 1759/2314/27 1784/2313/539
f 1740/2275/279 1801/2315/556 1800/2316/557 1759/2314/277
f 1759/2314/277 1800/2316/557 1802/2317/558 1758/2312/275
f 1758/2312/275 1802/2317/558 1803/2318/559 1757/2308/273
f 1757/2308/273 1803/2318/559 1804/2319/560 1756/2309/1
f 1756/2306/1 1804/2320/560 1805/2321/561 1755/2304/270
f 1755/2304/270 1805/2321/561 1699/2322/562 1754/2302/268
f 1754/2302/268 1699/2322/562 1806/2323/563 1753/2300/266
f 1753/2300/266 1806/2323/563 1807/2324/564 1752/2298/264
f 1752/2298/264 1807/2324/564 1698/2325/565 1751/2296/4
f 1751/2296/4 1698/2325/565 1697/2326/566 1750/2294/261
f 1750/2294/261 1697/2326/566 1696/2327/567 1749/2292/259
f 1749/2292/259 1696/2327/567 1808/2328/568 1748/2290/257
f 1748/2290/257 1808/2328/568 1695/2329/569 1747/2288/256
f 1747/2288/256 1695/2329/569 1809/2330/570 1746/2286/2
f 1746/2286/2 1809/2330/570 1694/2331/571 1745/2284/253
f 1745/2284/253 1694/2331/571 1810/2332/572 1744/2282/251
f 1744/2282/251 1810/2332/572 1811/2333/573 1743/2280/249
f 1743/2280/249 1811/2333/573 1693/2334/574 1742/2278/246
f 1742/2278/246 1693/2334/574 1812/2335/575 1741/2274/3
f 1741/2274/3 1812/2335/575 1801/2315/556 1740/2275/279
f 1800/2336/557 1761/2337/27 1802/2338/558
f 1801/2339/556 1761/2337/27 1800/2336/557
f 1812/2340/575 1761/2337/27 1801/2339/556
f 1693/2341/574 1761/2337/27 1812/2340/575
f 1811/2342/573 1761/2337/27 1693/2341/574
f 1810/2343/572 1761/2337/27 1811/2342/573
f 1694/2344/571 1761/2337/27 1810/2343/572
f 1809/2345/570 1761/2337/27 1694/2344/571
f 1695/2346/569 1761/2337/27 1809/2345/570
f 1808/2347/568 1761/2337/27 1695/2346/569
f 1696/2348/567 1761/2337/27 1808/2347/568
f 1697/2349/566 1761/2337/27 1696/2348/567
f 1698/2350/565 1761/2337/27 1697/2349/566
f 1807/2351/564 1761/2337/27 1698/2350/565
f 1806/2352/563 1761/2337/27 1807/2351/564
f 1699/2353/562 1761/2337/27 1806/2352/563
f 1805/2354/561 1761/2337/27 1699/2353/562
f 1804/2355/560 1761/2337/27 1805/2354/561
f 1803/2356/559 1761/2337/27 1804/2355/560
f 1802/2338/558 1761/2337/27 1803/2356/559
f 1813/2357/497 1762/2156/496 1824/2358/532
f 1763/2359/498 1813/2357/497 1824/2358/532
f 1819/2360/510 1769/2361/509 1828/2362/528
f 1820/2363/511 1819/2360/510 1828/2362/528
f 1821/2364/513 1770/2160/512 1826/2162/287
f 1822/2365/514 1821/2364/513 1826/2162/287
f 1774/2366/534 1814/2367/499 1763/2359/498
f 1773/2368/535 1815/2369/500 1814/2367/499 1774/2366/534
f 1772/2370/521 1816/2371/501 1815/2369/500 1773/2368/535
f 1764/2372/502 1816/2371/501 1772/2370/521
f 1780/2373/520 1765/2374/503 1764/2375/502
f 1766/2376/504 1765/2374/503 1780/2373/520
f 1779/2377/523 1767/2378/505 1766/2379/504
f 1817/2380/506 1767/2378/505 1779/2377/523
f 1778/2381/526 1818/2382/508 1768/2383/507
f 1769/2384/509 1818/2382/508 1778/2381/526
f 1774/2385/534 1763/2386/498 1823/2387/533
f 1823/2387/533 1763/2386/498 1824/2388/532
f 1824/2389/532 1762/2390/496 1775/2391/531
f 1775/2391/531 1762/2390/496 1776/2392/516
f 1776/2158/516 1822/2157/576 1825/2393/530
f 1825/2393/530 1822/2157/576 1826/2394/518
f 1777/2161/517 1820/2163/577 1827/2395/529
f 1827/2395/529 1820/2163/577 1828/2396/528
f 1828/2396/528 1769/2397/509 1829/2398/527
f 1829/2398/527 1769/2397/509 1778/2399/526
f 1778/2400/526 1768/2401/507 1830/2402/525
f 1830/2402/525 1768/2401/507 1831/2403/524
f 1768/2404/507 1817/2405/506 1831/2406/524
f 1831/2406/524 1817/2405/506 1779/2407/523
f 1779/2407/523 1766/2408/504 1832/2409/522
f 1832/2409/522 1766/2408/504 1780/2410/520
f 1836/2411/279 1837/2412/279 1835/2413/3 1834/2414/3
f 1838/2415/277 1839/2416/277 1837/2412/279 1836/2411/279
f 1840/2417/275 1841/2418/275 1839/2416/277 1838/2415/277
f 1842/2419/273 1843/2420/273 1841/2418/275 1840/2417/275
f 1844/2421/1 1845/2422/1 1843/2420/273 1842/2419/273
f 1846/2423/270 1847/2424/270 1845/2425/1 1844/2426/1
f 1848/2427/268 1849/2428/268 1847/2424/270 1846/2423/270
f 1850/2429/266 1851/2430/266 1849/2428/268 1848/2427/268
f 1852/2431/264 1853/2432/264 1851/2430/266 1850/2429/266
f 1854/2433/4 1855/2434/4 1853/2432/264 1852/2431/264
f 1856/2435/261 1857/2436/261 1855/2434/4 1854/2433/4
f 1858/2437/259 1859/2438/259 1857/2436/261 1856/2435/261
f 1860/2439/257 1861/2440/257 1859/2438/259 1858/2437/259
f 1862/2441/256 1863/2442/256 1861/2440/257 1860/2439/257
f 1864/2443/2 1865/2444/2 1863/2442/256 1862/2441/256
f 1866/2445/253 1867/2446/253 1865/2444/2 1864/2443/2
f 1868/2447/251 1869/2448/251 1867/2446/253 1866/2445/253
f 1870/2449/249 1871/2450/249 1869/2448/251 1868/2447/251
f 1872/2451/246 1873/2452/246 1871/2450/249 1870/2449/249
f 1834/2414/3 1835/2413/3 1873/2452/246 1872/2451/246
f 1834/2414/27 1875/2453/27 1874/2454/27 1836/2411/27
f 1836/2411/27 1874/2454/27 1876/2455/27 1838/2415/27
f 1838/2415/27 1876/2455/27 1877/2456/27 1840/2417/27
f 1840/2417/27 1877/2456/27 1878/2457/27 1842/2419/27
f 1842/2419/27 1878/2457/27 1879/2458/27 1844/2421/27
f 1844/2426/27 1879/2459/27 1880/2460/27 1846/2423/27
f 1846/2423/27 1880/2460/27 1881/2461/27 1848/2427/27
f 1848/2427/27 1881/2461/27 1882/2462/27 1850/2429/27
f 1850/2429/27 1882/2462/27 1883/2463/27 1852/2431/27
f 1852/2431/27 1883/2463/27 1884/2464/27 1854/2433/27
f 1854/2433/27 1884/2464/27 1885/2465/27 1856/2435/27
f 1856/2435/27 1885/2465/27 1886/2466/27 1858/2437/27
f 1858/2437/27 1886/2466/27 1887/2467/27 1860/2439/27
f 1860/2439/27 1887/2467/27 1888/2468/27 1862/2441/27
f 1862/2441/27 1888/2468/27 1889/2469/27 1864/2443/27
f 1864/2443/27 1889/2469/27 1890/2470/27 1866/2445/27
f 1866/2445/27 1890/2470/27 1891/2471/27 1868/2447/27
f 1868/2447/27 1891/2471/27 1892/2472/27 1870/2449/27
f 1870/2449/27 1892/2472/27 1893/2473/27 1872/2451/27
f 1872/2451/27 1893/2473/27 1875/2453/27 1834/2414/27
f 1874/2454/261 1895/2474/261 1894/2475/259 1876/2455/259
f 1875/2453/4 1896/2476/4 1895/2474/261 1874/2454/261
f 1893/2473/264 1897/2477/264 1896/2476/4 1875/2453/4
f 1892/2472/266 1898/2478/266 1897/2477/264 1893/2473/264
f 1891/2471/268 1899/2479/268 1898/2478/266 1892/2472/266
f 1890/2470/270 1900/2480/270 1899/2479/268 1891/2471/268
f 1889/2469/1 1901/2481/1 1900/2480/270 1890/2470/270
f 1888/2468/273 1902/2482/273 1901/2481/1 1889/2469/1
f 1887/2467/275 1903/2483/275 1902/2482/273 1888/2468/273
f 1886/2466/277 1904/2484/277 1903/2483/275 1887/2467/275
f 1885/2465/279 1905/2485/279 1904/2484/277 1886/2466/277
f 1884/2464/3 1906/2486/3 1905/2485/279 1885/2465/279
f 1883/2463/246 1907/2487/246 1906/2486/3 1884/2464/3
f 1882/2462/249 1908/2488/249 1907/2487/246 1883/2463/246
f 1881/2461/251 1909/2489/251 1908/2488/249 1882/2462/249
f 1880/2460/253 1910/2490/253 1909/2489/251 1881/2461/251
f 1879/2459/2 1911/2491/2 1910/2490/253 1880/2460/253
f 1878/2457/256 1912/2492/256 1911/2493/2 1879/2458/2
f 1877/2456/257 1913/2494/257 1912/2492/256 1878/2457/256
f 1876/2455/259 1894/2475/259 1913/2494/257 1877/2456/257
f 1899/2479/27 1915/2495/27 1914/2496/27 1898/2478/27
f 1898/2478/27 1914/2496/27 1916/2497/27 1897/2477/27
f 1897/2477/27 1916/2497/27 1917/2498/27 1896/2476/27
f 1896/2476/27 1917/2498/27 1918/2499/27 1895/2474/27
f 1895/2474/27 1918/2499/27 1919/2500/27 1894/2475/27
f 1894/2475/27 1919/2500/27 1920/2501/27 1913/2494/27
f 1913/2494/27 1920/2501/27 1921/2502/27 1912/2492/27
f 1912/2492/27 1921/2502/27 1922/2503/27 1911/2493/27
f 1911/2491/27 1922/2504/27 1923/2505/27 1910/2490/27
f 1910/2490/27 1923/2505/27 1924/2506/27 1909/2489/27
f 1909/2489/27 1924/2506/27 1925/2507/27 1908/2488/27
f 1908/2488/27 1925/2507/27 1926/2508/27 1907/2487/27
f 1907/2487/27 1926/2508/27 1927/2509/27 1906/2486/27
f 1906/2486/27 1927/2509/27 1928/2510/27 1905/2485/27
f 1905/2485/27 1928/2510/27 1929/2511/27 1904/2484/27
f 1904/2484/27 1929/2511/27 1930/2512/27 1903/2483/27
f 1903/2483/27 1930/2512/27 1931/2513/27 1902/2482/27
f 1902/2482/27 1931/2513/27 1932/2514/27 1901/2481/27
f 1901/2481/27 1932/2514/27 1933/2515/27 1900/2480/27
f 1900/2480/27 1933/2515/27 1915/2495/27 1899/2479/27
f 1914/2496/249 1935/2516/578 1934/2517/435 1916/2497/246
f 1915/2495/251 1936/2518/358 1935/2516/578 1914/2496/249
f 1933/2515/253 1937/2519/459 1936/2518/358 1915/2495/251
f 1932/2514/2 1938/2520/360 1937/2519/459 1933/2515/253
f 1931/2513/256 1939/2521/422 1938/2520/360 1932/2514/2
f 1930/2512/257 1940/2522/579 1939/2521/422 1931/2513/256
f 1929/2511/259 1941/2523/580 1940/2522/579 1930/2512/257
f 1928/2510/261 1942/2524/344 1941/2523/580 1929/2511/259
f 1927/2509/4 1943/2525/477 1942/2524/344 1928/2510/261
f 1926/2508/264 1944/2526/581 1943/2525/477 1927/2509/4
f 1925/2507/266 1945/2527/468 1944/2526/581 1926/2508/264
f 1924/2506/268 1946/2528/479 1945/2527/468 1925/2507/266
f 1923/2505/270 1947/2529/582 1946/2528/479 1924/2506/268
f 1922/2504/1 1948/2530/430 1947/2529/582 1923/2505/270
f 1921/2502/273 1949/2531/453 1948/2532/430 1922/2503/1
f 1920/2501/275 1950/2533/431 1949/2531/453 1921/2502/273
f 1919/2500/277 1951/2534/583 1950/2533/431 1920/2501/275
f 1918/2499/279 1952/2535/483 1951/2534/583 1919/2500/277
f 1917/2498/3 1953/2536/355 1952/2535/483 1918/2499/279
f 1916/2497/246 1934/2517/435 1953/2536/355 1917/2498/3
f 1961/2537/91 1966/2538/379 1963/2539/376 1962/2540/83
f 1964/2541/439 1963/2539/376 1966/2538/379 1967/2542/380
f 1965/2543/378 1964/2541/439 1967/2542/380 1968/2544/381
f 1968/2544/381 1950/2533/431 1951/2534/583 1965/2543/378
f 1961/2545/91 1969/2546/382 1966/2538/379
f 1967/2542/380 1966/2538/379 1969/2546/382 1970/2547/383
f 1968/2544/381 1967/2542/380 1970/2547/383 1971/2548/384
f 1971/2548/384 1949/2531/453 1950/2533/431 1968/2544/381
f 1960/2549/90 1972/2550/385 1969/2546/382 1961/2545/91
f 1970/2547/383 1969/2546/382 1972/2550/385 1973/2551/386
f 1971/2548/384 1970/2547/383 1973/2551/386 1974/2552/387
f 1974/2552/387 1948/2532/430 1949/2531/453 1971/2548/384
f 1960/2553/90 1975/2554/388 1972/2555/385
f 1973/2556/386 1972/2555/385 1975/2554/388 1976/2557/389
f 1974/2558/387 1973/2556/386 1976/2557/389 1977/2559/390
f 1977/2559/390 1947/2529/582 1948/2530/430 1974/2558/387
f 1960/2560/90 1978/2561/391 1975/2554/388
f 1976/2557/389 1975/2554/388 1978/2561/391 1979/2562/392
f 1977/2559/390 1976/2557/389 1979/2562/392 1980/2563/393
f 1980/2563/393 1946/2528/479 1947/2529/582 1977/2559/390
f 1959/2564/89 1981/2565/394 1978/2561/391 1960/2560/90
f 1979/2562/392 1978/2561/391 1981/2565/394 1982/2566/395
f 1980/2563/393 1979/2562/392 1982/2566/395 1983/2567/396
f 1983/2567/396 1945/2527/468 1946/2528/479 1980/2563/393
f 1959/2568/89 1984/2569/397 1981/2565/394
f 1982/2566/395 1981/2565/394 1984/2569/397 1985/2570/398
f 1983/2567/396 1982/2566/395 1985/2570/398 1986/2571/399
f 1986/2571/399 1944/2526/581 1945/2527/468 1983/2567/396
f 1959/2572/89 1987/2573/400 1984/2569/397
f 1985/2570/398 1984/2569/397 1987/2573/400 1988/2574/401
f 1986/2571/399 1985/2570/398 1988/2574/401 1989/2575/402
f 1989/2575/402 1943/2525/477 1944/2526/581 1986/2571/399
f 1958/2576/88 1990/2577/403 1987/2573/400 1959/2572/89
f 1988/2574/401 1987/2573/400 1990/2577/403 1991/2578/404
f 1989/2575/402 1988/2574/401 1991/2578/404 1992/2579/405
f 1992/2579/405 1942/2524/344 1943/2525/477 1989/2575/402
f 1958/2580/88 1993/2581/406 1990/2577/403
f 1991/2578/404 1990/2577/403 1993/2581/406 1994/2582/407
f 1992/2579/405 1991/2578/404 1994/2582/407 1995/2583/408
f 1995/2583/408 1941/2523/580 1942/2524/344 1992/2579/405
f 1957/2584/87 1996/2585/409 1993/2581/406 1958/2580/88
f 1994/2582/407 1993/2581/406 1996/2585/409 1997/2586/410
f 1995/2583/408 1994/2582/407 1997/2586/410 1998/2587/411
f 1998/2587/411 1940/2522/579 1941/2523/580 1995/2583/408
f 1957/2588/87 1999/2589/412 1996/2585/409
f 1997/2586/410 1996/2585/409 1999/2589/412 2000/2590/413
f 1998/2587/411 1997/2586/410 2000/2590/413 2001/2591/485
f 2001/2591/485 1939/2521/422 1940/2522/579 1998/2587/411
f 1956/2592/86 2002/2593/415 1999/2589/412 1957/2588/87
f 2000/2590/413 1999/2589/412 2002/2593/415 2003/2594/416
f 2001/2591/485 2000/2590/413 2003/2594/416 2004/2595/417
f 2004/2595/417 1938/2520/360 1939/2521/422 2001/2591/485
f 1955/2596/85 2005/2597/418 2002/2593/415 1956/2592/86
f 2003/2594/416 2002/2593/415 2005/2597/418 2006/2598/419
f 2004/2595/417 2003/2594/416 2006/2598/419 2007/2599/420
f 2007/2599/420 1937/2519/459 1938/2520/360 2004/2595/417
f 1955/2600/85 2008/2601/362 2005/2597/418
f 2006/2598/419 2005/2597/418 2008/2601/362 2009/2602/363
f 2007/2599/420 2006/2598/419 2009/2602/363 2010/2603/365
f 2010/2603/365 1936/2518/358 1937/2519/459 2007/2599/420
f 1955/2604/85 2011/2605/361 2008/2601/362
f 2009/2602/363 2008/2601/362 2011/2605/361 2012/2606/437
f 2010/2603/365 2009/2602/363 2012/2606/437 2013/2607/366
f 2013/2607/366 1935/2516/578 1936/2518/358 2010/2603/365
f 1954/2608/84 2014/2609/367 2011/2605/361 1955/2604/85
f 2012/2606/437 2011/2605/361 2014/2609/367 2015/2610/461
f 2013/2607/366 2012/2606/437 2015/2610/461 2016/2611/369
f 2016/2611/369 1934/2517/435 1935/2516/578 2013/2607/366
f 1962/2612/83 2017/2613/370 2014/2609/367 1954/2608/84
f 2015/2610/461 2014/2609/367 2017/2613/370 2018/2614/371
f 2016/2611/369 2015/2610/461 2018/2614/371 2019/2615/372
f 2019/2615/372 1953/2536/355 1934/2517/435 2016/2611/369
f 1962/2616/83 2020/2617/373 2017/2613/370
f 2018/2614/371 2017/2613/370 2020/2617/373 2021/2618/462
f 2019/2615/372 2018/2614/371 2021/2618/462 2022/2619/375
f 2022/2619/375 1952/2535/483 1953/2536/355 2019/2615/372
f 1962/2540/83 1963/2539/376 2020/2617/373
f 2021/2618/462 2020/2617/373 1963/2539/376 1964/2541/439
f 2022/2619/375 2021/2618/462 1964/2541/439 1965/2543/378
f 1965/2543/378 1951/2534/583 1952/2535/483 2022/2619/375
f 2025/2620/279 2026/2621/279 2024/2622/3 2023/2623/3
f 2027/2624/277 2028/2625/277 2026/2621/279 2025/2620/279
f 2029/2626/275 2030/2627/275 2028/2625/277 2027/2624/277
f 2031/2628/273 2032/2629/273 2030/2627/275 2029/2626/275
f 2033/2630/1 2034/2631/1 2032/2629/273 2031/2628/273
f 2035/2632/270 2036/2633/270 2034/2634/1 2033/2635/1
f 2037/2636/268 2038/2637/268 2036/2633/270 2035/2632/270
f 2039/2638/266 2040/2639/266 2038/2637/268 2037/2636/268
f 2041/2640/264 2042/2641/264 2040/2639/266 2039/2638/266
f 2043/2642/4 2044/2643/4 2042/2641/264 2041/2640/264
f 2045/2644/261 2046/2645/261 2044/2643/4 2043/2642/4
f 2047/2646/259 2048/2647/259 2046/2645/261 2045/2644/261
f 2049/2648/257 2050/2649/257 2048/2647/259 2047/2646/259
f 2051/2650/256 2052/2651/256 2050/2649/257 2049/2648/257
f 2053/2652/2 2054/2653/2 2052/2651/256 2051/2650/256
f 2055/2654/253 2056/2655/253 2054/2653/2 2053/2652/2
f 2057/2656/251 2058/2657/251 2056/2655/253 2055/2654/253
f 2059/2658/249 2060/2659/249 2058/2657/251 2057/2656/251
f 2061/2660/246 2062/2661/246 2060/2659/249 2059/2658/249
f 2023/2623/3 2024/2622/3 2062/2661/246 2061/2660/246
f 2023/2623/27 2064/2662/27 2063/2663/27 2025/2620/27
f 2025/2620/27 2063/2663/27 2065/2664/27 2027/2624/27
f 2027/2624/27 2065/2664/27 2066/2665/27 2029/2626/27
f 2029/2626/27 2066/2665/27 2067/2666/27 2031/2628/27
f 2031/2628/27 2067/2666/27 2068/2667/27 2033/2630/27
f 2033/2635/27 2068/2668/27 2069/2669/27 2035/2632/27
f 2035/2632/27 2069/2669/27 2070/2670/27 2037/2636/27
f 2037/2636/27 2070/2670/27 2071/2671/27 2039/2638/27
f 2039/2638/27 2071/2671/27 2072/2672/27 2041/2640/27
f 2041/2640/27 2072/2672/27 2073/2673/27 2043/2642/27
f 2043/2642/27 2073/2673/27 2074/2674/27 2045/2644/27
f 2045/2644/27 2074/2674/27 2075/2675/27 2047/2646/27
f 2047/2646/27 2075/2675/27 2076/2676/27 2049/2648/27
f 2049/2648/27 2076/2676/27 2077/2677/27 2051/2650/27
f 2051/2650/27 2077/2677/27 2078/2678/27 2053/2652/27
f 2053/2652/27 2078/2678/27 2079/2679/27 2055/2654/27
f 2055/2654/27 2079/2679/27 2080/2680/27 2057/2656/27
f 2057/2656/27 2080/2680/27 2081/2681/27 2059/2658/27
f 2059/2658/27 2081/2681/27 2082/2682/27 2061/2660/27
f 2061/2660/27 2082/2682/27 2064/2662/27 2023/2623/27
f 2063/2663/261 2084/2683/261 2083/2684/259 2065/2664/259
f 2064/2662/4 2085/2685/4 2084/2683/261 2063/2663/261
f 2082/2682/264 2086/2686/264 2085/2685/4 2064/2662/4
f 2081/2681/266 2087/2687/266 2086/2686/264 2082/2682/264
f 2080/2680/268 2088/2688/268 2087/2687/266 2081/2681/266
f 2079/2679/270 2089/2689/270 2088/2688/268 2080/2680/268
f 2078/2678/1 2090/2690/1 2089/2689/270 2079/2679/270
f 2077/2677/273 2091/2691/273 2090/2690/1 2078/2678/1
f 2076/2676/275 2092/2692/275 2091/2691/273 2077/2677/273
f 2075/2675/277 2093/2693/277 2092/2692/275 2076/2676/275
f 2074/2674/279 2094/2694/279 2093/2693/277 2075/2675/277
f 2073/2673/3 2095/2695/3 2094/2694/279 2074/2674/279
f 2072/2672/246 2096/2696/246 2095/2695/3 2073/2673/3
f 2071/2671/249 2097/2697/249 2096/2696/246 2072/2672/246
f 2070/2670/251 2098/2698/251 2097/2697/249 2071/2671/249
f 2069/2669/253 2099/2699/253 2098/2698/251 2070/2670/251
f 2068/2668/2 2100/2700/2 2099/2699/253 2069/2669/253
f 2067/2666/256 2101/2701/256 2100/2702/2 2068/2667/2
f 2066/2665/257 2102/2703/257 2101/2701/256 2067/2666/256
f 2065/2664/259 2083/2684/259 2102/2703/257 2066/2665/257
f 2088/2688/27 2104/2704/27 2103/2705/27 2087/2687/27
f 2087/2687/27 2103/2705/27 2105/2706/27 2086/2686/27
f 2086/2686/27 2105/2706/27 2106/2707/27 2085/2685/27
f 2085/2685/27 2106/2707/27 2107/2708/27 2084/2683/27
f 2084/2683/27 2107/2708/27 2108/2709/27 2083/2684/27
f 2083/2684/27 2108/2709/27 2109/2710/27 2102/2703/27
f 2102/2703/27 2109/2710/27 2110/2711/27 2101/2701/27
f 2101/2701/27 2110/2711/27 2111/2712/27 2100/2702/27
f 2100/2700/27 2111/2713/27 2112/2714/27 2099/2699/27
f 2099/2699/27 2112/2714/27 2113/2715/27 2098/2698/27
f 2098/2698/27 2113/2715/27 2114/2716/27 2097/2697/27
f 2097/2697/27 2114/2716/27 2115/2717/27 2096/2696/27
f 2096/2696/27 2115/2717/27 2116/2718/27 2095/2695/27
f 2095/2695/27 2116/2718/27 2117/2719/27 2094/2694/27
f 2094/2694/27 2117/2719/27 2118/2720/27 2093/2693/27
f 2093/2693/27 2118/2720/27 2119/2721/27 2092/2692/27
f 2092/2692/27 2119/2721/27 2120/2722/27 2091/2691/27
f 2091/2691/27 2120/2722/27 2121/2723/27 2090/2690/27
f 2090/2690/27 2121/2723/27 2122/2724/27 2089/2689/27
f 2089/2689/27 2122/2724/27 2104/2704/27 2088/2688/27
f 2103/2705/249 2124/2725/474 2123/2726/584 2105/2706/246
f 2104/2704/251 2125/2727/585 2124/2725/474 2103/2705/249
f 2122/2724/253 2126/2728/475 2125/2727/585 2104/2704/251
f 2121/2723/2 2127/2729/586 2126/2728/475 2122/2724/253
f 2120/2722/256 2128/2730/587 2127/2729/586 2121/2723/2
f 2119/2721/257 2129/2731/421 2128/2730/587 2120/2722/256
f 2118/2720/259 2130/2732/476 2129/2731/421 2119/2721/257
f 2117/2719/261 2131/2733/424 2130/2732/476 2118/2720/259
f 2116/2718/4 2132/2734/588 2131/2733/424 2117/2719/261
f 2115/2717/264 2133/2735/346 2132/2734/588 2116/2718/4
f 2114/2716/266 2134/2736/347 2133/2735/346 2115/2717/264
f 2113/2715/268 2135/2737/589 2134/2736/347 2114/2716/266
f 2112/2714/270 2136/2738/590 2135/2737/589 2113/2715/268
f 2111/2713/1 2137/2739/350 2136/2738/590 2112/2714/270
f 2110/2711/273 2138/2740/469 2137/2741/350 2111/2712/1
f 2109/2710/275 2139/2742/591 2138/2740/469 2110/2711/273
f 2108/2709/277 2140/2743/493 2139/2742/591 2109/2710/275
f 2107/2708/279 2141/2744/456 2140/2743/493 2108/2709/277
f 2106/2707/3 2142/2745/592 2141/2744/456 2107/2708/279
f 2105/2706/246 2123/2726/584 2142/2745/592 2106/2707/3
f 2149/2746/99 2154/2747/379 2151/2748/376
f 2152/2749/439 2151/2748/376 2154/2747/379 2155/2750/380
f 2153/2751/378 2152/2749/439 2155/2750/380 2156/2752/381
f 2156/2752/381 2139/2742/591 2140/2743/493 2153/2751/378
f 2149/2753/99 2157/2754/382 2154/2747/379
f 2155/2750/380 2154/2747/379 2157/2754/382 2158/2755/383
f 2156/2752/381 2155/2750/380 2158/2755/383 2159/2756/384
f 2159/2756/384 2138/2740/469 2139/2742/591 2156/2752/381
f 2148/2757/98 2160/2758/385 2157/2754/382 2149/2753/99
f 2158/2755/383 2157/2754/382 2160/2758/385 2161/2759/386
f 2159/2756/384 2158/2755/383 2161/2759/386 2162/2760/387
f 2162/2760/387 2137/2741/350 2138/2740/469 2159/2756/384
f 2148/2761/98 2163/2762/388 2160/2763/385
f 2161/2764/386 2160/2763/385 2163/2762/388 2164/2765/389
f 2162/2766/387 2161/2764/386 2164/2765/389 2165/2767/593
f 2165/2767/593 2136/2738/590 2137/2739/350 2162/2766/387
f 2148/2768/98 2166/2769/391 2163/2762/388
f 2164/2765/389 2163/2762/388 2166/2769/391 2167/2770/392
f 2165/2767/593 2164/2765/389 2167/2770/392 2168/2771/393
f 2168/2771/393 2135/2737/589 2136/2738/590 2165/2767/593
f 2147/2772/97 2169/2773/394 2166/2769/391 2148/2768/98
f 2167/2770/392 2166/2769/391 2169/2773/394 2170/2774/395
f 2168/2771/393 2167/2770/392 2170/2774/395 2171/2775/396
f 2171/2775/396 2134/2736/347 2135/2737/589 2168/2771/393
f 2146/2776/96 2172/2777/397 2169/2773/394 2147/2772/97
f 2170/2774/395 2169/2773/394 2172/2777/397 2173/2778/398
f 2171/2775/396 2170/2774/395 2173/2778/398 2174/2779/399
f 2174/2779/399 2133/2735/346 2134/2736/347 2171/2775/396
f 2146/2780/96 2175/2781/400 2172/2777/397
f 2173/2778/398 2172/2777/397 2175/2781/400 2176/2782/401
f 2174/2779/399 2173/2778/398 2176/2782/401 2177/2783/402
f 2177/2783/402 2132/2734/588 2133/2735/346 2174/2779/399
f 2146/2784/96 2178/2785/403 2175/2781/400
f 2176/2782/401 2175/2781/400 2178/2785/403 2179/2786/404
f 2177/2783/402 2176/2782/401 2179/2786/404 2180/2787/464
f 2180/2787/464 2131/2733/424 2132/2734/588 2177/2783/402
f 2145/2788/95 2181/2789/406 2178/2785/403 2146/2784/96
f 2179/2786/404 2178/2785/403 2181/2789/406 2182/2790/407
f 2180/2787/464 2179/2786/404 2182/2790/407 2183/2791/408
f 2183/2791/408 2130/2732/476 2131/2733/424 2180/2787/464
f 2144/2792/94 2184/2793/409 2181/2789/406 2145/2788/95
f 2182/2790/407 2181/2789/406 2184/2793/409 2185/2794/410
f 2183/2791/408 2182/2790/407 2185/2794/410 2186/2795/411
f 2186/2795/411 2129/2731/421 2130/2732/476 2183/2791/408
f 2144/2796/94 2187/2797/412 2184/2793/409
f 2185/2794/410 2184/2793/409 2187/2797/412 2188/2798/413
f 2186/2795/411 2185/2794/410 2188/2798/413 2189/2799/414
f 2189/2799/414 2128/2730/587 2129/2731/421 2186/2795/411
f 2144/2800/94 2190/2801/415 2187/2797/412
f 2188/2798/413 2187/2797/412 2190/2801/415 2191/2802/416
f 2189/2799/414 2188/2798/413 2191/2802/416 2192/2803/417
f 2192/2803/417 2127/2729/586 2128/2730/587 2189/2799/414
f 2143/2804/93 2193/2805/418 2190/2801/415 2144/2800/94
f 2191/2802/416 2190/2801/415 2193/2805/418 2194/2806/419
f 2192/2803/417 2191/2802/416 2194/2806/419 2195/2807/420
f 2195/2807/420 2126/2728/475 2127/2729/586 2192/2803/417
f 2143/2808/93 2196/2809/594 2193/2805/418
f 2194/2806/419 2193/2805/418 2196/2809/594 2197/2810/363
f 2195/2807/420 2194/2806/419 2197/2810/363 2198/2811/365
f 2198/2811/365 2125/2727/585 2126/2728/475 2195/2807/420
f 2143/2812/93 2199/2813/361 2196/2809/594
f 2197/2810/363 2196/2809/594 2199/2813/361 2200/2814/437
f 2198/2811/365 2197/2810/363 2200/2814/437 2201/2815/366
f 2201/2815/366 2124/2725/474 2125/2727/585 2198/2811/365
f 2150/2816/92 2202/2817/367 2199/2813/361 2143/2812/93
f 2200/2814/437 2199/2813/361 2202/2817/367 2203/2818/461
f 2201/2815/366 2200/2814/437 2203/2818/461 2204/2819/369
f 2204/2819/369 2123/2726/584 2124/2725/474 2201/2815/366
f 2150/2820/92 2205/2821/370 2202/2817/367
f 2203/2818/461 2202/2817/367 2205/2821/370 2206/2822/371
f 2204/2819/369 2203/2818/461 2206/2822/371 2207/2823/372
f 2207/2823/372 2142/2745/592 2123/2726/584 2204/2819/369
f 2150/2824/92 2208/2825/373 2205/2821/370
f 2206/2822/371 2205/2821/370 2208/2825/373 2209/2826/462
f 2207/2823/372 2206/2822/371 2209/2826/462 2210/2827/495
f 2210/2827/495 2141/2744/456 2142/2745/592 2207/2823/372
f 2149/2828/99 2151/2748/376 2208/2825/373 2150/2824/92
f 2209/2826/462 2208/2825/373 2151/2748/376 2152/2749/439
f 2210/2827/495 2209/2826/462 2152/2749/439 2153/2751/378
f 2153/2751/378 2140/2743/493 2141/2744/456 2210/2827/495
f 2213/2829/246 2214/2830/246 2212/2831/3 2211/2832/3
f 2215/2833/249 2216/2834/249 2214/2835/246 2213/2836/246
f 2217/2837/251 2218/2838/251 2216/2834/249 2215/2833/249
f 2219/2839/253 2220/2840/253 2218/2838/251 2217/2837/251
f 2221/2841/2 2222/2842/2 2220/2840/253 2219/2839/253
f 2223/2843/256 2224/2844/256 2222/2842/2 2221/2841/2
f 2225/2845/257 2226/2846/257 2224/2844/256 2223/2843/256
f 2227/2847/259 2228/2848/259 2226/2846/257 2225/2845/257
f 2229/2849/261 2230/2850/261 2228/2848/259 2227/2847/259
f 2231/2851/4 2232/2852/4 2230/2850/261 2229/2849/261
f 2233/2853/264 2234/2854/264 2232/2852/4 2231/2851/4
f 2235/2855/266 2236/2856/266 2234/2854/264 2233/2853/264
f 2237/2857/268 2238/2858/268 2236/2856/266 2235/2855/266
f 2239/2859/270 2240/2860/270 2238/2858/268 2237/2857/268
f 2241/2861/1 2242/2862/1 2240/2860/270 2239/2859/270
f 2243/2863/273 2244/2864/273 2242/2862/1 2241/2861/1
f 2245/2865/275 2246/2866/275 2244/2864/273 2243/2863/273
f 2247/2867/277 2248/2868/277 2246/2866/275 2245/2865/275
f 2249/2869/279 2250/2870/279 2248/2868/277 2247/2867/277
f 2211/2832/3 2212/2831/3 2250/2870/279 2249/2869/279
f 2212/2871/143 2252/2872/143 2251/2873/143 2250/2874/143
f 2214/2875/143 2253/2876/143 2252/2877/143 2212/2878/143
f 2216/2879/143 2254/2880/143 2253/2876/143 2214/2875/143
f 2218/2881/143 2255/2882/143 2254/2880/143 2216/2879/143
f 2220/2883/143 2256/2884/143 2255/2882/143 2218/2881/143
f 2222/2885/143 2257/2886/143 2256/2884/143 2220/2883/143
f 2224/2887/143 2258/2888/143 2257/2886/143 2222/2885/143
f 2226/2889/143 2259/2890/143 2258/2888/143 2224/2887/143
f 2228/2891/143 2260/2892/143 2259/2890/143 2226/2889/143
f 2230/2893/143 2261/2894/143 2260/2892/143 2228/2891/143
f 2232/2895/143 2262/2896/143 2261/2894/143 2230/2893/143
f 2234/2897/143 2263/2898/143 2262/2896/143 2232/2895/143
f 2236/2899/143 2264/2900/143 2263/2898/143 2234/2897/143
f 2238/2901/143 2265/2902/143 2264/2900/143 2236/2899/143
f 2240/2903/143 2266/2904/143 2265/2902/143 2238/2901/143
f 2242/2905/143 2267/2906/143 2266/2904/143 2240/2903/143
f 2244/2907/143 2268/2908/143 2267/2906/143 2242/2905/143
f 2246/2909/143 2269/2910/143 2268/2908/143 2244/2907/143
f 2248/2911/143 2270/2912/143 2269/2910/143 2246/2909/143
f 2250/2874/143 2251/2873/143 2270/2912/143 2248/2911/143
f 2251/2873/279 2390/2913/595 2342/2914/596 2270/2912/277
f 2270/2912/277 2342/2914/596 2391/2915/597 2269/2910/275
f 2269/2910/275 2391/2915/597 2343/2916/598 2268/2908/273
f 2268/2908/273 2343/2916/598 2344/2917/599 2267/2906/1
f 2267/2906/1 2344/2917/599 2392/2918/600 2266/2904/270
f 2266/2904/270 2392/2918/600 2393/2919/601 2265/2902/268
f 2265/2902/268 2393/2919/601 2394/2920/602 2264/2900/266
f 2264/2900/266 2394/2920/602 2395/2921/603 2263/2898/264
f 2263/2898/264 2395/2921/603 2396/2922/604 2262/2896/4
f 2262/2896/4 2396/2922/604 2345/2923/605 2261/2894/261
f 2261/2894/261 2345/2923/605 2397/2924/606 2260/2892/259
f 2260/2892/259 2397/2924/606 2398/2925/607 2259/2890/257
f 2259/2890/257 2398/2925/607 2346/2926/608 2258/2888/256
f 2258/2888/256 2346/2926/608 2347/2927/609 2257/2886/2
f 2257/2886/2 2347/2927/609 2348/2928/610 2256/2884/253
f 2256/2884/253 2348/2928/610 2399/2929/611 2255/2882/251
f 2255/2882/251 2399/2929/611 2400/2930/612 2254/2880/249
f 2254/2880/249 2400/2930/612 2349/2931/613 2253/2876/246
f 2253/2876/246 2349/2931/613 2350/2932/614 2252/2877/3
f 2252/2872/3 2350/2933/614 2390/2913/595 2251/2873/279
f 2350/2934/614 2404/2935/615 2353/2936/616
f 2349/2937/613 2404/2938/615 2350/2939/614
f 2351/2940/617 2280/2941/253 2279/2942/251 2359/2943/618
f 2359/2943/618 2279/2942/251 2281/2944/249 2358/2945/619
f 2358/2945/619 2281/2944/249 2282/2946/246 2357/2947/620
f 2357/2947/620 2282/2946/246 2283/2948/3 2356/2949/621
f 2356/2949/621 2283/2948/3 2284/2950/279 2411/2951/622
f 2411/2951/622 2284/2950/279 2285/2952/277 2410/2953/623
f 2410/2953/623 2285/2952/277 2286/2954/275 2355/2955/624
f 2355/2955/624 2286/2954/275 2287/2956/273 2409/2957/625
f 2409/2957/625 2287/2956/273 2288/2958/1 2408/2959/626
f 2408/2959/626 2288/2958/1 2289/2960/270 2407/2961/627
f 2407/2961/627 2289/2960/270 2290/2962/268 2354/2963/628
f 2354/2963/628 2290/2962/268 2291/2964/266 2406/2965/629
f 2406/2965/629 2291/2964/266 2292/2966/264 2405/2967/630
f 2405/2967/630 2292/2966/264 2293/2968/4 2404/2969/615
f 2404/2970/615 2293/2971/4 2294/2972/261 2353/2973/616
f 2353/2973/616 2294/2972/261 2295/2974/259 2403/2975/631
f 2403/2975/631 2295/2974/259 2296/2976/257 2352/2977/632
f 2352/2977/632 2296/2976/257 2297/2978/256 2402/2979/633
f 2402/2979/633 2297/2978/256 2298/2980/2 2401/2981/634
f 2401/2981/634 2298/2980/2 2280/2941/253 2351/2940/617
f 2279/2942/27 2300/2982/27 2299/2983/27 2281/2944/27
f 2280/2941/27 2301/2984/27 2300/2982/27 2279/2942/27
f 2298/2980/27 2302/2985/27 2301/2984/27 2280/2941/27
f 2297/2978/27 2303/2986/27 2302/2985/27 2298/2980/27
f 2296/2976/27 2304/2987/27 2303/2986/27 2297/2978/27
f 2295/2974/27 2305/2988/27 2304/2987/27 2296/2976/27
f 2294/2972/27 2306/2989/27 2305/2988/27 2295/2974/27
f 2293/2971/27 2307/2990/27 2306/2989/27 2294/2972/27
f 2292/2966/27 2308/2991/27 2307/2992/27 2293/2968/27
f 2291/2964/27 2309/2993/27 2308/2991/27 2292/2966/27
f 2290/2962/27 2310/2994/27 2309/2993/27 2291/2964/27
f 2289/2960/27 2311/2995/27 2310/2994/27 2290/2962/27
f 2288/2958/27 2312/2996/27 2311/2995/27 2289/2960/27
f 2287/2956/27 2313/2997/27 2312/2996/27 2288/2958/27
f 2286/2954/27 2314/2998/27 2313/2997/27 2287/2956/27
f 2285/2952/27 2315/2999/27 2314/2998/27 2286/2954/27
f 2284/2950/27 2316/3000/27 2315/2999/27 2285/2952/27
f 2283/2948/27 2317/3001/27 2316/3000/27 2284/2950/27
f 2282/2946/27 2318/3002/27 2317/3001/27 2283/2948/27
f 2281/2944/27 2299/2983/27 2318/3002/27 2282/2946/27
f 2308/3003/246 2361/3004/635 2360/3005/636 2307/3006/3
f 2307/3006/3 2360/3005/636 2362/3007/538 2306/3008/279
f 2306/3008/279 2362/3007/538 2363/3009/539 2305/3010/277
f 2305/3010/277 2363/3009/539 2364/3011/637 2304/3012/275
f 2304/3012/275 2364/3011/637 2365/3013/541 2303/3014/273
f 2303/3014/273 2365/3013/541 2366/3015/542 2302/3016/1
f 2302/3017/1 2366/3018/542 2367/3019/638 2301/3020/270
f 2301/3020/270 2367/3019/638 2368/3021/639 2300/3022/268
f 2300/3022/268 2368/3021/639 2369/3023/640 2299/3024/266
f 2299/3024/266 2369/3023/640 2370/3025/641 2318/3026/264
f 2318/3026/264 2370/3025/641 2371/3027/642 2317/3028/4
f 2317/3028/4 2371/3027/642 2320/3029/643 2316/3030/261
f 2316/3030/261 2320/3029/643 2372/3031/644 2315/3032/259
f 2315/3032/259 2372/3031/644 2373/3033/645 2314/3034/257
f 2314/3034/257 2373/3033/645 2374/3035/646 2313/3036/256
f 2313/3036/256 2374/3035/646 2375/3037/647 2312/3038/2
f 2312/3038/2 2375/3037/647 2319/3039/648 2311/3040/253
f 2311/3040/253 2319/3039/648 2376/3041/649 2310/3042/251
f 2310/3042/251 2376/3041/649 2377/3043/650 2309/3044/249
f 2309/3044/249 2377/3043/650 2361/3004/635 2308/3003/246
f 2360/3045/636 2322/3046/27 2321/3047/27 2362/3048/538
f 2361/3049/635 2323/3050/27 2322/3046/27 2360/3045/636
f 2377/3051/650 2324/3052/27 2323/3050/27 2361/3049/635
f 2376/3053/649 2325/3054/27 2324/3052/27 2377/3051/650
f 2319/3055/648 2326/3056/27 2325/3054/27 2376/3053/649
f 2375/3057/647 2327/3058/27 2326/3056/27 2319/3055/648
f 2374/3059/646 2328/3060/27 2327/3058/27 2375/3057/647
f 2373/3061/645 2329/3062/27 2328/3060/27 2374/3059/646
f 2372/3063/644 2330/3064/27 2329/3062/27 2373/3061/645
f 2320/3065/643 2331/3066/27 2330/3064/27 2372/3063/644
f 2371/3067/642 2332/3068/27 2331/3066/27 2320/3065/643
f 2370/3069/641 2333/3070/27 2332/3068/27 2371/3067/642
f 2369/3071/640 2334/3072/27 2333/3070/27 2370/3069/641
f 2368/3073/639 2335/3074/27 2334/3072/27 2369/3071/640
f 2367/3075/638 2336/3076/27 2335/3074/27 2368/3073/639
f 2366/3077/542 2337/3078/27 2336/3076/27 2367/3075/638
f 2365/3079/541 2338/3080/27 2337/3081/27 2366/3082/542
f 2364/3083/637 2339/3084/27 2338/3080/27 2365/3079/541
f 2363/3085/539 2340/3086/27 2339/3084/27 2364/3083/637
f 2362/3048/538 2321/3047/27 2340/3086/27 2363/3085/539
f 2321/3047/279 2379/3087/651 2378/3088/557 2340/3086/277
f 2340/3086/277 2378/3088/557 2380/3089/558 2339/3084/275
f 2339/3084/275 2380/3089/558 2381/3090/652 2338/3080/273
f 2338/3080/273 2381/3090/652 2382/3091/653 2337/3081/1
f 2337/3078/1 2382/3092/653 2383/3093/654 2336/3076/270
f 2336/3076/270 2383/3093/654 2384/3094/655 2335/3074/268
f 2335/3074/268 2384/3094/655 2278/3095/656 2334/3072/266
f 2334/3072/266 2278/3095/656 2385/3096/657 2333/3070/264
f 2333/3070/264 2385/3096/657 2386/3097/658 2332/3068/4
f 2332/3068/4 2386/3097/658 2277/3098/659 2331/3066/261
f 2331/3066/261 2277/3098/659 2276/3099/567 2330/3064/259
f 2330/3064/259 2276/3099/567 2387/3100/568 2329/3062/257
f 2329/3062/257 2387/3100/568 2275/3101/660 2328/3060/256
f 2328/3060/256 2275/3101/660 2274/3102/661 2327/3058/2
f 2327/3058/2 2274/3102/661 2273/3103/662 2326/3056/663
f 2326/3056/663 2273/3103/662 2388/3104/664 2325/3054/251
f 2325/3054/251 2388/3104/664 2389/3105/665 2324/3052/249
f 2324/3052/249 2389/3105/665 2272/3106/666 2323/3050/246
f 2323/3050/246 2272/3106/666 2271/3107/667 2322/3046/3
f 2322/3046/3 2271/3107/667 2379/3087/651 2321/3047/279
f 2378/3108/557 2341/3109/27 2380/3110/558
f 2379/3111/651 2341/3109/27 2378/3108/557
f 2271/3112/667 2341/3109/27 2379/3111/651
f 2272/3113/666 2341/3109/27 2271/3112/667
f 2389/3114/665 2341/3109/27 2272/3113/666
f 2388/3115/664 2341/3109/27 2389/3114/665
f 2273/3116/662 2341/3109/27 2388/3115/664
f 2274/3117/661 2341/3109/27 2273/3116/662
f 2275/3118/660 2341/3109/27 2274/3117/661
f 2387/3119/568 2341/3109/27 2275/3118/660
f 2276/3120/567 2341/3109/27 2387/3119/568
f 2277/3121/659 2341/3109/27 2276/3120/567
f 2386/3122/658 2341/3109/27 2277/3121/659
f 2385/3123/657 2341/3109/27 2386/3122/658
f 2278/3124/656 2341/3109/27 2385/3123/657
f 2384/3125/655 2341/3109/27 2278/3124/656
f 2383/3126/654 2341/3109/27 2384/3125/655
f 2382/3127/653 2341/3109/27 2383/3126/654
f 2381/3128/652 2341/3109/27 2382/3127/653
f 2380/3110/558 2341/3109/27 2381/3128/652
f 2342/3129/596 2390/3130/595 2353/3131/616
f 2352/3132/632 2391/3133/597 2342/3134/596
f 2343/3135/598 2391/3133/597 2352/3132/632
f 2351/3136/617 2392/3137/600 2344/3138/599
f 2359/3139/618 2393/3140/601 2392/3137/600 2351/3136/617
f 2358/3141/619 2394/3142/602 2393/3140/601 2359/3139/618
f 2357/3143/620 2395/3144/603 2394/3142/602 2358/3141/619
f 2356/3145/621 2396/3146/604 2395/3144/603 2357/3143/620
f 2345/3147/605 2396/3146/604 2356/3145/621
f 2355/3148/624 2398/3149/607 2397/3150/606
f 2346/3151/608 2398/3149/607 2355/3148/624
f 2354/3152/628 2399/3153/611 2348/3154/610
f 2400/3155/612 2399/3153/611 2354/3152/628
f 2353/3131/616 2390/3130/595 2350/3156/614
f 2351/3157/617 2344/3158/599 2401/3159/634
f 2401/3159/634 2344/3158/599 2343/3160/598 2402/3161/633
f 2402/3161/633 2343/3160/598 2352/3162/632
f 2352/3163/632 2342/3164/596 2403/3165/631
f 2403/3165/631 2342/3164/596 2353/3166/616
f 2404/3167/615 2349/3168/613 2405/3169/630
f 2405/3169/630 2349/3168/613 2406/3170/629
f 2349/2937/613 2400/3171/612 2406/3172/629
f 2406/3172/629 2400/3171/612 2354/3173/628
f 2354/3173/628 2348/3174/610 2407/3175/627
f 2407/3175/627 2348/3174/610 2347/3176/609 2408/3177/626
f 2408/3177/626 2347/3176/609 2346/3178/608 2409/3179/625
f 2409/3179/625 2346/3178/608 2355/3180/624
f 2355/3181/624 2397/3182/606 2410/3183/623
f 2410/3183/623 2345/3184/605 2411/3185/622
f 2410/3183/623 2397/3182/606 2345/3184/605
f 2411/3185/622 2345/3184/605 2356/3186/621
f 2414/3187/246 2415/3188/246 2413/3189/3 2412/3190/3
f 2416/3191/249 2417/3192/249 2415/3193/246 2414/3194/246
f 2418/3195/251 2419/3196/251 2417/3192/249 2416/3191/249
f 2420/3197/253 2421/3198/253 2419/3196/251 2418/3195/251
f 2422/3199/2 2423/3200/2 2421/3198/253 2420/3197/253
f 2424/3201/256 2425/3202/256 2423/3200/2 2422/3199/2
f 2426/3203/257 2427/3204/257 2425/3202/256 2424/3201/256
f 2428/3205/259 2429/3206/259 2427/3204/257 2426/3203/257
f 2430/3207/261 2431/3208/261 2429/3206/259 2428/3205/259
f 2432/3209/4 2433/3210/4 2431/3208/261 2430/3207/261
f 2434/3211/264 2435/3212/264 2433/3210/4 2432/3209/4
f 2436/3213/266 2437/3214/266 2435/3212/264 2434/3211/264
f 2438/3215/268 2439/3216/268 2437/3214/266 2436/3213/266
f 2440/3217/270 2441/3218/270 2439/3216/268 2438/3215/268
f 2442/3219/1 2443/3220/1 2441/3218/270 2440/3217/270
f 2444/3221/273 2445/3222/273 2443/3220/1 2442/3219/1
f 2446/3223/275 2447/3224/275 2445/3222/273 2444/3221/273
f 2448/3225/277 2449/3226/277 2447/3224/275 2446/3223/275
f 2450/3227/279 2451/3228/279 2449/3226/277 2448/3225/277
f 2412/3190/3 2413/3189/3 2451/3228/279 2450/3227/279
f 2413/3229/143 2453/3230/143 2452/3231/143 2451/3232/143
f 2415/3233/143 2454/3234/143 2453/3235/143 2413/3236/143
f 2417/3237/143 2455/3238/143 2454/3234/143 2415/3233/143
f 2419/3239/143 2456/3240/143 2455/3238/143 2417/3237/143
f 2421/3241/143 2457/3242/143 2456/3240/143 2419/3239/143
f 2423/3243/143 2458/3244/143 2457/3242/143 2421/3241/143
f 2425/3245/143 2459/3246/143 2458/3244/143 2423/3243/143
f 2427/3247/143 2460/3248/143 2459/3246/143 2425/3245/143
f 2429/3249/143 2461/3250/143 2460/3248/143 2427/3247/143
f 2431/3251/143 2462/3252/143 2461/3250/143 2429/3249/143
f 2433/3253/143 2463/3254/143 2462/3252/143 2431/3251/143
f 2435/3255/143 2464/3256/143 2463/3254/143 2433/3253/143
f 2437/3257/143 2465/3258/143 2464/3256/143 2435/3255/143
f 2439/3259/143 2466/3260/143 2465/3258/143 2437/3257/143
f 2441/3261/143 2467/3262/143 2466/3260/143 2439/3259/143
f 2443/3263/143 2468/3264/143 2467/3262/143 2441/3261/143
f 2445/3265/143 2469/3266/143 2468/3264/143 2443/3263/143
f 2447/3267/143 2470/3268/143 2469/3266/143 2445/3265/143
f 2449/3269/143 2471/3270/143 2470/3268/143 2447/3267/143
f 2451/3232/143 2452/3231/143 2471/3270/143 2449/3269/143
f 2452/3231/279 2591/3271/668 2590/3272/669 2471/3270/277
f 2471/3270/277 2590/3272/669 2592/3273/670 2470/3268/275
f 2470/3268/275 2592/3273/670 2593/3274/671 2469/3266/273
f 2469/3266/273 2593/3274/671 2546/3275/672 2468/3264/1
f 2468/3264/1 2546/3275/672 2594/3276/673 2467/3262/270
f 2467/3262/270 2594/3276/673 2547/3277/674 2466/3260/268
f 2466/3260/268 2547/3277/674 2595/3278/675 2465/3258/266
f 2465/3258/266 2595/3278/675 2596/3279/676 2464/3256/264
f 2464/3256/264 2596/3279/676 2548/3280/677 2463/3254/4
f 2463/3254/4 2548/3280/677 2597/3281/678 2462/3252/261
f 2462/3252/261 2597/3281/678 2549/3282/679 2461/3250/259
f 2461/3250/259 2549/3282/679 2550/3283/680 2460/3248/257
f 2460/3248/257 2550/3283/680 2551/3284/681 2459/3246/256
f 2459/3246/256 2551/3284/681 2552/3285/682 2458/3244/2
f 2458/3244/2 2552/3285/682 2598/3286/683 2457/3242/253
f 2457/3242/253 2598/3286/683 2553/3287/684 2456/3240/251
f 2456/3240/251 2553/3287/684 2554/3288/685 2455/3238/249
f 2455/3238/249 2554/3288/685 2599/3289/686 2454/3234/246
f 2454/3234/246 2599/3289/686 2600/3290/687 2453/3235/3
f 2453/3230/3 2600/3291/687 2591/3271/668 2452/3231/279
f 2555/3292/688 2478/3293/253 2477/3294/251 2612/3295/689
f 2612/3295/689 2477/3294/251 2479/3296/249 2562/3297/690
f 2562/3297/690 2479/3296/249 2480/3298/246 2611/3299/691
f 2611/3299/691 2480/3298/246 2481/3300/3 2610/3301/692
f 2610/3301/692 2481/3300/3 2482/3302/279 2609/3303/693
f 2609/3303/693 2482/3302/279 2483/3304/277 2608/3305/694
f 2608/3305/694 2483/3304/277 2484/3306/275 2607/3307/695
f 2607/3307/695 2484/3306/275 2485/3308/273 2606/3309/696
f 2606/3309/696 2485/3308/273 2486/3310/1 2605/3311/697
f 2605/3311/697 2486/3310/1 2487/3312/270 2561/3313/698
f 2561/3313/698 2487/3312/270 2488/3314/268 2604/3315/699
f 2604/3315/699 2488/3314/268 2489/3316/266 2603/3317/700
f 2603/3317/700 2489/3316/266 2490/3318/264 2560/3319/701
f 2560/3319/701 2490/3318/264 2491/3320/4 2602/3321/702
f 2602/3322/702 2491/3323/4 2492/3324/261 2559/3325/703
f 2559/3325/703 2492/3324/261 2493/3326/259 2558/3327/704
f 2558/3327/704 2493/3326/259 2494/3328/257 2557/3329/705
f 2557/3329/705 2494/3328/257 2495/3330/256 2556/3331/706
f 2556/3331/706 2495/3330/256 2496/3332/2 2601/3333/707
f 2601/3333/707 2496/3332/2 2478/3293/253 2555/3292/688
f 2477/3294/27 2498/3334/27 2497/3335/27 2479/3296/27
f 2478/3293/27 2499/3336/27 2498/3334/27 2477/3294/27
f 2496/3332/27 2500/3337/27 2499/3336/27 2478/3293/27
f 2495/3330/27 2501/3338/27 2500/3337/27 2496/3332/27
f 2494/3328/27 2502/3339/27 2501/3338/27 2495/3330/27
f 2493/3326/27 2503/3340/27 2502/3339/27 2494/3328/27
f 2492/3324/27 2504/3341/27 2503/3340/27 2493/3326/27
f 2491/3323/27 2505/3342/27 2504/3341/27 2492/3324/27
f 2490/3318/27 2506/3343/27 2505/3344/27 2491/3320/27
f 2489/3316/27 2507/3345/27 2506/3343/27 2490/3318/27
f 2488/3314/27 2508/3346/27 2507/3345/27 2489/3316/27
f 2487/3312/27 2509/3347/27 2508/3346/27 2488/3314/27
f 2486/3310/27 2510/3348/27 2509/3347/27 2487/3312/27
f 2485/3308/27 2511/3349/27 2510/3348/27 2486/3310/27
f 2484/3306/27 2512/3350/27 2511/3349/27 2485/3308/27
f 2483/3304/27 2513/3351/27 2512/3350/27 2484/3306/27
f 2482/3302/27 2514/3352/27 2513/3351/27 2483/3304/27
f 2481/3300/27 2515/3353/27 2514/3352/27 2482/3302/27
f 2480/3298/27 2516/3354/27 2515/3353/27 2481/3300/27
f 2479/3296/27 2497/3335/27 2516/3354/27 2480/3298/27
f 2506/3355/246 2544/3356/708 2563/3357/709 2505/3358/3
f 2505/3358/3 2563/3357/709 2564/3359/538 2504/3360/279
f 2504/3360/279 2564/3359/538 2565/3361/539 2503/3362/277
f 2503/3362/277 2565/3361/539 2566/3363/540 2502/3364/275
f 2502/3364/275 2566/3363/540 2567/3365/541 2501/3366/273
f 2501/3366/273 2567/3365/541 2568/3367/542 2500/3368/1
f 2500/3369/1 2568/3370/542 2569/3371/543 2499/3372/270
f 2499/3372/270 2569/3371/543 2570/3373/710 2498/3374/268
f 2498/3374/268 2570/3373/710 2571/3375/711 2497/3376/266
f 2497/3376/266 2571/3375/711 2523/3377/712 2516/3378/264
f 2516/3378/264 2523/3377/712 2522/3379/713 2515/3380/4
f 2515/3380/4 2522/3379/713 2572/3381/714 2514/3382/261
f 2514/3382/261 2572/3381/714 2573/3383/715 2513/3384/259
f 2513/3384/259 2573/3383/715 2521/3385/716 2512/3386/257
f 2512/3386/257 2521/3385/716 2520/3387/717 2511/3388/256
f 2511/3388/256 2520/3387/717 2519/3389/718 2510/3390/2
f 2510/3390/2 2519/3389/718 2518/3391/719 2509/3392/253
f 2509/3392/253 2518/3391/719 2517/3393/720 2508/3394/251
f 2508/3394/251 2517/3393/720 2574/3395/721 2507/3396/249
f 2507/3396/249 2574/3395/721 2544/3356/708 2506/3355/246
f 2563/3397/709 2525/3398/27 2524/3399/27 2564/3400/538
f 2544/3401/708 2526/3402/27 2525/3398/27 2563/3397/709
f 2574/3403/721 2527/3404/27 2526/3402/27 2544/3401/708
f 2517/3405/720 2528/3406/27 2527/3404/27 2574/3403/721
f 2518/3407/719 2529/3408/27 2528/3406/27 2517/3405/720
f 2519/3409/718 2530/3410/27 2529/3408/27 2518/3407/719
f 2520/3411/717 2531/3412/27 2530/3410/27 2519/3409/718
f 2521/3413/716 2532/3414/27 2531/3412/27 2520/3411/717
f 2573/3415/715 2533/3416/27 2532/3414/27 2521/3413/716
f 2572/3417/714 2534/3418/27 2533/3416/27 2573/3415/715
f 2522/3419/713 2535/3420/27 2534/3418/27 2572/3417/714
f 2523/3421/712 2536/3422/27 2535/3420/27 2522/3419/713
f 2571/3423/711 2537/3424/27 2536/3422/27 2523/3421/712
f 2570/3425/710 2538/3426/27 2537/3424/27 2571/3423/711
f 2569/3427/543 2539/3428/27 2538/3426/27 2570/3425/710
f 2568/3429/542 2540/3430/27 2539/3428/27 2569/3427/543
f 2567/3431/541 2541/3432/27 2540/3433/27 2568/3434/542
f 2566/3435/540 2542/3436/27 2541/3432/27 2567/3431/541
f 2565/3437/539 2543/3438/27 2542/3436/27 2566/3435/540
f 2564/3400/538 2524/3399/27 2543/3438/27 2565/3437/539
f 2524/3399/279 2576/3439/722 2575/3440/557 2543/3438/277
f 2543/3438/277 2575/3440/557 2577/3441/558 2542/3436/275
f 2542/3436/275 2577/3441/558 2578/3442/559 2541/3432/273
f 2541/3432/273 2578/3442/559 2579/3443/560 2540/3433/1
f 2540/3430/1 2579/3444/560 2580/3445/723 2539/3428/270
f 2539/3428/270 2580/3445/723 2581/3446/724 2538/3426/268
f 2538/3426/268 2581/3446/724 2582/3447/725 2537/3424/266
f 2537/3424/266 2582/3447/725 2476/3448/726 2536/3422/727
f 2536/3422/727 2476/3448/726 2475/3449/728 2535/3420/4
f 2535/3420/4 2475/3449/728 2474/3450/729 2534/3418/261
f 2534/3418/261 2474/3450/729 2583/3451/730 2533/3416/259
f 2533/3416/259 2583/3451/730 2473/3452/731 2532/3414/257
f 2532/3414/257 2473/3452/731 2584/3453/732 2531/3412/256
f 2531/3412/256 2584/3453/732 2585/3454/733 2530/3410/2
f 2530/3410/2 2585/3454/733 2472/3455/734 2529/3408/253
f 2529/3408/253 2472/3455/734 2586/3456/735 2528/3406/251
f 2528/3406/251 2586/3456/735 2587/3457/736 2527/3404/249
f 2527/3404/249 2587/3457/736 2588/3458/737 2526/3402/246
f 2526/3402/246 2588/3458/737 2589/3459/738 2525/3398/3
f 2525/3398/3 2589/3459/738 2576/3439/722 2524/3399/279
f 2575/3460/557 2545/3461/27 2577/3462/558
f 2576/3463/722 2545/3461/27 2575/3460/557
f 2589/3464/738 2545/3461/27 2576/3463/722
f 2588/3465/737 2545/3461/27 2589/3464/738
f 2587/3466/736 2545/3461/27 2588/3465/737
f 2586/3467/735 2545/3461/27 2587/3466/736
f 2472/3468/734 2545/3461/27 2586/3467/735
f 2585/3469/733 2545/3461/27 2472/3468/734
f 2584/3470/732 2545/3461/27 2585/3469/733
f 2473/3471/731 2545/3461/27 2584/3470/732
f 2583/3472/730 2545/3461/27 2473/3471/731
f 2474/3473/729 2545/3461/27 2583/3472/730
f 2475/3474/728 2545/3461/27 2474/3473/729
f 2476/3475/726 2545/3461/27 2475/3474/728
f 2582/3476/725 2545/3461/27 2476/3475/726
f 2581/3477/724 2545/3461/27 2582/3476/725
f 2580/3478/723 2545/3461/27 2581/3477/724
f 2579/3479/560 2545/3461/27 2580/3478/723
f 2578/3480/559 2545/3461/27 2579/3479/560
f 2577/3462/558 2545/3461/27 2578/3480/559
f 2596/3481/676 2562/3482/690 2611/3483/691
f 2548/3484/677 2596/3481/676 2611/3483/691
f 2600/3485/687 2560/3486/701 2602/3487/702
f 2559/3488/703 2600/3489/687 2602/3490/702
f 2558/3491/704 2590/3492/669 2591/3493/668 2559/3488/703
f 2557/3494/705 2592/3495/670 2590/3492/669 2558/3491/704
f 2556/3496/706 2593/3497/671 2592/3495/670 2557/3494/705
f 2546/3498/672 2593/3497/671 2556/3496/706
f 2555/3499/688 2594/3500/673 2546/3501/672
f 2547/3502/674 2594/3500/673 2555/3499/688
f 2562/3503/690 2595/3504/675 2547/3505/674
f 2596/3506/676 2595/3504/675 2562/3503/690
f 2561/3507/698 2598/3508/683 2552/3509/682
f 2553/3510/684 2598/3508/683 2561/3507/698
f 2560/3511/701 2599/3512/686 2554/3513/685
f 2600/3514/687 2599/3512/686 2560/3511/701
f 2559/3488/703 2591/3493/668 2600/3489/687
f 2555/3515/688 2546/3516/672 2601/3517/707
f 2601/3517/707 2546/3516/672 2556/3518/706
f 2560/3519/701 2554/3520/685 2603/3521/700
f 2603/3521/700 2554/3520/685 2553/3522/684 2604/3523/699
f 2604/3523/699 2553/3522/684 2561/3524/698
f 2561/3525/698 2552/3526/682 2605/3527/697
f 2605/3527/697 2552/3526/682 2551/3528/681 2606/3529/696
f 2606/3529/696 2551/3528/681 2550/3530/680 2607/3531/695
f 2607/3531/695 2550/3530/680 2549/3532/679 2608/3533/694
f 2608/3533/694 2549/3532/679 2609/3534/693
f 2549/3535/679 2597/3536/678 2609/3537/693
f 2609/3537/693 2548/3538/677 2610/3539/692
f 2609/3537/693 2597/3536/678 2548/3538/677
f 2610/3539/692 2548/3538/677 2611/3540/691
f 2562/3541/690 2547/3542/674 2612/3543/689
f 2612/3543/689 2547/3542/674 2555/3544/688
f 2615/3545/246 2616/3546/246 2614/3547/3 2613/3548/3
f 2617/3549/249 2618/3550/249 2616/3551/246 2615/3552/246
f 2619/3553/251 2620/3554/251 2618/3550/249 2617/3549/249
f 2621/3555/253 2622/3556/253 2620/3554/251 2619/3553/251
f 2623/3557/2 2624/3558/2 2622/3556/253 2621/3555/253
f 2625/3559/256 2626/3560/256 2624/3558/2 2623/3557/2
f 2627/3561/257 2628/3562/257 2626/3560/256 2625/3559/256
f 2629/3563/259 2630/3564/259 2628/3562/257 2627/3561/257
f 2631/3565/261 2632/3566/261 2630/3564/259 2629/3563/259
f 2633/3567/4 2634/3568/4 2632/3566/261 2631/3565/261
f 2635/3569/264 2636/3570/264 2634/3568/4 2633/3567/4
f 2637/3571/266 2638/3572/266 2636/3570/264 2635/3569/264
f 2639/3573/268 2640/3574/268 2638/3572/266 2637/3571/266
f 2641/3575/270 2642/3576/270 2640/3574/268 2639/3573/268
f 2643/3577/1 2644/3578/1 2642/3576/270 2641/3575/270
f 2645/3579/273 2646/3580/273 2644/3578/1 2643/3577/1
f 2647/3581/275 2648/3582/275 2646/3580/273 2645/3579/273
f 2649/3583/277 2650/3584/277 2648/3582/275 2647/3581/275
f 2651/3585/279 2652/3586/279 2650/3584/277 2649/3583/277
f 2613/3548/3 2614/3547/3 2652/3586/279 2651/3585/279
f 2614/3587/143 2654/3588/143 2653/3589/143 2652/3590/143
f 2616/3591/143 2655/3592/143 2654/3593/143 2614/3594/143
f 2618/3595/143 2656/3596/143 2655/3592/143 2616/3591/143
f 2620/3597/143 2657/3598/143 2656/3596/143 2618/3595/143
f 2622/3599/143 2658/3600/143 2657/3598/143 2620/3597/143
f 2624/3601/143 2659/3602/143 2658/3600/143 2622/3599/143
f 2626/3603/143 2660/3604/143 2659/3602/143 2624/3601/143
f 2628/3605/143 2661/3606/143 2660/3604/143 2626/3603/143
f 2630/3607/143 2662/3608/143 2661/3606/143 2628/3605/143
f 2632/3609/143 2663/3610/143 2662/3608/143 2630/3607/143
f 2634/3611/143 2664/3612/143 2663/3610/143 2632/3609/143
f 2636/3613/143 2665/3614/143 2664/3612/143 2634/3611/143
f 2638/3615/143 2666/3616/143 2665/3614/143 2636/3613/143
f 2640/3617/143 2667/3618/143 2666/3616/143 2638/3615/143
f 2642/3619/143 2668/3620/143 2667/3618/143 2640/3617/143
f 2644/3621/143 2669/3622/143 2668/3620/143 2642/3619/143
f 2646/3623/143 2670/3624/143 2669/3622/143 2644/3621/143
f 2648/3625/143 2671/3626/143 2670/3624/143 2646/3623/143
f 2650/3627/143 2672/3628/143 2671/3626/143 2648/3625/143
f 2652/3590/143 2653/3589/143 2672/3628/143 2650/3627/143
f 2653/3589/279 2746/3629/739 2796/3630/740 2672/3628/277
f 2672/3628/277 2796/3630/740 2797/3631/670 2671/3626/275
f 2671/3626/275 2797/3631/670 2798/3632/741 2670/3624/273
f 2670/3624/273 2798/3632/741 2799/3633/500 2669/3622/1
f 2669/3622/1 2799/3633/500 2800/3634/501 2668/3620/270
f 2668/3620/270 2800/3634/501 2747/3635/742 2667/3618/268
f 2667/3618/268 2747/3635/742 2801/3636/743 2666/3616/266
f 2666/3616/266 2801/3636/743 2748/3637/744 2665/3614/264
f 2665/3614/264 2748/3637/744 2802/3638/745 2664/3612/4
f 2664/3612/4 2802/3638/745 2749/3639/746 2663/3610/261
f 2663/3610/261 2749/3639/746 2750/3640/747 2662/3608/259
f 2662/3608/259 2750/3640/747 2751/3641/680 2661/3606/257
f 2661/3606/257 2751/3641/680 2752/3642/748 2660/3604/256
f 2660/3604/256 2752/3642/748 2753/3643/609 2659/3602/2
f 2659/3602/2 2753/3643/609 2754/3644/749 2658/3600/253
f 2658/3600/253 2754/3644/749 2755/3645/750 2657/3598/251
f 2657/3598/251 2755/3645/750 2756/3646/685 2656/3596/249
f 2656/3596/249 2756/3646/685 2803/3647/751 2655/3592/246
f 2655/3592/246 2803/3647/751 2757/3648/752 2654/3593/3
f 2654/3588/3 2757/3649/752 2746/3629/739 2653/3589/279
f 2758/3650/753 2682/3651/253 2681/3652/251 2767/3653/754
f 2767/3653/754 2681/3652/251 2683/3654/249 2766/3655/755
f 2766/3655/755 2683/3654/249 2684/3656/246 2765/3657/756
f 2765/3657/756 2684/3656/246 2685/3658/3 2764/3659/757
f 2764/3659/757 2685/3658/3 2686/3660/279 2813/3661/758
f 2813/3661/758 2686/3660/279 2687/3662/277 2812/3663/759
f 2812/3663/759 2687/3662/277 2688/3664/275 2811/3665/695
f 2811/3665/695 2688/3664/275 2689/3666/273 2810/3667/696
f 2810/3667/696 2689/3666/273 2690/3668/1 2809/3669/626
f 2809/3669/626 2690/3668/1 2691/3670/270 2808/3671/760
f 2808/3671/760 2691/3670/270 2692/3672/268 2807/3673/761
f 2807/3673/761 2692/3672/268 2693/3674/266 2806/3675/700
f 2806/3675/700 2693/3674/266 2694/3676/264 2763/3677/762
f 2763/3677/762 2694/3676/264 2695/3678/4 2805/3679/763
f 2805/3680/763 2695/3681/4 2696/3682/261 2804/3683/764
f 2804/3683/764 2696/3682/261 2697/3684/259 2762/3685/765
f 2762/3685/765 2697/3684/259 2698/3686/257 2761/3687/766
f 2761/3687/766 2698/3686/257 2699/3688/256 2760/3689/767
f 2760/3689/767 2699/3688/256 2700/3690/2 2759/3691/535
f 2759/3691/535 2700/3690/2 2682/3651/253 2758/3650/753
f 2681/3652/27 2702/3692/27 2701/3693/27 2683/3654/27
f 2682/3651/27 2703/3694/27 2702/3692/27 2681/3652/27
f 2700/3690/27 2704/3695/27 2703/3694/27 2682/3651/27
f 2699/3688/27 2705/3696/27 2704/3695/27 2700/3690/27
f 2698/3686/27 2706/3697/27 2705/3696/27 2699/3688/27
f 2697/3684/27 2707/3698/27 2706/3697/27 2698/3686/27
f 2696/3682/27 2708/3699/27 2707/3698/27 2697/3684/27
f 2695/3681/27 2709/3700/27 2708/3699/27 2696/3682/27
f 2694/3676/27 2710/3701/27 2709/3702/27 2695/3678/27
f 2693/3674/27 2711/3703/27 2710/3701/27 2694/3676/27
f 2692/3672/27 2712/3704/27 2711/3703/27 2693/3674/27
f 2691/3670/27 2713/3705/27 2712/3704/27 2692/3672/27
f 2690/3668/27 2714/3706/27 2713/3705/27 2691/3670/27
f 2689/3666/27 2715/3707/27 2714/3706/27 2690/3668/27
f 2688/3664/27 2716/3708/27 2715/3707/27 2689/3666/27
f 2687/3662/27 2717/3709/27 2716/3708/27 2688/3664/27
f 2686/3660/27 2718/3710/27 2717/3709/27 2687/3662/27
f 2685/3658/27 2719/3711/27 2718/3710/27 2686/3660/27
f 2684/3656/27 2720/3712/27 2719/3711/27 2685/3658/27
f 2683/3654/27 2701/3693/27 2720/3712/27 2684/3656/27
f 2710/3713/246 2769/3714/768 2768/3715/769 2709/3716/3
f 2709/3716/3 2768/3715/769 2770/3717/538 2708/3718/279
f 2708/3718/279 2770/3717/538 2771/3719/770 2707/3720/277
f 2707/3720/277 2771/3719/770 2772/3721/540 2706/3722/275
f 2706/3722/275 2772/3721/540 2773/3723/541 2705/3724/273
f 2705/3724/273 2773/3723/541 2774/3725/771 2704/3726/1
f 2704/3727/1 2774/3728/771 2775/3729/543 2703/3730/270
f 2703/3730/270 2775/3729/543 2776/3731/772 2702/3732/268
f 2702/3732/268 2776/3731/772 2777/3733/640 2701/3734/266
f 2701/3734/266 2777/3733/640 2778/3735/773 2720/3736/264
f 2720/3736/264 2778/3735/773 2779/3737/774 2719/3738/4
f 2719/3738/4 2779/3737/774 2724/3739/775 2718/3740/261
f 2718/3740/261 2724/3739/775 2780/3741/776 2717/3742/259
f 2717/3742/259 2780/3741/776 2723/3743/777 2716/3744/257
f 2716/3744/257 2723/3743/777 2781/3745/778 2715/3746/256
f 2715/3746/256 2781/3745/778 2722/3747/779 2714/3748/2
f 2714/3748/2 2722/3747/779 2782/3749/780 2713/3750/253
f 2713/3750/253 2782/3749/780 2721/3751/781 2712/3752/251
f 2712/3752/251 2721/3751/781 2783/3753/782 2711/3754/249
f 2711/3754/249 2783/3753/782 2769/3714/768 2710/3713/246
f 2768/3755/769 2726/3756/27 2725/3757/27 2770/3758/538
f 2769/3759/768 2727/3760/27 2726/3756/27 2768/3755/769
f 2783/3761/782 2728/3762/27 2727/3760/27 2769/3759/768
f 2721/3763/781 2729/3764/27 2728/3762/27 2783/3761/782
f 2782/3765/780 2730/3766/27 2729/3764/27 2721/3763/781
f 2722/3767/779 2731/3768/27 2730/3766/27 2782/3765/780
f 2781/3769/778 2732/3770/27 2731/3768/27 2722/3767/779
f 2723/3771/777 2733/3772/27 2732/3770/27 2781/3769/778
f 2780/3773/776 2734/3774/27 2733/3772/27 2723/3771/777
f 2724/3775/775 2735/3776/27 2734/3774/27 2780/3773/776
f 2779/3777/774 2736/3778/27 2735/3776/27 2724/3775/775
f 2778/3779/773 2737/3780/27 2736/3778/27 2779/3777/774
f 2777/3781/640 2738/3782/27 2737/3780/27 2778/3779/773
f 2776/3783/772 2739/3784/27 2738/3782/27 2777/3781/640
f 2775/3785/543 2740/3786/27 2739/3784/27 2776/3783/772
f 2774/3787/771 2741/3788/27 2740/3786/27 2775/3785/543
f 2773/3789/541 2742/3790/27 2741/3791/27 2774/3792/771
f 2772/3793/540 2743/3794/27 2742/3790/27 2773/3789/541
f 2771/3795/770 2744/3796/27 2743/3794/27 2772/3793/540
f 2770/3758/538 2725/3757/27 2744/3796/27 2771/3795/770
f 2725/3757/279 2785/3797/783 2784/3798/557 2744/3796/277
f 2744/3796/277 2784/3798/557 2786/3799/558 2743/3794/275
f 2743/3794/275 2786/3799/558 2787/3800/559 2742/3790/273
f 2742/3790/273 2787/3800/559 2788/3801/560 2741/3791/1
f 2741/3788/1 2788/3802/560 2789/3803/723 2740/3786/270
f 2740/3786/270 2789/3803/723 2790/3804/784 2739/3784/268
f 2739/3784/268 2790/3804/784 2680/3805/785 2738/3782/266
f 2738/3782/266 2680/3805/785 2791/3806/786 2737/3780/264
f 2737/3780/264 2791/3806/786 2679/3807/787 2736/3778/4
f 2736/3778/4 2679/3807/787 2678/3808/788 2735/3776/261
f 2735/3776/261 2678/3808/788 2677/3809/789 2734/3774/259
f 2734/3774/259 2677/3809/789 2792/3810/790 2733/3772/257
f 2733/3772/257 2792/3810/790 2793/3811/791 2732/3770/256
f 2732/3770/256 2793/3811/791 2676/3812/792 2731/3768/2
f 2731/3768/2 2676/3812/792 2675/3813/793 2730/3766/253
f 2730/3766/253 2675/3813/793 2674/3814/794 2729/3764/251
f 2729/3764/251 2674/3814/794 2794/3815/795 2728/3762/249
f 2728/3762/249 2794/3815/795 2673/3816/796 2727/3760/246
f 2727/3760/246 2673/3816/796 2795/3817/797 2726/3756/3
f 2726/3756/3 2795/3817/797 2785/3797/783 2725/3757/279
f 2784/3818/557 2745/3819/27 2786/3820/558
f 2785/3821/783 2745/3819/27 2784/3818/557
f 2795/3822/797 2745/3819/27 2785/3821/783
f 2673/3823/796 2745/3819/27 2795/3822/797
f 2794/3824/795 2745/3819/27 2673/3823/796
f 2674/3825/794 2745/3819/27 2794/3824/795
f 2675/3826/793 2745/3819/27 2674/3825/794
f 2676/3827/792 2745/3819/27 2675/3826/793
f 2793/3828/791 2745/3819/27 2676/3827/792
f 2792/3829/790 2745/3819/27 2793/3828/791
f 2677/3830/789 2745/3819/27 2792/3829/790
f 2678/3831/788 2745/3819/27 2677/3830/789
f 2679/3832/787 2745/3819/27 2678/3831/788
f 2791/3833/786 2745/3819/27 2679/3832/787
f 2680/3834/785 2745/3819/27 2791/3833/786
f 2790/3835/784 2745/3819/27 2680/3834/785
f 2789/3836/723 2745/3819/27 2790/3835/784
f 2788/3837/560 2745/3819/27 2789/3836/723
f 2787/3838/559 2745/3819/27 2788/3837/560
f 2786/3820/558 2745/3819/27 2787/3838/559
f 2762/3839/765 2796/3840/740 2746/3841/739
f 2761/3842/766 2797/3843/670 2796/3840/740 2762/3839/765
f 2760/3844/767 2798/3845/741 2797/3843/670 2761/3842/766
f 2759/3846/535 2799/3847/500 2798/3845/741 2760/3844/767
f 2758/3848/753 2800/3849/501 2799/3847/500 2759/3846/535
f 2747/3850/742 2800/3849/501 2758/3848/753
f 2766/3851/755 2801/3852/743 2747/3853/742
f 2765/3854/756 2748/3855/744 2801/3852/743 2766/3851/755
f 2764/3856/757 2802/3857/745 2748/3855/744 2765/3854/756
f 2749/3858/746 2802/3857/745 2764/3856/757
f 2763/3859/762 2803/3860/751 2756/3861/685
f 2757/3862/752 2803/3860/751 2763/3859/762
f 2762/3863/765 2746/3864/739 2804/3865/764
f 2804/3865/764 2746/3864/739 2757/3866/752 2805/3867/763
f 2805/3868/763 2757/3869/752 2763/3870/762
f 2763/3871/762 2756/3872/685 2806/3873/700
f 2806/3873/700 2756/3872/685 2755/3874/750 2807/3875/761
f 2807/3875/761 2755/3874/750 2754/3876/749 2808/3877/760
f 2808/3877/760 2754/3876/749 2753/3878/609 2809/3879/626
f 2809/3879/626 2753/3878/609 2752/3880/748 2810/3881/696
f 2810/3881/696 2752/3880/748 2751/3882/680 2811/3883/695
f 2811/3883/695 2751/3882/680 2750/3884/747 2812/3885/759
f 2812/3885/759 2750/3884/747 2749/3886/746 2813/3887/758
f 2813/3887/758 2749/3886/746 2764/3888/757
f 2766/3889/755 2747/3890/742 2767/3891/754
f 2767/3891/754 2747/3890/742 2758/3892/753
f 2816/3893/246 2817/3894/246 2815/3895/3 2814/3896/3
f 2818/3897/249 2819/3898/249 2817/3899/246 2816/3900/246
f 2820/3901/251 2821/3902/251 2819/3898/249 2818/3897/249
f 2822/3903/253 2823/3904/253 2821/3902/251 2820/3901/251
f 2824/3905/2 2825/3906/2 2823/3904/253 2822/3903/253
f 2826/3907/256 2827/3908/256 2825/3906/2 2824/3905/2
f 2828/3909/257 2829/3910/257 2827/3908/256 2826/3907/256
f 2830/3911/259 2831/3912/259 2829/3910/257 2828/3909/257
f 2832/3913/261 2833/3914/261 2831/3912/259 2830/3911/259
f 2834/3915/4 2835/3916/4 2833/3914/261 2832/3913/261
f 2836/3917/264 2837/3918/264 2835/3916/4 2834/3915/4
f 2838/3919/266 2839/3920/266 2837/3918/264 2836/3917/264
f 2840/3921/268 2841/3922/268 2839/3920/266 2838/3919/266
f 2842/3923/270 2843/3924/270 2841/3922/268 2840/3921/268
f 2844/3925/1 2845/3926/1 2843/3924/270 2842/3923/270
f 2846/3927/273 2847/3928/273 2845/3926/1 2844/3925/1
f 2848/3929/275 2849/3930/275 2847/3928/273 2846/3927/273
f 2850/3931/277 2851/3932/277 2849/3930/275 2848/3929/275
f 2852/3933/279 2853/3934/279 2851/3932/277 2850/3931/277
f 2814/3896/3 2815/3895/3 2853/3934/279 2852/3933/279
f 2815/3935/143 2855/3936/143 2854/3937/143 2853/3938/143
f 2817/3939/143 2856/3940/143 2855/3941/143 2815/3942/143
f 2819/3943/143 2857/3944/143 2856/3940/143 2817/3939/143
f 2821/3945/143 2858/3946/143 2857/3944/143 2819/3943/143
f 2823/3947/143 2859/3948/143 2858/3946/143 2821/3945/143
f 2825/3949/143 2860/3950/143 2859/3948/143 2823/3947/143
f 2827/3951/143 2861/3952/143 2860/3950/143 2825/3949/143
f 2829/3953/143 2862/3954/143 2861/3952/143 2827/3951/143
f 2831/3955/143 2863/3956/143 2862/3954/143 2829/3953/143
f 2833/3957/143 2864/3958/143 2863/3956/143 2831/3955/143
f 2835/3959/143 2865/3960/143 2864/3958/143 2833/3957/143
f 2837/3961/143 2866/3962/143 2865/3960/143 2835/3959/143
f 2839/3963/143 2867/3964/143 2866/3962/143 2837/3961/143
f 2841/3965/143 2868/3966/143 2867/3964/143 2839/3963/143
f 2843/3967/143 2869/3968/143 2868/3966/143 2841/3965/143
f 2845/3969/143 2870/3970/143 2869/3968/143 2843/3967/143
f 2847/3971/143 2871/3972/143 2870/3970/143 2845/3969/143
f 2849/3973/143 2872/3974/143 2871/3972/143 2847/3971/143
f 2851/3975/143 2873/3976/143 2872/3974/143 2849/3973/143
f 2853/3938/143 2854/3937/143 2873/3976/143 2851/3975/143
f 2854/3937/279 2944/3977/798 2998/3978/740 2873/3976/277
f 2873/3976/277 2998/3978/740 2999/3979/670 2872/3974/275
f 2872/3974/275 2999/3979/670 3000/3980/799 2871/3972/273
f 2871/3972/273 3000/3980/799 3001/3981/800 2870/3970/1
f 2870/3970/1 3001/3981/800 2945/3982/801 2869/3968/270
f 2869/3968/270 2945/3982/801 2946/3983/802 2868/3966/268
f 2868/3966/268 2946/3983/802 3002/3984/803 2867/3964/266
f 2867/3964/266 3002/3984/803 2947/3985/804 2866/3962/264
f 2866/3962/264 2947/3985/804 3003/3986/805 2865/3960/4
f 2865/3960/4 3003/3986/805 2948/3987/806 2864/3958/261
f 2864/3958/261 2948/3987/806 2949/3988/807 2863/3956/259
f 2863/3956/259 2949/3988/807 2950/3989/680 2862/3954/257
f 2862/3954/257 2950/3989/680 2951/3990/808 2861/3952/256
f 2861/3952/256 2951/3990/808 3004/3991/809 2860/3950/2
f 2860/3950/2 3004/3991/809 2952/3992/810 2859/3948/253
f 2859/3948/253 2952/3992/810 2953/3993/811 2858/3946/251
f 2858/3946/251 2953/3993/811 2954/3994/812 2857/3944/249
f 2857/3944/249 2954/3994/812 2955/3995/813 2856/3940/246
f 2856/3940/246 2955/3995/813 3005/3996/814 2855/3941/3
f 2855/3936/3 3005/3997/814 2944/3977/798 2854/3937/279
f 3006/3998/815 2956/3999/816 2945/4000/801
f 2953/4001/811 2963/4002/817 2962/4003/818
f 2952/4004/810 2963/4002/817 2953/4001/811
f 2946/4005/802 2966/4006/819 3014/4007/820
f 2945/4000/801 2956/3999/816 2966/4006/819 2946/4005/802
f 2956/4008/816 2882/4009/253 2881/4010/251 2966/4011/819
f 2966/4011/819 2881/4010/251 2883/4012/249 3014/4013/820
f 3014/4013/820 2883/4012/249 2884/4014/246 3013/4015/821
f 3013/4015/821 2884/4014/246 2885/4016/3 2965/4017/822
f 2965/4017/822 2885/4016/3 2886/4018/279 2964/4019/823
f 2964/4019/823 2886/4018/279 2887/4020/277 3012/4021/824
f 3012/4021/824 2887/4020/277 2888/4022/275 3011/4023/695
f 3011/4023/695 2888/4022/275 2889/4024/273 3010/4025/825
f 3010/4025/825 2889/4024/273 2890/4026/1 3009/4027/826
f 3009/4027/826 2890/4026/1 2891/4028/270 3008/4029/827
f 3008/4029/827 2891/4028/270 2892/4030/268 2963/4031/817
f 2963/4031/817 2892/4030/268 2893/4032/266 2962/4033/818
f 2962/4033/818 2893/4032/266 2894/4034/264 3007/4035/828
f 3007/4035/828 2894/4034/264 2895/4036/4 2961/4037/829
f 2961/4038/829 2895/4039/4 2896/4040/261 2960/4041/830
f 2960/4041/830 2896/4040/261 2897/4042/259 2959/4043/831
f 2959/4043/831 2897/4042/259 2898/4044/257 2958/4045/832
f 2958/4045/832 2898/4044/257 2899/4046/256 2957/4047/833
f 2957/4047/833 2899/4046/256 2900/4048/2 3006/4049/815
f 3006/4049/815 2900/4048/2 2882/4009/253 2956/4008/816
f 2881/4010/27 2902/4050/27 2901/4051/27 2883/4012/27
f 2882/4009/27 2903/4052/27 2902/4050/27 2881/4010/27
f 2900/4048/27 2904/4053/27 2903/4052/27 2882/4009/27
f 2899/4046/27 2905/4054/27 2904/4053/27 2900/4048/27
f 2898/4044/27 2906/4055/27 2905/4054/27 2899/4046/27
f 2897/4042/27 2907/4056/27 2906/4055/27 2898/4044/27
f 2896/4040/27 2908/4057/27 2907/4056/27 2897/4042/27
f 2895/4039/27 2909/4058/27 2908/4057/27 2896/4040/27
f 2894/4034/27 2910/4059/27 2909/4060/27 2895/4036/27
f 2893/4032/27 2911/4061/27 2910/4059/27 2894/4034/27
f 2892/4030/27 2912/4062/27 2911/4061/27 2893/4032/27
f 2891/4028/27 2913/4063/27 2912/4062/27 2892/4030/27
f 2890/4026/27 2914/4064/27 2913/4063/27 2891/4028/27
f 2889/4024/27 2915/4065/27 2914/4064/27 2890/4026/27
f 2888/4022/27 2916/4066/27 2915/4065/27 2889/4024/27
f 2887/4020/27 2917/4067/27 2916/4066/27 2888/4022/27
f 2886/4018/27 2918/4068/27 2917/4067/27 2887/4020/27
f 2885/4016/27 2919/4069/27 2918/4068/27 2886/4018/27
f 2884/4014/27 2920/4070/27 2919/4069/27 2885/4016/27
f 2883/4012/27 2901/4051/27 2920/4070/27 2884/4014/27
f 2910/4071/246 2967/4072/834 2942/4073/835 2909/4074/3
f 2909/4074/3 2942/4073/835 2968/4075/836 2908/4076/279
f 2908/4076/279 2968/4075/836 2969/4077/770 2907/4078/277
f 2907/4078/277 2969/4077/770 2970/4079/540 2906/4080/275
f 2906/4080/275 2970/4079/540 2971/4081/541 2905/4082/273
f 2905/4082/273 2971/4081/541 2972/4083/542 2904/4084/1
f 2904/4085/1 2972/4086/542 2973/4087/837 2903/4088/270
f 2903/4088/270 2973/4087/837 2974/4089/710 2902/4090/268
f 2902/4090/268 2974/4089/710 2975/4091/640 2901/4092/266
f 2901/4092/266 2975/4091/640 2976/4093/773 2920/4094/264
f 2920/4094/264 2976/4093/773 2977/4095/838 2919/4096/4
f 2919/4096/4 2977/4095/838 2978/4097/839 2918/4098/261
f 2918/4098/261 2978/4097/839 2979/4099/840 2917/4100/259
f 2917/4100/259 2979/4099/840 2921/4101/841 2916/4102/257
f 2916/4102/257 2921/4101/841 2980/4103/842 2915/4104/256
f 2915/4104/256 2980/4103/842 2981/4105/552 2914/4106/2
f 2914/4106/2 2981/4105/552 2982/4107/843 2913/4108/253
f 2913/4108/253 2982/4107/843 2983/4109/554 2912/4110/251
f 2912/4110/251 2983/4109/554 2984/4111/844 2911/4112/249
f 2911/4112/249 2984/4111/844 2967/4072/834 2910/4071/246
f 2942/4113/835 2923/4114/27 2922/4115/27 2968/4116/836
f 2967/4117/834 2924/4118/27 2923/4114/27 2942/4113/835
f 2984/4119/844 2925/4120/27 2924/4118/27 2967/4117/834
f 2983/4121/554 2926/4122/27 2925/4120/27 2984/4119/844
f 2982/4123/843 2927/4124/27 2926/4122/27 2983/4121/554
f 2981/4125/552 2928/4126/27 2927/4124/27 2982/4123/843
f 2980/4127/842 2929/4128/27 2928/4126/27 2981/4125/552
f 2921/4129/841 2930/4130/27 2929/4128/27 2980/4127/842
f 2979/4131/840 2931/4132/27 2930/4130/27 2921/4129/841
f 2978/4133/839 2932/4134/27 2931/4132/27 2979/4131/840
f 2977/4135/838 2933/4136/27 2932/4134/27 2978/4133/839
f 2976/4137/773 2934/4138/27 2933/4136/27 2977/4135/838
f 2975/4139/640 2935/4140/27 2934/4138/27 2976/4137/773
f 2974/4141/710 2936/4142/27 2935/4140/27 2975/4139/640
f 2973/4143/837 2937/4144/27 2936/4142/27 2974/4141/710
f 2972/4145/542 2938/4146/27 2937/4144/27 2973/4143/837
f 2971/4147/541 2939/4148/27 2938/4149/27 2972/4150/542
f 2970/4151/540 2940/4152/27 2939/4148/27 2971/4147/541
f 2969/4153/770 2941/4154/27 2940/4152/27 2970/4151/540
f 2968/4116/836 2922/4115/27 2941/4154/27 2969/4153/770
f 2922/4115/279 2986/4155/556 2985/4156/557 2941/4154/277
f 2941/4154/277 2985/4156/557 2987/4157/558 2940/4152/275
f 2940/4152/275 2987/4157/558 2988/4158/652 2939/4148/273
f 2939/4148/273 2988/4158/652 2989/4159/653 2938/4149/1
f 2938/4146/1 2989/4160/653 2990/4161/654 2937/4144/270
f 2937/4144/270 2990/4161/654 2991/4162/655 2936/4142/268
f 2936/4142/268 2991/4162/655 2880/4163/656 2935/4140/266
f 2935/4140/266 2880/4163/656 2992/4164/845 2934/4138/264
f 2934/4138/264 2992/4164/845 2879/4165/846 2933/4136/4
f 2933/4136/4 2879/4165/846 2993/4166/847 2932/4134/261
f 2932/4134/261 2993/4166/847 2878/4167/848 2931/4132/259
f 2931/4132/259 2878/4167/848 2877/4168/849 2930/4130/257
f 2930/4130/257 2877/4168/849 2994/4169/850 2929/4128/256
f 2929/4128/256 2994/4169/850 2876/4170/851 2928/4126/2
f 2928/4126/2 2876/4170/851 2875/4171/852 2927/4124/253
f 2927/4124/253 2875/4171/852 2995/4172/853 2926/4122/251
f 2926/4122/251 2995/4172/853 2874/4173/854 2925/4120/249
f 2925/4120/249 2874/4173/854 2996/4174/855 2924/4118/246
f 2924/4118/246 2996/4174/855 2997/4175/738 2923/4114/3
f 2923/4114/3 2997/4175/738 2986/4155/556 2922/4115/279
f 2985/4176/557 2943/4177/27 2987/4178/558
f 2986/4179/556 2943/4177/27 2985/4176/557
f 2997/4180/738 2943/4177/27 2986/4179/556
f 2996/4181/855 2943/4177/27 2997/4180/738
f 2874/4182/854 2943/4177/27 2996/4181/855
f 2995/4183/853 2943/4177/27 2874/4182/854
f 2875/4184/852 2943/4177/27 2995/4183/853
f 2876/4185/851 2943/4177/27 2875/4184/852
f 2994/4186/850 2943/4177/27 2876/4185/851
f 2877/4187/849 2943/4177/27 2994/4186/850
f 2878/4188/848 2943/4177/27 2877/4187/849
f 2993/4189/847 2943/4177/27 2878/4188/848
f 2879/4190/846 2943/4177/27 2993/4189/847
f 2992/4191/845 2943/4177/27 2879/4190/846
f 2880/4192/656 2943/4177/27 2992/4191/845
f 2991/4193/655 2943/4177/27 2880/4192/656
f 2990/4194/654 2943/4177/27 2991/4193/655
f 2989/4195/653 2943/4177/27 2990/4194/654
f 2988/4196/652 2943/4177/27 2989/4195/653
f 2987/4178/558 2943/4177/27 2988/4196/652
f 3001/4197/800 2957/4198/833 3006/4199/815
f 2945/4200/801 3001/4197/800 3006/4199/815
f 3002/4201/803 2946/4005/802 3014/4007/820
f 2947/4202/804 3002/4201/803 3014/4007/820
f 3004/4203/809 2951/4204/808 3009/4205/826
f 2952/4206/810 3004/4203/809 3009/4205/826
f 2959/4207/831 2998/4208/740 2944/4209/798
f 2958/4210/832 2999/4211/670 2998/4208/740 2959/4207/831
f 2957/4212/833 3000/4213/799 2999/4211/670 2958/4210/832
f 3001/4214/800 3000/4213/799 2957/4212/833
f 2965/4215/822 3003/4216/805 2947/4202/804
f 2964/4217/823 2948/4218/806 3003/4216/805 2965/4215/822
f 2949/4219/807 2948/4218/806 2964/4217/823
f 2962/4220/818 2954/4221/812 2953/4222/811
f 2955/4223/813 2954/4221/812 2962/4220/818
f 2961/4224/829 3005/4225/814 2955/4226/813
f 2944/4227/798 3005/4228/814 2961/4229/829
f 2959/4230/831 2944/4231/798 2960/4232/830
f 2960/4232/830 2944/4231/798 2961/4233/829
f 2961/4234/829 2955/4235/813 3007/4236/828
f 3007/4236/828 2955/4235/813 2962/4237/818
f 2963/4238/817 2952/4239/810 3008/4240/827
f 3008/4240/827 2952/4239/810 3009/4241/826
f 3009/4242/826 2951/4243/808 3010/4244/825
f 3010/4244/825 2951/4243/808 2950/4245/680 3011/4246/695
f 3011/4246/695 2950/4245/680 2949/4247/807 3012/4248/824
f 3012/4248/824 2949/4247/807 2964/4249/823
f 2965/4250/822 2947/4251/804 3013/4252/821
f 3013/4252/821 2947/4251/804 3014/4253/820
f 3017/4254/246 3018/4255/246 3016/4256/3 3015/4257/3
f 3019/4258/249 3020/4259/249 3018/4260/246 3017/4261/246
f 3021/4262/251 3022/4263/251 3020/4259/249 3019/4258/249
f 3023/4264/253 3024/4265/253 3022/4263/251 3021/4262/251
f 3025/4266/2 3026/4267/2 3024/4265/253 3023/4264/253
f 3027/4268/256 3028/4269/256 3026/4267/2 3025/4266/2
f 3029/4270/257 3030/4271/257 3028/4269/256 3027/4268/256
f 3031/4272/259 3032/4273/259 3030/4271/257 3029/4270/257
f 3033/4274/261 3034/4275/261 3032/4273/259 3031/4272/259
f 3035/4276/4 3036/4277/4 3034/4275/261 3033/4274/261
f 3037/4278/264 3038/4279/264 3036/4277/4 3035/4276/4
f 3039/4280/266 3040/4281/266 3038/4279/264 3037/4278/264
f 3041/4282/268 3042/4283/268 3040/4281/266 3039/4280/266
f 3043/4284/270 3044/4285/270 3042/4283/268 3041/4282/268
f 3045/4286/1 3046/4287/1 3044/4285/270 3043/4284/270
f 3047/4288/273 3048/4289/273 3046/4287/1 3045/4286/1
f 3049/4290/275 3050/4291/275 3048/4289/273 3047/4288/273
f 3051/4292/277 3052/4293/277 3050/4291/275 3049/4290/275
f 3053/4294/279 3054/4295/279 3052/4293/277 3051/4292/277
f 3015/4257/3 3016/4256/3 3054/4295/279 3053/4294/279
f 3016/4296/143 3056/4297/143 3055/4298/143 3054/4299/143
f 3018/4300/143 3057/4301/143 3056/4302/143 3016/4303/143
f 3020/4304/143 3058/4305/143 3057/4301/143 3018/4300/143
f 3022/4306/143 3059/4307/143 3058/4305/143 3020/4304/143
f 3024/4308/143 3060/4309/143 3059/4307/143 3022/4306/143
f 3026/4310/143 3061/4311/143 3060/4309/143 3024/4308/143
f 3028/4312/143 3062/4313/143 3061/4311/143 3026/4310/143
f 3030/4314/143 3063/4315/143 3062/4313/143 3028/4312/143
f 3032/4316/143 3064/4317/143 3063/4315/143 3030/4314/143
f 3034/4318/143 3065/4319/143 3064/4317/143 3032/4316/143
f 3036/4320/143 3066/4321/143 3065/4319/143 3034/4318/143
f 3038/4322/143 3067/4323/143 3066/4321/143 3036/4320/143
f 3040/4324/143 3068/4325/143 3067/4323/143 3038/4322/143
f 3042/4326/143 3069/4327/143 3068/4325/143 3040/4324/143
f 3044/4328/143 3070/4329/143 3069/4327/143 3042/4326/143
f 3046/4330/143 3071/4331/143 3070/4329/143 3044/4328/143
f 3048/4332/143 3072/4333/143 3071/4331/143 3046/4330/143
f 3050/4334/143 3073/4335/143 3072/4333/143 3048/4332/143
f 3052/4336/143 3074/4337/143 3073/4335/143 3050/4334/143
f 3054/4299/143 3055/4298/143 3074/4337/143 3052/4336/143
f 3055/4298/279 3145/4338/856 3144/4339/857 3074/4337/277
f 3074/4337/277 3144/4339/857 3195/4340/597 3073/4335/275
f 3073/4335/275 3195/4340/597 3146/4341/598 3072/4333/273
f 3072/4333/273 3146/4341/598 3147/4342/599 3071/4331/1
f 3071/4331/1 3147/4342/599 3196/4343/600 3070/4329/270
f 3070/4329/270 3196/4343/600 3197/4344/858 3069/4327/268
f 3069/4327/268 3197/4344/858 3148/4345/859 3068/4325/266
f 3068/4325/266 3148/4345/859 3198/4346/860 3067/4323/264
f 3067/4323/264 3198/4346/860 3149/4347/861 3066/4321/4
f 3066/4321/4 3149/4347/861 3199/4348/862 3065/4319/261
f 3065/4319/261 3199/4348/862 3200/4349/863 3064/4317/259
f 3064/4317/259 3200/4349/863 3150/4350/864 3063/4315/257
f 3063/4315/257 3150/4350/864 3151/4351/865 3062/4313/256
f 3062/4313/256 3151/4351/865 3201/4352/866 3061/4311/2
f 3061/4311/2 3201/4352/866 3202/4353/867 3060/4309/253
f 3060/4309/253 3202/4353/867 3152/4354/868 3059/4307/251
f 3059/4307/251 3152/4354/868 3203/4355/869 3058/4305/249
f 3058/4305/249 3203/4355/869 3204/4356/870 3057/4301/246
f 3057/4301/246 3204/4356/870 3153/4357/871 3056/4302/3
f 3056/4297/3 3153/4358/871 3145/4338/856 3055/4298/279
f 3202/4359/867 3158/4360/872 3152/4361/868
f 3201/4362/866 3158/4360/872 3202/4359/867
f 3151/4363/865 3159/4364/873 3201/4365/866
f 3150/4366/864 3159/4364/873 3151/4363/865
f 3199/4367/862 3160/4368/874 3200/4369/863
f 3149/4370/861 3160/4368/874 3199/4367/862
f 3154/4371/875 3082/4372/253 3081/4373/251 3162/4374/876
f 3162/4374/876 3081/4373/251 3083/4375/249 3215/4376/877
f 3215/4376/877 3083/4375/249 3084/4377/246 3161/4378/878
f 3161/4378/878 3084/4377/246 3085/4379/3 3214/4380/879
f 3214/4380/879 3085/4379/3 3086/4381/279 3160/4382/874
f 3160/4382/874 3086/4381/279 3087/4383/277 3213/4384/880
f 3213/4384/880 3087/4383/277 3088/4385/275 3212/4386/881
f 3212/4386/881 3088/4385/275 3089/4387/273 3159/4388/873
f 3159/4388/873 3089/4387/273 3090/4389/1 3211/4390/882
f 3211/4390/882 3090/4389/1 3091/4391/270 3158/4392/872
f 3158/4392/872 3091/4391/270 3092/4393/268 3210/4394/883
f 3210/4394/883 3092/4393/268 3093/4395/266 3157/4396/884
f 3157/4396/884 3093/4395/266 3094/4397/264 3156/4398/885
f 3156/4398/885 3094/4397/264 3095/4399/4 3209/4400/763
f 3209/4401/763 3095/4402/4 3096/4403/261 3208/4404/886
f 3208/4404/886 3096/4403/261 3097/4405/259 3207/4406/887
f 3207/4406/887 3097/4405/259 3098/4407/257 3155/4408/888
f 3155/4408/888 3098/4407/257 3099/4409/256 3206/4410/633
f 3206/4410/633 3099/4409/256 3100/4411/2 3205/4412/634
f 3205/4412/634 3100/4411/2 3082/4372/253 3154/4371/875
f 3081/4373/27 3102/4413/27 3101/4414/27 3083/4375/27
f 3082/4372/27 3103/4415/27 3102/4413/27 3081/4373/27
f 3100/4411/27 3104/4416/27 3103/4415/27 3082/4372/27
f 3099/4409/27 3105/4417/27 3104/4416/27 3100/4411/27
f 3098/4407/27 3106/4418/27 3105/4417/27 3099/4409/27
f 3097/4405/27 3107/4419/27 3106/4418/27 3098/4407/27
f 3096/4403/27 3108/4420/27 3107/4419/27 3097/4405/27
f 3095/4402/27 3109/4421/27 3108/4420/27 3096/4403/27
f 3094/4397/27 3110/4422/27 3109/4423/27 3095/4399/27
f 3093/4395/27 3111/4424/27 3110/4422/27 3094/4397/27
f 3092/4393/27 3112/4425/27 3111/4424/27 3093/4395/27
f 3091/4391/27 3113/4426/27 3112/4425/27 3092/4393/27
f 3090/4389/27 3114/4427/27 3113/4426/27 3091/4391/27
f 3089/4387/27 3115/4428/27 3114/4427/27 3090/4389/27
f 3088/4385/27 3116/4429/27 3115/4428/27 3089/4387/27
f 3087/4383/27 3117/4430/27 3116/4429/27 3088/4385/27
f 3086/4381/27 3118/4431/27 3117/4430/27 3087/4383/27
f 3085/4379/27 3119/4432/27 3118/4431/27 3086/4381/27
f 3084/4377/27 3120/4433/27 3119/4432/27 3085/4379/27
f 3083/4375/27 3101/4414/27 3120/4433/27 3084/4377/27
f 3110/4434/246 3164/4435/536 3163/4436/769 3109/4437/3
f 3109/4437/3 3163/4436/769 3165/4438/538 3108/4439/279
f 3108/4439/279 3165/4438/538 3166/4440/539 3107/4441/277
f 3107/4441/277 3166/4440/539 3167/4442/540 3106/4443/275
f 3106/4443/275 3167/4442/540 3168/4444/889 3105/4445/273
f 3105/4445/273 3168/4444/889 3169/4446/542 3104/4447/1
f 3104/4448/1 3169/4449/542 3170/4450/543 3103/4451/270
f 3103/4451/270 3170/4450/543 3171/4452/710 3102/4453/268
f 3102/4453/268 3171/4452/710 3172/4454/640 3101/4455/266
f 3101/4455/266 3172/4454/640 3173/4456/773 3120/4457/264
f 3120/4457/264 3173/4456/773 3174/4458/838 3119/4459/4
f 3119/4459/4 3174/4458/838 3175/4460/890 3118/4461/261
f 3118/4461/261 3175/4460/890 3176/4462/840 3117/4463/259
f 3117/4463/259 3176/4462/840 3122/4464/777 3116/4465/257
f 3116/4465/257 3122/4464/777 3177/4466/842 3115/4467/256
f 3115/4467/256 3177/4466/842 3178/4468/891 3114/4469/2
f 3114/4469/2 3178/4468/891 3121/4470/892 3113/4471/253
f 3113/4471/253 3121/4470/892 3179/4472/893 3112/4473/251
f 3112/4473/251 3179/4472/893 3180/4474/555 3111/4475/249
f 3111/4475/249 3180/4474/555 3164/4435/536 3110/4434/246
f 3163/4476/769 3124/4477/27 3123/4478/27 3165/4479/538
f 3164/4480/536 3125/4481/27 3124/4477/27 3163/4476/769
f 3180/4482/555 3126/4483/27 3125/4481/27 3164/4480/536
f 3179/4484/893 3127/4485/27 3126/4483/27 3180/4482/555
f 3121/4486/892 3128/4487/27 3127/4485/27 3179/4484/893
f 3178/4488/891 3129/4489/27 3128/4487/27 3121/4486/892
f 3177/4490/842 3130/4491/27 3129/4489/27 3178/4488/891
f 3122/4492/777 3131/4493/27 3130/4491/27 3177/4490/842
f 3176/4494/840 3132/4495/27 3131/4493/27 3122/4492/777
f 3175/4496/890 3133/4497/27 3132/4495/27 3176/4494/840
f 3174/4498/838 3134/4499/27 3133/4497/27 3175/4496/890
f 3173/4500/773 3135/4501/27 3134/4499/27 3174/4498/838
f 3172/4502/640 3136/4503/27 3135/4501/27 3173/4500/773
f 3171/4504/710 3137/4505/27 3136/4503/27 3172/4502/640
f 3170/4506/543 3138/4507/27 3137/4505/27 3171/4504/710
f 3169/4508/542 3139/4509/27 3138/4507/27 3170/4506/543
f 3168/4510/889 3140/4511/27 3139/4512/27 3169/4513/542
f 3167/4514/540 3141/4515/27 3140/4511/27 3168/4510/889
f 3166/4516/539 3142/4517/27 3141/4515/27 3167/4514/540
f 3165/4479/538 3123/4478/27 3142/4517/27 3166/4516/539
f 3123/4478/279 3182/4518/556 3181/4519/557 3142/4517/277
f 3142/4517/277 3181/4519/557 3183/4520/558 3141/4515/275
f 3141/4515/275 3183/4520/558 3184/4521/894 3140/4511/273
f 3140/4511/273 3184/4521/894 3080/4522/895 3139/4512/1
f 3139/4509/1 3080/4523/895 3185/4524/896 3138/4507/270
f 3138/4507/270 3185/4524/896 3186/4525/897 3137/4505/268
f 3137/4505/268 3186/4525/897 3187/4526/898 3136/4503/266
f 3136/4503/266 3187/4526/898 3188/4527/899 3135/4501/264
f 3135/4501/264 3188/4527/899 3189/4528/658 3134/4499/4
f 3134/4499/4 3189/4528/658 3079/4529/659 3133/4497/261
f 3133/4497/261 3079/4529/659 3078/4530/900 3132/4495/259
f 3132/4495/259 3078/4530/900 3190/4531/901 3131/4493/257
f 3131/4493/257 3190/4531/901 3191/4532/902 3130/4491/256
f 3130/4491/256 3191/4532/902 3077/4533/851 3129/4489/2
f 3129/4489/2 3077/4533/851 3076/4534/852 3128/4487/253
f 3128/4487/253 3076/4534/852 3192/4535/853 3127/4485/251
f 3127/4485/251 3192/4535/853 3075/4536/854 3126/4483/249
f 3126/4483/249 3075/4536/854 3193/4537/855 3125/4481/246
f 3125/4481/246 3193/4537/855 3194/4538/738 3124/4477/3
f 3124/4477/3 3194/4538/738 3182/4518/556 3123/4478/279
f 3181/4539/557 3143/4540/27 3183/4541/558
f 3182/4542/556 3143/4540/27 3181/4539/557
f 3194/4543/738 3143/4540/27 3182/4542/556
f 3193/4544/855 3143/4540/27 3194/4543/738
f 3075/4545/854 3143/4540/27 3193/4544/855
f 3192/4546/853 3143/4540/27 3075/4545/854
f 3076/4547/852 3143/4540/27 3192/4546/853
f 3077/4548/851 3143/4540/27 3076/4547/852
f 3191/4549/902 3143/4540/27 3077/4548/851
f 3190/4550/901 3143/4540/27 3191/4549/902
f 3078/4551/900 3143/4540/27 3190/4550/901
f 3079/4552/659 3143/4540/27 3078/4551/900
f 3189/4553/658 3143/4540/27 3079/4552/659
f 3188/4554/899 3143/4540/27 3189/4553/658
f 3187/4555/898 3143/4540/27 3188/4554/899
f 3186/4556/897 3143/4540/27 3187/4555/898
f 3185/4557/896 3143/4540/27 3186/4556/897
f 3080/4558/895 3143/4540/27 3185/4557/896
f 3184/4559/894 3143/4540/27 3080/4558/895
f 3183/4541/558 3143/4540/27 3184/4559/894
f 3155/4560/888 3195/4561/597 3144/4562/857
f 3146/4563/598 3195/4561/597 3155/4560/888
f 3154/4564/875 3196/4565/600 3147/4566/599
f 3162/4567/876 3197/4568/858 3196/4565/600 3154/4564/875
f 3148/4569/859 3197/4568/858 3162/4567/876
f 3161/4570/878 3198/4571/860 3148/4572/859
f 3149/4573/861 3198/4571/860 3161/4570/878
f 3157/4574/884 3203/4575/869 3152/4576/868
f 3156/4577/885 3204/4578/870 3203/4575/869 3157/4574/884
f 3153/4579/871 3204/4578/870 3156/4577/885
f 3154/4580/875 3147/4581/599 3205/4582/634
f 3205/4582/634 3147/4581/599 3146/4583/598 3206/4584/633
f 3206/4584/633 3146/4583/598 3155/4585/888
f 3155/4586/888 3144/4587/857 3207/4588/887
f 3207/4588/887 3144/4587/857 3145/4589/856 3208/4590/886
f 3208/4590/886 3145/4589/856 3153/4591/871 3209/4592/763
f 3209/4593/763 3153/4594/871 3156/4595/885
f 3157/4596/884 3152/4597/868 3210/4598/883
f 3210/4598/883 3152/4597/868 3158/4599/872
f 3158/4360/872 3201/4362/903 3211/4600/882
f 3211/4600/882 3201/4362/903 3159/4601/873
f 3159/4601/873 3150/4602/864 3212/4603/881
f 3212/4603/881 3150/4602/864 3213/4604/880
f 3150/4366/864 3200/4605/863 3213/4606/880
f 3213/4606/880 3200/4605/863 3160/4607/874
f 3160/4607/874 3149/4608/861 3214/4609/879
f 3214/4609/879 3149/4608/861 3161/4610/878
f 3161/4611/878 3148/4612/859 3215/4613/877
f 3215/4613/877 3148/4612/859 3162/4614/876
f 3218/4615/246 3219/4616/246 3217/4617/3 3216/4618/3
f 3220/4619/249 3221/4620/249 3219/4621/246 3218/4622/246
f 3222/4623/251 3223/4624/251 3221/4620/249 3220/4619/249
f 3224/4625/253 3225/4626/253 3223/4624/251 3222/4623/251
f 3226/4627/2 3227/4628/2 3225/4626/253 3224/4625/253
f 3228/4629/256 3229/4630/256 3227/4628/2 3226/4627/2
f 3230/4631/257 3231/4632/257 3229/4630/256 3228/4629/256
f 3232/4633/259 3233/4634/259 3231/4632/257 3230/4631/257
f 3234/4635/261 3235/4636/261 3233/4634/259 3232/4633/259
f 3236/4637/4 3237/4638/4 3235/4636/261 3234/4635/261
f 3238/4639/264 3239/4640/264 3237/4638/4 3236/4637/4
f 3240/4641/266 3241/4642/266 3239/4640/264 3238/4639/264
f 3242/4643/268 3243/4644/268 3241/4642/266 3240/4641/266
f 3244/4645/270 3245/4646/270 3243/4644/268 3242/4643/268
f 3246/4647/1 3247/4648/1 3245/4646/270 3244/4645/270
f 3248/4649/273 3249/4650/273 3247/4648/1 3246/4647/1
f 3250/4651/275 3251/4652/275 3249/4650/273 3248/4649/273
f 3252/4653/277 3253/4654/277 3251/4652/275 3250/4651/275
f 3254/4655/279 3255/4656/279 3253/4654/277 3252/4653/277
f 3216/4618/3 3217/4617/3 3255/4656/279 3254/4655/279
f 3217/4657/143 3257/4658/143 3256/4659/143 3255/4660/143
f 3219/4661/143 3258/4662/143 3257/4663/143 3217/4664/143
f 3221/4665/143 3259/4666/143 3258/4662/143 3219/4661/143
f 3223/4667/143 3260/4668/143 3259/4666/143 3221/4665/143
f 3225/4669/143 3261/4670/143 3260/4668/143 3223/4667/143
f 3227/4671/143 3262/4672/143 3261/4670/143 3225/4669/143
f 3229/4673/143 3263/4674/143 3262/4672/143 3227/4671/143
f 3231/4675/143 3264/4676/143 3263/4674/143 3229/4673/143
f 3233/4677/143 3265/4678/143 3264/4676/143 3231/4675/143
f 3235/4679/143 3266/4680/143 3265/4678/143 3233/4677/143
f 3237/4681/143 3267/4682/143 3266/4680/143 3235/4679/143
f 3239/4683/143 3268/4684/143 3267/4682/143 3237/4681/143
f 3241/4685/143 3269/4686/143 3268/4684/143 3239/4683/143
f 3243/4687/143 3270/4688/143 3269/4686/143 3241/4685/143
f 3245/4689/143 3271/4690/143 3270/4688/143 3243/4687/143
f 3247/4691/143 3272/4692/143 3271/4690/143 3245/4689/143
f 3249/4693/143 3273/4694/143 3272/4692/143 3247/4691/143
f 3251/4695/143 3274/4696/143 3273/4694/143 3249/4693/143
f 3253/4697/143 3275/4698/143 3274/4696/143 3251/4695/143
f 3255/4660/143 3256/4659/143 3275/4698/143 3253/4697/143
f 3256/4659/279 3392/4699/904 3391/4700/905 3275/4698/277
f 3275/4698/277 3391/4700/905 3343/4701/498 3274/4696/275
f 3274/4696/275 3343/4701/498 3393/4702/499 3273/4694/273
f 3273/4694/273 3393/4702/499 3394/4703/906 3272/4692/1
f 3272/4692/1 3394/4703/906 3344/4704/907 3271/4690/270
f 3271/4690/270 3344/4704/907 3395/4705/908 3270/4688/268
f 3270/4688/268 3395/4705/908 3396/4706/909 3269/4686/266
f 3269/4686/266 3396/4706/909 3345/4707/910 3268/4684/264
f 3268/4684/264 3345/4707/910 3346/4708/911 3267/4682/4
f 3267/4682/4 3346/4708/911 3397/4709/912 3266/4680/261
f 3266/4680/261 3397/4709/912 3347/4710/913 3265/4678/259
f 3265/4678/259 3347/4710/913 3398/4711/914 3264/4676/257
f 3264/4676/257 3398/4711/914 3399/4712/915 3263/4674/256
f 3263/4674/256 3399/4712/915 3348/4713/916 3262/4672/2
f 3262/4672/2 3348/4713/916 3400/4714/917 3261/4670/253
f 3261/4670/253 3400/4714/917 3401/4715/918 3260/4668/251
f 3260/4668/251 3401/4715/918 3349/4716/919 3259/4666/249
f 3259/4666/249 3349/4716/919 3402/4717/920 3258/4662/246
f 3258/4662/246 3402/4717/920 3350/4718/921 3257/4663/3
f 3257/4658/3 3350/4719/921 3392/4699/904 3256/4659/279
f 3403/4720/922 3280/4721/253 3279/4722/251 3356/4723/923
f 3356/4723/923 3279/4722/251 3281/4724/249 3416/4725/924
f 3416/4725/924 3281/4724/249 3282/4726/246 3415/4727/925
f 3415/4727/925 3282/4726/246 3283/4728/3 3414/4729/926
f 3414/4729/926 3283/4728/3 3284/4730/279 3355/4731/927
f 3355/4731/927 3284/4730/279 3285/4732/277 3413/4733/928
f 3413/4733/928 3285/4732/277 3286/4734/275 3354/4735/929
f 3354/4735/929 3286/4734/275 3287/4736/273 3412/4737/930
f 3412/4737/930 3287/4736/273 3288/4738/1 3411/4739/931
f 3411/4739/931 3288/4738/1 3289/4740/270 3410/4741/932
f 3410/4741/932 3289/4740/270 3290/4742/268 3353/4743/933
f 3353/4743/933 3290/4742/268 3291/4744/266 3409/4745/934
f 3409/4745/934 3291/4744/266 3292/4746/264 3408/4747/935
f 3408/4747/935 3292/4746/264 3293/4748/4 3407/4749/936
f 3407/4750/936 3293/4751/4 3294/4752/261 3406/4753/937
f 3406/4753/937 3294/4752/261 3295/4754/259 3405/4755/938
f 3405/4755/938 3295/4754/259 3296/4756/257 3404/4757/533
f 3404/4757/533 3296/4756/257 3297/4758/256 3352/4759/534
f 3352/4759/534 3297/4758/256 3298/4760/2 3351/4761/939
f 3351/4761/939 3298/4760/2 3280/4721/253 3403/4720/922
f 3279/4722/27 3300/4762/27 3299/4763/27 3281/4724/27
f 3280/4721/27 3301/4764/27 3300/4762/27 3279/4722/27
f 3298/4760/27 3302/4765/27 3301/4764/27 3280/4721/27
f 3297/4758/27 3303/4766/27 3302/4765/27 3298/4760/27
f 3296/4756/27 3304/4767/27 3303/4766/27 3297/4758/27
f 3295/4754/27 3305/4768/27 3304/4767/27 3296/4756/27
f 3294/4752/27 3306/4769/27 3305/4768/27 3295/4754/27
f 3293/4751/27 3307/4770/27 3306/4769/27 3294/4752/27
f 3292/4746/27 3308/4771/27 3307/4772/27 3293/4748/27
f 3291/4744/27 3309/4773/27 3308/4771/27 3292/4746/27
f 3290/4742/27 3310/4774/27 3309/4773/27 3291/4744/27
f 3289/4740/27 3311/4775/27 3310/4774/27 3290/4742/27
f 3288/4738/27 3312/4776/27 3311/4775/27 3289/4740/27
f 3287/4736/27 3313/4777/27 3312/4776/27 3288/4738/27
f 3286/4734/27 3314/4778/27 3313/4777/27 3287/4736/27
f 3285/4732/27 3315/4779/27 3314/4778/27 3286/4734/27
f 3284/4730/27 3316/4780/27 3315/4779/27 3285/4732/27
f 3283/4728/27 3317/4781/27 3316/4780/27 3284/4730/27
f 3282/4726/27 3318/4782/27 3317/4781/27 3283/4728/27
f 3281/4724/27 3299/4763/27 3318/4782/27 3282/4726/27
f 3308/4783/246 3341/4784/940 3357/4785/941 3307/4786/3
f 3307/4786/3 3357/4785/941 3358/4787/538 3306/4788/279
f 3306/4788/279 3358/4787/538 3359/4789/539 3305/4790/277
f 3305/4790/277 3359/4789/539 3360/4791/942 3304/4792/275
f 3304/4792/275 3360/4791/942 3361/4793/943 3303/4794/273
f 3303/4794/273 3361/4793/943 3362/4795/542 3302/4796/1
f 3302/4797/1 3362/4798/542 3363/4799/543 3301/4800/270
f 3301/4800/270 3363/4799/543 3364/4801/639 3300/4802/268
f 3300/4802/268 3364/4801/639 3365/4803/640 3299/4804/266
f 3299/4804/266 3365/4803/640 3366/4805/773 3318/4806/264
f 3318/4806/264 3366/4805/773 3367/4807/642 3317/4808/4
f 3317/4808/4 3367/4807/642 3320/4809/944 3316/4810/261
f 3316/4810/261 3320/4809/944 3368/4811/945 3315/4812/259
f 3315/4812/259 3368/4811/945 3369/4813/946 3314/4814/257
f 3314/4814/257 3369/4813/946 3370/4815/551 3313/4816/256
f 3313/4816/256 3370/4815/551 3371/4817/947 3312/4818/2
f 3312/4818/2 3371/4817/947 3372/4819/948 3311/4820/253
f 3311/4820/253 3372/4819/948 3319/4821/949 3310/4822/251
f 3310/4822/251 3319/4821/949 3373/4823/950 3309/4824/249
f 3309/4824/249 3373/4823/950 3341/4784/940 3308/4783/246
f 3357/4825/941 3322/4826/27 3321/4827/27 3358/4828/538
f 3341/4829/940 3323/4830/27 3322/4826/27 3357/4825/941
f 3373/4831/950 3324/4832/27 3323/4830/27 3341/4829/940
f 3319/4833/949 3325/4834/27 3324/4832/27 3373/4831/950
f 3372/4835/948 3326/4836/27 3325/4834/27 3319/4833/949
f 3371/4837/947 3327/4838/27 3326/4836/27 3372/4835/948
f 3370/4839/551 3328/4840/27 3327/4838/27 3371/4837/947
f 3369/4841/946 3329/4842/27 3328/4840/27 3370/4839/551
f 3368/4843/945 3330/4844/27 3329/4842/27 3369/4841/946
f 3320/4845/944 3331/4846/27 3330/4844/27 3368/4843/945
f 3367/4847/642 3332/4848/27 3331/4846/27 3320/4845/944
f 3366/4849/773 3333/4850/27 3332/4848/27 3367/4847/642
f 3365/4851/640 3334/4852/27 3333/4850/27 3366/4849/773
f 3364/4853/639 3335/4854/27 3334/4852/27 3365/4851/640
f 3363/4855/543 3336/4856/27 3335/4854/27 3364/4853/639
f 3362/4857/542 3337/4858/27 3336/4856/27 3363/4855/543
f 3361/4859/943 3338/4860/27 3337/4861/27 3362/4862/542
f 3360/4863/942 3339/4864/27 3338/4860/27 3361/4859/943
f 3359/4865/539 3340/4866/27 3339/4864/27 3360/4863/942
f 3358/4828/538 3321/4827/27 3340/4866/27 3359/4865/539
f 3321/4827/279 3375/4867/556 3374/4868/557 3340/4866/277
f 3340/4866/277 3374/4868/557 3376/4869/558 3339/4864/275
f 3339/4864/275 3376/4869/558 3377/4870/559 3338/4860/273
f 3338/4860/273 3377/4870/559 3378/4871/560 3337/4861/1
f 3337/4858/1 3378/4872/560 3379/4873/723 3336/4856/270
f 3336/4856/270 3379/4873/723 3380/4874/724 3335/4854/268
f 3335/4854/268 3380/4874/724 3381/4875/951 3334/4852/266
f 3334/4852/266 3381/4875/951 3382/4876/899 3333/4850/264
f 3333/4850/264 3382/4876/899 3383/4877/952 3332/4848/4
f 3332/4848/4 3383/4877/952 3384/4878/953 3331/4846/261
f 3331/4846/261 3384/4878/953 3278/4879/954 3330/4844/259
f 3330/4844/259 3278/4879/954 3385/4880/955 3329/4842/257
f 3329/4842/257 3385/4880/955 3386/4881/956 3328/4840/256
f 3328/4840/256 3386/4881/956 3387/4882/957 3327/4838/2
f 3327/4838/2 3387/4882/957 3277/4883/958 3326/4836/253
f 3326/4836/253 3277/4883/958 3276/4884/959 3325/4834/251
f 3325/4834/251 3276/4884/959 3388/4885/960 3324/4832/249
f 3324/4832/249 3388/4885/960 3389/4886/961 3323/4830/246
f 3323/4830/246 3389/4886/961 3390/4887/738 3322/4826/3
f 3322/4826/3 3390/4887/738 3375/4867/556 3321/4827/279
f 3374/4888/557 3342/4889/27 3376/4890/558
f 3375/4891/556 3342/4889/27 3374/4888/557
f 3390/4892/738 3342/4889/27 3375/4891/556
f 3389/4893/961 3342/4889/27 3390/4892/738
f 3388/4894/960 3342/4889/27 3389/4893/961
f 3276/4895/959 3342/4889/27 3388/4894/960
f 3277/4896/958 3342/4889/27 3276/4895/959
f 3387/4897/957 3342/4889/27 3277/4896/958
f 3386/4898/956 3342/4889/27 3387/4897/957
f 3385/4899/955 3342/4889/27 3386/4898/956
f 3278/4900/954 3342/4889/27 3385/4899/955
f 3384/4901/953 3342/4889/27 3278/4900/954
f 3383/4902/952 3342/4889/27 3384/4901/953
f 3382/4903/899 3342/4889/27 3383/4902/952
f 3381/4904/951 3342/4889/27 3382/4903/899
f 3380/4905/724 3342/4889/27 3381/4904/951
f 3379/4906/723 3342/4889/27 3380/4905/724
f 3378/4907/560 3342/4889/27 3379/4906/723
f 3377/4908/559 3342/4889/27 3378/4907/560
f 3376/4890/558 3342/4889/27 3377/4908/559
f 3391/4909/905 3392/4910/904 3406/4911/937 3405/4912/938
f 3343/4913/498 3391/4909/905 3405/4912/938
f 3396/4914/909 3356/4915/923 3416/4916/924
f 3345/4917/910 3396/4914/909 3416/4916/924
f 3392/4910/904 3350/4918/921 3406/4911/937
f 3352/4919/534 3393/4920/499 3343/4913/498
f 3351/4921/939 3394/4922/906 3393/4920/499 3352/4919/534
f 3344/4923/907 3394/4922/906 3351/4921/939
f 3356/4924/923 3395/4925/908 3344/4926/907
f 3396/4927/909 3395/4925/908 3356/4924/923
f 3355/4928/927 3397/4929/912 3346/4930/911
f 3347/4931/913 3397/4929/912 3355/4928/927
f 3354/4932/929 3398/4933/914 3347/4934/913
f 3399/4935/915 3398/4933/914 3354/4932/929
f 3353/4936/933 3401/4937/918 3400/4938/917
f 3349/4939/919 3401/4937/918 3353/4936/933
f 3403/4940/922 3344/4941/907 3351/4942/939
f 3352/4943/534 3343/4944/498 3404/4945/533
f 3404/4945/533 3343/4944/498 3405/4946/938
f 3406/4947/937 3350/4948/921 3407/4949/936
f 3407/4950/936 3350/4951/921 3408/4952/935
f 3350/4953/921 3402/4954/920 3408/4955/935
f 3408/4955/935 3349/4956/919 3409/4957/934
f 3408/4955/935 3402/4954/920 3349/4956/919
f 3409/4957/934 3349/4956/919 3353/4958/933
f 3353/4959/933 3400/4960/917 3410/4961/932
f 3410/4961/932 3348/4962/916 3411/4963/931
f 3410/4961/932 3400/4960/917 3348/4962/916
f 3411/4963/931 3348/4962/916 3412/4964/930
f 3348/4965/916 3399/4966/915 3412/4967/930
f 3412/4967/930 3399/4966/915 3354/4968/929
f 3354/4968/929 3347/4969/913 3413/4970/928
f 3413/4970/928 3347/4969/913 3355/4971/927
f 3355/4972/927 3346/4973/911 3414/4974/926
f 3414/4974/926 3346/4973/911 3345/4975/910 3415/4976/925
f 3415/4976/925 3345/4975/910 3416/4977/924
f 3356/4978/923 3344/4941/907 3403/4940/922
f 5280/4979/962 5279/4980/963 5229/4981/964 5228/4982/962
f 5279/4980/963 5278/4983/965 5230/4984/966 5229/4981/964
f 5278/4983/965 5277/4985/967 5231/4986/968 5230/4984/966
f 5277/4985/967 5427/4987/969 5232/4988/970 5231/4986/968
f 5427/4987/969 5275/4989/971 5233/4990/971 5232/4988/970
f 5275/4989/971 5284/4991/972 5234/4992/973 5233/4990/971
f 5284/4991/972 5283/4993/974 5235/4994/975 5234/4992/973
f 5283/4993/974 5282/4995/976 5236/4996/976 5235/4994/975
f 5282/4995/976 5432/4997/977 5237/4998/977 5236/4996/976
f 5432/4997/977 5280/4999/962 5228/5000/962 5237/4998/977
f 3431/5001/978 3432/5002/979 3422/5003/980 3421/5004/981
f 3432/5002/979 3433/5005/982 3423/5006/983 3422/5003/980
f 3433/5005/982 3434/5007/984 3424/5008/985 3423/5006/983
f 3434/5007/984 3435/5009/986 3425/5010/987 3424/5008/985
f 3435/5009/986 3436/5011/988 3426/5012/989 3425/5010/987
f 3436/5011/988 3437/5013/990 3427/5014/991 3426/5012/989
f 3437/5013/990 3438/5015/992 3428/5016/993 3427/5014/991
f 3438/5015/992 3439/5017/994 3429/5018/995 3428/5016/993
f 3439/5017/994 3440/5019/996 3430/5020/997 3429/5018/995
f 3440/5019/996 3431/5021/978 3421/5022/981 3430/5020/997
f 3441/5023/998 3442/5024/999 3432/5002/979 3431/5001/978
f 3442/5024/999 3443/5025/1000 3433/5005/982 3432/5002/979
f 3443/5025/1000 3444/5026/1001 3434/5007/984 3433/5005/982
f 3444/5026/1001 3445/5027/1002 3435/5009/986 3434/5007/984
f 3445/5027/1002 3446/5028/1003 3436/5011/988 3435/5009/986
f 3446/5028/1003 3447/5029/1004 3437/5013/990 3436/5011/988
f 3447/5029/1004 3448/5030/1005 3438/5015/992 3437/5013/990
f 3448/5030/1005 3449/5031/1006 3439/5017/994 3438/5015/992
f 3449/5031/1006 3450/5032/1007 3440/5019/996 3439/5017/994
f 3450/5032/1007 3441/5033/998 3431/5021/978 3440/5019/996
f 3451/5034/1008 3452/5035/1009 3442/5024/999 3441/5023/998
f 3452/5035/1009 3453/5036/1010 3443/5025/1000 3442/5024/999
f 3453/5036/1010 3454/5037/1011 3444/5026/1001 3443/5025/1000
f 3454/5037/1011 3455/5038/1012 3445/5027/1002 3444/5026/1001
f 3455/5038/1012 3456/5039/1013 3446/5028/1003 3445/5027/1002
f 3456/5039/1013 3457/5040/1014 3447/5029/1004 3446/5028/1003
f 3457/5040/1014 3458/5041/1015 3448/5030/1005 3447/5029/1004
f 3458/5041/1015 3459/5042/1016 3449/5031/1006 3448/5030/1005
f 3459/5042/1016 3460/5043/1017 3450/5032/1007 3449/5031/1006
f 3460/5043/1017 3451/5044/1008 3441/5033/998 3450/5032/1007
f 3461/5045/1018 3462/5046/1019 3452/5035/1009 3451/5034/1008
f 3462/5046/1019 3463/5047/1020 3453/5036/1010 3452/5035/1009
f 3463/5047/1020 3464/5048/1021 3454/5037/1011 3453/5036/1010
f 3464/5048/1021 3465/5049/1022 3455/5038/1012 3454/5037/1011
f 3465/5049/1022 3466/5050/1023 3456/5039/1013 3455/5038/1012
f 3466/5050/1023 3467/5051/1024 3457/5040/1014 3456/5039/1013
f 3467/5051/1024 3468/5052/1025 3458/5041/1015 3457/5040/1014
f 3468/5052/1025 3469/5053/1026 3459/5042/1016 3458/5041/1015
f 3469/5053/1026 3470/5054/1027 3460/5043/1017 3459/5042/1016
f 3470/5054/1027 3461/5055/1018 3451/5044/1008 3460/5043/1017
f 3471/5056/1028 3472/5057/1029 3462/5046/1019 3461/5045/1018
f 3472/5057/1029 3473/5058/1030 3463/5047/1020 3462/5046/1019
f 3473/5058/1030 3474/5059/1031 3464/5048/1021 3463/5047/1020
f 3474/5059/1031 3475/5060/1032 3465/5049/1022 3464/5048/1021
f 3475/5060/1032 3476/5061/1033 3466/5050/1023 3465/5049/1022
f 3476/5061/1033 3477/5062/1034 3467/5051/1024 3466/5050/1023
f 3477/5062/1034 3478/5063/1035 3468/5052/1025 3467/5051/1024
f 3478/5063/1035 3479/5064/1036 3469/5053/1026 3468/5052/1025
f 3479/5064/1036 3480/5065/1037 3470/5054/1027 3469/5053/1026
f 3480/5065/1037 3471/5066/1028 3461/5055/1018 3470/5054/1027
f 3481/5067/1038 3482/5068/1039 3472/5057/1029 3471/5056/1028
f 3482/5068/1039 3483/5069/1040 3473/5058/1030 3472/5057/1029
f 3483/5069/1040 3484/5070/1041 3474/5059/1031 3473/5058/1030
f 3484/5070/1041 3485/5071/1042 3475/5060/1032 3474/5059/1031
f 3485/5071/1042 3486/5072/1043 3476/5061/1033 3475/5060/1032
f 3486/5072/1043 3487/5073/1044 3477/5062/1034 3476/5061/1033
f 3487/5073/1044 3488/5074/1045 3478/5063/1035 3477/5062/1034
f 3488/5074/1045 3489/5075/1046 3479/5064/1036 3478/5063/1035
f 3489/5075/1046 3490/5076/1047 3480/5065/1037 3479/5064/1036
f 3490/5076/1047 3481/5077/1038 3471/5066/1028 3480/5065/1037
f 3491/5078/1048 3492/5079/1049 3482/5068/1039 3481/5067/1038
f 3492/5079/1049 3493/5080/1050 3483/5069/1040 3482/5068/1039
f 3493/5080/1050 3494/5081/1051 3484/5070/1041 3483/5069/1040
f 3494/5081/1051 3495/5082/1052 3485/5071/1042 3484/5070/1041
f 3495/5082/1052 3496/5083/1053 3486/5072/1043 3485/5071/1042
f 3496/5083/1053 3497/5084/1054 3487/5073/1044 3486/5072/1043
f 3497/5084/1054 3498/5085/1055 3488/5074/1045 3487/5073/1044
f 3498/5085/1055 3499/5086/1056 3489/5075/1046 3488/5074/1045
f 3499/5086/1056 3500/5087/1057 3490/5076/1047 3489/5075/1046
f 3500/5087/1057 3491/5088/1048 3481/5077/1038 3490/5076/1047
f 3501/5089/1058 3502/5090/1059 3492/5079/1049 3491/5078/1048
f 3502/5090/1059 3503/5091/1060 3493/5080/1050 3492/5079/1049
f 3503/5091/1060 3504/5092/1061 3494/5081/1051 3493/5080/1050
f 3504/5092/1061 3505/5093/1062 3495/5082/1052 3494/5081/1051
f 3505/5093/1062 3506/5094/1063 3496/5083/1053 3495/5082/1052
f 3506/5094/1063 3507/5095/1064 3497/5084/1054 3496/5083/1053
f 3507/5095/1064 3508/5096/1065 3498/5085/1055 3497/5084/1054
f 3508/5096/1065 3509/5097/1066 3499/5086/1056 3498/5085/1055
f 3509/5097/1066 3510/5098/1067 3500/5087/1057 3499/5086/1056
f 3510/5098/1067 3501/5099/1058 3491/5088/1048 3500/5087/1057
f 3511/5100/1068 3512/5101/1069 3502/5090/1059 3501/5089/1058
f 3512/5101/1069 3513/5102/1070 3503/5091/1060 3502/5090/1059
f 3513/5102/1070 3514/5103/1071 3504/5092/1061 3503/5091/1060
f 3514/5103/1071 3515/5104/1072 3505/5093/1062 3504/5092/1061
f 3515/5104/1072 3516/5105/1073 3506/5094/1063 3505/5093/1062
f 3516/5105/1073 3517/5106/1074 3507/5095/1064 3506/5094/1063
f 3517/5106/1074 3518/5107/1075 3508/5096/1065 3507/5095/1064
f 3518/5107/1075 3519/5108/1076 3509/5097/1066 3508/5096/1065
f 3519/5108/1076 3520/5109/1077 3510/5098/1067 3509/5097/1066
f 3520/5109/1077 3511/5110/1068 3501/5099/1058 3510/5098/1067
f 3521/5111/1078 3522/5112/1079 3512/5101/1069 3511/5100/1068
f 3522/5112/1079 3523/5113/1080 3513/5102/1070 3512/5101/1069
f 3523/5113/1080 3524/5114/1081 3514/5103/1071 3513/5102/1070
f 3524/5114/1081 3525/5115/1082 3515/5104/1072 3514/5103/1071
f 3525/5115/1082 3526/5116/1083 3516/5105/1073 3515/5104/1072
f 3526/5116/1083 3527/5117/1084 3517/5106/1074 3516/5105/1073
f 3527/5117/1084 3528/5118/1085 3518/5107/1075 3517/5106/1074
f 3528/5118/1085 3529/5119/1086 3519/5108/1076 3518/5107/1075
f 3529/5119/1086 3530/5120/1087 3520/5109/1077 3519/5108/1076
f 3530/5120/1087 3521/5121/1078 3511/5110/1068 3520/5109/1077
f 3531/5122/1088 3532/5123/1089 3522/5112/1079 3521/5111/1078
f 3532/5123/1089 3533/5124/1090 3523/5113/1080 3522/5112/1079
f 3533/5124/1090 3534/5125/1091 3524/5114/1081 3523/5113/1080
f 3534/5125/1091 3535/5126/1092 3525/5115/1082 3524/5114/1081
f 3535/5126/1092 3536/5127/1093 3526/5116/1083 3525/5115/1082
f 3536/5127/1093 3537/5128/1094 3527/5117/1084 3526/5116/1083
f 3537/5128/1094 3538/5129/1095 3528/5118/1085 3527/5117/1084
f 3538/5129/1095 3539/5130/1096 3529/5119/1086 3528/5118/1085
f 3539/5130/1096 3540/5131/1097 3530/5120/1087 3529/5119/1086
f 3540/5131/1097 3531/5132/1088 3521/5121/1078 3530/5120/1087
f 3541/5133/1098 3542/5134/1099 3532/5123/1089 3531/5122/1088
f 3542/5134/1099 3543/5135/1100 3533/5124/1090 3532/5123/1089
f 3543/5135/1100 3544/5136/1101 3534/5125/1091 3533/5124/1090
f 3544/5136/1101 3545/5137/1102 3535/5126/1092 3534/5125/1091
f 3545/5137/1102 3546/5138/1103 3536/5127/1093 3535/5126/1092
f 3546/5138/1103 3547/5139/1104 3537/5128/1094 3536/5127/1093
f 3547/5139/1104 3548/5140/1105 3538/5129/1095 3537/5128/1094
f 3548/5140/1105 3549/5141/1106 3539/5130/1096 3538/5129/1095
f 3549/5141/1106 3550/5142/1107 3540/5131/1097 3539/5130/1096
f 3550/5142/1107 3541/5143/1098 3531/5132/1088 3540/5131/1097
f 3551/5144/1108 3552/5145/1109 3542/5134/1099 3541/5133/1098
f 3552/5145/1109 3553/5146/1110 3543/5135/1100 3542/5134/1099
f 3553/5146/1110 3554/5147/1111 3544/5136/1101 3543/5135/1100
f 3554/5147/1111 3555/5148/1112 3545/5137/1102 3544/5136/1101
f 3555/5148/1112 3556/5149/1113 3546/5138/1103 3545/5137/1102
f 3556/5149/1113 3557/5150/1114 3547/5139/1104 3546/5138/1103
f 3557/5150/1114 3558/5151/1115 3548/5140/1105 3547/5139/1104
f 3558/5151/1115 3559/5152/1116 3549/5141/1106 3548/5140/1105
f 3559/5152/1116 3560/5153/1117 3550/5142/1107 3549/5141/1106
f 3560/5153/1117 3551/5154/1108 3541/5143/1098 3550/5142/1107
f 3561/5155/1118 3562/5156/1119 3552/5145/1109 3551/5144/1108
f 3562/5156/1119 3563/5157/1120 3553/5146/1110 3552/5145/1109
f 3563/5157/1120 3564/5158/1121 3554/5147/1111 3553/5146/1110
f 3564/5158/1121 3565/5159/1122 3555/5148/1112 3554/5147/1111
f 3565/5159/1122 3566/5160/1123 3556/5149/1113 3555/5148/1112
f 3566/5160/1123 3567/5161/1124 3557/5150/1114 3556/5149/1113
f 3567/5161/1124 3568/5162/1125 3558/5151/1115 3557/5150/1114
f 3568/5162/1125 3569/5163/1126 3559/5152/1116 3558/5151/1115
f 3569/5163/1126 3570/5164/1127 3560/5153/1117 3559/5152/1116
f 3570/5164/1127 3561/5165/1118 3551/5154/1108 3560/5153/1117
f 3571/5166/1128 3572/5167/1129 3562/5156/1119 3561/5155/1118
f 3572/5167/1129 3573/5168/1130 3563/5157/1120 3562/5156/1119
f 3573/5168/1130 3574/5169/1131 3564/5158/1121 3563/5157/1120
f 3574/5169/1131 3575/5170/1132 3565/5159/1122 3564/5158/1121
f 3575/5170/1132 3576/5171/1133 3566/5160/1123 3565/5159/1122
f 3576/5171/1133 3577/5172/1134 3567/5161/1124 3566/5160/1123
f 3577/5172/1134 3578/5173/1135 3568/5162/1125 3567/5161/1124
f 3578/5173/1135 3579/5174/1136 3569/5163/1126 3568/5162/1125
f 3579/5174/1136 3580/5175/1137 3570/5164/1127 3569/5163/1126
f 3580/5175/1137 3571/5176/1128 3561/5165/1118 3570/5164/1127
f 3581/5177/1138 3582/5178/1139 3572/5167/1129 3571/5166/1128
f 3582/5178/1139 3583/5179/1140 3573/5168/1130 3572/5167/1129
f 3583/5179/1140 3584/5180/1141 3574/5169/1131 3573/5168/1130
f 3584/5180/1141 3585/5181/1142 3575/5170/1132 3574/5169/1131
f 3585/5181/1142 3586/5182/1143 3576/5171/1133 3575/5170/1132
f 3586/5182/1143 3587/5183/1144 3577/5172/1134 3576/5171/1133
f 3587/5183/1144 3588/5184/1145 3578/5173/1135 3577/5172/1134
f 3588/5184/1145 3589/5185/1146 3579/5174/1136 3578/5173/1135
f 3589/5185/1146 3590/5186/1147 3580/5175/1137 3579/5174/1136
f 3590/5186/1147 3581/5187/1138 3571/5176/1128 3580/5175/1137
f 3591/5188/1148 3592/5189/1149 3582/5178/1139 3581/5177/1138
f 3592/5189/1149 3593/5190/1150 3583/5179/1140 3582/5178/1139
f 3593/5190/1150 3594/5191/1151 3584/5180/1141 3583/5179/1140
f 3594/5191/1151 3595/5192/1152 3585/5181/1142 3584/5180/1141
f 3595/5192/1152 3596/5193/1153 3586/5182/1143 3585/5181/1142
f 3596/5193/1153 3597/5194/1154 3587/5183/1144 3586/5182/1143
f 3597/5194/1154 3598/5195/1155 3588/5184/1145 3587/5183/1144
f 3598/5195/1155 3599/5196/1156 3589/5185/1146 3588/5184/1145
f 3599/5196/1156 3600/5197/1157 3590/5186/1147 3589/5185/1146
f 3600/5197/1157 3591/5198/1148 3581/5187/1138 3590/5186/1147
f 3601/5199/1158 3602/5200/1159 3592/5189/1149 3591/5188/1148
f 3602/5200/1159 3603/5201/1160 3593/5190/1150 3592/5189/1149
f 3603/5201/1160 3604/5202/1161 3594/5191/1151 3593/5190/1150
f 3604/5202/1161 3605/5203/1162 3595/5192/1152 3594/5191/1151
f 3605/5203/1162 3606/5204/1163 3596/5193/1153 3595/5192/1152
f 3606/5204/1163 3607/5205/1164 3597/5194/1154 3596/5193/1153
f 3607/5205/1164 3608/5206/1165 3598/5195/1155 3597/5194/1154
f 3608/5206/1165 3609/5207/1166 3599/5196/1156 3598/5195/1155
f 3609/5207/1166 3610/5208/1167 3600/5197/1157 3599/5196/1156
f 3610/5208/1167 3601/5209/1158 3591/5198/1148 3600/5197/1157
f 3611/5210/1168 3612/5211/1169 3602/5200/1159 3601/5199/1158
f 3612/5211/1169 3613/5212/1170 3603/5201/1160 3602/5200/1159
f 3613/5212/1170 3614/5213/1171 3604/5202/1161 3603/5201/1160
f 3614/5213/1171 3615/5214/1172 3605/5203/1162 3604/5202/1161
f 3615/5214/1172 3616/5215/1173 3606/5204/1163 3605/5203/1162
f 3616/5215/1173 3617/5216/1174 3607/5205/1164 3606/5204/1163
f 3617/5216/1174 3618/5217/1175 3608/5206/1165 3607/5205/1164
f 3618/5217/1175 3619/5218/1176 3609/5207/1166 3608/5206/1165
f 3619/5218/1176 3620/5219/1177 3610/5208/1167 3609/5207/1166
f 3620/5219/1177 3611/5220/1168 3601/5209/1158 3610/5208/1167
f 5433/5221/1178 5434/5222/1179 3612/5211/1169 3611/5210/1168
f 5434/5222/1179 5435/5223/1180 3613/5212/1170 3612/5211/1169
f 5435/5223/1180 3621/5224/1181 3614/5213/1171 3613/5212/1170
f 3621/5224/1181 5367/5225/1182 3615/5214/1172 3614/5213/1171
f 5367/5225/1182 5436/5226/1183 3616/5215/1173 3615/5214/1172
f 5436/5226/1183 3622/5227/1184 3617/5216/1174 3616/5215/1173
f 3622/5227/1184 3623/5228/1185 3618/5217/1175 3617/5216/1174
f 3623/5228/1185 5438/5229/1186 3619/5218/1176 3618/5217/1175
f 5438/5229/1186 3624/5230/1187 3620/5219/1177 3619/5218/1176
f 3624/5230/1187 5433/5231/1178 3611/5220/1168 3620/5219/1177
f 3634/5232/1188 3633/5233/1189 5363/5234/1190 5362/5235/1191
f 3633/5233/1189 3632/5236/1192 5364/5237/1193 5363/5234/1190
f 3632/5236/1192 3631/5238/1194 5365/5239/1195 5364/5237/1193
f 3631/5238/1194 3630/5240/1196 5366/5241/1197 5365/5239/1195
f 3630/5240/1196 3629/5242/1198 5368/5243/1198 5366/5241/1197
f 3629/5242/1198 3628/5244/1199 5437/5245/1200 5368/5243/1198
f 3628/5244/1199 3627/5246/1201 5369/5247/1202 5437/5245/1200
f 3627/5246/1201 3626/5248/1203 5370/5249/1204 5369/5247/1202
f 3626/5248/1203 3625/5250/1205 5371/5251/1206 5370/5249/1204
f 3625/5250/1205 3634/5252/1188 5362/5253/1191 5371/5251/1206
f 5495/5254/1207 5494/5255/1208 5501/5256/1209 5502/5257/1207
f 5494/5255/1208 5493/5258/1210 5500/5259/1211 5501/5256/1209
f 5493/5258/1210 5492/5260/1212 5499/5261/1213 5500/5259/1211
f 5492/5260/1212 5491/5262/1214 5498/5263/1215 5499/5261/1213
f 5491/5262/1214 5490/5264/1216 5485/5265/1217 5498/5263/1215
f 5490/5264/1216 5489/5266/1218 5496/5267/1219 5485/5265/1217
f 5489/5266/1218 5488/5268/1220 5483/5269/1221 5496/5267/1219
f 5488/5268/1220 5487/5270/1222 5482/5271/1223 5483/5269/1221
f 5487/5270/1222 5486/5272/1224 5481/5273/1225 5482/5271/1223
f 5486/5272/1224 5495/5274/1207 5502/5275/1207 5481/5273/1225
f 5439/5276/1226 5348/5277/1227 5121/5278/1228 5130/5279/1229
f 5440/5280/1230 5439/5276/1226 5130/5279/1229 5129/5281/1231
f 5441/5282/1232 5440/5280/1230 5129/5281/1231 5128/5283/1233
f 5442/5284/1234 5441/5282/1232 5128/5283/1233 5127/5285/1235
f 5443/5286/1236 5442/5284/1234 5127/5285/1235 5126/5287/1237
f 5341/5288/1238 5443/5286/1236 5126/5287/1237 5125/5289/1239
f 5343/5290/1240 5341/5288/1238 5125/5289/1239 5124/5291/1241
f 5345/5292/1242 5343/5290/1240 5124/5291/1241 5123/5293/1242
f 5346/5294/1243 5345/5292/1242 5123/5293/1242 5122/5295/1244
f 5348/5296/1227 5346/5294/1243 5122/5295/1244 5121/5297/1228
f 5445/5298/1245 5394/5299/1246 5206/5300/1247 5205/5301/1248
f 5394/5299/1246 5396/5302/1249 5207/5303/1250 5206/5300/1247
f 5396/5302/1249 5398/5304/1251 5208/5305/1252 5207/5303/1250
f 5398/5304/1251 5447/5306/1253 5209/5307/1254 5208/5305/1252
f 5447/5306/1253 5448/5308/1255 5210/5309/1256 5209/5307/1254
f 5448/5308/1255 5401/5310/1257 5211/5311/1258 5210/5309/1256
f 5401/5310/1257 5403/5312/1259 5212/5313/1259 5211/5311/1258
f 5403/5312/1259 5450/5314/1260 5213/5315/1261 5212/5313/1259
f 5450/5314/1260 5451/5316/1262 5214/5317/1263 5213/5315/1261
f 5451/5316/1262 5445/5318/1245 5205/5319/1248 5214/5317/1263
f 3668/5320/1264 3669/5321/1265 3659/5322/1266 3658/5323/1267
f 3669/5321/1265 3670/5324/1268 3660/5325/1269 3659/5322/1266
f 3670/5324/1268 3671/5326/1270 3661/5327/1271 3660/5325/1269
f 3671/5326/1270 3672/5328/1272 3662/5329/1273 3661/5327/1271
f 3672/5328/1272 3673/5330/1274 3663/5331/1275 3662/5329/1273
f 3673/5330/1274 3674/5332/1276 3664/5333/1277 3663/5331/1275
f 3674/5332/1276 3675/5334/1278 3665/5335/1279 3664/5333/1277
f 3675/5334/1278 3676/5336/1280 3666/5337/1281 3665/5335/1279
f 3676/5336/1280 3677/5338/1282 3667/5339/1283 3666/5337/1281
f 3677/5338/1282 3668/5340/1264 3658/5341/1267 3667/5339/1283
f 3678/5342/1284 3679/5343/1285 3669/5321/1265 3668/5320/1264
f 3679/5343/1285 3680/5344/1286 3670/5324/1268 3669/5321/1265
f 3680/5344/1286 3681/5345/1287 3671/5326/1270 3670/5324/1268
f 3681/5345/1287 3682/5346/1288 3672/5328/1272 3671/5326/1270
f 3682/5346/1288 3683/5347/1289 3673/5330/1274 3672/5328/1272
f 3683/5347/1289 3684/5348/1290 3674/5332/1276 3673/5330/1274
f 3684/5348/1290 3685/5349/1291 3675/5334/1278 3674/5332/1276
f 3685/5349/1291 3686/5350/1292 3676/5336/1280 3675/5334/1278
f 3686/5350/1292 3687/5351/1293 3677/5338/1282 3676/5336/1280
f 3687/5351/1293 3678/5352/1284 3668/5340/1264 3677/5338/1282
f 3688/5353/1294 3689/5354/1295 3679/5343/1285 3678/5342/1284
f 3689/5354/1295 3690/5355/1296 3680/5344/1286 3679/5343/1285
f 3690/5355/1296 3691/5356/1297 3681/5345/1287 3680/5344/1286
f 3691/5356/1297 3692/5357/1298 3682/5346/1288 3681/5345/1287
f 3692/5357/1298 3693/5358/1299 3683/5347/1289 3682/5346/1288
f 3693/5358/1299 3694/5359/1300 3684/5348/1290 3683/5347/1289
f 3694/5359/1300 3695/5360/1301 3685/5349/1291 3684/5348/1290
f 3695/5360/1301 3696/5361/1302 3686/5350/1292 3685/5349/1291
f 3696/5361/1302 3697/5362/1303 3687/5351/1293 3686/5350/1292
f 3697/5362/1303 3688/5363/1294 3678/5352/1284 3687/5351/1293
f 3698/5364/1304 3699/5365/1305 3689/5354/1295 3688/5353/1294
f 3699/5365/1305 3700/5366/1306 3690/5355/1296 3689/5354/1295
f 3700/5366/1306 3701/5367/1307 3691/5356/1297 3690/5355/1296
f 3701/5367/1307 3702/5368/1308 3692/5357/1298 3691/5356/1297
f 3702/5368/1308 3703/5369/1309 3693/5358/1299 3692/5357/1298
f 3703/5369/1309 3704/5370/1310 3694/5359/1300 3693/5358/1299
f 3704/5370/1310 3705/5371/1311 3695/5360/1301 3694/5359/1300
f 3705/5371/1311 3706/5372/1312 3696/5361/1302 3695/5360/1301
f 3706/5372/1312 3707/5373/1313 3697/5362/1303 3696/5361/1302
f 3707/5373/1313 3698/5374/1304 3688/5363/1294 3697/5362/1303
f 3708/5375/1314 3709/5376/1315 3699/5365/1305 3698/5364/1304
f 3709/5376/1315 3710/5377/1316 3700/5366/1306 3699/5365/1305
f 3710/5377/1316 3711/5378/1317 3701/5367/1307 3700/5366/1306
f 3711/5378/1317 3712/5379/1318 3702/5368/1308 3701/5367/1307
f 3712/5379/1318 3713/5380/1319 3703/5369/1309 3702/5368/1308
f 3713/5380/1319 3714/5381/1320 3704/5370/1310 3703/5369/1309
f 3714/5381/1320 3715/5382/1321 3705/5371/1311 3704/5370/1310
f 3715/5382/1321 3716/5383/1322 3706/5372/1312 3705/5371/1311
f 3716/5383/1322 3717/5384/1323 3707/5373/1313 3706/5372/1312
f 3717/5384/1323 3708/5385/1314 3698/5374/1304 3707/5373/1313
f 3718/5386/1324 3719/5387/1325 3709/5376/1315 3708/5375/1314
f 3719/5387/1325 3720/5388/1326 3710/5377/1316 3709/5376/1315
f 3720/5388/1326 3721/5389/1327 3711/5378/1317 3710/5377/1316
f 3721/5389/1327 3722/5390/1328 3712/5379/1318 3711/5378/1317
f 3722/5390/1328 3723/5391/1329 3713/5380/1319 3712/5379/1318
f 3723/5391/1329 3724/5392/1330 3714/5381/1320 3713/5380/1319
f 3724/5392/1330 3725/5393/1331 3715/5382/1321 3714/5381/1320
f 3725/5393/1331 3726/5394/1332 3716/5383/1322 3715/5382/1321
f 3726/5394/1332 3727/5395/1333 3717/5384/1323 3716/5383/1322
f 3727/5395/1333 3718/5396/1324 3708/5385/1314 3717/5384/1323
f 3728/5397/1334 3729/5398/1335 3719/5387/1325 3718/5386/1324
f 3729/5398/1335 3730/5399/1336 3720/5388/1326 3719/5387/1325
f 3730/5399/1336 3731/5400/1337 3721/5389/1327 3720/5388/1326
f 3731/5400/1337 3732/5401/1338 3722/5390/1328 3721/5389/1327
f 3732/5401/1338 3733/5402/1339 3723/5391/1329 3722/5390/1328
f 3733/5402/1339 3734/5403/1340 3724/5392/1330 3723/5391/1329
f 3734/5403/1340 3735/5404/1341 3725/5393/1331 3724/5392/1330
f 3735/5404/1341 3736/5405/1342 3726/5394/1332 3725/5393/1331
f 3736/5405/1342 3737/5406/1343 3727/5395/1333 3726/5394/1332
f 3737/5406/1343 3728/5407/1334 3718/5396/1324 3727/5395/1333
f 3738/5408/1344 3739/5409/1345 3729/5398/1335 3728/5397/1334
f 3739/5409/1345 3740/5410/1346 3730/5399/1336 3729/5398/1335
f 3740/5410/1346 3741/5411/1347 3731/5400/1337 3730/5399/1336
f 3741/5411/1347 3742/5412/1348 3732/5401/1338 3731/5400/1337
f 3742/5412/1348 3743/5413/1349 3733/5402/1339 3732/5401/1338
f 3743/5413/1349 3744/5414/1350 3734/5403/1340 3733/5402/1339
f 3744/5414/1350 3745/5415/1351 3735/5404/1341 3734/5403/1340
f 3745/5415/1351 3746/5416/1352 3736/5405/1342 3735/5404/1341
f 3746/5416/1352 3747/5417/1353 3737/5406/1343 3736/5405/1342
f 3747/5417/1353 3738/5418/1344 3728/5407/1334 3737/5406/1343
f 3748/5419/1354 3749/5420/1355 3739/5409/1345 3738/5408/1344
f 3749/5420/1355 3750/5421/1356 3740/5410/1346 3739/5409/1345
f 3750/5421/1356 3751/5422/1357 3741/5411/1347 3740/5410/1346
f 3751/5422/1357 3752/5423/1358 3742/5412/1348 3741/5411/1347
f 3752/5423/1358 3753/5424/1359 3743/5413/1349 3742/5412/1348
f 3753/5424/1359 3754/5425/1360 3744/5414/1350 3743/5413/1349
f 3754/5425/1360 3755/5426/1361 3745/5415/1351 3744/5414/1350
f 3755/5426/1361 3756/5427/1362 3746/5416/1352 3745/5415/1351
f 3756/5427/1362 3757/5428/1363 3747/5417/1353 3746/5416/1352
f 3757/5428/1363 3748/5429/1354 3738/5418/1344 3747/5417/1353
f 3758/5430/1364 3759/5431/1365 3749/5420/1355 3748/5419/1354
f 3759/5431/1365 3760/5432/1366 3750/5421/1356 3749/5420/1355
f 3760/5432/1366 3761/5433/1367 3751/5422/1357 3750/5421/1356
f 3761/5433/1367 3762/5434/1368 3752/5423/1358 3751/5422/1357
f 3762/5434/1368 3763/5435/1369 3753/5424/1359 3752/5423/1358
f 3763/5435/1369 3764/5436/1370 3754/5425/1360 3753/5424/1359
f 3764/5436/1370 3765/5437/1371 3755/5426/1361 3754/5425/1360
f 3765/5437/1371 3766/5438/1372 3756/5427/1362 3755/5426/1361
f 3766/5438/1372 3767/5439/1373 3757/5428/1363 3756/5427/1362
f 3767/5439/1373 3758/5440/1364 3748/5429/1354 3757/5428/1363
f 3768/5441/1374 3769/5442/1375 3759/5431/1365 3758/5430/1364
f 3769/5442/1375 3770/5443/1376 3760/5432/1366 3759/5431/1365
f 3770/5443/1376 3771/5444/1377 3761/5433/1367 3760/5432/1366
f 3771/5444/1377 3772/5445/1378 3762/5434/1368 3761/5433/1367
f 3772/5445/1378 3773/5446/1379 3763/5435/1369 3762/5434/1368
f 3773/5446/1379 3774/5447/1380 3764/5436/1370 3763/5435/1369
f 3774/5447/1380 3775/5448/1381 3765/5437/1371 3764/5436/1370
f 3775/5448/1381 3776/5449/1382 3766/5438/1372 3765/5437/1371
f 3776/5449/1382 3777/5450/1383 3767/5439/1373 3766/5438/1372
f 3777/5450/1383 3768/5451/1374 3758/5440/1364 3767/5439/1373
f 3778/5452/1384 3779/5453/1385 3769/5442/1375 3768/5441/1374
f 3779/5453/1385 3780/5454/1386 3770/5443/1376 3769/5442/1375
f 3780/5454/1386 3781/5455/1387 3771/5444/1377 3770/5443/1376
f 3781/5455/1387 3782/5456/1388 3772/5445/1378 3771/5444/1377
f 3782/5456/1388 3783/5457/219 3773/5446/1379 3772/5445/1378
f 3783/5457/219 3784/5458/1389 3774/5447/1380 3773/5446/1379
f 3784/5458/1389 3785/5459/1390 3775/5448/1381 3774/5447/1380
f 3785/5459/1390 3786/5460/1391 3776/5449/1382 3775/5448/1381
f 3786/5460/1391 3787/5461/1392 3777/5450/1383 3776/5449/1382
f 3787/5461/1392 3778/5462/1384 3768/5451/1374 3777/5450/1383
f 3788/5463/1393 3789/5464/1394 3779/5453/1385 3778/5452/1384
f 3789/5464/1394 3790/5465/1395 3780/5454/1386 3779/5453/1385
f 3790/5465/1395 3791/5466/1396 3781/5455/1387 3780/5454/1386
f 3791/5466/1396 3792/5467/1397 3782/5456/1388 3781/5455/1387
f 3792/5467/1397 3793/5468/1398 3783/5457/219 3782/5456/1388
f 3793/5468/1398 3794/5469/1399 3784/5458/1389 3783/5457/219
f 3794/5469/1399 3795/5470/1400 3785/5459/1390 3784/5458/1389
f 3795/5470/1400 3796/5471/1401 3786/5460/1391 3785/5459/1390
f 3796/5471/1401 3797/5472/1402 3787/5461/1392 3786/5460/1391
f 3797/5472/1402 3788/5473/1393 3778/5462/1384 3787/5461/1392
f 3798/5474/1403 3799/5475/1404 3789/5464/1394 3788/5463/1393
f 3799/5475/1404 3800/5476/1405 3790/5465/1395 3789/5464/1394
f 3800/5476/1405 3801/5477/1406 3791/5466/1396 3790/5465/1395
f 3801/5477/1406 3802/5478/1407 3792/5467/1397 3791/5466/1396
f 3802/5478/1407 3803/5479/1408 3793/5468/1398 3792/5467/1397
f 3803/5479/1408 3804/5480/1409 3794/5469/1399 3793/5468/1398
f 3804/5480/1409 3805/5481/1410 3795/5470/1400 3794/5469/1399
f 3805/5481/1410 3806/5482/1411 3796/5471/1401 3795/5470/1400
f 3806/5482/1411 3807/5483/1412 3797/5472/1402 3796/5471/1401
f 3807/5483/1412 3798/5484/1403 3788/5473/1393 3797/5472/1402
f 5302/5485/1413 5138/5486/1414 3799/5475/1404 3798/5474/1403
f 5138/5486/1414 5139/5487/1415 3800/5476/1405 3799/5475/1404
f 5139/5487/1415 5299/5488/1416 3801/5477/1406 3800/5476/1405
f 5299/5488/1416 5140/5489/1417 3802/5478/1407 3801/5477/1406
f 5140/5489/1417 5141/5490/1418 3803/5479/1408 3802/5478/1407
f 5141/5490/1418 5142/5491/1419 3804/5480/1409 3803/5479/1408
f 5142/5491/1419 5136/5492/1420 3805/5481/1410 3804/5480/1409
f 5136/5492/1420 5137/5493/1421 3806/5482/1411 3805/5481/1410
f 5137/5493/1421 5303/5494/1422 3807/5483/1412 3806/5482/1411
f 5303/5494/1422 5302/5495/1413 3798/5484/1403 3807/5483/1412
f 5453/5496/1423 5452/5497/1424 5190/5498/1425 5199/5499/1426
f 5383/5500/1427 5453/5496/1423 5199/5499/1426 5198/5501/1428
f 5382/5502/1429 5383/5500/1427 5198/5501/1428 5197/5503/1429
f 5456/5504/1430 5382/5502/1429 5197/5503/1429 5196/5505/1431
f 5391/5506/1432 5456/5504/1430 5196/5505/1431 5195/5507/1432
f 5390/5508/1433 5391/5509/1432 5195/5510/1432 5194/5511/1433
f 5389/5512/1434 5390/5508/1433 5194/5511/1433 5193/5513/1434
f 5387/5514/1435 5389/5512/1434 5193/5513/1434 5192/5515/1436
f 5386/5516/1437 5387/5514/1435 5192/5515/1436 5191/5517/1438
f 5452/5497/1424 5386/5516/1437 5191/5517/1438 5190/5498/1425
f 3841/5518/1439 3840/5519/1440 4126/5520/1441 4127/5521/1442
f 3840/5519/1440 3839/5522/1443 4125/5523/1444 4126/5520/1441
f 3839/5522/1443 3838/5524/1445 4124/5525/1446 4125/5523/1444
f 3838/5524/1445 3837/5526/1447 4123/5527/1448 4124/5525/1446
f 3837/5526/1447 3836/5528/1449 4122/5529/1450 4123/5527/1448
f 3836/5528/1449 3835/5530/1451 4121/5531/1452 4122/5529/1450
f 3835/5530/1451 3834/5532/1453 4120/5533/1454 4121/5531/1452
f 3834/5532/1453 3833/5534/1455 4119/5535/1456 4120/5533/1454
f 3833/5534/1455 3832/5536/1457 4118/5537/1458 4119/5535/1456
f 3832/5536/1457 3841/5538/1439 4127/5539/1442 4118/5537/1458
f 4386/5540/1459 4395/5541/1460 4794/5542/1461 4785/5543/1462
f 4387/5544/1463 4386/5540/1459 4785/5543/1462 4786/5545/1464
f 4388/5546/1465 4387/5544/1463 4786/5545/1464 4787/5547/1466
f 4389/5548/1467 4388/5546/1465 4787/5547/1466 4788/5549/1468
f 4390/5550/1469 4389/5548/1467 4788/5549/1468 4789/5551/1470
f 4391/5552/1471 4390/5550/1469 4789/5551/1470 4790/5553/1472
f 4392/5554/1473 4391/5552/1471 4790/5553/1472 4791/5555/1474
f 4393/5556/1475 4392/5554/1473 4791/5555/1474 4792/5557/1476
f 4394/5558/1477 4393/5556/1475 4792/5557/1476 4793/5559/1478
f 4395/5560/1460 4394/5558/1477 4793/5559/1478 4794/5561/1461
f 5462/5562/1479 5289/5563/1480 3850/5564/1481 3851/5565/1482
f 5289/5563/1480 5290/5566/1483 3849/5567/1484 3850/5564/1481
f 5290/5566/1483 5463/5568/1485 3848/5569/1486 3849/5567/1484
f 5463/5568/1485 5464/5570/1487 3847/5571/1488 3848/5569/1486
f 5464/5570/1487 5294/5572/1489 3846/5573/1489 3847/5571/1488
f 5294/5572/1489 5466/5574/1490 3845/5575/1491 3846/5573/1489
f 5467/5576/1492 3844/5577/1493 3845/5575/1491 5466/5574/1490
f 5468/5578/1494 3843/5579/1495 3844/5577/1493 5467/5576/1492
f 5469/5580/1496 3842/5581/1497 3843/5579/1495 5468/5578/1494
f 5462/5582/1479 3851/5583/1482 3842/5581/1497 5469/5580/1496
f 3852/5584/1498 3861/5585/1499 4395/5541/1460 4386/5540/1459
f 3853/5586/1500 3852/5584/1498 4386/5540/1459 4387/5544/1463
f 3854/5587/1501 3853/5586/1500 4387/5544/1463 4388/5546/1465
f 3855/5588/1502 3854/5587/1501 4388/5546/1465 4389/5548/1467
f 3856/5589/1503 3855/5588/1502 4389/5548/1467 4390/5550/1469
f 3857/5590/1504 3856/5589/1503 4390/5550/1469 4391/5552/1471
f 3858/5591/1505 3857/5590/1504 4391/5552/1471 4392/5554/1473
f 3859/5592/1506 3858/5591/1505 4392/5554/1473 4393/5556/1475
f 3860/5593/1507 3859/5592/1506 4393/5556/1475 4394/5558/1477
f 3861/5594/1499 3860/5593/1507 4394/5558/1477 4395/5560/1460
f 3862/5595/1508 3878/5596/1509 3879/5597/1510 3871/5598/1511
f 3863/5599/1512 3877/5600/1513 3878/5596/1509 3862/5595/1508
f 3864/5601/1514 3876/5602/1515 3877/5600/1513 3863/5599/1512
f 3865/5603/1516 3875/5604/1517 3876/5602/1515 3864/5601/1514
f 3866/5605/1518 3874/5606/1519 3875/5604/1517 3865/5603/1516
f 3867/5607/1520 3873/5608/1521 3874/5606/1519 3866/5605/1518
f 3868/5609/1522 3872/5610/1523 3873/5608/1521 3867/5607/1520
f 3869/5611/1524 3881/5612/1525 3872/5613/1523 3868/5614/1522
f 3870/5615/1526 3880/5616/1527 3881/5612/1525 3869/5611/1524
f 3871/5598/1511 3879/5597/1510 3880/5616/1527 3870/5615/1526
f 3882/5617/1528 3883/5618/1529 3873/5608/1521 3872/5610/1523
f 3883/5618/1529 3884/5619/1530 3874/5606/1519 3873/5608/1521
f 3884/5619/1530 3885/5620/1531 3875/5604/1517 3874/5606/1519
f 3885/5620/1531 3886/5621/1532 3876/5602/1515 3875/5604/1517
f 3886/5621/1532 3887/5622/1533 3877/5600/1513 3876/5602/1515
f 3887/5622/1533 3888/5623/1534 3878/5596/1509 3877/5600/1513
f 3888/5623/1534 3889/5624/1535 3879/5597/1510 3878/5596/1509
f 3889/5624/1535 3890/5625/1536 3880/5616/1527 3879/5597/1510
f 3890/5625/1536 3891/5626/1537 3881/5612/1525 3880/5616/1527
f 3891/5626/1537 3882/5627/1528 3872/5613/1523 3881/5612/1525
f 3892/5628/1538 3893/5629/1539 3883/5618/1529 3882/5617/1528
f 3893/5629/1539 3894/5630/1540 3884/5619/1530 3883/5618/1529
f 3894/5630/1540 3895/5631/1541 3885/5620/1531 3884/5619/1530
f 3895/5631/1541 3896/5632/1542 3886/5621/1532 3885/5620/1531
f 3896/5632/1542 3897/5633/1543 3887/5622/1533 3886/5621/1532
f 3897/5633/1543 3898/5634/1544 3888/5623/1534 3887/5622/1533
f 3898/5634/1544 3899/5635/1545 3889/5624/1535 3888/5623/1534
f 3899/5635/1545 3900/5636/1546 3890/5625/1536 3889/5624/1535
f 3900/5636/1546 3901/5637/1547 3891/5626/1537 3890/5625/1536
f 3901/5637/1547 3892/5638/1538 3882/5627/1528 3891/5626/1537
f 3902/5639/1548 3903/5640/1549 3893/5629/1539 3892/5628/1538
f 3903/5640/1549 3904/5641/1550 3894/5630/1540 3893/5629/1539
f 3904/5641/1550 3905/5642/1551 3895/5631/1541 3894/5630/1540
f 3905/5642/1551 3906/5643/1552 3896/5632/1542 3895/5631/1541
f 3906/5643/1552 3907/5644/1553 3897/5633/1543 3896/5632/1542
f 3907/5644/1553 3908/5645/1554 3898/5634/1544 3897/5633/1543
f 3908/5645/1554 3909/5646/1555 3899/5635/1545 3898/5634/1544
f 3909/5646/1555 3910/5647/1556 3900/5636/1546 3899/5635/1545
f 3910/5647/1556 3911/5648/1557 3901/5637/1547 3900/5636/1546
f 3911/5648/1557 3902/5649/1548 3892/5638/1538 3901/5637/1547
f 3912/5650/1558 3913/5651/1559 3903/5640/1549 3902/5639/1548
f 3913/5651/1559 3914/5652/1560 3904/5641/1550 3903/5640/1549
f 3914/5652/1560 3915/5653/1561 3905/5642/1551 3904/5641/1550
f 3915/5653/1561 3916/5654/1562 3906/5643/1552 3905/5642/1551
f 3916/5654/1562 3917/5655/1563 3907/5644/1553 3906/5643/1552
f 3917/5655/1563 3918/5656/1564 3908/5645/1554 3907/5644/1553
f 3918/5656/1564 3919/5657/1565 3909/5646/1555 3908/5645/1554
f 3919/5657/1565 3920/5658/1566 3910/5647/1556 3909/5646/1555
f 3920/5658/1566 3921/5659/1567 3911/5648/1557 3910/5647/1556
f 3921/5659/1567 3912/5660/1558 3902/5649/1548 3911/5648/1557
f 3922/5661/1568 3923/5662/1569 3913/5651/1559 3912/5650/1558
f 3923/5662/1569 3924/5663/1570 3914/5652/1560 3913/5651/1559
f 3924/5663/1570 3925/5664/1571 3915/5653/1561 3914/5652/1560
f 3925/5664/1571 3926/5665/1572 3916/5654/1562 3915/5653/1561
f 3926/5665/1572 3927/5666/1573 3917/5655/1563 3916/5654/1562
f 3927/5666/1573 3928/5667/1574 3918/5656/1564 3917/5655/1563
f 3928/5667/1574 3929/5668/1575 3919/5657/1565 3918/5656/1564
f 3929/5668/1575 3930/5669/1576 3920/5658/1566 3919/5657/1565
f 3930/5669/1576 3931/5670/1577 3921/5659/1567 3920/5658/1566
f 3931/5670/1577 3922/5671/1568 3912/5660/1558 3921/5659/1567
f 3932/5672/1578 3933/5673/1579 3923/5662/1569 3922/5661/1568
f 3933/5673/1579 3934/5674/1580 3924/5663/1570 3923/5662/1569
f 3934/5674/1580 3935/5675/1581 3925/5664/1571 3924/5663/1570
f 3935/5675/1581 3936/5676/1582 3926/5665/1572 3925/5664/1571
f 3936/5676/1582 3937/5677/1583 3927/5666/1573 3926/5665/1572
f 3937/5677/1583 3938/5678/1584 3928/5667/1574 3927/5666/1573
f 3938/5678/1584 3939/5679/1585 3929/5668/1575 3928/5667/1574
f 3939/5679/1585 3940/5680/1586 3930/5669/1576 3929/5668/1575
f 3940/5680/1586 3941/5681/1587 3931/5670/1577 3930/5669/1576
f 3941/5681/1587 3932/5682/1578 3922/5671/1568 3931/5670/1577
f 3942/5683/1588 3943/5684/1589 3933/5673/1579 3932/5672/1578
f 3943/5684/1589 3944/5685/1590 3934/5674/1580 3933/5673/1579
f 3944/5685/1590 3945/5686/1591 3935/5675/1581 3934/5674/1580
f 3945/5686/1591 3946/5687/1592 3936/5676/1582 3935/5675/1581
f 3946/5687/1592 3947/5688/1593 3937/5677/1583 3936/5676/1582
f 3947/5688/1593 3948/5689/1594 3938/5678/1584 3937/5677/1583
f 3948/5689/1594 3949/5690/1595 3939/5679/1585 3938/5678/1584
f 3949/5690/1595 3950/5691/1596 3940/5680/1586 3939/5679/1585
f 3950/5691/1596 3951/5692/1597 3941/5681/1587 3940/5680/1586
f 3951/5692/1597 3942/5693/1588 3932/5682/1578 3941/5681/1587
f 3952/5694/1598 3953/5695/1599 3943/5684/1589 3942/5683/1588
f 3953/5695/1599 3954/5696/1600 3944/5685/1590 3943/5684/1589
f 3954/5696/1600 3955/5697/1601 3945/5686/1591 3944/5685/1590
f 3955/5697/1601 3956/5698/1602 3946/5687/1592 3945/5686/1591
f 3956/5698/1602 3957/5699/1603 3947/5688/1593 3946/5687/1592
f 3957/5699/1603 3958/5700/1604 3948/5689/1594 3947/5688/1593
f 3958/5700/1604 3959/5701/1605 3949/5690/1595 3948/5689/1594
f 3959/5701/1605 3960/5702/1606 3950/5691/1596 3949/5690/1595
f 3960/5702/1606 3961/5703/1607 3951/5692/1597 3950/5691/1596
f 3961/5703/1607 3952/5704/1598 3942/5693/1588 3951/5692/1597
f 3962/5705/1608 3963/5706/1609 3953/5695/1599 3952/5694/1598
f 3963/5706/1609 3964/5707/1610 3954/5696/1600 3953/5695/1599
f 3964/5707/1610 3965/5708/1611 3955/5697/1601 3954/5696/1600
f 3965/5708/1611 3966/5709/1612 3956/5698/1602 3955/5697/1601
f 3966/5709/1612 3967/5710/1613 3957/5699/1603 3956/5698/1602
f 3967/5710/1613 3968/5711/1614 3958/5700/1604 3957/5699/1603
f 3968/5711/1614 3969/5712/1615 3959/5701/1605 3958/5700/1604
f 3969/5712/1615 3970/5713/1616 3960/5702/1606 3959/5701/1605
f 3970/5713/1616 3971/5714/1617 3961/5703/1607 3960/5702/1606
f 3971/5714/1617 3962/5715/1608 3952/5704/1598 3961/5703/1607
f 3972/5716/1618 3973/5717/1619 3963/5706/1609 3962/5705/1608
f 3973/5717/1619 3974/5718/1620 3964/5707/1610 3963/5706/1609
f 3974/5718/1620 3975/5719/1621 3965/5708/1611 3964/5707/1610
f 3975/5719/1621 3976/5720/1622 3966/5709/1612 3965/5708/1611
f 3976/5720/1622 3977/5721/1623 3967/5710/1613 3966/5709/1612
f 3977/5721/1623 3978/5722/1624 3968/5711/1614 3967/5710/1613
f 3978/5722/1624 3979/5723/1625 3969/5712/1615 3968/5711/1614
f 3979/5723/1625 3980/5724/1626 3970/5713/1616 3969/5712/1615
f 3980/5724/1626 3981/5725/1627 3971/5714/1617 3970/5713/1616
f 3981/5725/1627 3972/5726/1618 3962/5715/1608 3971/5714/1617
f 3982/5727/1628 3983/5728/1629 3973/5717/1619 3972/5716/1618
f 3983/5728/1629 3984/5729/1630 3974/5718/1620 3973/5717/1619
f 3984/5729/1630 3985/5730/1631 3975/5719/1621 3974/5718/1620
f 3985/5730/1631 3986/5731/1632 3976/5720/1622 3975/5719/1621
f 3986/5731/1632 3987/5732/1633 3977/5721/1623 3976/5720/1622
f 3987/5732/1633 3988/5733/1634 3978/5722/1624 3977/5721/1623
f 3988/5733/1634 3989/5734/1635 3979/5723/1625 3978/5722/1624
f 3989/5734/1635 3990/5735/1636 3980/5724/1626 3979/5723/1625
f 3990/5735/1636 3991/5736/1637 3981/5725/1627 3980/5724/1626
f 3991/5736/1637 3982/5737/1628 3972/5726/1618 3981/5725/1627
f 3992/5738/1638 3993/5739/1639 3983/5728/1629 3982/5727/1628
f 3993/5739/1639 3994/5740/1640 3984/5729/1630 3983/5728/1629
f 3994/5740/1640 3995/5741/1641 3985/5730/1631 3984/5729/1630
f 3995/5741/1641 3996/5742/1642 3986/5731/1632 3985/5730/1631
f 3996/5742/1642 3997/5743/1643 3987/5732/1633 3986/5731/1632
f 3997/5743/1643 3998/5744/1644 3988/5733/1634 3987/5732/1633
f 3998/5744/1644 3999/5745/1645 3989/5734/1635 3988/5733/1634
f 3999/5745/1645 4000/5746/1646 3990/5735/1636 3989/5734/1635
f 4000/5746/1646 4001/5747/1647 3991/5736/1637 3990/5735/1636
f 4001/5747/1647 3992/5748/1638 3982/5737/1628 3991/5736/1637
f 4002/5749/1648 4003/5750/1649 3993/5739/1639 3992/5738/1638
f 4003/5750/1649 4004/5751/1650 3994/5740/1640 3993/5739/1639
f 4004/5751/1650 4005/5752/1651 3995/5741/1641 3994/5740/1640
f 4005/5752/1651 4006/5753/1652 3996/5742/1642 3995/5741/1641
f 4006/5753/1652 4007/5754/1653 3997/5743/1643 3996/5742/1642
f 4007/5754/1653 4008/5755/1654 3998/5744/1644 3997/5743/1643
f 4008/5755/1654 4009/5756/1655 3999/5745/1645 3998/5744/1644
f 4009/5756/1655 4010/5757/1656 4000/5746/1646 3999/5745/1645
f 4010/5757/1656 4011/5758/1657 4001/5747/1647 4000/5746/1646
f 4011/5758/1657 4002/5759/1648 3992/5748/1638 4001/5747/1647
f 4012/5760/1658 4013/5761/1659 4003/5750/1649 4002/5749/1648
f 4013/5761/1659 4014/5762/1660 4004/5751/1650 4003/5750/1649
f 4014/5762/1660 5353/5763/1661 4005/5752/1651 4004/5751/1650
f 5353/5763/1661 5355/5764/1662 4006/5753/1652 4005/5752/1651
f 5355/5764/1662 4015/5765/1663 4007/5754/1653 4006/5753/1652
f 4015/5765/1663 4016/5766/1664 4008/5755/1654 4007/5754/1653
f 4016/5766/1664 4017/5767/1665 4009/5756/1655 4008/5755/1654
f 4017/5767/1665 4018/5768/1666 4010/5757/1656 4009/5756/1655
f 4018/5768/1666 5361/5769/1667 4011/5758/1657 4010/5757/1656
f 5361/5769/1667 4012/5770/1658 4002/5759/1648 4011/5758/1657
f 4028/5771/1668 4027/5772/1669 5350/5773/1670 5349/5774/1671
f 4027/5772/1669 4026/5775/1672 5351/5776/1673 5350/5773/1670
f 4026/5775/1672 4025/5777/1674 5352/5778/1675 5351/5776/1673
f 4025/5777/1674 4024/5779/1676 5354/5780/1677 5352/5778/1675
f 4024/5779/1676 4023/5781/1678 5356/5782/1678 5354/5780/1677
f 4023/5781/1678 4022/5783/1679 5357/5784/1680 5356/5782/1678
f 4022/5783/1679 4021/5785/1681 5358/5786/1681 5357/5784/1680
f 4021/5785/1681 4020/5787/1682 5359/5788/1682 5358/5786/1681
f 4020/5787/1682 4019/5789/1683 5360/5790/1684 5359/5788/1682
f 4019/5789/1683 4028/5791/1668 5349/5792/1671 5360/5790/1684
f 5408/5793/1685 5477/5794/1686 5246/5795/1687 5245/5796/1685
f 5477/5794/1686 5410/5797/1688 5247/5798/1689 5246/5795/1687
f 5410/5797/1688 5411/5799/1690 5248/5800/1691 5247/5798/1689
f 5411/5799/1690 5412/5801/1692 5249/5802/1693 5248/5800/1691
f 5412/5801/1692 5414/5803/1694 5250/5804/1694 5249/5802/1693
f 5414/5803/1694 5415/5805/1695 5251/5806/1696 5250/5804/1694
f 5415/5805/1695 5262/5807/1697 5252/5808/1698 5251/5806/1696
f 5262/5807/1697 5406/5809/1699 5253/5810/1699 5252/5808/1698
f 5406/5809/1699 5407/5811/1700 5254/5812/1700 5253/5810/1699
f 5407/5811/1700 5408/5813/1685 5245/5814/1685 5254/5812/1700
f 4049/5815/1701 4050/5816/1702 4040/5817/1703 4039/5818/1704
f 4050/5816/1702 4051/5819/1705 4041/5820/1706 4040/5817/1703
f 4051/5819/1705 4052/5821/1707 4042/5822/1708 4041/5820/1706
f 4052/5821/1707 4053/5823/1709 4043/5824/1710 4042/5822/1708
f 4053/5823/1709 4054/5825/1711 4044/5826/1712 4043/5824/1710
f 4054/5825/1711 4055/5827/1713 4045/5828/1714 4044/5826/1712
f 4055/5827/1713 4056/5829/1715 4046/5830/1716 4045/5828/1714
f 4056/5829/1715 4057/5831/1717 4047/5832/1718 4046/5830/1716
f 4057/5831/1717 4058/5833/1719 4048/5834/1720 4047/5832/1718
f 4058/5833/1719 4049/5835/1701 4039/5836/1704 4048/5834/1720
f 4059/5837/1721 4060/5838/1722 4050/5816/1702 4049/5815/1701
f 4060/5838/1722 4061/5839/1723 4051/5819/1705 4050/5816/1702
f 4061/5839/1723 4062/5840/1724 4052/5821/1707 4051/5819/1705
f 4062/5840/1724 4063/5841/1725 4053/5823/1709 4052/5821/1707
f 4063/5841/1725 4064/5842/1726 4054/5825/1711 4053/5823/1709
f 4064/5842/1726 4065/5843/1727 4055/5827/1713 4054/5825/1711
f 4065/5843/1727 4066/5844/1728 4056/5829/1715 4055/5827/1713
f 4066/5844/1728 4067/5845/1729 4057/5831/1717 4056/5829/1715
f 4067/5845/1729 4068/5846/1730 4058/5833/1719 4057/5831/1717
f 4068/5846/1730 4059/5847/1721 4049/5835/1701 4058/5833/1719
f 4069/5848/1731 4070/5849/1732 4060/5838/1722 4059/5837/1721
f 4070/5849/1732 4071/5850/1733 4061/5839/1723 4060/5838/1722
f 4071/5850/1733 4072/5851/1734 4062/5840/1724 4061/5839/1723
f 4072/5851/1734 4073/5852/1735 4063/5841/1725 4062/5840/1724
f 4073/5852/1735 4074/5853/1736 4064/5842/1726 4063/5841/1725
f 4074/5853/1736 4075/5854/1737 4065/5843/1727 4064/5842/1726
f 4075/5854/1737 4076/5855/1738 4066/5844/1728 4065/5843/1727
f 4076/5855/1738 4077/5856/1739 4067/5845/1729 4066/5844/1728
f 4077/5856/1739 4078/5857/1740 4068/5846/1730 4067/5845/1729
f 4078/5857/1740 4069/5858/1731 4059/5847/1721 4068/5846/1730
f 4079/5859/1741 4080/5860/1742 4070/5849/1732 4069/5848/1731
f 4080/5860/1742 4081/5861/1743 4071/5850/1733 4070/5849/1732
f 4081/5861/1743 4082/5862/1744 4072/5851/1734 4071/5850/1733
f 4082/5862/1744 4083/5863/1745 4073/5852/1735 4072/5851/1734
f 4083/5863/1745 4084/5864/1746 4074/5853/1736 4073/5852/1735
f 4084/5864/1746 4085/5865/1747 4075/5854/1737 4074/5853/1736
f 4085/5865/1747 4086/5866/1748 4076/5855/1738 4075/5854/1737
f 4086/5866/1748 4087/5867/1749 4077/5856/1739 4076/5855/1738
f 4087/5867/1749 4088/5868/1750 4078/5857/1740 4077/5856/1739
f 4088/5868/1750 4079/5869/1741 4069/5858/1731 4078/5857/1740
f 4089/5870/1751 4090/5871/1752 4080/5860/1742 4079/5859/1741
f 4090/5871/1752 4091/5872/1753 4081/5861/1743 4080/5860/1742
f 4091/5872/1753 4092/5873/1754 4082/5862/1744 4081/5861/1743
f 4092/5873/1754 4093/5874/1755 4083/5863/1745 4082/5862/1744
f 4093/5874/1755 4094/5875/1756 4084/5864/1746 4083/5863/1745
f 4094/5875/1756 4095/5876/1757 4085/5865/1747 4084/5864/1746
f 4095/5876/1757 4096/5877/1758 4086/5866/1748 4085/5865/1747
f 4096/5877/1758 4097/5878/1759 4087/5867/1749 4086/5866/1748
f 4097/5878/1759 4098/5879/1760 4088/5868/1750 4087/5867/1749
f 4098/5879/1760 4089/5880/1751 4079/5869/1741 4088/5868/1750
f 4108/5881/1761 4109/5882/1762 4090/5871/1752 4089/5870/1751
f 4109/5882/1762 4110/5883/1763 4091/5872/1753 4090/5871/1752
f 4110/5883/1763 4111/5884/1764 4092/5873/1754 4091/5872/1753
f 4111/5884/1764 4112/5885/1765 4093/5874/1755 4092/5873/1754
f 4112/5885/1765 4113/5886/1766 4094/5875/1756 4093/5874/1755
f 4113/5886/1766 4114/5887/1767 4095/5876/1757 4094/5875/1756
f 4114/5887/1767 4115/5888/1768 4096/5877/1758 4095/5876/1757
f 4115/5888/1768 4116/5889/1769 4097/5878/1759 4096/5877/1758
f 4116/5889/1769 4117/5890/1770 4098/5879/1760 4097/5878/1759
f 4117/5890/1770 4108/5891/1761 4089/5880/1751 4098/5879/1760
f 5258/5892/1771 5318/5893/1772 4376/5894/1772 4385/5895/1773
f 5320/5896/1774 5258/5892/1771 4385/5895/1773 4384/5897/1775
f 5256/5898/1776 5320/5896/1774 4384/5897/1775 4383/5899/1777
f 5255/5900/1778 5256/5898/1776 4383/5899/1777 4382/5901/1779
f 5219/5902/1780 5255/5900/1778 4382/5901/1779 4381/5903/1781
f 5218/5904/1782 5219/5905/1780 4381/5906/1781 4380/5907/1783
f 5217/5908/1784 5218/5904/1782 4380/5907/1783 4379/5909/1785
f 5316/5910/1786 5217/5908/1784 4379/5909/1785 4378/5911/1787
f 5215/5912/1788 5316/5910/1786 4378/5911/1787 4377/5913/1789
f 5318/5893/1772 5215/5912/1788 4377/5913/1789 4376/5894/1772
f 4128/5914/1790 4129/5915/1791 4109/5882/1762 4108/5881/1761
f 4129/5915/1791 4130/5916/1792 4110/5883/1763 4109/5882/1762
f 4130/5916/1792 4131/5917/1793 4111/5884/1764 4110/5883/1763
f 4131/5917/1793 4132/5918/1794 4112/5885/1765 4111/5884/1764
f 4132/5918/1794 4133/5919/1795 4113/5886/1766 4112/5885/1765
f 4133/5919/1795 4134/5920/1796 4114/5887/1767 4113/5886/1766
f 4134/5920/1796 4135/5921/1797 4115/5888/1768 4114/5887/1767
f 4135/5921/1797 4136/5922/1798 4116/5889/1769 4115/5888/1768
f 4136/5922/1798 4137/5923/1799 4117/5890/1770 4116/5889/1769
f 4137/5923/1799 4128/5924/1790 4108/5891/1761 4117/5890/1770
f 4099/5925/1800 4107/5926/1801 3827/5927/1802 3818/5928/1803
f 4100/5929/1804 4099/5925/1800 3818/5928/1803 3819/5930/1805
f 4101/5931/1806 4100/5929/1804 3819/5930/1805 3820/5932/1807
f 4102/5933/1808 4101/5931/1806 3820/5932/1807 3821/5934/1809
f 5497/5935/1810 4102/5933/1808 3821/5934/1809 3822/5936/1811
f 4103/5937/1812 5497/5935/1810 3822/5936/1811 3823/5938/1813
f 4104/5939/968 4103/5937/1812 3823/5938/1813 3824/5940/1814
f 4105/5941/1815 4104/5939/968 3824/5940/1814 3825/5942/1816
f 4106/5943/1817 4105/5941/1815 3825/5942/1816 3826/5944/1818
f 4107/5945/1801 4106/5943/1817 3826/5944/1818 3827/5946/1802
f 4142/5947/1819 4143/5948/1820 4129/5915/1791 4128/5914/1790
f 4143/5948/1820 4144/5949/1821 4130/5916/1792 4129/5915/1791
f 4144/5949/1821 4145/5950/1822 4131/5917/1793 4130/5916/1792
f 4145/5950/1822 4146/5951/1823 4132/5918/1794 4131/5917/1793
f 4146/5951/1823 4147/5952/1824 4133/5919/1795 4132/5918/1794
f 4147/5952/1824 4148/5953/1825 4134/5920/1796 4133/5919/1795
f 4148/5953/1825 4149/5954/1826 4135/5921/1797 4134/5920/1796
f 4149/5954/1826 4150/5955/1827 4136/5922/1798 4135/5921/1797
f 4150/5955/1827 4151/5956/1828 4137/5923/1799 4136/5922/1798
f 4151/5956/1828 4142/5957/1819 4128/5924/1790 4137/5923/1799
f 3635/5958/1829 3644/5959/1830 3654/5960/1831 3645/5961/1832
f 3636/5962/1833 3635/5958/1829 3645/5961/1832 3646/5963/1834
f 3637/5964/1835 3636/5962/1833 3646/5963/1834 3647/5965/1836
f 3638/5966/1837 3637/5964/1835 3647/5965/1836 3648/5967/1838
f 3639/5968/1839 3638/5966/1837 3648/5967/1838 3649/5969/1840
f 3640/5970/1841 3639/5968/1839 3649/5969/1840 3650/5971/1842
f 3641/5972/1843 3640/5970/1841 3650/5971/1842 3651/5973/1844
f 3642/5974/1845 3641/5972/1843 3651/5973/1844 3652/5975/1846
f 3643/5976/1847 3642/5974/1845 3652/5975/1846 3653/5977/1848
f 3644/5978/1830 3643/5976/1847 3653/5977/1848 3654/5979/1831
f 4157/5980/1849 4158/5981/1850 4143/5948/1820 4142/5947/1819
f 4158/5981/1850 4159/5982/1851 4144/5949/1821 4143/5948/1820
f 4159/5982/1851 4160/5983/1852 4145/5950/1822 4144/5949/1821
f 4160/5983/1852 4161/5984/1853 4146/5951/1823 4145/5950/1822
f 4161/5984/1853 4162/5985/1854 4147/5952/1824 4146/5951/1823
f 4162/5985/1854 4163/5986/1855 4148/5953/1825 4147/5952/1824
f 4163/5986/1855 4164/5987/1856 4149/5954/1826 4148/5953/1825
f 4164/5987/1856 4165/5988/1857 4150/5955/1827 4149/5954/1826
f 4165/5988/1857 4166/5989/1858 4151/5956/1828 4150/5955/1827
f 4166/5989/1858 4157/5990/1849 4142/5957/1819 4151/5956/1828
f 3818/5928/1803 3827/5927/1802 3644/5959/1830 3635/5958/1829
f 3819/5930/1805 3818/5928/1803 3635/5958/1829 3636/5962/1833
f 3820/5932/1807 3819/5930/1805 3636/5962/1833 3637/5964/1835
f 3821/5934/1809 3820/5932/1807 3637/5964/1835 3638/5966/1837
f 3822/5936/1811 3821/5934/1809 3638/5966/1837 3639/5968/1839
f 3823/5938/1813 3822/5936/1811 3639/5968/1839 3640/5970/1841
f 3824/5940/1814 3823/5938/1813 3640/5970/1841 3641/5972/1843
f 3825/5942/1816 3824/5940/1814 3641/5972/1843 3642/5974/1845
f 3826/5944/1818 3825/5942/1816 3642/5974/1845 3643/5976/1847
f 3827/5946/1802 3826/5944/1818 3643/5976/1847 3644/5978/1830
f 4167/5991/1859 4168/5992/1860 4158/5981/1850 4157/5980/1849
f 4168/5992/1860 4169/5993/1861 4159/5982/1851 4158/5981/1850
f 4169/5993/1861 4170/5994/1862 4160/5983/1852 4159/5982/1851
f 4170/5994/1862 4171/5995/1863 4161/5984/1853 4160/5983/1852
f 4171/5995/1863 4172/5996/1864 4162/5985/1854 4161/5984/1853
f 4172/5996/1864 4173/5997/1865 4163/5986/1855 4162/5985/1854
f 4173/5997/1865 4174/5998/1866 4164/5987/1856 4163/5986/1855
f 4174/5998/1866 4175/5999/1867 4165/5988/1857 4164/5987/1856
f 4175/5999/1867 4176/6000/1868 4166/5989/1858 4165/5988/1857
f 4176/6000/1868 4167/6001/1859 4157/5990/1849 4166/5989/1858
f 4177/6002/1869 4178/6003/1870 4168/5992/1860 4167/5991/1859
f 4178/6003/1870 4179/6004/1871 4169/5993/1861 4168/5992/1860
f 4179/6004/1871 4180/6005/1872 4170/5994/1862 4169/5993/1861
f 4180/6005/1872 4181/6006/1873 4171/5995/1863 4170/5994/1862
f 4181/6006/1873 4182/6007/1874 4172/5996/1864 4171/5995/1863
f 4182/6007/1874 4183/6008/1875 4173/5997/1865 4172/5996/1864
f 4183/6008/1875 4184/6009/1876 4174/5998/1866 4173/5997/1865
f 4184/6009/1876 4185/6010/1877 4175/5999/1867 4174/5998/1866
f 4185/6010/1877 4186/6011/1878 4176/6000/1868 4175/5999/1867
f 4186/6011/1878 4177/6012/1869 4167/6001/1859 4176/6000/1868
f 4187/6013/1879 4188/6014/1880 4178/6003/1870 4177/6002/1869
f 4188/6014/1880 4189/6015/1881 4179/6004/1871 4178/6003/1870
f 4189/6015/1881 4190/6016/1882 4180/6005/1872 4179/6004/1871
f 4190/6016/1882 4191/6017/1883 4181/6006/1873 4180/6005/1872
f 4191/6017/1883 4192/6018/1884 4182/6007/1874 4181/6006/1873
f 4192/6018/1884 4193/6019/1885 4183/6008/1875 4182/6007/1874
f 4193/6019/1885 4194/6020/1886 4184/6009/1876 4183/6008/1875
f 4194/6020/1886 4195/6021/1887 4185/6010/1877 4184/6009/1876
f 4195/6021/1887 4196/6022/1888 4186/6011/1878 4185/6010/1877
f 4196/6022/1888 4187/6023/1879 4177/6012/1869 4186/6011/1878
f 4202/6024/1889 4203/6025/1890 4188/6014/1880 4187/6013/1879
f 4203/6025/1890 4204/6026/1891 4189/6015/1881 4188/6014/1880
f 4204/6026/1891 4205/6027/1892 4190/6016/1882 4189/6015/1881
f 4205/6027/1892 4206/6028/1893 4191/6017/1883 4190/6016/1882
f 4206/6028/1893 4207/6029/1894 4192/6018/1884 4191/6017/1883
f 4207/6029/1894 4208/6030/1895 4193/6019/1885 4192/6018/1884
f 4208/6030/1895 4209/6031/1896 4194/6020/1886 4193/6019/1885
f 4209/6031/1896 4210/6032/1897 4195/6021/1887 4194/6020/1886
f 4210/6032/1897 4211/6033/1898 4196/6022/1888 4195/6021/1887
f 4211/6033/1898 4202/6034/1889 4187/6023/1879 4196/6022/1888
f 3645/5961/1832 3654/5960/1831 3861/5585/1499 3852/5584/1498
f 3646/5963/1834 3645/5961/1832 3852/5584/1498 3853/5586/1500
f 3647/5965/1836 3646/5963/1834 3853/5586/1500 3854/5587/1501
f 3648/5967/1838 3647/5965/1836 3854/5587/1501 3855/5588/1502
f 3649/5969/1840 3648/5967/1838 3855/5588/1502 3856/5589/1503
f 3650/5971/1842 3649/5969/1840 3856/5589/1503 3857/5590/1504
f 3651/5973/1844 3650/5971/1842 3857/5590/1504 3858/5591/1505
f 3652/5975/1846 3651/5973/1844 3858/5591/1505 3859/5592/1506
f 3653/5977/1848 3652/5975/1846 3859/5592/1506 3860/5593/1507
f 3654/5979/1831 3653/5977/1848 3860/5593/1507 3861/5594/1499
f 4212/6035/1899 4213/6036/1900 4203/6025/1890 4202/6024/1889
f 4213/6036/1900 4214/6037/1901 4204/6026/1891 4203/6025/1890
f 4214/6037/1901 4215/6038/1902 4205/6027/1892 4204/6026/1891
f 4215/6038/1902 4216/6039/1903 4206/6028/1893 4205/6027/1892
f 4216/6039/1903 4217/6040/1904 4207/6029/1894 4206/6028/1893
f 4217/6040/1904 4218/6041/1905 4208/6030/1895 4207/6029/1894
f 4218/6041/1905 4219/6042/1906 4209/6031/1896 4208/6030/1895
f 4219/6042/1906 4220/6043/1907 4210/6032/1897 4209/6031/1896
f 4220/6043/1907 4221/6044/1908 4211/6033/1898 4210/6032/1897
f 4221/6044/1908 4212/6045/1899 4202/6034/1889 4211/6033/1898
f 4222/6046/1909 4223/6047/1910 4213/6036/1900 4212/6035/1899
f 4223/6047/1910 4224/6048/1911 4214/6037/1901 4213/6036/1900
f 4224/6048/1911 4225/6049/1912 4215/6038/1902 4214/6037/1901
f 4225/6049/1912 4226/6050/1913 4216/6039/1903 4215/6038/1902
f 4226/6050/1913 4227/6051/1914 4217/6040/1904 4216/6039/1903
f 4227/6051/1914 4228/6052/1915 4218/6041/1905 4217/6040/1904
f 4228/6052/1915 4229/6053/1916 4219/6042/1906 4218/6041/1905
f 4229/6053/1916 4230/6054/1917 4220/6043/1907 4219/6042/1906
f 4230/6054/1917 4231/6055/1918 4221/6044/1908 4220/6043/1907
f 4231/6055/1918 4222/6056/1909 4212/6045/1899 4221/6044/1908
f 4232/6057/1919 4233/6058/1920 4223/6047/1910 4222/6046/1909
f 4233/6058/1920 4234/6059/1921 4224/6048/1911 4223/6047/1910
f 4234/6059/1921 4235/6060/1922 4225/6049/1912 4224/6048/1911
f 4235/6060/1922 4236/6061/1923 4226/6050/1913 4225/6049/1912
f 4236/6061/1923 4237/6062/1924 4227/6051/1914 4226/6050/1913
f 4237/6062/1924 4238/6063/1925 4228/6052/1915 4227/6051/1914
f 4238/6063/1925 4239/6064/1926 4229/6053/1916 4228/6052/1915
f 4239/6064/1926 4240/6065/1927 4230/6054/1917 4229/6053/1916
f 4240/6065/1927 4241/6066/1928 4231/6055/1918 4230/6054/1917
f 4241/6066/1928 4232/6067/1919 4222/6056/1909 4231/6055/1918
f 4242/6068/1929 4243/6069/1930 4233/6058/1920 4232/6057/1919
f 4243/6069/1930 4244/6070/1931 4234/6059/1921 4233/6058/1920
f 4244/6070/1931 4245/6071/1932 4235/6060/1922 4234/6059/1921
f 4245/6071/1932 4246/6072/1933 4236/6061/1923 4235/6060/1922
f 4246/6072/1933 4247/6073/1934 4237/6062/1924 4236/6061/1923
f 4247/6073/1934 4248/6074/1935 4238/6063/1925 4237/6062/1924
f 4248/6074/1935 4249/6075/1936 4239/6064/1926 4238/6063/1925
f 4249/6075/1936 4250/6076/1937 4240/6065/1927 4239/6064/1926
f 4250/6076/1937 4251/6077/1938 4241/6066/1928 4240/6065/1927
f 4251/6077/1938 4242/6078/1929 4232/6067/1919 4241/6066/1928
f 4252/6079/1939 4253/6080/1940 4243/6069/1930 4242/6068/1929
f 4253/6080/1940 4254/6081/1941 4244/6070/1931 4243/6069/1930
f 4254/6081/1941 4255/6082/1942 4245/6071/1932 4244/6070/1931
f 4255/6082/1942 4256/6083/1943 4246/6072/1933 4245/6071/1932
f 4256/6083/1943 4257/6084/1944 4247/6073/1934 4246/6072/1933
f 4257/6084/1944 4258/6085/1945 4248/6074/1935 4247/6073/1934
f 4258/6085/1945 4259/6086/1946 4249/6075/1936 4248/6074/1935
f 4259/6086/1946 4260/6087/1947 4250/6076/1937 4249/6075/1936
f 4260/6087/1947 4261/6088/1948 4251/6077/1938 4250/6076/1937
f 4261/6088/1948 4252/6089/1939 4242/6078/1929 4251/6077/1938
f 4262/6090/1949 4263/6091/1950 4253/6080/1940 4252/6079/1939
f 4263/6091/1950 4264/6092/1951 4254/6081/1941 4253/6080/1940
f 4264/6092/1951 4265/6093/1952 4255/6082/1942 4254/6081/1941
f 4265/6093/1952 4266/6094/1953 4256/6083/1943 4255/6082/1942
f 4266/6094/1953 4267/6095/1954 4257/6084/1944 4256/6083/1943
f 4267/6095/1954 4268/6096/1955 4258/6085/1945 4257/6084/1944
f 4268/6096/1955 4269/6097/1956 4259/6086/1946 4258/6085/1945
f 4269/6097/1956 4270/6098/1957 4260/6087/1947 4259/6086/1946
f 4270/6098/1957 4271/6099/1958 4261/6088/1948 4260/6087/1947
f 4271/6099/1958 4262/6100/1949 4252/6089/1939 4261/6088/1948
f 4272/6101/1959 4273/6102/1960 4263/6091/1950 4262/6090/1949
f 4273/6102/1960 4274/6103/1961 4264/6092/1951 4263/6091/1950
f 4274/6103/1961 4275/6104/1962 4265/6093/1952 4264/6092/1951
f 4275/6104/1962 4276/6105/1963 4266/6094/1953 4265/6093/1952
f 4276/6105/1963 4277/6106/1964 4267/6095/1954 4266/6094/1953
f 4277/6106/1964 4278/6107/1965 4268/6096/1955 4267/6095/1954
f 4278/6107/1965 4279/6108/1966 4269/6097/1956 4268/6096/1955
f 4279/6108/1966 4280/6109/1967 4270/6098/1957 4269/6097/1956
f 4280/6109/1967 4281/6110/1968 4271/6099/1958 4270/6098/1957
f 4281/6110/1968 4272/6111/1959 4262/6100/1949 4271/6099/1958
f 4282/6112/1969 4283/6113/1970 4273/6102/1960 4272/6101/1959
f 4283/6113/1970 4284/6114/1971 4274/6103/1961 4273/6102/1960
f 4284/6114/1971 4285/6115/1972 4275/6104/1962 4274/6103/1961
f 4285/6115/1972 4286/6116/1973 4276/6105/1963 4275/6104/1962
f 4286/6116/1973 4287/6117/1974 4277/6106/1964 4276/6105/1963
f 4287/6117/1974 4288/6118/1975 4278/6107/1965 4277/6106/1964
f 4288/6118/1975 4289/6119/1976 4279/6108/1966 4278/6107/1965
f 4289/6119/1976 4290/6120/1977 4280/6109/1967 4279/6108/1966
f 4290/6120/1977 4291/6121/1978 4281/6110/1968 4280/6109/1967
f 4291/6121/1978 4282/6122/1969 4272/6111/1959 4281/6110/1968
f 4292/6123/1979 4293/6124/1980 4283/6113/1970 4282/6112/1969
f 4293/6124/1980 4294/6125/1981 4284/6114/1971 4283/6113/1970
f 4294/6125/1981 4295/6126/1982 4285/6115/1972 4284/6114/1971
f 4295/6126/1982 4296/6127/1983 4286/6116/1973 4285/6115/1972
f 4296/6127/1983 4297/6128/1984 4287/6117/1974 4286/6116/1973
f 4297/6128/1984 4298/6129/1985 4288/6118/1975 4287/6117/1974
f 4298/6129/1985 4299/6130/1986 4289/6119/1976 4288/6118/1975
f 4299/6130/1986 4300/6131/1987 4290/6120/1977 4289/6119/1976
f 4300/6131/1987 4301/6132/1988 4291/6121/1978 4290/6120/1977
f 4301/6132/1988 4292/6133/1979 4282/6122/1969 4291/6121/1978
f 4302/6134/1989 4303/6135/1990 4293/6124/1980 4292/6123/1979
f 4303/6135/1990 4304/6136/1991 4294/6125/1981 4293/6124/1980
f 4304/6136/1991 4305/6137/1992 4295/6126/1982 4294/6125/1981
f 4305/6137/1992 4306/6138/1993 4296/6127/1983 4295/6126/1982
f 4306/6138/1993 4307/6139/1994 4297/6128/1984 4296/6127/1983
f 4307/6139/1994 4308/6140/1995 4298/6129/1985 4297/6128/1984
f 4308/6140/1995 4309/6141/1996 4299/6130/1986 4298/6129/1985
f 4309/6141/1996 4310/6142/1997 4300/6131/1987 4299/6130/1986
f 4310/6142/1997 4311/6143/1998 4301/6132/1988 4300/6131/1987
f 4311/6143/1998 4302/6144/1989 4292/6133/1979 4301/6132/1988
f 4312/6145/1999 4313/6146/2000 4303/6135/1990 4302/6134/1989
f 4313/6146/2000 4314/6147/2001 4304/6136/1991 4303/6135/1990
f 4314/6147/2001 4315/6148/2002 4305/6137/1992 4304/6136/1991
f 4315/6148/2002 4316/6149/2003 4306/6138/1993 4305/6137/1992
f 4316/6149/2003 4317/6150/2004 4307/6139/1994 4306/6138/1993
f 4317/6150/2004 4318/6151/2005 4308/6140/1995 4307/6139/1994
f 4318/6151/2005 4319/6152/2006 4309/6141/1996 4308/6140/1995
f 4319/6152/2006 4320/6153/2007 4310/6142/1997 4309/6141/1996
f 4320/6153/2007 4321/6154/2008 4311/6143/1998 4310/6142/1997
f 4321/6154/2008 4312/6155/1999 4302/6144/1989 4311/6143/1998
f 4322/6156/2009 4323/6157/2010 4313/6146/2000 4312/6145/1999
f 4323/6157/2010 4324/6158/2011 4314/6147/2001 4313/6146/2000
f 4324/6158/2011 4325/6159/2012 4315/6148/2002 4314/6147/2001
f 4325/6159/2012 4326/6160/2013 4316/6149/2003 4315/6148/2002
f 4326/6160/2013 4327/6161/2014 4317/6150/2004 4316/6149/2003
f 4327/6161/2014 4328/6162/2015 4318/6151/2005 4317/6150/2004
f 4328/6162/2015 4329/6163/2016 4319/6152/2006 4318/6151/2005
f 4329/6163/2016 4330/6164/2017 4320/6153/2007 4319/6152/2006
f 4330/6164/2017 4331/6165/2018 4321/6154/2008 4320/6153/2007
f 4331/6165/2018 4322/6166/2009 4312/6155/1999 4321/6154/2008
f 4332/6167/2019 4333/6168/2020 4323/6157/2010 4322/6156/2009
f 4333/6168/2020 4334/6169/2021 4324/6158/2011 4323/6157/2010
f 4334/6169/2021 4335/6170/2022 4325/6159/2012 4324/6158/2011
f 4335/6170/2022 4336/6171/2023 4326/6160/2013 4325/6159/2012
f 4336/6171/2023 4337/6172/2024 4327/6161/2014 4326/6160/2013
f 4337/6172/2024 4338/6173/2025 4328/6162/2015 4327/6161/2014
f 4338/6173/2025 4339/6174/2026 4329/6163/2016 4328/6162/2015
f 4339/6174/2026 4340/6175/2027 4330/6164/2017 4329/6163/2016
f 4340/6175/2027 4341/6176/2028 4331/6165/2018 4330/6164/2017
f 4341/6176/2028 4332/6177/2019 4322/6166/2009 4331/6165/2018
f 4342/6178/2029 4343/6179/2030 4333/6168/2020 4332/6167/2019
f 4343/6179/2030 4344/6180/2031 4334/6169/2021 4333/6168/2020
f 4344/6180/2031 4345/6181/2032 4335/6170/2022 4334/6169/2021
f 4345/6181/2032 4346/6182/2033 4336/6171/2023 4335/6170/2022
f 4346/6182/2033 4347/6183/2034 4337/6172/2024 4336/6171/2023
f 4347/6183/2034 4348/6184/2035 4338/6173/2025 4337/6172/2024
f 4348/6184/2035 4349/6185/2036 4339/6174/2026 4338/6173/2025
f 4349/6185/2036 4350/6186/2037 4340/6175/2027 4339/6174/2026
f 4350/6186/2037 4351/6187/2038 4341/6176/2028 4340/6175/2027
f 4351/6187/2038 4342/6188/2029 4332/6177/2019 4341/6176/2028
f 4352/6189/2039 4353/6190/2040 4343/6179/2030 4342/6178/2029
f 4353/6190/2040 4354/6191/2041 4344/6180/2031 4343/6179/2030
f 4354/6191/2041 4355/6192/2042 4345/6181/2032 4344/6180/2031
f 4355/6192/2042 4356/6193/2043 4346/6182/2033 4345/6181/2032
f 4356/6193/2043 4357/6194/2044 4347/6183/2034 4346/6182/2033
f 4357/6194/2044 4358/6195/2045 4348/6184/2035 4347/6183/2034
f 4358/6195/2045 4359/6196/2046 4349/6185/2036 4348/6184/2035
f 4359/6196/2046 4360/6197/2047 4350/6186/2037 4349/6185/2036
f 4360/6197/2047 4361/6198/2048 4351/6187/2038 4350/6186/2037
f 4361/6198/2048 4352/6199/2039 4342/6188/2029 4351/6187/2038
f 5204/6200/2049 5203/6201/2050 4353/6190/2040 4352/6189/2039
f 5203/6201/2050 5202/6202/2051 4354/6191/2041 4353/6190/2040
f 5202/6202/2051 5201/6203/2052 4355/6192/2042 4354/6191/2041
f 5201/6203/2052 5200/6204/2053 4356/6193/2043 4355/6192/2042
f 5200/6204/2053 5422/6205/2054 4357/6194/2044 4356/6193/2043
f 5422/6205/2054 4362/6206/2055 4358/6195/2045 4357/6194/2044
f 4362/6206/2055 4363/6207/2056 4359/6196/2046 4358/6195/2045
f 4363/6207/2056 4364/6208/2057 4360/6197/2047 4359/6196/2046
f 4364/6208/2057 4365/6209/2058 4361/6198/2048 4360/6197/2047
f 4365/6209/2058 5204/6210/2049 4352/6199/2039 4361/6198/2048
f 5265/6211/971 5266/6212/2059 5418/6213/2059 5417/6214/971
f 5266/6212/2059 5267/6215/2060 5419/6216/2060 5418/6213/2059
f 5267/6215/2060 5268/6217/2061 5420/6218/2061 5419/6216/2060
f 5268/6217/2061 5269/6219/2062 5421/6220/2063 5420/6218/2061
f 5269/6219/2062 5270/6221/2064 5179/6222/2065 5421/6220/2063
f 5270/6221/2064 5271/6223/2066 5178/6224/2067 5179/6222/2065
f 5271/6223/2066 5272/6225/2068 5177/6226/2069 5178/6224/2067
f 5272/6225/2068 5273/6227/2070 5176/6228/2071 5177/6226/2069
f 5273/6227/2070 5274/6229/2072 5175/6230/2073 5176/6228/2071
f 5274/6229/2072 5265/6231/971 5417/6232/971 5175/6230/2073
f 4785/5543/1462 4794/5542/1461 4804/6233/2074 4795/6234/2075
f 4786/5545/1464 4785/5543/1462 4795/6234/2075 4796/6235/2076
f 4787/5547/1466 4786/5545/1464 4796/6235/2076 4797/6236/2077
f 4788/5549/1468 4787/5547/1466 4797/6236/2077 4798/6237/2078
f 4789/5551/1470 4788/5549/1468 4798/6237/2078 4799/6238/2079
f 4790/5553/1472 4789/5551/1470 4799/6238/2079 4800/6239/2080
f 4791/5555/1474 4790/5553/1472 4800/6239/2080 4801/6240/2081
f 4792/5557/1476 4791/5555/1474 4801/6240/2081 4802/6241/2082
f 4793/5559/1478 4792/5557/1476 4802/6241/2082 4803/6242/2083
f 4794/5561/1461 4793/5559/1478 4803/6242/2083 4804/6243/2074
f 4795/6234/2075 4804/6233/2074 4814/6244/2084 4805/6245/2085
f 4796/6235/2076 4795/6234/2075 4805/6245/2085 4806/6246/2086
f 4797/6236/2077 4796/6235/2076 4806/6246/2086 4807/6247/2087
f 4798/6237/2078 4797/6236/2077 4807/6247/2087 4808/6248/2088
f 4799/6238/2079 4798/6237/2078 4808/6248/2088 4809/6249/2089
f 4800/6239/2080 4799/6238/2079 4809/6249/2089 4810/6250/2090
f 4801/6240/2081 4800/6239/2080 4810/6250/2090 4811/6251/2091
f 4802/6241/2082 4801/6240/2081 4811/6251/2091 4812/6252/2092
f 4803/6242/2083 4802/6241/2082 4812/6252/2092 4813/6253/2093
f 4804/6243/2074 4803/6242/2083 4813/6253/2093 4814/6254/2084
f 4118/5537/1458 4127/5539/1442 4858/6255/2094 4862/6256/2095
f 4119/5535/1456 4118/5537/1458 4862/6256/2095 4861/6257/2096
f 4120/5533/1454 4119/5535/1456 4861/6257/2096 4860/6258/2097
f 4121/5531/1452 4120/5533/1454 4860/6258/2097 4859/6259/2098
f 4122/5529/1450 4121/5531/1452 4859/6259/2098 5340/6260/2099
f 4123/5527/1448 4122/5529/1450 5340/6260/2099 5342/6261/2100
f 4124/5525/1446 4123/5527/1448 5342/6261/2100 5344/6262/2101
f 4125/5523/1444 4124/5525/1446 5344/6262/2101 5444/6263/2102
f 4126/5520/1441 4125/5523/1444 5444/6263/2102 5347/6264/2103
f 4127/5521/1442 4126/5520/1441 5347/6264/2103 4858/6265/2094
f 5325/6266/2104 5157/6267/2105 4037/6268/2106 4038/6269/2104
f 5157/6267/2105 5155/6270/2107 4036/6271/2108 4037/6268/2106
f 5155/6270/2107 5328/6272/2109 4035/6273/2110 4036/6271/2108
f 5328/6272/2109 5329/6274/2111 4034/6275/2111 4035/6273/2110
f 5329/6274/2111 5135/6276/2112 4033/6277/2113 4034/6275/2111
f 5135/6278/2112 5134/6279/2114 4032/6280/2115 4033/6281/2113
f 5134/6279/2114 5133/6282/2116 4031/6283/2117 4032/6280/2115
f 5133/6282/2116 5323/6284/2118 4030/6285/2119 4031/6283/2117
f 5323/6284/2118 5324/6286/2120 4029/6287/2120 4030/6285/2119
f 5324/6286/2120 5325/6266/2104 4038/6269/2104 4029/6287/2120
f 5331/6288/2121 4422/6289/2122 4423/6290/2123 5322/6291/2124
f 5330/6292/2125 4421/6293/2126 4422/6289/2122 5331/6288/2121
f 4411/6294/2127 4420/6295/2128 4421/6296/2126 5330/6297/2125
f 4412/6298/2129 4419/6299/2130 4420/6295/2128 4411/6294/2127
f 5327/6300/2131 4418/6301/2132 4419/6299/2130 4412/6298/2129
f 5326/6302/2133 4417/6303/2134 4418/6301/2132 5327/6300/2131
f 4413/6304/2135 4416/6305/2136 4417/6303/2134 5326/6302/2133
f 4414/6306/2137 4425/6307/2138 4416/6305/2136 4413/6304/2135
f 4415/6308/2139 4424/6309/2140 4425/6307/2138 4414/6306/2137
f 5322/6291/2124 4423/6290/2123 4424/6309/2140 4415/6308/2139
f 4426/6310/2141 4427/6311/2142 4417/6303/2134 4416/6305/2136
f 4427/6311/2142 4428/6312/2143 4418/6301/2132 4417/6303/2134
f 4428/6312/2143 4429/6313/2144 4419/6299/2130 4418/6301/2132
f 4429/6313/2144 4430/6314/2145 4420/6295/2128 4419/6299/2130
f 4430/6314/2145 4431/6315/2146 4421/6296/2126 4420/6295/2128
f 4431/6316/2146 4432/6317/2147 4422/6289/2122 4421/6293/2126
f 4432/6317/2147 4433/6318/2148 4423/6290/2123 4422/6289/2122
f 4433/6318/2148 4434/6319/2149 4424/6309/2140 4423/6290/2123
f 4434/6319/2149 4435/6320/2150 4425/6307/2138 4424/6309/2140
f 4435/6320/2150 4426/6310/2141 4416/6305/2136 4425/6307/2138
f 4436/6321/2151 4437/6322/2152 4427/6311/2142 4426/6310/2141
f 4437/6322/2152 4438/6323/2153 4428/6312/2143 4427/6311/2142
f 4438/6323/2153 4439/6324/2154 4429/6313/2144 4428/6312/2143
f 4439/6324/2154 4440/6325/2155 4430/6314/2145 4429/6313/2144
f 4440/6325/2155 4441/6326/2156 4431/6315/2146 4430/6314/2145
f 4441/6327/2156 4442/6328/2157 4432/6317/2147 4431/6316/2146
f 4442/6328/2157 4443/6329/2158 4433/6318/2148 4432/6317/2147
f 4443/6329/2158 4444/6330/2159 4434/6319/2149 4433/6318/2148
f 4444/6330/2159 4445/6331/2160 4435/6320/2150 4434/6319/2149
f 4445/6331/2160 4436/6321/2151 4426/6310/2141 4435/6320/2150
f 4446/6332/2161 4447/6333/2162 4437/6322/2152 4436/6321/2151
f 4447/6333/2162 4448/6334/2163 4438/6323/2153 4437/6322/2152
f 4448/6334/2163 4449/6335/2164 4439/6324/2154 4438/6323/2153
f 4449/6335/2164 4450/6336/2165 4440/6325/2155 4439/6324/2154
f 4450/6336/2165 4451/6337/2166 4441/6326/2156 4440/6325/2155
f 4451/6338/2166 4452/6339/2167 4442/6328/2157 4441/6327/2156
f 4452/6339/2167 4453/6340/2168 4443/6329/2158 4442/6328/2157
f 4453/6340/2168 4454/6341/2169 4444/6330/2159 4443/6329/2158
f 4454/6341/2169 4455/6342/2170 4445/6331/2160 4444/6330/2159
f 4455/6342/2170 4446/6332/2161 4436/6321/2151 4445/6331/2160
f 4456/6343/2171 4457/6344/2172 4447/6333/2162 4446/6332/2161
f 4457/6344/2172 4458/6345/2173 4448/6334/2163 4447/6333/2162
f 4458/6345/2173 4459/6346/2174 4449/6335/2164 4448/6334/2163
f 4459/6346/2174 4460/6347/2175 4450/6336/2165 4449/6335/2164
f 4460/6347/2175 4461/6348/2176 4451/6337/2166 4450/6336/2165
f 4461/6349/2176 4462/6350/2177 4452/6339/2167 4451/6338/2166
f 4462/6350/2177 4463/6351/2178 4453/6340/2168 4452/6339/2167
f 4463/6351/2178 4464/6352/2179 4454/6341/2169 4453/6340/2168
f 4464/6352/2179 4465/6353/2180 4455/6342/2170 4454/6341/2169
f 4465/6353/2180 4456/6343/2171 4446/6332/2161 4455/6342/2170
f 4466/6354/2181 4467/6355/2182 4457/6344/2172 4456/6343/2171
f 4467/6355/2182 4468/6356/2183 4458/6345/2173 4457/6344/2172
f 4468/6356/2183 4469/6357/2184 4459/6346/2174 4458/6345/2173
f 4469/6357/2184 4470/6358/2185 4460/6347/2175 4459/6346/2174
f 4470/6358/2185 4471/6359/2186 4461/6348/2176 4460/6347/2175
f 4471/6360/2186 4472/6361/2187 4462/6350/2177 4461/6349/2176
f 4472/6361/2187 4473/6362/2188 4463/6351/2178 4462/6350/2177
f 4473/6362/2188 4474/6363/2189 4464/6352/2179 4463/6351/2178
f 4474/6363/2189 4475/6364/2190 4465/6353/2180 4464/6352/2179
f 4475/6364/2190 4466/6354/2181 4456/6343/2171 4465/6353/2180
f 4476/6365/2191 4477/6366/2192 4467/6355/2182 4466/6354/2181
f 4477/6366/2192 4478/6367/2193 4468/6356/2183 4467/6355/2182
f 4478/6367/2193 4479/6368/2194 4469/6357/2184 4468/6356/2183
f 4479/6368/2194 4480/6369/2195 4470/6358/2185 4469/6357/2184
f 4480/6369/2195 4481/6370/2196 4471/6359/2186 4470/6358/2185
f 4481/6371/2196 4482/6372/2197 4472/6361/2187 4471/6360/2186
f 4482/6372/2197 4483/6373/2198 4473/6362/2188 4472/6361/2187
f 4483/6373/2198 4484/6374/2199 4474/6363/2189 4473/6362/2188
f 4484/6374/2199 4485/6375/2200 4475/6364/2190 4474/6363/2189
f 4485/6375/2200 4476/6365/2191 4466/6354/2181 4475/6364/2190
f 4486/6376/2201 4487/6377/2202 4477/6366/2192 4476/6365/2191
f 4487/6377/2202 4488/6378/2203 4478/6367/2193 4477/6366/2192
f 4488/6378/2203 4489/6379/2204 4479/6368/2194 4478/6367/2193
f 4489/6379/2204 4490/6380/2205 4480/6369/2195 4479/6368/2194
f 4490/6380/2205 4491/6381/2206 4481/6370/2196 4480/6369/2195
f 4491/6382/2206 4492/6383/2207 4482/6372/2197 4481/6371/2196
f 4492/6383/2207 4493/6384/2208 4483/6373/2198 4482/6372/2197
f 4493/6384/2208 4494/6385/2209 4484/6374/2199 4483/6373/2198
f 4494/6385/2209 4495/6386/2210 4485/6375/2200 4484/6374/2199
f 4495/6386/2210 4486/6376/2201 4476/6365/2191 4485/6375/2200
f 4496/6387/2211 4497/6388/2212 4487/6377/2202 4486/6376/2201
f 4497/6388/2212 4498/6389/2213 4488/6378/2203 4487/6377/2202
f 4498/6389/2213 4499/6390/2214 4489/6379/2204 4488/6378/2203
f 4499/6390/2214 4500/6391/2215 4490/6380/2205 4489/6379/2204
f 4500/6391/2215 4501/6392/2216 4491/6381/2206 4490/6380/2205
f 4501/6393/2216 4502/6394/2217 4492/6383/2207 4491/6382/2206
f 4502/6394/2217 4503/6395/2218 4493/6384/2208 4492/6383/2207
f 4503/6395/2218 4504/6396/2219 4494/6385/2209 4493/6384/2208
f 4504/6396/2219 4505/6397/2220 4495/6386/2210 4494/6385/2209
f 4505/6397/2220 4496/6387/2211 4486/6376/2201 4495/6386/2210
f 4506/6398/2221 4507/6399/2222 4497/6388/2212 4496/6387/2211
f 4507/6399/2222 4508/6400/2223 4498/6389/2213 4497/6388/2212
f 4508/6400/2223 4509/6401/2224 4499/6390/2214 4498/6389/2213
f 4509/6401/2224 4510/6402/2225 4500/6391/2215 4499/6390/2214
f 4510/6402/2225 4511/6403/2226 4501/6392/2216 4500/6391/2215
f 4511/6404/2226 4512/6405/2227 4502/6394/2217 4501/6393/2216
f 4512/6405/2227 4513/6406/2228 4503/6395/2218 4502/6394/2217
f 4513/6406/2228 4514/6407/2229 4504/6396/2219 4503/6395/2218
f 4514/6407/2229 4515/6408/2230 4505/6397/2220 4504/6396/2219
f 4515/6408/2230 4506/6398/2221 4496/6387/2211 4505/6397/2220
f 4516/6409/2231 4517/6410/2232 4507/6399/2222 4506/6398/2221
f 4517/6410/2232 4518/6411/2233 4508/6400/2223 4507/6399/2222
f 4518/6411/2233 4519/6412/2234 4509/6401/2224 4508/6400/2223
f 4519/6412/2234 4520/6413/2235 4510/6402/2225 4509/6401/2224
f 4520/6413/2235 4521/6414/2236 4511/6403/2226 4510/6402/2225
f 4521/6415/2236 4522/6416/2237 4512/6405/2227 4511/6404/2226
f 4522/6416/2237 4523/6417/2238 4513/6406/2228 4512/6405/2227
f 4523/6417/2238 4524/6418/2239 4514/6407/2229 4513/6406/2228
f 4524/6418/2239 4525/6419/2240 4515/6408/2230 4514/6407/2229
f 4525/6419/2240 4516/6409/2231 4506/6398/2221 4515/6408/2230
f 4526/6420/2241 4527/6421/2242 4517/6410/2232 4516/6409/2231
f 4527/6421/2242 4528/6422/2243 4518/6411/2233 4517/6410/2232
f 4528/6422/2243 4529/6423/2244 4519/6412/2234 4518/6411/2233
f 4529/6423/2244 4530/6424/2245 4520/6413/2235 4519/6412/2234
f 4530/6424/2245 4531/6425/2246 4521/6414/2236 4520/6413/2235
f 4531/6426/2246 4532/6427/2247 4522/6416/2237 4521/6415/2236
f 4532/6427/2247 4533/6428/2248 4523/6417/2238 4522/6416/2237
f 4533/6428/2248 4534/6429/2249 4524/6418/2239 4523/6417/2238
f 4534/6429/2249 4535/6430/2250 4525/6419/2240 4524/6418/2239
f 4535/6430/2250 4526/6420/2241 4516/6409/2231 4525/6419/2240
f 4536/6431/2251 4537/6432/2252 4527/6421/2242 4526/6420/2241
f 4537/6432/2252 4538/6433/2253 4528/6422/2243 4527/6421/2242
f 4538/6433/2253 4539/6434/2254 4529/6423/2244 4528/6422/2243
f 4539/6434/2254 4540/6435/2255 4530/6424/2245 4529/6423/2244
f 4540/6435/2255 4541/6436/2256 4531/6425/2246 4530/6424/2245
f 4541/6437/2256 4542/6438/2257 4532/6427/2247 4531/6426/2246
f 4542/6438/2257 4543/6439/2258 4533/6428/2248 4532/6427/2247
f 4543/6439/2258 4544/6440/2259 4534/6429/2249 4533/6428/2248
f 4544/6440/2259 4545/6441/2260 4535/6430/2250 4534/6429/2249
f 4545/6441/2260 4536/6431/2251 4526/6420/2241 4535/6430/2250
f 4546/6442/2261 4547/6443/2262 4537/6432/2252 4536/6431/2251
f 4547/6443/2262 4548/6444/2263 4538/6433/2253 4537/6432/2252
f 4548/6444/2263 4549/6445/2264 4539/6434/2254 4538/6433/2253
f 4549/6445/2264 4550/6446/2265 4540/6435/2255 4539/6434/2254
f 4550/6446/2265 4551/6447/2266 4541/6436/2256 4540/6435/2255
f 4551/6448/2266 4552/6449/2267 4542/6438/2257 4541/6437/2256
f 4552/6449/2267 4553/6450/2268 4543/6439/2258 4542/6438/2257
f 4553/6450/2268 4554/6451/2269 4544/6440/2259 4543/6439/2258
f 4554/6451/2269 4555/6452/2270 4545/6441/2260 4544/6440/2259
f 4555/6452/2270 4546/6442/2261 4536/6431/2251 4545/6441/2260
f 4556/6453/2271 4557/6454/2272 4547/6443/2262 4546/6442/2261
f 4557/6454/2272 4558/6455/2273 4548/6444/2263 4547/6443/2262
f 4558/6455/2273 4559/6456/2274 4549/6445/2264 4548/6444/2263
f 4559/6456/2274 4560/6457/2275 4550/6446/2265 4549/6445/2264
f 4560/6457/2275 4561/6458/2276 4551/6447/2266 4550/6446/2265
f 4561/6459/2276 4562/6460/2277 4552/6449/2267 4551/6448/2266
f 4562/6460/2277 4563/6461/2278 4553/6450/2268 4552/6449/2267
f 4563/6461/2278 4564/6462/2279 4554/6451/2269 4553/6450/2268
f 4564/6462/2279 4565/6463/2280 4555/6452/2270 4554/6451/2269
f 4565/6463/2280 4556/6453/2271 4546/6442/2261 4555/6452/2270
f 4566/6464/2281 4567/6465/2282 4557/6454/2272 4556/6453/2271
f 4567/6465/2282 4568/6466/2283 4558/6455/2273 4557/6454/2272
f 4568/6466/2283 4569/6467/2284 4559/6456/2274 4558/6455/2273
f 4569/6467/2284 4570/6468/2285 4560/6457/2275 4559/6456/2274
f 4570/6468/2285 4571/6469/2286 4561/6458/2276 4560/6457/2275
f 4571/6470/2286 4572/6471/2287 4562/6460/2277 4561/6459/2276
f 4572/6471/2287 4573/6472/2288 4563/6461/2278 4562/6460/2277
f 4573/6472/2288 4574/6473/2289 4564/6462/2279 4563/6461/2278
f 4574/6473/2289 4575/6474/2290 4565/6463/2280 4564/6462/2279
f 4575/6474/2290 4566/6464/2281 4556/6453/2271 4565/6463/2280
f 4576/6475/2291 4577/6476/2292 4567/6465/2282 4566/6464/2281
f 4577/6476/2292 4578/6477/2293 4568/6466/2283 4567/6465/2282
f 4578/6477/2293 4579/6478/2294 4569/6467/2284 4568/6466/2283
f 4579/6478/2294 4580/6479/2295 4570/6468/2285 4569/6467/2284
f 4580/6479/2295 4581/6480/2296 4571/6469/2286 4570/6468/2285
f 4581/6481/2296 4582/6482/2297 4572/6471/2287 4571/6470/2286
f 4582/6482/2297 4583/6483/2298 4573/6472/2288 4572/6471/2287
f 4583/6483/2298 4584/6484/2299 4574/6473/2289 4573/6472/2288
f 4584/6484/2299 4585/6485/2300 4575/6474/2290 4574/6473/2289
f 4585/6485/2300 4576/6475/2291 4566/6464/2281 4575/6474/2290
f 4586/6486/2301 4587/6487/2302 4577/6476/2292 4576/6475/2291
f 4587/6487/2302 4588/6488/2303 4578/6477/2293 4577/6476/2292
f 4588/6488/2303 4589/6489/2304 4579/6478/2294 4578/6477/2293
f 4589/6489/2304 4590/6490/2305 4580/6479/2295 4579/6478/2294
f 4590/6490/2305 4591/6491/2306 4581/6480/2296 4580/6479/2295
f 4591/6492/2306 4592/6493/2307 4582/6482/2297 4581/6481/2296
f 4592/6493/2307 4593/6494/2308 4583/6483/2298 4582/6482/2297
f 4593/6494/2308 4594/6495/2309 4584/6484/2299 4583/6483/2298
f 4594/6495/2309 4595/6496/2310 4585/6485/2300 4584/6484/2299
f 4595/6496/2310 4586/6486/2301 4576/6475/2291 4585/6485/2300
f 4596/6497/2311 4597/6498/2312 4587/6487/2302 4586/6486/2301
f 4597/6498/2312 4598/6499/2313 4588/6488/2303 4587/6487/2302
f 4598/6499/2313 4599/6500/2314 4589/6489/2304 4588/6488/2303
f 4599/6500/2314 4600/6501/2315 4590/6490/2305 4589/6489/2304
f 4600/6501/2315 4601/6502/2316 4591/6491/2306 4590/6490/2305
f 4601/6503/2316 4602/6504/2317 4592/6493/2307 4591/6492/2306
f 4602/6504/2317 4603/6505/2318 4593/6494/2308 4592/6493/2307
f 4603/6505/2318 4604/6506/2319 4594/6495/2309 4593/6494/2308
f 4604/6506/2319 4605/6507/2320 4595/6496/2310 4594/6495/2309
f 4605/6507/2320 4596/6497/2311 4586/6486/2301 4595/6496/2310
f 4606/6508/2321 4607/6509/2322 4597/6498/2312 4596/6497/2311
f 4607/6509/2322 4608/6510/2323 4598/6499/2313 4597/6498/2312
f 4608/6510/2323 4609/6511/2324 4599/6500/2314 4598/6499/2313
f 4609/6511/2324 4610/6512/2325 4600/6501/2315 4599/6500/2314
f 4610/6512/2325 4611/6513/2326 4601/6502/2316 4600/6501/2315
f 4611/6514/2326 4612/6515/2327 4602/6504/2317 4601/6503/2316
f 4612/6515/2327 4613/6516/2328 4603/6505/2318 4602/6504/2317
f 4613/6516/2328 4614/6517/2329 4604/6506/2319 4603/6505/2318
f 4614/6517/2329 4615/6518/2330 4605/6507/2320 4604/6506/2319
f 4615/6518/2330 4606/6508/2321 4596/6497/2311 4605/6507/2320
f 4616/6519/2331 4617/6520/2332 4607/6509/2322 4606/6508/2321
f 4617/6520/2332 4618/6521/2333 4608/6510/2323 4607/6509/2322
f 4618/6521/2333 4619/6522/2334 4609/6511/2324 4608/6510/2323
f 4619/6522/2334 4620/6523/2335 4610/6512/2325 4609/6511/2324
f 4620/6523/2335 4621/6524/2336 4611/6513/2326 4610/6512/2325
f 4621/6525/2336 4622/6526/2337 4612/6515/2327 4611/6514/2326
f 4622/6526/2337 4623/6527/2338 4613/6516/2328 4612/6515/2327
f 4623/6527/2338 4624/6528/2339 4614/6517/2329 4613/6516/2328
f 4624/6528/2339 4625/6529/2340 4615/6518/2330 4614/6517/2329
f 4625/6529/2340 4616/6519/2331 4606/6508/2321 4615/6518/2330
f 4626/6530/2341 4627/6531/2342 4617/6520/2332 4616/6519/2331
f 4627/6531/2342 4628/6532/2343 4618/6521/2333 4617/6520/2332
f 4628/6532/2343 4629/6533/2344 4619/6522/2334 4618/6521/2333
f 4629/6533/2344 4630/6534/2345 4620/6523/2335 4619/6522/2334
f 4630/6534/2345 4631/6535/2346 4621/6524/2336 4620/6523/2335
f 4631/6536/2346 4632/6537/2347 4622/6526/2337 4621/6525/2336
f 4632/6537/2347 4633/6538/2348 4623/6527/2338 4622/6526/2337
f 4633/6538/2348 4634/6539/2349 4624/6528/2339 4623/6527/2338
f 4634/6539/2349 4635/6540/2350 4625/6529/2340 4624/6528/2339
f 4635/6540/2350 4626/6530/2341 4616/6519/2331 4625/6529/2340
f 4636/6541/2351 4637/6542/2352 4627/6531/2342 4626/6530/2341
f 4637/6542/2352 4638/6543/2353 4628/6532/2343 4627/6531/2342
f 4638/6543/2353 4639/6544/2354 4629/6533/2344 4628/6532/2343
f 4639/6544/2354 4640/6545/2355 4630/6534/2345 4629/6533/2344
f 4640/6545/2355 4641/6546/2356 4631/6535/2346 4630/6534/2345
f 4641/6547/2356 4642/6548/2357 4632/6537/2347 4631/6536/2346
f 4642/6548/2357 4643/6549/2358 4633/6538/2348 4632/6537/2347
f 4643/6549/2358 4644/6550/2359 4634/6539/2349 4633/6538/2348
f 4644/6550/2359 4645/6551/2360 4635/6540/2350 4634/6539/2349
f 4645/6551/2360 4636/6541/2351 4626/6530/2341 4635/6540/2350
f 4646/6552/2361 4647/6553/2362 4637/6542/2352 4636/6541/2351
f 4647/6553/2362 4648/6554/2363 4638/6543/2353 4637/6542/2352
f 4648/6554/2363 4649/6555/2364 4639/6544/2354 4638/6543/2353
f 4649/6555/2364 4650/6556/2365 4640/6545/2355 4639/6544/2354
f 4650/6556/2365 4651/6557/2366 4641/6546/2356 4640/6545/2355
f 4651/6558/2366 4652/6559/2367 4642/6548/2357 4641/6547/2356
f 4652/6559/2367 4653/6560/2368 4643/6549/2358 4642/6548/2357
f 4653/6560/2368 4654/6561/2369 4644/6550/2359 4643/6549/2358
f 4654/6561/2369 4655/6562/2370 4645/6551/2360 4644/6550/2359
f 4655/6562/2370 4646/6552/2361 4636/6541/2351 4645/6551/2360
f 4656/6563/2371 4657/6564/2372 4647/6553/2362 4646/6552/2361
f 4657/6564/2372 4658/6565/2373 4648/6554/2363 4647/6553/2362
f 4658/6565/2373 4659/6566/2374 4649/6555/2364 4648/6554/2363
f 4659/6566/2374 4660/6567/2375 4650/6556/2365 4649/6555/2364
f 4660/6567/2375 4661/6568/2376 4651/6557/2366 4650/6556/2365
f 4661/6569/2376 4662/6570/2377 4652/6559/2367 4651/6558/2366
f 4662/6570/2377 4663/6571/2378 4653/6560/2368 4652/6559/2367
f 4663/6571/2378 4664/6572/2379 4654/6561/2369 4653/6560/2368
f 4664/6572/2379 4665/6573/2380 4655/6562/2370 4654/6561/2369
f 4665/6573/2380 4656/6563/2371 4646/6552/2361 4655/6562/2370
f 4666/6574/2381 4667/6575/2382 4657/6564/2372 4656/6563/2371
f 4667/6575/2382 4668/6576/2383 4658/6565/2373 4657/6564/2372
f 4668/6576/2383 4669/6577/2384 4659/6566/2374 4658/6565/2373
f 4669/6577/2384 4670/6578/2385 4660/6567/2375 4659/6566/2374
f 4670/6578/2385 4671/6579/2386 4661/6568/2376 4660/6567/2375
f 4671/6580/2386 4672/6581/2387 4662/6570/2377 4661/6569/2376
f 4672/6581/2387 4673/6582/2388 4663/6571/2378 4662/6570/2377
f 4673/6582/2388 4674/6583/2389 4664/6572/2379 4663/6571/2378
f 4674/6583/2389 4675/6584/2390 4665/6573/2380 4664/6572/2379
f 4675/6584/2390 4666/6574/2381 4656/6563/2371 4665/6573/2380
f 4676/6585/2391 4677/6586/2392 4667/6575/2382 4666/6574/2381
f 4677/6586/2392 4678/6587/2393 4668/6576/2383 4667/6575/2382
f 4678/6587/2393 4679/6588/2394 4669/6577/2384 4668/6576/2383
f 4679/6588/2394 4680/6589/2395 4670/6578/2385 4669/6577/2384
f 4680/6589/2395 4681/6590/2396 4671/6579/2386 4670/6578/2385
f 4681/6591/2396 4682/6592/2397 4672/6581/2387 4671/6580/2386
f 4682/6592/2397 4683/6593/2398 4673/6582/2388 4672/6581/2387
f 4683/6593/2398 4684/6594/2399 4674/6583/2389 4673/6582/2388
f 4684/6594/2399 4685/6595/2400 4675/6584/2390 4674/6583/2389
f 4685/6595/2400 4676/6585/2391 4666/6574/2381 4675/6584/2390
f 4686/6596/2401 4687/6597/2402 4677/6586/2392 4676/6585/2391
f 4687/6597/2402 4688/6598/2403 4678/6587/2393 4677/6586/2392
f 4688/6598/2403 4689/6599/2404 4679/6588/2394 4678/6587/2393
f 4689/6599/2404 4690/6600/2405 4680/6589/2395 4679/6588/2394
f 4690/6600/2405 4691/6601/2406 4681/6590/2396 4680/6589/2395
f 4691/6602/2406 4692/6603/2407 4682/6592/2397 4681/6591/2396
f 4692/6603/2407 4693/6604/2408 4683/6593/2398 4682/6592/2397
f 4693/6604/2408 4694/6605/2409 4684/6594/2399 4683/6593/2398
f 4694/6605/2409 4695/6606/2410 4685/6595/2400 4684/6594/2399
f 4695/6606/2410 4686/6596/2401 4676/6585/2391 4685/6595/2400
f 4696/6607/2411 4697/6608/2412 4687/6597/2402 4686/6596/2401
f 4697/6608/2412 4698/6609/2413 4688/6598/2403 4687/6597/2402
f 4698/6609/2413 4699/6610/2414 4689/6599/2404 4688/6598/2403
f 4699/6610/2414 4700/6611/2415 4690/6600/2405 4689/6599/2404
f 4700/6611/2415 4701/6612/2416 4691/6601/2406 4690/6600/2405
f 4701/6613/2416 4702/6614/2417 4692/6603/2407 4691/6602/2406
f 4702/6614/2417 4703/6615/2418 4693/6604/2408 4692/6603/2407
f 4703/6615/2418 4704/6616/2419 4694/6605/2409 4693/6604/2408
f 4704/6616/2419 4705/6617/2420 4695/6606/2410 4694/6605/2409
f 4705/6617/2420 4696/6607/2411 4686/6596/2401 4695/6606/2410
f 4706/6618/2421 4707/6619/2422 4697/6608/2412 4696/6607/2411
f 4707/6619/2422 4708/6620/2423 4698/6609/2413 4697/6608/2412
f 4708/6620/2423 4709/6621/2424 4699/6610/2414 4698/6609/2413
f 4709/6621/2424 4710/6622/2425 4700/6611/2415 4699/6610/2414
f 4710/6622/2425 4711/6623/2426 4701/6612/2416 4700/6611/2415
f 4711/6624/2426 4712/6625/2427 4702/6614/2417 4701/6613/2416
f 4712/6625/2427 4713/6626/2428 4703/6615/2418 4702/6614/2417
f 4713/6626/2428 4714/6627/2429 4704/6616/2419 4703/6615/2418
f 4714/6627/2429 4715/6628/2430 4705/6617/2420 4704/6616/2419
f 4715/6628/2430 4706/6618/2421 4696/6607/2411 4705/6617/2420
f 4716/6629/2431 4717/6630/2432 4707/6619/2422 4706/6618/2421
f 4717/6630/2432 4718/6631/2433 4708/6620/2423 4707/6619/2422
f 4718/6631/2433 4719/6632/2434 4709/6621/2424 4708/6620/2423
f 4719/6632/2434 4720/6633/2435 4710/6622/2425 4709/6621/2424
f 4720/6633/2435 4721/6634/2436 4711/6623/2426 4710/6622/2425
f 4721/6635/2436 4722/6636/2437 4712/6625/2427 4711/6624/2426
f 4722/6636/2437 4723/6637/2438 4713/6626/2428 4712/6625/2427
f 4723/6637/2438 4724/6638/2439 4714/6627/2429 4713/6626/2428
f 4724/6638/2439 4725/6639/2440 4715/6628/2430 4714/6627/2429
f 4725/6639/2440 4716/6629/2431 4706/6618/2421 4715/6628/2430
f 4726/6640/2441 4727/6641/2442 4717/6630/2432 4716/6629/2431
f 4727/6641/2442 4728/6642/2443 4718/6631/2433 4717/6630/2432
f 4728/6642/2443 4729/6643/2444 4719/6632/2434 4718/6631/2433
f 4729/6643/2444 4730/6644/2445 4720/6633/2435 4719/6632/2434
f 4730/6644/2445 4731/6645/2446 4721/6634/2436 4720/6633/2435
f 4731/6646/2446 4732/6647/2447 4722/6636/2437 4721/6635/2436
f 4732/6647/2447 4733/6648/2448 4723/6637/2438 4722/6636/2437
f 4733/6648/2448 4734/6649/2449 4724/6638/2439 4723/6637/2438
f 4734/6649/2449 4735/6650/2450 4725/6639/2440 4724/6638/2439
f 4735/6650/2450 4726/6640/2441 4716/6629/2431 4725/6639/2440
f 4736/6651/2451 4737/6652/2452 4727/6641/2442 4726/6640/2441
f 4737/6652/2452 4738/6653/2453 4728/6642/2443 4727/6641/2442
f 4738/6653/2453 4739/6654/2454 4729/6643/2444 4728/6642/2443
f 4739/6654/2454 4740/6655/2455 4730/6644/2445 4729/6643/2444
f 4740/6655/2455 4741/6656/2456 4731/6645/2446 4730/6644/2445
f 4741/6657/2456 4742/6658/2457 4732/6647/2447 4731/6646/2446
f 4742/6658/2457 4743/6659/2458 4733/6648/2448 4732/6647/2447
f 4743/6659/2458 4744/6660/2459 4734/6649/2449 4733/6648/2448
f 4744/6660/2459 4745/6661/2460 4735/6650/2450 4734/6649/2449
f 4745/6661/2460 4736/6651/2451 4726/6640/2441 4735/6650/2450
f 4746/6662/2461 4747/6663/2462 4737/6652/2452 4736/6651/2451
f 4747/6663/2462 4748/6664/2463 4738/6653/2453 4737/6652/2452
f 4748/6664/2463 4749/6665/2464 4739/6654/2454 4738/6653/2453
f 4749/6665/2464 4750/6666/2465 4740/6655/2455 4739/6654/2454
f 4750/6666/2465 4751/6667/2466 4741/6656/2456 4740/6655/2455
f 4751/6668/2466 4752/6669/2467 4742/6658/2457 4741/6657/2456
f 4752/6669/2467 4753/6670/2468 4743/6659/2458 4742/6658/2457
f 4753/6670/2468 4754/6671/2469 4744/6660/2459 4743/6659/2458
f 4754/6671/2469 4755/6672/2470 4745/6661/2460 4744/6660/2459
f 4755/6672/2470 4746/6662/2461 4736/6651/2451 4745/6661/2460
f 4756/6673/2471 4757/6674/2472 4747/6663/2462 4746/6662/2461
f 4757/6674/2472 4758/6675/2473 4748/6664/2463 4747/6663/2462
f 4758/6675/2473 4759/6676/2474 4749/6665/2464 4748/6664/2463
f 4759/6676/2474 4760/6677/2475 4750/6666/2465 4749/6665/2464
f 4760/6677/2475 4761/6678/2476 4751/6667/2466 4750/6666/2465
f 4761/6679/2476 4762/6680/2477 4752/6669/2467 4751/6668/2466
f 4762/6680/2477 4763/6681/2478 4753/6670/2468 4752/6669/2467
f 4763/6681/2478 4764/6682/2479 4754/6671/2469 4753/6670/2468
f 4764/6682/2479 4765/6683/2480 4755/6672/2470 4754/6671/2469
f 4765/6683/2480 4756/6673/2471 4746/6662/2461 4755/6672/2470
f 4766/6684/2481 4767/6685/2482 4757/6674/2472 4756/6673/2471
f 4767/6685/2482 4768/6686/2483 4758/6675/2473 4757/6674/2472
f 4768/6686/2483 4769/6687/2484 4759/6676/2474 4758/6675/2473
f 4769/6687/2484 4770/6688/2485 4760/6677/2475 4759/6676/2474
f 4770/6688/2485 4771/6689/2486 4761/6678/2476 4760/6677/2475
f 4771/6690/2486 4772/6691/2487 4762/6680/2477 4761/6679/2476
f 4772/6691/2487 4773/6692/2488 4763/6681/2478 4762/6680/2477
f 4773/6692/2488 4774/6693/2489 4764/6682/2479 4763/6681/2478
f 4774/6693/2489 4775/6694/2490 4765/6683/2480 4764/6682/2479
f 4775/6694/2490 4766/6684/2481 4756/6673/2471 4765/6683/2480
f 5339/6695/2491 4857/6696/2492 4767/6685/2482 4766/6684/2481
f 4857/6696/2492 5336/6697/2493 4768/6686/2483 4767/6685/2482
f 5336/6697/2493 5335/6698/2494 4769/6687/2484 4768/6686/2483
f 5335/6698/2494 4855/6699/2495 4770/6688/2485 4769/6687/2484
f 4855/6699/2495 4776/6700/2496 4771/6689/2486 4770/6688/2485
f 4776/6701/2496 4777/6702/2497 4772/6691/2487 4771/6690/2486
f 4777/6702/2497 4778/6703/2498 4773/6692/2488 4772/6691/2487
f 4778/6703/2498 4779/6704/2499 4774/6693/2489 4773/6692/2488
f 4779/6704/2499 4780/6705/2500 4775/6694/2490 4774/6693/2489
f 4780/6705/2500 5339/6695/2491 4766/6684/2481 4775/6694/2490
f 4375/6706/2501 4374/6707/2502 5337/6708/2503 5338/6709/2504
f 4374/6707/2502 4373/6710/2505 4856/6711/2506 5337/6708/2503
f 4373/6710/2505 4372/6712/2507 5334/6713/2508 4856/6711/2506
f 4372/6712/2507 4371/6714/2509 5333/6715/2509 5334/6713/2508
f 4371/6714/2509 4370/6716/2510 5332/6717/2511 5333/6715/2509
f 4370/6718/2510 4369/6719/2512 4784/6720/2513 5332/6721/2511
f 4369/6719/2512 4368/6722/2514 4783/6723/2515 4784/6720/2513
f 4368/6722/2514 4367/6724/2516 4782/6725/2517 4783/6723/2515
f 4367/6724/2516 4366/6726/2518 4781/6727/2519 4782/6725/2517
f 4366/6726/2518 4375/6706/2501 5338/6709/2504 4781/6727/2519
f 4805/6245/2085 4814/6244/2084 4824/6728/2520 4815/6729/2521
f 4806/6246/2086 4805/6245/2085 4815/6729/2521 4816/6730/2522
f 4807/6247/2087 4806/6246/2086 4816/6730/2522 4817/6731/2523
f 4808/6248/2088 4807/6247/2087 4817/6731/2523 4818/6732/2524
f 4809/6249/2089 4808/6248/2088 4818/6732/2524 4819/6733/2525
f 4810/6250/2090 4809/6249/2089 4819/6733/2525 4820/6734/2526
f 4811/6251/2091 4810/6250/2090 4820/6734/2526 4821/6735/2527
f 4812/6252/2092 4811/6251/2091 4821/6735/2527 4822/6736/2528
f 4813/6253/2093 4812/6252/2092 4822/6736/2528 4823/6737/2529
f 4814/6254/2084 4813/6253/2093 4823/6737/2529 4824/6738/2520
f 4815/6729/2521 4824/6728/2520 4834/6739/2530 4825/6740/2531
f 4816/6730/2522 4815/6729/2521 4825/6740/2531 4826/6741/2532
f 4817/6731/2523 4816/6730/2522 4826/6741/2532 4827/6742/2533
f 4818/6732/2524 4817/6731/2523 4827/6742/2533 4828/6743/2534
f 4819/6733/2525 4818/6732/2524 4828/6743/2534 4829/6744/2535
f 4820/6734/2526 4819/6733/2525 4829/6744/2535 4830/6745/2536
f 4821/6735/2527 4820/6734/2526 4830/6745/2536 4831/6746/2537
f 4822/6736/2528 4821/6735/2527 4831/6746/2537 4832/6747/2538
f 4823/6737/2529 4822/6736/2528 4832/6747/2538 4833/6748/2539
f 4824/6738/2520 4823/6737/2529 4833/6748/2539 4834/6749/2530
f 4825/6740/2531 4834/6739/2530 4844/6750/2540 4835/6751/2541
f 4826/6741/2532 4825/6740/2531 4835/6751/2541 4836/6752/2542
f 4827/6742/2533 4826/6741/2532 4836/6752/2542 4837/6753/2543
f 4828/6743/2534 4827/6742/2533 4837/6753/2543 4838/6754/2544
f 4829/6744/2535 4828/6743/2534 4838/6754/2544 4839/6755/2545
f 4830/6745/2536 4829/6744/2535 4839/6755/2545 4840/6756/2546
f 4831/6746/2537 4830/6745/2536 4840/6756/2546 4841/6757/2547
f 4832/6747/2538 4831/6746/2537 4841/6757/2547 4842/6758/2548
f 4833/6748/2539 4832/6747/2538 4842/6758/2548 4843/6759/2549
f 4834/6749/2530 4833/6748/2539 4843/6759/2549 4844/6760/2540
f 4835/6751/2541 4844/6750/2540 4854/6761/2550 4845/6762/2551
f 4836/6752/2542 4835/6751/2541 4845/6762/2551 4846/6763/2552
f 4837/6753/2543 4836/6752/2542 4846/6763/2552 4847/6764/2553
f 4838/6754/2544 4837/6753/2543 4847/6764/2553 4848/6765/2554
f 4839/6755/2545 4838/6754/2544 4848/6765/2554 4849/6766/1113
f 4840/6756/2546 4839/6755/2545 4849/6766/1113 4850/6767/2555
f 4841/6757/2547 4840/6756/2546 4850/6767/2555 4851/6768/2556
f 4842/6758/2548 4841/6757/2547 4851/6768/2556 4852/6769/2557
f 4843/6759/2549 4842/6758/2548 4852/6769/2557 4853/6770/2558
f 4844/6760/2540 4843/6759/2549 4853/6770/2558 4854/6771/2550
f 4845/6762/2551 4854/6761/2550 4405/6772/2559 4396/6773/2560
f 4846/6763/2552 4845/6762/2551 4396/6773/2560 4397/6774/2561
f 4847/6764/2553 4846/6763/2552 4397/6774/2561 4398/6775/2562
f 4848/6765/2554 4847/6764/2553 4398/6775/2562 4399/6776/2563
f 4849/6766/1113 4848/6765/2554 4399/6776/2563 4400/6777/2564
f 4850/6767/2555 4849/6766/1113 4400/6777/2564 4401/6778/2565
f 4851/6768/2556 4850/6767/2555 4401/6778/2565 4402/6779/2566
f 4852/6769/2557 4851/6768/2556 4402/6779/2566 4403/6780/2567
f 4853/6770/2558 4852/6769/2557 4403/6780/2567 4404/6781/2568
f 4854/6771/2550 4853/6770/2558 4404/6781/2568 4405/6782/2559
f 4396/6773/2560 4405/6772/2559 3841/5538/1439 3832/5536/1457
f 4397/6774/2561 4396/6773/2560 3832/5536/1457 3833/5534/1455
f 4398/6775/2562 4397/6774/2561 3833/5534/1455 3834/5532/1453
f 4399/6776/2563 4398/6775/2562 3834/5532/1453 3835/5530/1451
f 4400/6777/2564 4399/6776/2563 3835/5530/1451 3836/5528/1449
f 4401/6778/2565 4400/6777/2564 3836/5528/1449 3837/5526/1447
f 4402/6779/2566 4401/6778/2565 3837/5526/1447 3838/5524/1445
f 4403/6780/2567 4402/6779/2566 3838/5524/1445 3839/5522/1443
f 4404/6781/2568 4403/6780/2567 3839/5522/1443 3840/5519/1440
f 4405/6782/2559 4404/6781/2568 3840/5519/1440 3841/5518/1439
f 4880/6783/2 4875/6784/2 4872/6785/2 4867/6786/2
f 4879/6787/3 4870/6788/3 4877/6789/3 4876/6790/3
f 4868/6791/27 4864/6792/27 4869/6793/27 4881/6794/27
f 4871/6795/4 4874/6796/4 4863/6797/4 4866/6798/4
f 4873/6799/1 4878/6800/1 4882/6801/1 4865/6802/1
f 4879/6787/2569 4880/6803/2570 4881/6794/2571
f 4882/6804/2572 4870/6788/2573 4869/6793/2574
f 4868/6791/2575 4867/6786/2576 4866/6805/2577
f 4865/6802/2578 4864/6792/2579 4863/6806/2580
f 4867/6786/2576 4872/6785/2581 4871/6807/2581 4866/6808/2577
f 4875/6784/2582 4880/6783/2570 4879/6809/2569 4876/6810/2582
f 4880/6783/2570 4867/6786/2576 4868/6791/2575 4881/6794/2571
f 4877/6789/2583 4870/6788/2573 4882/6811/2572 4878/6812/2583
f 4870/6788/2573 4879/6787/2569 4881/6794/2571 4869/6793/2574
f 4869/6793/2574 4864/6792/2579 4865/6802/2578 4882/6801/2572
f 4864/6792/2579 4868/6791/2575 4866/6798/2577 4863/6797/2580
f 4863/6797/2580 4874/6796/2584 4873/6813/2584 4865/6814/2578
f 4900/6815/2 4895/6816/2 4892/6817/2 4887/6818/2
f 4899/6819/3 4890/6820/3 4897/6821/3 4896/6822/3
f 4888/6823/27 4884/6824/27 4889/6825/27 4901/6826/27
f 4891/6827/4 4894/6828/4 4883/6829/4 4886/6830/4
f 4893/6831/1 4898/6832/1 4902/6833/1 4885/6834/1
f 4899/6835/2569 4900/6815/2570 4901/6826/2571
f 4902/6833/2572 4890/6836/2573 4889/6825/2574
f 4888/6823/2575 4887/6818/2576 4886/6837/2577
f 4885/6834/2578 4884/6824/2579 4883/6838/2580
f 4887/6818/2576 4892/6817/2581 4891/6839/2581 4886/6840/2577
f 4895/6816/2582 4900/6815/2570 4899/6841/2569 4896/6842/2582
f 4900/6815/2570 4887/6818/2576 4888/6823/2575 4901/6826/2571
f 4897/6821/2583 4890/6820/2573 4902/6843/2572 4898/6844/2583
f 4890/6820/2573 4899/6819/2569 4901/6826/2571 4889/6825/2574
f 4889/6825/2574 4884/6824/2579 4885/6834/2578 4902/6833/2572
f 4884/6824/2579 4888/6823/2575 4886/6830/2577 4883/6829/2580
f 4883/6829/2580 4894/6828/2584 4893/6845/2584 4885/6846/2578
f 4920/6847/2 4915/6848/2 4912/6849/2 4907/6850/2
f 4919/6851/3 4910/6852/3 4917/6853/3 4916/6854/3
f 4908/6855/27 4904/6856/27 4909/6857/27 4921/6858/27
f 4911/6859/4 4914/6860/4 4903/6861/4 4906/6862/4
f 4913/6863/1 4918/6864/1 4922/6865/1 4905/6866/1
f 4919/6867/2569 4920/6847/2570 4921/6868/2571
f 4922/6869/2572 4910/6852/2573 4909/6870/2574
f 4908/6871/2575 4907/6850/2576 4906/6872/2577
f 4905/6873/2578 4904/6874/2579 4903/6861/2580
f 4907/6850/2576 4912/6849/2581 4911/6875/2581 4906/6872/2577
f 4915/6848/2582 4920/6847/2570 4919/6867/2569 4916/6876/2582
f 4920/6847/2570 4907/6850/2576 4908/6855/2575 4921/6858/2571
f 4917/6853/2583 4910/6852/2573 4922/6869/2572 4918/6877/2583
f 4910/6852/2573 4919/6851/2569 4921/6858/2571 4909/6857/2574
f 4909/6857/2574 4904/6856/2579 4905/6866/2578 4922/6865/2572
f 4904/6856/2579 4908/6855/2575 4906/6862/2577 4903/6861/2580
f 4903/6861/2580 4914/6860/2584 4913/6878/2584 4905/6873/2578
f 4940/6879/2 4935/6880/2 4932/6881/2 4927/6882/2
f 4939/6883/3 4930/6884/3 4937/6885/3 4936/6886/3
f 4928/6887/27 4924/6888/27 4929/6889/27 4941/6890/27
f 4931/6891/4 4934/6892/4 4923/6893/4 4926/6894/4
f 4933/6895/1 4938/6896/1 4942/6897/1 4925/6898/1
f 4939/6899/2569 4940/6879/2570 4941/6900/2571
f 4942/6901/2572 4930/6884/2573 4929/6902/2574
f 4928/6887/2575 4927/6882/2576 4926/6903/2577
f 4925/6898/2578 4924/6888/2579 4923/6904/2580
f 4927/6882/2576 4932/6881/2581 4931/6905/2581 4926/6906/2577
f 4935/6880/2582 4940/6879/2570 4939/6899/2569 4936/6907/2582
f 4940/6879/2570 4927/6882/2576 4928/6887/2575 4941/6890/2571
f 4937/6885/2583 4930/6884/2573 4942/6901/2572 4938/6908/2583
f 4930/6884/2573 4939/6883/2569 4941/6890/2571 4929/6889/2574
f 4929/6889/2574 4924/6888/2579 4925/6898/2578 4942/6897/2572
f 4924/6888/2579 4928/6887/2575 4926/6894/2577 4923/6893/2580
f 4923/6893/2580 4934/6892/2584 4933/6909/2584 4925/6910/2578
f 4960/6911/2 4955/6912/2 4952/6913/2 4947/6914/2
f 4959/6915/3 4950/6916/3 4957/6917/3 4956/6918/3
f 4948/6919/27 4944/6920/27 4949/6921/27 4961/6922/27
f 4951/6923/4 4954/6924/4 4943/6925/4 4946/6926/4
f 4953/6927/1 4958/6928/1 4962/6929/1 4945/6930/1
f 4959/6931/2569 4960/6911/2570 4961/6932/2571
f 4962/6933/2572 4950/6916/2573 4949/6934/2574
f 4948/6919/2575 4947/6914/2576 4946/6935/2577
f 4945/6930/2578 4944/6920/2579 4943/6936/2580
f 4947/6914/2576 4952/6913/2581 4951/6937/2581 4946/6938/2577
f 4955/6912/2582 4960/6911/2570 4959/6931/2569 4956/6939/2582
f 4960/6911/2570 4947/6914/2576 4948/6919/2575 4961/6922/2571
f 4957/6917/2583 4950/6916/2573 4962/6933/2572 4958/6940/2583
f 4950/6916/2573 4959/6915/2569 4961/6922/2571 4949/6921/2574
f 4949/6921/2574 4944/6920/2579 4945/6930/2578 4962/6929/2572
f 4944/6920/2579 4948/6919/2575 4946/6926/2577 4943/6925/2580
f 4943/6925/2580 4954/6924/2584 4953/6941/2584 4945/6942/2578
f 4980/6943/2 4975/6944/2 4972/6945/2 4967/6946/2
f 4979/6947/3 4970/6948/3 4977/6949/3 4976/6950/3
f 4968/6951/27 4964/6952/27 4969/6953/27 4981/6954/27
f 4971/6955/4 4974/6956/4 4963/6957/4 4966/6958/4
f 4973/6959/1 4978/6960/1 4982/6961/1 4965/6962/1
f 4979/6947/2569 4980/6963/2570 4981/6954/2571
f 4982/6961/2572 4970/6964/2573 4969/6953/2574
f 4968/6951/2575 4967/6965/2576 4966/6958/2577
f 4965/6966/2578 4964/6952/2579 4963/6957/2580
f 4967/6946/2576 4972/6945/2581 4971/6967/2581 4966/6968/2577
f 4975/6944/2582 4980/6943/2570 4979/6969/2569 4976/6970/2582
f 4980/6943/2570 4967/6946/2576 4968/6951/2575 4981/6954/2571
f 4977/6949/2583 4970/6948/2573 4982/6971/2572 4978/6972/2583
f 4970/6948/2573 4979/6947/2569 4981/6954/2571 4969/6953/2574
f 4969/6953/2574 4964/6952/2579 4965/6962/2578 4982/6961/2572
f 4964/6952/2579 4968/6951/2575 4966/6958/2577 4963/6957/2580
f 4963/6957/2580 4974/6956/2584 4973/6973/2584 4965/6974/2578
f 5000/6975/2 4995/6976/2 4992/6977/2 4987/6978/2
f 4999/6979/3 4990/6980/3 4997/6981/3 4996/6982/3
f 4988/6983/27 4984/6984/27 4989/6985/27 5001/6986/27
f 4991/6987/4 4994/6988/4 4983/6989/4 4986/6990/4
f 4993/6991/1 4998/6992/1 5002/6993/1 4985/6994/1
f 4999/6979/2569 5000/6995/2570 5001/6986/2571
f 5002/6996/2572 4990/6980/2573 4989/6985/2574
f 4988/6983/2575 4987/6997/2576 4986/6990/2577
f 4985/6998/2578 4984/6984/2579 4983/6989/2580
f 4987/6978/2576 4992/6977/2581 4991/6999/2581 4986/7000/2577
f 4995/6976/2582 5000/6975/2570 4999/7001/2569 4996/7002/2582
f 5000/6975/2570 4987/6978/2576 4988/6983/2575 5001/6986/2571
f 4997/6981/2583 4990/6980/2573 5002/7003/2572 4998/7004/2583
f 4990/6980/2573 4999/6979/2569 5001/6986/2571 4989/6985/2574
f 4989/6985/2574 4984/6984/2579 4985/6994/2578 5002/6993/2572
f 4984/6984/2579 4988/6983/2575 4986/6990/2577 4983/6989/2580
f 4983/6989/2580 4994/6988/2584 4993/7005/2584 4985/7006/2578
f 5020/7007/2 5015/7008/2 5012/7009/2 5007/7010/2
f 5019/7011/3 5010/7012/3 5017/7013/3 5016/7014/3
f 5008/7015/27 5004/7016/27 5009/7017/27 5021/7018/27
f 5011/7019/4 5014/7020/4 5003/7021/4 5006/7022/4
f 5013/7023/1 5018/7024/1 5022/7025/1 5005/7026/1
f 5019/7027/2569 5020/7007/2570 5021/7018/2571
f 5022/7025/2572 5010/7028/2573 5009/7017/2574
f 5008/7015/2575 5007/7029/2576 5006/7022/2577
f 5005/7030/2578 5004/7016/2579 5003/7021/2580
f 5007/7010/2576 5012/7009/2581 5011/7031/2581 5006/7032/2577
f 5015/7008/2582 5020/7007/2570 5019/7033/2569 5016/7034/2582
f 5020/7007/2570 5007/7010/2576 5008/7015/2575 5021/7018/2571
f 5017/7013/2583 5010/7012/2573 5022/7035/2572 5018/7036/2583
f 5010/7012/2573 5019/7011/2569 5021/7018/2571 5009/7017/2574
f 5009/7017/2574 5004/7016/2579 5005/7026/2578 5022/7025/2572
f 5004/7016/2579 5008/7015/2575 5006/7022/2577 5003/7021/2580
f 5003/7021/2580 5014/7020/2584 5013/7037/2584 5005/7038/2578
f 5040/7039/2 5035/7040/2 5032/7041/2 5027/7042/2
f 5039/7043/3 5030/7044/3 5037/7045/3 5036/7046/3
f 5028/7047/27 5024/7048/27 5029/7049/27 5041/7050/27
f 5031/7051/4 5034/7052/4 5023/7053/4 5026/7054/4
f 5033/7055/1 5038/7056/1 5042/7057/1 5025/7058/1
f 5039/7059/2569 5040/7039/2570 5041/7050/2571
f 5042/7057/2572 5030/7060/2573 5029/7049/2574
f 5028/7061/2575 5027/7042/2576 5026/7062/2577
f 5025/7063/2578 5024/7048/2579 5023/7053/2580
f 5027/7042/2576 5032/7041/2581 5031/7064/2581 5026/7062/2577
f 5035/7040/2582 5040/7039/2570 5039/7065/2569 5036/7066/2582
f 5040/7039/2570 5027/7042/2576 5028/7047/2575 5041/7050/2571
f 5037/7045/2583 5030/7044/2573 5042/7067/2572 5038/7068/2583
f 5030/7044/2573 5039/7043/2569 5041/7050/2571 5029/7049/2574
f 5029/7049/2574 5024/7048/2579 5025/7058/2578 5042/7057/2572
f 5024/7048/2579 5028/7047/2575 5026/7054/2577 5023/7053/2580
f 5023/7053/2580 5034/7052/2584 5033/7069/2584 5025/7070/2578
f 5060/7071/2 5055/7072/2 5052/7073/2 5047/7074/2
f 5059/7075/3 5050/7076/3 5057/7077/3 5056/7078/3
f 5048/7079/27 5044/7080/27 5049/7081/27 5061/7082/27
f 5051/7083/4 5054/7084/4 5043/7085/4 5046/7086/4
f 5053/7087/1 5058/7088/1 5062/7089/1 5045/7090/1
f 5059/7075/2569 5060/7091/2570 5061/7082/2571
f 5062/7092/2572 5050/7076/2573 5049/7081/2574
f 5048/7079/2575 5047/7074/2576 5046/7093/2577
f 5045/7090/2578 5044/7080/2579 5043/7094/2580
f 5047/7074/2576 5052/7073/2581 5051/7095/2581 5046/7096/2577
f 5055/7072/2582 5060/7071/2570 5059/7097/2569 5056/7098/2582
f 5060/7071/2570 5047/7074/2576 5048/7079/2575 5061/7082/2571
f 5057/7077/2583 5050/7076/2573 5062/7099/2572 5058/7100/2583
f 5050/7076/2573 5059/7075/2569 5061/7082/2571 5049/7081/2574
f 5049/7081/2574 5044/7080/2579 5045/7090/2578 5062/7089/2572
f 5044/7080/2579 5048/7079/2575 5046/7086/2577 5043/7085/2580
f 5043/7085/2580 5054/7084/2584 5053/7101/2584 5045/7102/2578
f 5079/7103/2 5075/7104/2 5072/7105/2 5067/7106/2
f 5078/7107/3 5070/7108/3 5077/7109/3 5076/7110/3
f 5068/7111/27 5064/7112/27 5069/7113/27 5080/7114/27
f 5071/7115/4 5074/7116/4 5063/7117/4 5066/7118/4
f 5073/7119/1 4875/7120/1 4880/7121/1 5065/7122/1
f 5078/7107/2569 5079/7123/2570 5080/7114/2571
f 4880/7124/2572 5070/7108/2573 5069/7113/2574
f 5068/7111/2575 5067/7125/2576 5066/7118/2577
f 5065/7126/2578 5064/7112/2579 5063/7117/2580
f 5067/7106/2576 5072/7105/2581 5071/7127/2581 5066/7128/2577
f 5075/7104/2582 5079/7103/2570 5078/7129/2569 5076/7130/2582
f 5079/7103/2570 5067/7106/2576 5068/7111/2575 5080/7114/2571
f 5077/7109/2583 5070/7108/2573 4880/7131/2572 4875/7132/2583
f 5070/7108/2573 5078/7107/2569 5080/7114/2571 5069/7113/2574
f 5069/7113/2574 5064/7112/2579 5065/7122/2578 4880/7121/2572
f 5064/7112/2579 5068/7111/2575 5066/7118/2577 5063/7117/2580
f 5063/7117/2580 5074/7116/2584 5073/7133/2584 5065/7134/2578
f 5098/7135/2 5093/7136/2 5090/7137/2 5085/7138/2
f 5097/7139/3 5088/7140/3 5095/7141/3 5094/7142/3
f 5086/7143/27 5082/7144/27 5087/7145/27 5099/7146/27
f 5089/7147/4 5092/7148/4 5081/7149/4 5084/7150/4
f 5091/7151/1 5096/7152/1 5100/7153/1 5083/7154/1
f 5097/7139/2569 5098/7155/2570 5099/7146/2571
f 5100/7153/2572 5088/7156/2573 5087/7145/2574
f 5086/7143/2575 5085/7157/2576 5084/7150/2577
f 5083/7154/2578 5082/7144/2579 5081/7158/2580
f 5085/7138/2576 5090/7137/2581 5089/7159/2581 5084/7160/2577
f 5093/7136/2582 5098/7135/2570 5097/7161/2569 5094/7162/2582
f 5098/7135/2570 5085/7138/2576 5086/7143/2575 5099/7146/2571
f 5095/7141/2583 5088/7140/2573 5100/7163/2572 5096/7164/2583
f 5088/7140/2573 5097/7139/2569 5099/7146/2571 5087/7145/2574
f 5087/7145/2574 5082/7144/2579 5083/7154/2578 5100/7153/2572
f 5082/7144/2579 5086/7143/2575 5084/7150/2577 5081/7149/2580
f 5081/7149/2580 5092/7148/2584 5091/7165/2584 5083/7166/2578
f 5118/7167/2 5113/7168/2 5110/7169/2 5105/7170/2
f 5117/7171/3 5108/7172/3 5115/7173/3 5114/7174/3
f 5106/7175/27 5102/7176/27 5107/7177/27 5119/7178/27
f 5109/7179/4 5112/7180/4 5101/7181/4 5104/7182/4
f 5111/7183/1 5116/7184/1 5120/7185/1 5103/7186/1
f 5117/7171/2569 5118/7187/2570 5119/7178/2571
f 5120/7185/2572 5108/7188/2573 5107/7177/2574
f 5106/7175/2575 5105/7170/2576 5104/7189/2577
f 5103/7186/2578 5102/7176/2579 5101/7190/2580
f 5105/7170/2576 5110/7169/2581 5109/7191/2581 5104/7192/2577
f 5113/7168/2582 5118/7167/2570 5117/7193/2569 5114/7194/2582
f 5118/7167/2570 5105/7170/2576 5106/7175/2575 5119/7178/2571
f 5115/7173/2583 5108/7172/2573 5120/7195/2572 5116/7196/2583
f 5108/7172/2573 5117/7171/2569 5119/7178/2571 5107/7177/2574
f 5107/7177/2574 5102/7176/2579 5103/7186/2578 5120/7185/2572
f 5102/7176/2579 5106/7175/2575 5104/7182/2577 5101/7181/2580
f 5101/7181/2580 5112/7180/2584 5111/7197/2584 5103/7198/2578
f 5471/7199/2585 4013/5761/2586 4012/5760/2587 5470/7200/2588
f 5470/7201/2588 4012/5770/2587 5361/5769/2589
f 5472/7202/2590 4014/5762/2591 4013/5761/2586 5471/7199/2585
f 5353/5763/1661 4014/5762/2591 5472/7202/2590
f 4410/7203/2592 5150/7204/2593 5151/7205/2594 5304/7206/2595
f 5304/7206/2595 5151/7205/2594 5152/7207/2596 4408/7208/2597
f 4408/7208/2597 5152/7207/2596 5143/7209/1413 4407/7210/2598
f 4407/7211/2598 5143/7212/1413 5144/7213/2599 5301/7214/2600
f 5301/7214/2600 5144/7213/2599 5145/7215/2601 5300/7216/2602
f 5300/7216/2602 5145/7215/2601 5146/7217/2603 4200/7218/2604
f 4200/7218/2604 5146/7217/2603 5147/7219/2605 5298/7220/2606
f 5298/7220/2606 5147/7219/2605 5148/7221/1418 5297/7222/2607
f 5297/7222/2607 5148/7221/1418 5149/7223/2608 5296/7224/2609
f 5296/7224/2609 5149/7223/2608 5150/7204/2593 4410/7203/2592
f 5136/5492/2610 5142/5491/2611 4197/7225/2612
f 4197/7225/2612 5142/5491/2611 5141/5490/2613 4198/7226/2614
f 4198/7226/2614 5141/5490/2613 5140/5489/2615 4199/7227/2616
f 4199/7227/2616 5140/5489/2615 5299/5488/2617
f 4406/7228/2618 5138/5486/2619 5302/5485/2620
f 5299/5488/2617 5139/5487/2621 4201/7229/2622
f 4201/7229/2622 5139/5487/2621 5138/5486/2619 4406/7228/2618
f 5372/7230/2623 5166/7231/2624 5165/7232/2625 4140/7233/2626
f 4140/7233/2626 5165/7232/2625 5174/7234/2627 4139/7235/2628
f 4139/7235/2628 5174/7234/2627 5173/7236/2629 5373/7237/2630
f 5373/7237/2630 5173/7236/2629 5172/7238/2631 5375/7239/2632
f 5375/7239/2632 5172/7238/2631 5171/7240/2633 5376/7241/2634
f 5376/7241/2634 5171/7240/2633 5170/7242/2635 5377/7243/2636
f 5377/7243/2636 5170/7242/2635 5169/7244/2637 5378/7245/2638
f 5378/7246/2638 5169/7247/2637 5168/7248/2639 3829/7249/2640
f 3829/7249/2640 5168/7248/2639 5167/7250/2641 5381/7251/2641
f 5381/7251/2641 5167/7250/2641 5166/7231/2624 5372/7230/2623
f 5312/7252/2642 3814/7253/2643 3815/7254/2644 3657/7255/2645
f 5311/7256/2646 3813/7257/1432 3814/7253/2643 5312/7252/2642
f 5310/7258/2647 3812/7259/2648 3813/7260/1432 5311/7261/2646
f 5309/7262/2649 3811/7263/2650 3812/7259/2648 5310/7258/2647
f 5307/7264/2651 3810/7265/1436 3811/7263/2650 5309/7262/2649
f 3420/7266/2652 3809/7267/1437 3810/7265/1436 5307/7264/2651
f 3419/7268/2653 3808/7269/1425 3809/7267/1437 3420/7266/2652
f 3418/7270/2654 3817/7271/1426 3808/7269/1425 3419/7268/2653
f 3417/7272/2655 3816/7273/1427 3817/7271/1426 3418/7270/2654
f 3657/7255/2645 3815/7254/2644 3816/7273/1427 3417/7272/2655
f 5321/7274/2656 3828/7275/2657 4141/7276/2658 5180/7277/2659
f 5180/7277/2659 4141/7276/2658 5158/7278/2660 5319/7279/2661
f 5319/7279/2661 5158/7278/2660 5159/7280/2662 5181/7281/2662
f 5181/7281/2662 5159/7280/2662 5374/7282/2663 5317/7283/2664
f 5317/7283/2664 5374/7282/2663 4138/7284/2665 5182/7285/2666
f 5182/7285/2666 4138/7284/2665 3831/7286/2667 5183/7287/2668
f 5183/7287/2668 3831/7286/2667 3830/7288/2669 5315/7289/2670
f 5315/7289/2670 3830/7288/2669 5379/7290/2671 5314/7291/2672
f 5314/7292/2672 5379/7293/2671 5380/7294/2673 5313/7295/2674
f 5313/7295/2674 5380/7294/2673 3828/7275/2657 5321/7274/2656
f 5184/7296/2675 5160/7297/2676 5305/7298/2677 5185/7299/2677
f 5185/7299/2677 5305/7298/2677 5164/7300/2678 5384/7301/2679
f 5384/7301/2679 5164/7300/2678 5306/7302/2680 5385/7303/2681
f 5385/7303/2681 5306/7302/2680 5163/7304/2682 5186/7305/2683
f 5186/7305/2683 5163/7304/2682 5308/7306/2684 5388/7307/2685
f 5388/7307/2685 5308/7306/2684 3655/7308/2686 5187/7309/2687
f 5187/7309/2687 3655/7308/2686 3656/7310/2688 5188/7311/2689
f 5188/7311/2689 3656/7310/2688 5162/7312/2690 5189/7313/2691
f 5189/7314/2691 5162/7315/2690 5161/7316/2692 5392/7317/2693
f 5392/7317/2693 5161/7316/2692 5160/7297/2676 5184/7296/2675
f 5455/7318/2694 5184/7296/2695 5185/7299/2696
f 5392/7317/2697 5184/7296/2695 5455/7318/2694
f 5458/7319/2698 5188/7311/2698 5189/7313/2699
f 5187/7309/2700 5188/7311/2698 5458/7319/2698
f 5319/7279/2701 5181/7281/2702 5259/7320/2703
f 5460/7321/2704 5186/7305/2705 5388/7307/2706
f 5259/7320/2703 5181/7281/2702 5317/7283/2707
f 5385/7303/2681 5186/7305/2705 5460/7321/2704
f 5287/7322/2708 3869/5611/2709 3868/5614/2710 5288/7323/2710
f 5393/7324/2711 3658/5323/2712 3659/5322/2713 5395/7325/2714
f 5293/7326/2715 3864/5601/2715 3863/5599/2716 5465/7327/2717
f 5395/7325/2714 3659/5322/2713 3660/5325/2718 5397/7328/2719
f 5286/7329/2720 3870/5615/2721 3869/5611/2709 5287/7322/2708
f 5397/7328/2719 3660/5325/2718 3661/5327/2722 5446/7330/2723
f 5292/7331/2724 3865/5603/2725 3864/5601/2715 5293/7326/2715
f 5446/7330/2723 3661/5327/2722 3662/5329/2726 5399/7332/2727
f 5285/7333/2728 3871/5598/2729 3870/5615/2721 5286/7329/2720
f 5399/7332/2727 3662/5329/2726 3663/5331/2730 5400/7334/2731
f 5291/7335/2732 3866/5605/2733 3865/5603/2725 5292/7331/2724
f 5400/7334/2731 3663/5331/2730 3664/5333/2734 5402/7336/2735
f 5295/7337/2736 3862/5595/2737 3871/5598/2729 5285/7333/2728
f 5402/7336/2735 3664/5333/2734 3665/5335/2738 5449/7338/2739
f 5461/7339/2740 3867/5607/2741 3866/5605/2733 5291/7335/2732
f 5449/7338/2739 3665/5335/2738 3666/5337/2742 5404/7340/2743
f 5465/7327/2717 3863/5599/2716 3862/5595/2737 5295/7337/2736
f 5404/7340/2743 3666/5337/2742 3667/5339/2726 5405/7341/2744
f 5288/7342/2710 3868/5609/2710 3867/5607/2741 5461/7339/2740
f 5405/7341/2744 3667/5339/2726 3658/5341/2712 5393/7343/2711
f 5220/7344/2745 3427/5014/991 3428/5016/993 5221/7345/2746
f 5221/7345/2746 3428/5016/993 3429/5018/995 5222/7346/976
f 5222/7346/976 3429/5018/995 3430/5020/997 5281/7347/2747
f 5281/7347/2747 3430/5020/997 3421/5022/981 5223/7348/962
f 5223/7349/962 3421/5004/981 3422/5003/980 5224/7350/963
f 5224/7350/963 3422/5003/980 3423/5006/983 5225/7351/965
f 5225/7351/965 3423/5006/983 3424/5008/985 5226/7352/2748
f 5226/7352/2748 3424/5008/985 3425/5010/987 5276/7353/2749
f 5276/7353/2749 3425/5010/987 3426/5012/989 5227/7354/971
f 5227/7354/971 3426/5012/989 3427/5014/991 5220/7344/2745
f 5281/7347/2750 5223/7348/2751 5424/7355/2752
f 5424/7356/2752 5223/7349/2751 5224/7350/2753
f 5428/7357/2751 5227/7354/2751 5220/7344/2753
f 5276/7353/2754 5227/7354/2751 5428/7357/2751
f 5238/7358/2755 4047/5832/1718 4048/5834/1720 5239/7359/2756
f 5239/7359/2756 4048/5834/1720 4039/5836/1704 5240/7360/1685
f 5240/7361/1685 4039/5818/1704 4040/5817/1703 5409/7362/2757
f 5409/7362/2757 4040/5817/1703 4041/5820/1706 5241/7363/2758
f 5241/7363/2758 4041/5820/1706 4042/5822/1708 5242/7364/2759
f 5242/7364/2759 4042/5822/1708 4043/5824/1710 5413/7365/2760
f 5413/7365/2760 4043/5824/1710 4044/5826/1712 5243/7366/1694
f 5243/7366/1694 4044/5826/1712 4045/5828/1714 5244/7367/2761
f 5244/7367/2761 4045/5828/1714 4046/5830/1716 5416/7368/2762
f 5416/7368/2762 4046/5830/1716 4047/5832/1718 5238/7358/2755
f 5153/7369/2763 4411/6294/2764 5330/6297/2125
f 5409/7362/2765 5241/7363/2766 5479/7370/2767
f 5154/7371/2768 4412/6298/2769 4411/6294/2764 5153/7369/2763
f 5479/7370/2767 5241/7363/2766 5242/7364/2770 5480/7372/2771
f 5480/7372/2771 5242/7364/2770 5413/7365/2772
f 5327/6300/2773 4412/6298/2769 5154/7371/2768
f 5413/7365/2772 5243/7366/2774 5264/7373/2775
f 5264/7373/2775 5243/7366/2774 5244/7367/2776
f 5423/7374/2777 5424/7356/2752 5224/7350/2778
f 5425/7375/2779 5423/7374/2777 5224/7350/2778 5225/7351/2780
f 5426/7376/2781 5425/7375/2779 5225/7351/2780 5226/7352/2782
f 5427/7377/969 5426/7376/2781 5226/7352/2782 5276/7353/2783
f 5428/7378/2784 5427/7377/969 5276/7353/2783
f 5429/7379/2785 5428/7357/2784 5220/7344/2786
f 5430/7380/2787 5429/7379/2785 5220/7344/2786 5221/7345/2788
f 5431/7381/2789 5430/7380/2787 5221/7345/2788 5222/7346/2790
f 5281/7382/2750 5431/7381/2789 5222/7346/2790
f 5384/7383/2679 5454/7384/2791 5185/7299/2792
f 5454/7384/2791 5455/7318/2694 5185/7299/2792
f 5392/7385/2697 5457/7386/2793 5189/7314/2794
f 5457/7387/2793 5458/7319/2795 5189/7313/2794
f 5458/7388/2795 5459/7389/2796 5187/7309/2797
f 5459/7389/2796 5388/7307/2706 5187/7309/2797
f 5461/7390/2740 5462/7391/1479 5288/7342/2798
f 5464/7392/1487 5292/7331/2724 5293/7326/2799
f 5465/7393/2717 5464/7392/1487 5293/7326/2799
f 5462/7394/1479 5287/7322/2708 5288/7323/2798
f 5355/7395/1662 5473/7396/2800 4015/5765/2801
f 5473/7396/2800 5474/7397/2802 4016/5766/2803 4015/5765/2801
f 5474/7397/2802 5475/7398/2804 4017/5767/2805 4016/5766/2803
f 5475/7398/2804 5476/7399/2806 4018/5768/2807 4017/5767/2805
f 5476/7399/2806 5361/5769/2589 4018/5768/2807
f 5477/7400/1686 5478/7401/2808 5240/7361/2809 5409/7362/2810
f 5479/7402/2767 5477/7400/1686 5409/7362/2810
f 5263/7403/2811 5264/7373/2775 5244/7367/2812
f 5416/7404/2813 5263/7403/2811 5244/7367/2812
f 5261/7405/2814 5416/7368/2813 5238/7358/2815
f 5260/7406/2816 5261/7405/2814 5238/7358/2815 5239/7359/2817
f 5478/7407/2808 5260/7406/2816 5239/7359/2817 5240/7360/2809
f 5319/7408/2701 5257/7409/2818 5180/7277/2819
f 5257/7409/2818 5321/7274/2656 5180/7277/2819
f 5314/7410/2672 5218/7411/1782 5315/7289/2820
f 5218/7411/1782 5217/7412/1784 5183/7287/2821 5315/7289/2820
f 5217/7412/1784 5216/7413/2822 5182/7285/2823 5183/7287/2821
f 5216/7413/2822 5215/7414/2824 5317/7283/2825 5182/7285/2823
f 5215/7414/2824 5259/7320/2703 5317/7283/2825
f 5326/7415/2826 5156/7416/2827 4413/6304/2828
f 5155/7417/2107 5326/6302/2826 5327/6300/2829
f 5154/7418/2768 5155/7417/2107 5327/6300/2829
f 5132/7419/2830 5322/6291/2124 4415/6308/2831
f 5131/7420/2832 5132/7419/2830 4415/6308/2831 4414/6306/2833
f 5156/7416/2827 5131/7420/2832 4414/6306/2833 4413/6304/2828
f 4857/7421/2492 4856/7422/2506 5336/6697/2834
f 4856/7422/2506 5335/6698/2494 5336/6697/2834
f 4410/7423/2592 4409/7424/2835 5137/5493/2836 5136/5492/2837
f 4409/7424/2835 4408/7425/2597 5303/5494/2838 5137/5493/2836
f 4408/7425/2597 4407/7426/2598 5302/5495/2839 5303/5494/2838
f 4407/7427/2598 4406/7228/2618 5302/5485/2839
f 4201/7428/2622 4200/7429/2604 5299/5488/2840
f 4200/7429/2604 4199/7227/2616 5299/5488/2840
f 4197/7430/2612 4410/7423/2592 5136/5492/2837
f 5158/7431/2660 4139/7432/2628 5159/7280/2841
f 4139/7432/2628 5374/7282/2663 5159/7280/2841
f 5379/7433/2671 3829/7434/2640 5380/7294/2842
f 3829/7434/2640 3828/7275/2657 5380/7294/2842
f 5161/7435/2692 3657/7436/2645 5160/7297/2843
f 3420/7437/2652 5308/7306/2684 5163/7304/2844
f 3419/7438/2653 3420/7437/2652 5163/7304/2844 5306/7302/2845
f 3418/7439/2654 3419/7438/2653 5306/7302/2845 5164/7300/2846
f 3417/7440/2655 3418/7439/2654 5164/7300/2846 5305/7298/2847
f 3657/7436/2645 3417/7440/2655 5305/7298/2847 5160/7297/2843
f 5423/7441/2777 5279/4980/2848 5280/4979/2849 5424/7442/2752
f 5425/7443/2779 5278/4983/2850 5279/4980/2848 5423/7441/2777
f 5426/7376/2781 5277/7444/967 5425/7375/2779
f 5277/4985/967 5278/4983/2850 5425/7443/2779
f 5427/7445/969 5277/7444/967 5426/7376/2781
f 5428/7446/2784 5275/4989/2851 5427/7445/969
f 5429/7447/2785 5284/4991/2852 5275/4989/2851 5428/7446/2784
f 5430/7380/2787 5283/7448/2853 5429/7379/2785
f 5283/4993/2853 5284/4991/2852 5429/7447/2785
f 5431/7449/2789 5283/7448/2853 5430/7380/2787
f 5431/7449/2789 5282/4995/2854 5283/7448/2853
f 5281/7382/2750 5432/7450/2855 5431/7381/2789
f 5432/4997/2855 5282/4995/2854 5431/7449/2789
f 5424/7451/2752 5432/7450/2855 5281/7382/2750
f 5424/7451/2752 5280/4999/2849 5432/7450/2855
f 5433/7452/1178 5362/7453/1191 5363/7454/1190 5434/7455/1179
f 5434/7455/1179 5363/7454/1190 5364/7456/1193 5435/7457/1180
f 5435/7457/1180 5364/7456/1193 5365/7458/1195 3621/7459/1181
f 3621/7459/1181 5365/7458/1195 5366/7460/1197 5367/7461/1182
f 5367/7461/1182 5366/7460/1197 5436/7462/1183
f 5366/5241/1197 5368/5243/2856 5436/7463/1183
f 5436/7463/1183 5437/7464/1200 3622/7465/1184
f 5436/7463/1183 5368/5243/2856 5437/7464/1200
f 3622/7465/1184 5437/7464/1200 5369/7466/1202 3623/7467/1185
f 3623/7467/1185 5369/7466/1202 5370/7468/1204 5438/7469/1186
f 5438/7469/1186 5370/7468/1204 5371/7470/1206 3624/7471/1187
f 3624/7471/1187 5371/7470/1206 5362/7472/1191 5433/7473/1178
f 4858/7474/2094 5348/7475/1227 5439/7476/1226 4862/7477/2095
f 4862/7477/2095 5439/7476/1226 5440/7478/1230 4861/7479/2096
f 4861/7479/2096 5440/7478/1230 5441/7480/1232 4860/7481/2097
f 4860/7481/2097 5441/7480/1232 5442/7482/1234 4859/7483/2098
f 4859/7483/2098 5442/7482/1234 5443/7484/1236 5340/7485/2099
f 5340/7485/2099 5443/7484/1236 5341/7486/1238 5342/7487/2100
f 5342/7487/2100 5341/7486/1238 5343/7488/1240 5344/7489/2101
f 5344/7489/2101 5343/7488/1240 5444/7490/2102
f 5343/5290/1240 5345/5292/2857 5444/7491/2102
f 5444/7491/2102 5346/7492/1243 5347/7493/2103
f 5444/7491/2102 5345/5292/2857 5346/7492/1243
f 5347/7493/2103 5346/7492/1243 5348/7494/1227 4858/7495/2094
f 5395/7496/2714 5394/7497/1246 5445/7498/1245 5393/7499/2711
f 5397/7500/2719 5396/7501/1249 5394/7497/1246 5395/7496/2714
f 5446/7502/2723 5398/7503/1251 5396/7501/1249 5397/7500/2719
f 5399/7504/2727 5447/7505/1253 5398/7503/1251 5446/7502/2723
f 5400/7506/2731 5448/7507/1255 5447/7505/1253 5399/7504/2727
f 5402/7508/2735 5401/7509/1257 5448/7507/1255 5400/7506/2731
f 5449/7510/2739 5401/7509/1257 5402/7508/2735
f 5449/7510/2739 5403/5312/2858 5401/7509/1257
f 5404/7511/2743 5450/7512/1260 5449/7513/2739
f 5450/5314/1260 5403/5312/2858 5449/7510/2739
f 5405/7514/2744 5451/7515/1262 5450/7512/1260 5404/7511/2743
f 5393/7516/2711 5445/7517/1245 5451/7515/1262 5405/7514/2744
f 5385/7518/2681 5452/7519/1424 5453/7520/1423 5384/7383/2679
f 5384/7383/2679 5453/7520/1423 5454/7384/2791
f 5453/5496/1423 5383/5500/2859 5454/7521/2791
f 5454/7521/2791 5383/5500/2859 5382/5502/2860 5455/7522/2694
f 5455/7522/2694 5456/7523/2861 5392/7385/2697
f 5455/7522/2694 5382/5502/2860 5456/7523/2861
f 5392/7385/2697 5456/7523/2861 5457/7386/2793
f 5456/5504/2861 5391/5506/2862 5457/7524/2793
f 5457/7525/2793 5391/5509/2862 5390/5508/2863 5458/7526/2795
f 5458/7526/2795 5390/5508/2863 5389/5512/2864 5459/7527/2796
f 5459/7527/2796 5387/7528/2865 5388/7529/2706
f 5459/7527/2796 5389/5512/2864 5387/7528/2865
f 5388/7529/2706 5387/7528/2865 5460/7530/2704
f 5387/5514/2865 5386/5516/2866 5460/7531/2704
f 5460/7531/2704 5452/7519/1424 5385/7518/2681
f 5460/7531/2704 5386/5516/2866 5452/7519/1424
f 5461/7532/2740 5289/5563/2867 5462/7533/1479
f 5291/7534/2732 5290/7535/1483 5461/7390/2740
f 5290/5566/1483 5289/5563/2867 5461/7532/2740
f 5292/7536/2724 5463/7537/1485 5290/7535/1483 5291/7534/2732
f 5464/7538/1487 5463/7537/1485 5292/7536/2724
f 5465/7539/2717 5294/5572/2868 5464/7538/1487
f 5295/7540/2736 5466/7541/1490 5465/7393/2717
f 5466/5574/1490 5294/5572/2868 5465/7539/2717
f 5285/7542/2728 5467/7543/1492 5466/7541/1490 5295/7540/2736
f 5286/7544/2720 5468/7545/1494 5467/7543/1492 5285/7542/2728
f 5287/7546/2708 5469/7547/1496 5468/7545/1494 5286/7544/2720
f 5462/7548/1479 5469/7547/1496 5287/7546/2708
f 5470/7549/2588 5349/7550/1671 5350/7551/1670 5471/7552/2585
f 5471/7552/2585 5350/7551/1670 5351/7553/1673 5472/7554/2590
f 5472/7554/2590 5351/7553/1673 5352/7555/1675 5353/7556/1661
f 5353/7556/1661 5352/7555/1675 5354/7557/1677 5355/7395/1662
f 5355/7395/1662 5354/7557/1677 5473/7396/2800
f 5354/5780/1677 5356/5782/2869 5473/7558/2800
f 5473/7558/2800 5356/5782/2869 5357/5784/2870 5474/7559/2802
f 5474/7559/2802 5357/5784/2870 5358/5786/2871 5475/7560/2804
f 5475/7560/2804 5358/5786/2871 5359/5788/2872 5476/7561/2806
f 5476/7561/2806 5360/7562/1684 5361/7563/2589
f 5476/7561/2806 5359/5788/2872 5360/7562/1684
f 5361/7563/2589 5360/7562/1684 5349/7564/1671 5470/7565/2588
f 5477/5794/1686 5408/5793/2873 5478/7566/2808
f 5479/7402/2767 5410/7567/1688 5477/7400/1686
f 5480/7568/2771 5411/7569/1690 5410/7567/1688 5479/7402/2767
f 5413/7570/2772 5412/7571/1692 5411/7569/1690 5480/7568/2771
f 5264/7572/2775 5412/7571/1692 5413/7570/2772
f 5264/7572/2775 5414/5803/2874 5412/7571/1692
f 5263/7573/2811 5415/5805/2875 5414/5803/2874 5264/7572/2775
f 5416/7404/2813 5262/7574/2876 5263/7403/2811
f 5262/5807/2876 5415/5805/2875 5263/7573/2811
f 5261/7575/2814 5262/7574/2876 5416/7404/2813
f 5261/7575/2814 5406/5809/2877 5262/7574/2876
f 5260/7576/2816 5407/5811/2878 5406/5809/2877 5261/7575/2814
f 5478/7577/2808 5408/5813/2873 5407/5811/2878 5260/7576/2816
f 5259/7578/2703 5258/7579/2879 5319/7408/2701
f 5259/7578/2703 5318/5893/2880 5258/7579/2879
f 5319/7408/2701 5258/7579/2879 5257/7409/2818
f 5258/5892/2879 5320/5896/2881 5257/7580/2818
f 5257/7580/2818 5256/7581/1776 5321/7582/2656
f 5257/7580/2818 5320/5896/2881 5256/7581/1776
f 5321/7582/2656 5256/7581/1776 5255/7583/1778 5313/7584/2674
f 5313/7584/2674 5255/7583/1778 5219/7585/1780 5314/7586/2672
f 5314/7410/2672 5219/7587/1780 5218/7411/1782
f 5217/5908/1784 5316/5910/2882 5216/7588/2822
f 5216/7588/2822 5316/5910/2882 5215/7589/2824
f 5215/5912/2824 5318/5893/2880 5259/7578/2703
f 5204/7590/2049 5417/6214/2883 5418/6213/2884 5203/7591/2050
f 5203/7591/2050 5418/6213/2884 5419/6216/2885 5202/7592/2051
f 5202/7592/2051 5419/6216/2885 5420/6218/2886 5201/7593/2052
f 5201/7593/2052 5420/6218/2886 5421/6220/2887 5200/7594/2053
f 5200/7594/2053 5179/7595/2065 5422/7596/2054
f 5200/7594/2053 5421/6220/2887 5179/7595/2065
f 5422/7596/2054 5179/7595/2065 5178/7597/2067 4362/7598/2055
f 4362/7598/2055 5178/7597/2067 5177/7599/2069 4363/7600/2056
f 4363/7600/2056 5177/7599/2069 5176/7601/2071 4364/7602/2057
f 4364/7602/2057 5176/7601/2071 5175/7603/2073 4365/7604/2058
f 4365/7604/2058 5175/7603/2073 5204/7605/2049
f 5175/6230/2073 5417/6232/2883 5204/7606/2049
f 5326/7415/2826 5157/7607/2105 5156/7416/2827
f 5157/6267/2105 5325/6266/2888 5156/7608/2827
f 5155/7609/2107 5157/7607/2105 5326/7415/2826
f 5154/7418/2768 5328/7610/2109 5155/7417/2107
f 5153/7611/2763 5328/7610/2109 5154/7418/2768
f 5153/7611/2763 5329/6274/2889 5328/7610/2109
f 5330/7612/2125 5135/7613/2112 5153/7614/2763
f 5135/6276/2112 5329/6274/2889 5153/7611/2763
f 5331/7615/2121 5134/7616/2114 5135/7617/2112 5330/7618/2125
f 5322/7619/2124 5133/7620/2116 5134/7616/2114 5331/7615/2121
f 5132/7621/2830 5133/7620/2116 5322/7619/2124
f 5132/7621/2830 5323/6284/2890 5133/7620/2116
f 5131/7622/2832 5324/6286/2891 5323/6284/2890 5132/7621/2830
f 5156/7608/2827 5325/6266/2888 5324/6286/2891 5131/7622/2832
f 5339/7623/2491 5338/7624/2504 5337/7625/2503 4857/7421/2492
f 4857/7421/2492 5337/7625/2503 4856/7422/2506
f 4856/7626/2506 5334/7627/2508 5335/7628/2494
f 5335/7628/2494 5334/7627/2508 4855/7629/2495
f 5334/6713/2508 5333/6715/2892 4855/7630/2495
f 4855/7630/2495 5332/7631/2511 4776/7632/2496
f 4855/7630/2495 5333/6715/2892 5332/7631/2511
f 4776/7633/2496 5332/7634/2511 4784/7635/2513 4777/7636/2497
f 4777/7636/2497 4784/7635/2513 4783/7637/2515 4778/7638/2498
f 4778/7638/2498 4783/7637/2515 4782/7639/2517 4779/7640/2499
f 4779/7640/2499 4782/7639/2517 4781/7641/2519 4780/7642/2500
f 4780/7642/2500 4781/7641/2519 5338/7624/2504 5339/7623/2491
f 4410/7643/2592 5304/7644/2595 4409/7424/2835
f 4409/7424/2835 5304/7644/2595 4408/7425/2597
f 4407/7645/2598 5301/7646/2600 4406/7647/2618
f 4406/7647/2618 5301/7646/2600 5300/7648/2602 4201/7428/2622
f 4201/7428/2622 5300/7648/2602 4200/7429/2604
f 4200/7649/2604 5298/7650/2606 4199/7651/2616
f 4199/7651/2616 5298/7650/2606 5297/7652/2607 4198/7653/2614
f 4198/7653/2614 5297/7652/2607 5296/7654/2609 4197/7430/2612
f 4197/7430/2612 5296/7654/2609 4410/7423/2592
f 4141/7655/2658 4140/7656/2626 5158/7431/2660
f 4141/7655/2658 5372/7230/2893 4140/7656/2626
f 5158/7431/2660 4140/7656/2626 4139/7432/2628
f 4139/7657/2628 5373/7658/2630 5374/7659/2663
f 5374/7659/2663 5373/7658/2630 4138/7660/2665
f 5373/7237/2630 5375/7239/2894 4138/7661/2665
f 4138/7661/2665 5376/7662/2634 3831/7663/2667
f 4138/7661/2665 5375/7239/2894 5376/7662/2634
f 3831/7663/2667 5376/7662/2634 5377/7664/2636 3830/7665/2669
f 3830/7665/2669 5377/7664/2636 5378/7666/2638 5379/7667/2671
f 5379/7433/2671 5378/7668/2638 3829/7434/2640
f 3829/7249/2640 5381/7251/2895 3828/7669/2657
f 3828/7669/2657 5381/7251/2895 5372/7230/2893 4141/7655/2658
f 5161/7435/2692 5312/7670/2642 3657/7436/2645
f 5162/7671/2690 5311/7672/2646 5312/7670/2642 5161/7435/2692
f 3656/7673/2688 5310/7674/2647 5311/7675/2646 5162/7676/2690
f 3655/7677/2686 5309/7678/2649 5310/7674/2647 3656/7673/2688
f 5308/7679/2684 5307/7680/2651 5309/7678/2649 3655/7677/2686
f 3420/7681/2652 5307/7680/2651 5308/7679/2684
f 4155/7682/2896 4106/5943/2897 4107/5945/2898 4156/7683/2899
f 5481/5273/1225 5502/5275/2900 4156/7684/2899
f 4154/7685/2901 4105/5941/2902 4106/5943/2897 4155/7682/2896
f 4153/7686/2903 4104/5939/2904 4105/5941/2902 4154/7685/2901
f 4152/7687/2905 4103/5937/2906 4104/5939/2904 4153/7686/2903
f 5497/5935/2907 4103/5937/2906 4152/7687/2905
f 5484/7688/2908 4102/5933/2908 5497/5935/2907
f 4101/5931/2909 4102/5933/2908 5484/7688/2908
f 5484/7689/2910 5496/7690/1219 5483/7691/1221
f 4156/7692/2899 4107/5926/2898 4099/5925/2911
f 5485/7693/1217 5496/7690/1219 5484/7689/2910
f 4152/7694/2905 5485/7695/1217 5497/5935/2912
f 5485/7695/1217 5484/7688/2910 5497/5935/2912
f 5484/7689/2910 5483/7691/1221 4101/5931/2913
f 5483/7691/1221 5482/7696/1223 4100/5929/2914 4101/5931/2913
f 5482/7696/1223 5481/7697/1225 4099/5925/2915 4100/5929/2914
f 5481/7697/1225 4156/7692/2899 4099/5925/2915
f 4156/7698/2899 5501/7699/1209 4155/7700/2896
f 4156/7698/2899 5502/5257/2900 5501/7699/1209
f 4155/7700/2896 5501/7699/1209 5500/7701/1211 4154/7702/2901
f 4154/7702/2901 5500/7701/1211 5499/7703/1213 4153/7704/2903
f 4153/7704/2903 5499/7703/1213 5498/7705/1215 4152/7694/2905
f 4152/7694/2905 5498/7705/1215 5485/7695/1217
f 358/7706/222 357/7707/227 389/7708/229 373/7709/27 359/7710/218 362/7711/211 365/7712/214 383/7713/240 381/7714/243 379/7715/245 385/7716/235 371/7717/27 377/7718/27 387/7719/237
f 491/7720/334 493/7721/338 489/7722/319 495/7723/288 474/7724/328 462/7725/306 473/7726/326 485/7727/330 483/7728/336 481/7729/340 487/7730/324 479/7731/323 497/7732/297 477/7733/321 476/7734/322 461/7735/332
