# Blender v2.92.0 OBJ File: 'fixed.blend'
# www.blender.org
mtllib roll_plate_right_chain.mtl
o MeshBody4_(3)_MeshBody4_(3).001
v 2.371727 1.890099 0.359636
v 2.368979 1.891143 0.360853
v 2.374477 1.906698 0.357762
v 2.374477 1.895883 0.362304
v 2.374477 1.906728 0.360943
v 2.371727 1.887920 0.362448
v 2.371727 1.906680 0.356172
v 2.374477 1.889362 0.363137
v 2.371727 1.887130 0.366431
v 2.368979 1.888718 0.366419
v 2.368979 1.906698 0.357762
v 2.368979 1.895883 0.362304
v 2.371727 1.911822 0.357662
v 2.374477 1.892250 0.364516
v 2.374477 1.888718 0.366419
v 2.371727 1.908853 0.363476
v 2.374477 1.912873 0.361021
v 2.368979 1.906728 0.360943
v 2.368979 1.910204 0.362657
v 2.371727 1.888161 0.370399
v 2.368979 1.910952 0.358956
v 2.374477 1.889569 0.369693
v 2.371724 1.895211 0.369132
v 2.371724 1.895023 0.363638
v 2.374477 1.910813 0.364531
v 2.374477 1.913957 0.364135
v 2.368979 1.913957 0.364135
v 2.368979 1.891495 0.371965
v 2.371727 1.890512 0.373189
v 2.374477 1.893458 0.369518
v 2.371727 1.915528 0.363935
v 2.369744 1.892749 0.366401
v 2.371717 1.898401 0.368838
v 2.371717 1.898138 0.363346
v 2.377238 1.896047 0.369127
v 2.368979 1.895988 0.373626
v 2.371727 1.895899 0.375205
v 2.374477 1.895988 0.373626
v 2.367658 1.891306 0.363660
v 2.364498 1.891598 0.363659
v 2.368494 1.897732 0.368919
v 2.362917 1.891832 0.366405
v 2.365032 1.896993 0.366250
v 2.367846 1.899046 0.365996
v 2.375589 1.899059 0.365993
v 2.378414 1.897007 0.366249
v 2.380555 1.891847 0.366405
v 2.378975 1.891780 0.369154
v 2.371727 1.913556 0.370932
v 2.368979 1.912316 0.369902
v 2.368979 1.909878 0.367835
v 2.374477 1.912316 0.369902
v 2.374477 1.907515 0.369062
v 2.371727 1.907207 0.367509
v 2.368979 1.908140 0.372167
v 2.367658 1.880123 0.363727
v 2.369238 1.880334 0.366475
v 2.367658 1.891479 0.369155
v 2.364498 1.891773 0.369154
v 2.378975 1.891605 0.363659
v 2.374235 1.880329 0.366475
v 2.366171 1.875424 0.363755
v 2.364947 1.874469 0.366510
v 2.366171 1.875535 0.369252
v 2.368618 1.877561 0.369240
v 2.375815 1.880120 0.363727
v 2.378505 1.874464 0.366510
v 2.377287 1.875426 0.363755
v 2.377287 1.875537 0.369252
v 2.374852 1.877576 0.369240
v 2.369842 1.876415 0.363750
v 2.373607 1.876425 0.363750
v 2.371726 1.871292 0.366529
v 2.371723 1.872929 0.369267
v 2.371723 1.872828 0.363770
v 2.371718 1.876109 0.369249
v 2.371715 1.877640 0.366490
vt 0.854675 0.497437
vt 0.854309 0.497437
vt 0.854187 0.497192
vt 0.855164 0.813324
vt 0.854858 0.813477
vt 0.854919 0.813141
vt 0.515076 0.667786
vt 0.515076 0.668060
vt 0.514832 0.667938
vt 0.515381 0.835693
vt 0.515381 0.835938
vt 0.515015 0.835754
vt 0.515137 0.835510
vt 0.851807 0.535828
vt 0.851746 0.536041
vt 0.851501 0.535797
vt 0.851318 0.535217
vt 0.851440 0.535187
vt 0.853149 0.495270
vt 0.853027 0.496429
vt 0.853149 0.496857
vt 0.853271 0.497253
vt 0.852905 0.497101
vt 0.852783 0.495209
vt 0.853271 0.494629
vt 0.853516 0.494934
vt 0.855591 0.792877
vt 0.855591 0.793549
vt 0.855591 0.794830
vt 0.855286 0.794586
vt 0.855042 0.794586
vt 0.854919 0.793121
vt 0.855225 0.793304
vt 0.855957 0.842957
vt 0.855835 0.842468
vt 0.856323 0.842957
vt 0.515015 0.836121
vt 0.852722 0.533813
vt 0.852600 0.534149
vt 0.852417 0.533844
vt 0.852356 0.533630
vt 0.515015 0.593262
vt 0.514771 0.593292
vt 0.514771 0.592865
vt 0.515076 0.592712
vt 0.515381 0.836182
vt 0.515137 0.836365
vt 0.855713 0.621460
vt 0.856018 0.621094
vt 0.856018 0.621826
vt 0.855713 0.621826
vt 0.854980 0.812012
vt 0.855225 0.812225
vt 0.851196 0.551880
vt 0.851196 0.552185
vt 0.851074 0.552429
vt 0.850708 0.552307
vt 0.850708 0.551819
vt 0.850830 0.551514
vt 0.850525 0.830688
vt 0.850830 0.830475
vt 0.851257 0.830505
vt 0.851013 0.830750
vt 0.850525 0.831238
vt 0.850342 0.831238
vt 0.853638 0.496826
vt 0.854004 0.495361
vt 0.853638 0.494598
vt 0.854126 0.494904
vt 0.854126 0.496674
vt 0.853638 0.497223
vt 0.856323 0.621216
vt 0.856323 0.621826
vt 0.851074 0.831146
vt 0.851257 0.830841
vt 0.856018 0.622437
vt 0.855713 0.622314
vt 0.850830 0.832916
vt 0.850647 0.833069
vt 0.855957 0.763184
vt 0.856201 0.763672
vt 0.855896 0.763916
vt 0.855743 0.763672
vt 0.855621 0.763184
vt 0.856323 0.842590
vt 0.852112 0.534088
vt 0.852051 0.533752
vt 0.852722 0.535736
vt 0.852173 0.535950
vt 0.851807 0.535187
vt 0.852173 0.535614
vt 0.853271 0.497437
vt 0.852905 0.497253
vt 0.853638 0.497406
vt 0.785645 0.825256
vt 0.785889 0.825195
vt 0.785889 0.825562
vt 0.855469 0.771118
vt 0.855469 0.771561
vt 0.855103 0.771545
vt 0.855103 0.771011
vt 0.515381 0.668152
vt 0.515320 0.669830
vt 0.515381 0.670258
vt 0.515076 0.670349
vt 0.515015 0.669830
vt 0.855103 0.553650
vt 0.854858 0.553589
vt 0.854858 0.552979
vt 0.855225 0.552917
vt 0.515076 0.592529
vt 0.515381 0.592682
vt 0.515320 0.593292
vt 0.856323 0.622314
vt 0.855530 0.812012
vt 0.855530 0.813171
vt 0.514771 0.594574
vt 0.515076 0.595154
vt 0.514832 0.595062
vt 0.791992 0.855103
vt 0.792114 0.855591
vt 0.791626 0.855225
vt 0.514832 0.670410
vt 0.514771 0.669830
vt 0.854797 0.835388
vt 0.854919 0.834839
vt 0.854858 0.834412
vt 0.855103 0.834656
vt 0.855103 0.835266
vt 0.855530 0.811615
vt 0.855286 0.811890
vt 0.855042 0.811615
vt 0.855591 0.552673
vt 0.855469 0.552979
vt 0.855225 0.552490
vt 0.853394 0.495117
vt 0.853760 0.495392
vt 0.855469 0.773285
vt 0.855103 0.773392
vt 0.855591 0.554749
vt 0.855225 0.554871
vt 0.855469 0.553650
vt 0.851440 0.551453
vt 0.851440 0.552063
vt 0.851074 0.551086
vt 0.851440 0.551147
vt 0.854492 0.835266
vt 0.854492 0.834839
vt 0.854858 0.811493
vt 0.792114 0.853912
vt 0.791748 0.853943
vt 0.791504 0.853607
vt 0.791382 0.855072
vt 0.851562 0.830719
vt 0.851562 0.831146
vt 0.855408 0.813538
vt 0.854858 0.773300
vt 0.854858 0.771576
vt 0.515381 0.595032
vt 0.791382 0.855469
vt 0.852478 0.535431
vt 0.852539 0.535034
vt 0.851807 0.533508
vt 0.852417 0.533295
vt 0.852966 0.533600
vt 0.852966 0.535309
vt 0.856201 0.762817
vt 0.855621 0.762817
vt 0.855713 0.762451
vt 0.856018 0.762573
vt 0.851562 0.832428
vt 0.851807 0.832397
vt 0.854675 0.496948
vt 0.852051 0.833008
vt 0.851379 0.833374
vt 0.851379 0.833191
vt 0.851990 0.832886
vt 0.850891 0.831268
vt 0.850952 0.832428
vt 0.851196 0.832794
vt 0.851562 0.832794
vt 0.852051 0.831177
vt 0.802856 0.855820
vt 0.802612 0.855820
vt 0.802856 0.855438
vt 0.856323 0.842346
vt 0.855957 0.841797
vt 0.856323 0.841614
vn 0.4914 0.6460 -0.5841
vn 0.4913 0.6461 -0.5842
vn 0.4851 0.6594 -0.5744
vn -0.4692 -0.1815 0.8642
vn -0.4886 -0.2113 0.8466
vn -0.4894 -0.2110 0.8461
vn 0.4939 -0.6858 -0.5345
vn 0.4959 -0.6862 -0.5321
vn 0.4937 -0.6858 -0.5347
vn 0.1882 0.8425 -0.5047
vn 0.1860 0.8426 -0.5054
vn 0.5572 0.6588 -0.5054
vn 0.5569 0.6590 -0.5055
vn -0.5078 0.7381 0.4442
vn -0.5074 0.7383 0.4444
vn -0.8101 0.3461 0.4732
vn -0.8102 0.3459 0.4732
vn -0.8278 0.3347 0.4503
vn 1.0000 -0.0000 0.0000
vn 1.0000 -0.0003 -0.0000
vn 1.0000 0.0003 0.0000
vn -0.4893 0.2849 -0.8243
vn -0.4981 -0.1057 -0.8607
vn -0.4976 -0.1058 -0.8609
vn 0.4990 -0.1059 -0.8601
vn 0.4983 -0.1058 -0.8605
vn 0.4969 -0.1058 -0.8614
vn -0.4692 0.2614 -0.8436
vn -0.1331 -0.8495 0.5105
vn -0.1329 -0.8495 0.5106
vn -0.1653 -0.8344 0.5259
vn -0.1903 0.8420 -0.5047
vn -0.1919 0.8412 -0.5055
vn -0.1906 0.8420 -0.5047
vn -0.8234 0.2995 0.4819
vn -0.8368 0.2832 0.4686
vn -0.5739 0.6667 0.4757
vn -0.5588 0.6750 0.4819
vn -0.4817 -0.3072 0.8208
vn -0.4767 -0.3055 0.8242
vn -0.4758 -0.3048 0.8251
vn -0.4816 -0.3063 0.8211
vn -0.8243 0.2740 -0.4955
vn -0.8247 0.2954 -0.4822
vn -0.8244 0.2956 -0.4827
vn -0.8243 0.2739 -0.4955
vn 0.4841 0.6406 -0.5961
vn 0.4834 0.6407 -0.5966
vn 0.4902 0.8206 -0.2939
vn 0.4822 0.8268 -0.2897
vn -0.4976 0.1078 0.8607
vn -0.4989 0.1074 0.8600
vn 0.5269 0.6631 -0.5316
vn 0.8079 0.3203 -0.4947
vn 0.8089 0.3207 -0.4928
vn 0.8024 0.3241 -0.5012
vn 0.1763 0.8185 -0.5467
vn 0.1786 0.8207 -0.5427
vn -0.5266 0.6651 -0.5295
vn -0.1791 0.8180 -0.5466
vn -0.1793 0.8205 -0.5429
vn -0.8077 0.3218 -0.4940
vn -0.8082 0.3228 -0.4925
vn -0.8060 0.3161 -0.5005
vn -0.4836 0.6403 -0.5967
vn -0.4902 0.8231 -0.2868
vn -0.4906 0.8229 -0.2865
vn -0.4822 0.8257 -0.2928
vn 0.1302 -0.8773 -0.4619
vn 0.1719 -0.8583 -0.4835
vn 0.1723 -0.8581 -0.4837
vn 0.4977 0.8657 0.0532
vn 0.5001 0.7535 0.4267
vn 0.4984 0.8653 0.0530
vn 0.4921 0.8685 0.0587
vn -0.8669 -0.0030 -0.4985
vn -0.8217 -0.3152 -0.4748
vn -0.8184 -0.3175 -0.4790
vn -0.8669 -0.0030 -0.4986
vn -0.4910 -0.8548 -0.1682
vn -0.4965 -0.6843 -0.5340
vn -0.4953 -0.6860 -0.5330
vn -0.4916 -0.8543 -0.1686
vn -0.4923 -0.8538 -0.1692
vn -0.5238 -0.6808 0.5120
vn -0.5214 -0.6825 0.5121
vn -0.5168 -0.6882 0.5092
vn 0.1915 0.8583 0.4761
vn 0.1913 0.8583 0.4761
vn 0.1880 0.8599 0.4746
vn 0.1883 0.8597 0.4749
vn -0.0058 0.0919 0.9958
vn 0.0099 0.0777 0.9969
vn 0.0470 0.0582 0.9972
vn -0.0382 0.0565 0.9977
vn -0.0266 0.0857 0.9960
vn 0.4923 -0.8539 -0.1689
vn 0.4906 -0.8548 -0.1693
vn 0.4922 -0.8540 -0.1683
vn 0.4888 -0.8443 0.2196
vn 0.4891 -0.8441 0.2198
vn 0.4885 -0.8445 0.2195
vn 0.5035 0.7364 0.4518
vn 0.5026 0.7371 0.4518
vn 0.4998 0.7434 0.4445
vn 0.8136 0.3343 0.4757
vn 0.8136 0.3342 0.4757
vn 0.8191 0.3531 0.4520
vn 0.8188 0.3535 0.4524
vn -0.4885 -0.3190 -0.8122
vn -0.4753 0.2400 -0.8464
vn -0.4746 0.2381 -0.8474
vn -0.4839 0.2421 -0.8410
vn -0.5002 -0.1062 -0.8594
vn -0.4833 -0.3230 -0.8137
vn -0.5521 -0.6812 -0.4808
vn -0.1949 -0.8572 -0.4767
vn -0.1937 -0.8572 -0.4771
vn -0.1945 -0.8573 -0.4767
vn 0.4770 -0.3073 0.8234
vn 0.4893 -0.6658 0.5633
vn 0.4868 -0.6680 0.5628
vn 0.4816 -0.3044 0.8218
vn 0.4821 -0.3036 0.8218
vn -0.4998 0.7521 0.4295
vn -0.4998 0.7522 0.4295
vn -0.4927 0.8686 0.0530
vn -0.4986 0.8650 0.0571
vn 0.4974 0.1078 0.8608
vn 0.4977 0.1079 0.8606
vn 0.4969 0.1076 0.8611
vn -0.4951 0.1031 0.8627
vn -0.4926 0.1036 0.8641
vn -0.4965 0.1022 0.8620
vn -0.4791 0.4210 0.7702
vn -0.4819 0.4181 0.7701
vn 0.5318 -0.7014 -0.4746
vn 0.5265 -0.7072 -0.4719
vn 0.5326 -0.7004 -0.4751
vn 0.4756 0.2440 -0.8451
vn 0.4752 0.2450 -0.8451
vn 0.4841 0.2416 -0.8410
vn 0.4847 0.2367 -0.8421
vn -1.0000 0.0000 0.0000
vn 0.4824 -0.3192 -0.8157
vn 0.4874 -0.3228 -0.8113
vn 0.4986 -0.1061 -0.8603
vn 0.4996 -0.1064 -0.8597
vn 0.4983 0.6759 0.5430
vn 0.4918 0.6667 0.5600
vn 0.4918 0.6668 0.5600
vn 0.1943 -0.8418 0.5036
vn 0.5429 -0.6716 0.5042
vn 0.4883 -0.7468 -0.4516
vn 0.4880 -0.7486 -0.4488
vn 0.4921 -0.7511 -0.4402
vn 0.4928 -0.7497 -0.4418
vn 0.8669 0.0030 0.4984
vn 0.8182 -0.3093 0.4846
vn 0.8135 -0.3121 0.4907
vn 0.8669 0.0031 0.4984
vn -0.8668 0.0031 0.4986
vn -0.8668 0.0030 0.4986
vn -0.8169 -0.3112 0.4857
vn -0.8156 -0.3058 0.4912
vn 0.1686 0.8849 0.4342
vn 0.1693 0.8844 0.4350
vn 0.1680 0.8855 0.4332
vn -0.1709 0.8841 0.4348
vn -0.1707 0.8840 0.4351
vn -0.1716 0.8843 0.4343
vn -0.4902 -0.7508 -0.4426
vn -0.4937 -0.7444 -0.4497
vn -0.4918 -0.8680 -0.0681
vn -0.4917 -0.8681 -0.0678
vn -0.4867 0.2934 0.8229
vn -0.4874 0.2932 0.8225
vn -0.4803 0.3060 0.8220
vn -0.4797 0.3059 0.8224
vn 0.8669 -0.0030 -0.4984
vn 0.8670 -0.0030 -0.4984
vn 0.8668 0.0030 0.4987
vn -0.0067 -0.0933 -0.9956
vn 0.0090 -0.0786 -0.9969
vn 0.0463 -0.0588 -0.9972
vn -0.0394 -0.0575 -0.9976
vn 0.0133 -0.0687 -0.9975
vn -0.5480 -0.6674 0.5042
vn -0.1923 -0.8424 0.5033
vn -0.1923 -0.8424 0.5034
vn -0.5484 -0.6672 0.5041
vn 0.4922 -0.6317 0.5989
vn 0.4905 -0.6367 0.5951
vn 0.4927 -0.6300 0.6003
vn 0.8670 -0.0029 -0.4984
vn 0.8199 -0.3207 -0.4743
vn 0.8190 -0.3167 -0.4785
vn 0.4783 0.4190 0.7718
vn 0.4820 0.4195 0.7692
vn 0.4935 0.1023 0.8637
vn 0.4968 0.1029 0.8618
vn 0.5248 -0.6830 0.5081
vn 0.5230 -0.6836 0.5090
vn 0.5161 -0.6868 0.5118
vn -0.0000 0.0061 1.0000
vn -0.0001 0.0061 1.0000
vn 0.0014 0.0061 1.0000
vn -0.0004 0.0061 1.0000
vn -0.4889 -0.8443 0.2195
vn -0.4885 -0.8444 0.2199
vn -0.4894 -0.6662 0.5628
vn -0.4890 -0.6671 0.5620
vn -0.4871 -0.6663 0.5646
vn -0.8670 -0.0029 -0.4982
vn 0.4875 0.8452 -0.2188
vn 0.4885 0.8444 -0.2200
vn 0.4879 0.8451 -0.2187
vn 0.5499 -0.6830 -0.4808
vn 0.1966 -0.8565 -0.4772
vn 0.1962 -0.8567 -0.4770
vn 0.5496 -0.6829 -0.4812
vn 0.0002 -0.0060 -1.0000
vn 0.0002 -0.0059 -1.0000
vn -0.0008 -0.0060 -1.0000
vn -0.0002 -0.0059 -1.0000
vn 0.0001 -0.0060 -1.0000
vn -0.4992 0.6633 0.5575
vn -0.5000 0.6631 0.5571
vn -0.4932 0.6785 0.5444
vn 0.4778 0.2954 0.8273
vn 0.4869 0.3045 0.8187
vn 0.4876 0.3046 0.8182
vn 0.4782 0.2951 0.8272
vn -0.8198 -0.3091 0.4820
vn -0.8196 -0.3092 0.4823
vn -0.8670 0.0031 0.4984
vn -0.8670 0.0031 0.4983
usemtl Steel_-_Satin.001
s 1
f 32/1/1 23/2/2 30/3/3
f 16/4/4 19/5/5 18/6/6
f 6/7/7 1/8/8 8/9/9
f 57/10/10 77/11/11 71/12/12 56/13/13
f 41/14/14 44/15/15 43/16/16 42/17/17 59/18/18
f 5/19/19 4/20/19 14/21/19 15/22/20 8/23/19 3/24/19 17/25/19 25/26/21
f 58/27/22 41/28/23 51/29/24 54/30/25 53/31/26 30/32/27 23/33/28
f 32/34/29 14/35/30 23/36/31
f 72/37/32 71/12/33 77/11/34
f 70/38/35 61/39/36 77/40/37 76/41/38
f 37/42/39 36/43/40 28/44/41 29/45/42
f 61/46/43 66/47/44 72/37/45 77/11/46
f 17/48/47 13/49/48 31/50/49 26/51/50
f 12/52/51 34/53/51 16/4/52 18/6/51
f 45/54/53 46/55/54 47/56/55 60/57/56 4/58/57 34/59/58
f 43/60/59 44/61/60 34/62/61 12/63/62 40/64/63 42/65/64
f 30/66/19 53/67/19 25/26/21 17/25/19 26/68/19 52/69/19 38/70/19 22/71/20 15/22/20 14/21/19
f 13/49/65 21/72/66 27/73/67 31/50/68
f 32/74/69 12/63/70 24/75/71
f 31/50/72 49/76/73 52/77/74 26/51/75
f 40/64/76 62/78/77 63/79/78 42/65/79
f 10/80/80 2/81/81 1/82/82 6/83/83 9/84/84
f 14/35/85 30/85/86 23/36/87
f 76/41/88 77/40/89 57/86/90 65/87/91
f 35/88/92 33/89/93 41/14/94 58/90/95 23/91/96
f 9/92/97 6/93/98 8/23/99 15/22/100 22/71/101 20/94/102
f 35/95/103 46/96/104 45/97/105
f 35/98/106 48/99/107 47/100/108 46/101/109
f 2/102/110 11/103/111 21/104/112 13/105/113 7/106/114 1/8/115
f 63/107/116 62/108/117 75/109/118 73/110/119
f 37/42/120 29/45/121 20/111/122 22/112/123 38/113/124
f 50/114/125 49/76/126 31/50/127 27/73/128
f 4/115/129 5/116/130 16/4/129 34/53/131
f 55/117/132 36/43/133 37/42/134 49/118/135 50/119/136
f 39/120/137 12/121/138 32/122/139
f 7/106/140 13/105/141 17/123/142 3/124/143
f 19/125/144 51/126/144 55/127/144 50/128/144 27/129/144
f 8/9/145 1/8/146 7/106/147 3/124/148
f 14/130/149 24/131/150 32/132/151
f 69/133/152 74/134/152 73/110/152 67/135/153
f 16/136/154 25/26/155 53/67/156 54/137/157
f 48/99/158 69/138/159 67/139/160 47/100/161
f 59/140/162 42/141/163 63/107/164 64/142/165
f 33/143/166 35/144/167 45/54/168 34/59/169 44/145/170 41/146/171
f 16/147/172 54/148/173 51/126/174 19/125/175
f 24/131/176 34/53/177 12/52/178 39/149/179
f 56/150/180 39/120/181 32/122/181 57/151/180
f 65/152/182 57/151/182 32/122/182 58/153/182
f 12/63/183 34/62/184 4/154/185 14/155/186 24/75/187
f 63/107/188 73/110/189 74/134/190 64/142/191
f 5/116/192 25/156/193 16/4/194
f 47/100/195 67/139/196 68/157/197 60/158/181
f 52/159/198 49/118/199 37/42/200 38/113/201
f 32/122/202 23/160/203 58/153/204
f 30/161/205 22/162/206 70/38/206 76/41/205 65/87/205 58/90/207 41/14/206 59/18/208 64/163/205 74/164/205 69/165/205 48/166/206 35/88/205 23/91/205
f 58/167/209 10/80/210 9/84/209 20/168/211 29/169/212 28/170/213
f 61/171/214 14/155/214 66/172/214
f 30/3/215 14/173/216 32/1/217
f 67/174/218 73/175/219 75/176/220 68/177/221
f 40/64/222 12/63/222 39/178/223 56/179/222 71/180/224 72/181/222 66/172/222 14/155/225 4/154/222 60/182/222 68/177/222 75/176/222 62/78/226
f 32/183/227 24/184/228 39/185/229
f 24/131/230 14/130/231 4/115/232 34/53/233
f 22/186/234 30/85/235 14/35/236 61/187/237 70/188/236
o MeshBody4_(4)_MeshBody4_(4).001
v 2.371727 1.921245 0.356420
v 2.374477 1.922439 0.357505
v 2.368979 1.922439 0.357505
v 2.374477 1.937110 0.352551
v 2.374477 1.927279 0.358408
v 2.374477 1.937741 0.355686
v 2.371727 1.936790 0.350984
v 2.371727 1.939571 0.357199
v 2.371727 1.919337 0.363474
v 2.368979 1.920909 0.363276
v 2.368979 1.924052 0.362883
v 2.368979 1.927279 0.358408
v 2.371727 1.941971 0.351202
v 2.374477 1.924104 0.360991
v 2.374477 1.920909 0.363276
v 2.374477 1.941397 0.356529
v 2.374477 1.943637 0.354262
v 2.368979 1.937741 0.355686
v 2.368979 1.941397 0.356529
v 2.368979 1.922239 0.366411
v 2.371727 1.920920 0.367279
v 2.371727 1.926130 0.363821
v 2.368979 1.941395 0.352693
v 2.371727 1.944739 0.353136
v 2.374477 1.922239 0.366411
v 2.371724 1.926674 0.359807
v 2.374477 1.924844 0.364683
v 2.368979 1.945292 0.357074
v 2.371727 1.946765 0.356494
v 2.371717 1.929771 0.359427
v 2.377238 1.928662 0.365078
v 2.368979 1.945724 0.360368
v 2.368979 1.942578 0.360216
v 2.371727 1.941023 0.360134
v 2.374477 1.942578 0.360216
v 2.374477 1.945724 0.360368
v 2.371727 1.947315 0.360437
v 2.368979 1.929402 0.369502
v 2.371727 1.929589 0.371066
v 2.374477 1.929402 0.369502
v 2.367658 1.923041 0.360254
v 2.364498 1.923326 0.360219
v 2.368565 1.926512 0.365348
v 2.362917 1.923995 0.362899
v 2.365032 1.929117 0.362264
v 2.367846 1.931169 0.362009
v 2.371714 1.931965 0.361911
v 2.375589 1.931183 0.362007
v 2.380555 1.924009 0.362898
v 2.374477 1.940030 0.363517
v 2.368979 1.940030 0.363517
v 2.368979 1.941219 0.366432
v 2.371727 1.941818 0.367888
v 2.374477 1.941219 0.366432
v 2.367658 1.912111 0.361604
v 2.369238 1.912606 0.364313
v 2.364498 1.912516 0.367094
v 2.364498 1.924373 0.365617
v 2.378975 1.923333 0.360217
v 2.378975 1.912520 0.367094
v 2.374235 1.912600 0.364314
v 2.366171 1.907519 0.362174
v 2.364947 1.906796 0.365034
v 2.366171 1.908075 0.367644
v 2.368618 1.910108 0.367393
v 2.375815 1.912108 0.361604
v 2.378505 1.906791 0.365034
v 2.377287 1.907521 0.362174
v 2.377287 1.908077 0.367644
v 2.374852 1.910124 0.367391
v 2.369842 1.908487 0.362055
v 2.373607 1.908497 0.362053
v 2.371726 1.903649 0.365425
v 2.371723 1.905459 0.367968
v 2.371723 1.904982 0.362491
v 2.371718 1.908652 0.367574
v 2.371715 1.909937 0.364644
vt 0.854858 0.829895
vt 0.854858 0.829407
vt 0.854858 0.828156
vt 0.855225 0.827606
vt 0.855103 0.828156
vt 0.855103 0.829987
vt 0.515015 0.744507
vt 0.515137 0.743164
vt 0.515442 0.743286
vt 0.515320 0.744507
vt 0.822815 0.749359
vt 0.822510 0.749481
vt 0.822327 0.748718
vt 0.822632 0.748718
vt 0.854797 0.730164
vt 0.855042 0.729980
vt 0.855286 0.730103
vt 0.855103 0.730347
vt 0.848267 0.552490
vt 0.847778 0.552155
vt 0.847778 0.551849
vt 0.848267 0.551819
vt 0.804016 0.850983
vt 0.804016 0.851288
vt 0.803711 0.851044
vt 0.803711 0.850861
vt 0.822510 0.748230
vt 0.822815 0.748322
vt 0.855408 0.545227
vt 0.855774 0.545013
vt 0.855713 0.546143
vt 0.855408 0.546295
vt 0.854797 0.730591
vt 0.515076 0.745239
vt 0.515381 0.745117
vt 0.855103 0.546112
vt 0.855103 0.546478
vt 0.856018 0.852783
vt 0.855652 0.852905
vt 0.855408 0.852722
vt 0.855713 0.851624
vt 0.855957 0.852051
vt 0.855164 0.544983
vt 0.855652 0.546509
vt 0.855469 0.828186
vt 0.855469 0.829865
vt 0.841553 0.535858
vt 0.841919 0.535675
vt 0.841919 0.536041
vt 0.855835 0.788086
vt 0.855530 0.787781
vt 0.856018 0.787415
vt 0.856140 0.787903
vt 0.833125 0.855347
vt 0.833336 0.855713
vt 0.832993 0.855591
vt 0.515076 0.530701
vt 0.515381 0.530853
vt 0.515320 0.531555
vt 0.515076 0.531525
vt 0.515076 0.533569
vt 0.514832 0.533417
vt 0.514771 0.532837
vt 0.515076 0.532867
vt 0.856018 0.607788
vt 0.856323 0.607910
vt 0.856262 0.608521
vt 0.855957 0.608582
vt 0.855957 0.608154
vt 0.854248 0.823273
vt 0.853882 0.823334
vt 0.853760 0.822876
vt 0.853638 0.821716
vt 0.853760 0.821350
vt 0.854126 0.821289
vt 0.854492 0.821594
vt 0.854492 0.823059
vt 0.854126 0.824493
vt 0.854492 0.824799
vt 0.833336 0.855347
vt 0.514832 0.745117
vt 0.514771 0.744507
vt 0.507324 0.853760
vt 0.507568 0.853455
vt 0.507812 0.853516
vt 0.507446 0.854065
vt 0.856567 0.540222
vt 0.856476 0.540955
vt 0.856140 0.541016
vt 0.856247 0.540100
vt 0.855469 0.787415
vt 0.855469 0.786987
vt 0.855835 0.787048
vt 0.855774 0.544617
vt 0.855469 0.544891
vt 0.515381 0.533417
vt 0.515320 0.532837
vt 0.856018 0.607422
vt 0.855713 0.608154
vt 0.855774 0.607544
vt 0.856079 0.845947
vt 0.856323 0.846069
vt 0.856201 0.846619
vt 0.855835 0.846619
vt 0.514351 0.816895
vt 0.514351 0.817383
vt 0.514091 0.817017
vt 0.856018 0.851624
vt 0.820007 0.855347
vt 0.819702 0.855713
vt 0.819702 0.855347
vt 0.820007 0.855225
vt 0.855042 0.544495
vt 0.802155 0.855957
vt 0.801819 0.855469
vt 0.802155 0.855225
vt 0.855957 0.755554
vt 0.856323 0.755371
vt 0.856323 0.756989
vt 0.856079 0.756989
vt 0.850403 0.552490
vt 0.850037 0.552490
vt 0.850067 0.552185
vt 0.850403 0.552124
vt 0.514771 0.531555
vt 0.852539 0.827454
vt 0.852295 0.825378
vt 0.852417 0.825256
vt 0.852661 0.825745
vt 0.852661 0.827515
vt 0.856323 0.608826
vt 0.856018 0.608887
vt 0.506958 0.853760
vt 0.506836 0.854065
vt 0.506348 0.853455
vt 0.506470 0.852112
vt 0.506958 0.851501
vt 0.507324 0.851501
vt 0.507812 0.851868
vt 0.507568 0.852295
vt 0.507446 0.851929
vt 0.507080 0.851868
vt 0.506958 0.852234
vt 0.506714 0.853394
vt 0.817505 0.855469
vt 0.817505 0.853790
vt 0.817749 0.853760
vt 0.817749 0.855591
vt 0.818115 0.855011
vt 0.818115 0.855499
vt 0.818115 0.853302
vt 0.855713 0.608765
vt 0.856323 0.847229
vt 0.856079 0.847351
vt 0.855713 0.584045
vt 0.855713 0.582764
vt 0.856079 0.582825
vt 0.856323 0.582520
vt 0.856323 0.583801
vt 0.855713 0.851440
vt 0.856018 0.851318
vt 0.855042 0.730835
vt 0.855286 0.730652
vt 0.507446 0.852173
vt 0.507080 0.851990
vt 0.806702 0.855682
vt 0.806335 0.855865
vt 0.806335 0.855713
vt 0.806396 0.855377
vt 0.806702 0.855286
vt 0.820007 0.855957
vt 0.855927 0.758423
vt 0.856171 0.759277
vt 0.855621 0.758301
vt 0.856171 0.757812
vt 0.855927 0.758057
vt 0.804199 0.852570
vt 0.804138 0.852264
vt 0.804504 0.851196
vt 0.804504 0.852905
vt 0.803955 0.853363
vt 0.803589 0.853333
vt 0.803223 0.853149
vt 0.803101 0.852600
vt 0.802979 0.851349
vt 0.803406 0.851044
vt 0.803589 0.852570
vt 0.803589 0.852783
vt 0.803894 0.852753
vt 0.515442 0.745361
vt 0.515137 0.745483
vt 0.853882 0.824493
vt 0.804260 0.850739
vt 0.803101 0.850861
vt 0.803650 0.850525
vt 0.804382 0.853241
vt 0.855591 0.786621
vt 0.856140 0.786804
vt 0.803528 0.851349
vt 0.856567 0.541260
vt 0.856247 0.541382
vt 0.851440 0.825195
vt 0.851685 0.825134
vt 0.851929 0.827759
vt 0.851562 0.827759
vt 0.851074 0.827148
vt 0.850952 0.825867
vn -0.8184 -0.2431 0.5207
vn -0.8667 0.0615 0.4949
vn -0.8280 0.3828 0.4097
vn -0.8182 0.3905 0.4220
vn -0.8670 0.0617 0.4945
vn -0.8213 -0.2554 0.5102
vn 0.4938 -0.4262 -0.7580
vn 0.5024 -0.2174 -0.8368
vn 0.4858 -0.4233 -0.7647
vn -0.5592 -0.6103 0.5612
vn -0.5610 -0.6112 0.5583
vn -0.1961 -0.7989 0.5686
vn -0.1985 -0.7973 0.5700
vn 0.5550 0.6085 -0.5672
vn 0.5553 0.6086 -0.5668
vn 0.1884 0.7925 -0.5800
vn 0.1884 0.7926 -0.5799
vn 0.8015 0.2675 -0.5348
vn 0.7992 0.2673 -0.5384
vn 0.7986 0.2674 -0.5392
vn 0.7985 0.2676 -0.5393
vn -0.8224 0.3512 0.4475
vn -0.8338 0.3364 0.4378
vn -0.5674 0.7137 0.4107
vn -0.5655 0.7148 0.4114
vn 0.5492 -0.6191 0.5614
vn 0.2005 -0.7976 0.5688
vn 0.2005 -0.7980 0.5684
vn 0.1995 -0.7963 0.5710
vn 0.5029 0.2177 0.8365
vn 0.5025 0.2177 0.8367
vn 0.5023 0.2178 0.8369
vn 0.5023 0.2178 0.8368
vn -0.1919 0.7916 -0.5801
vn -0.1919 0.7917 -0.5800
vn 0.4866 -0.8723 -0.0474
vn 0.4964 -0.7578 -0.4234
vn 0.4857 -0.8728 -0.0475
vn 0.4937 -0.8687 -0.0400
vn -0.4955 -0.0019 0.8686
vn -0.4748 0.0326 0.8795
vn -0.4951 -0.0023 0.8689
vn 0.4668 0.1803 -0.8658
vn 0.4672 0.1803 -0.8656
vn 0.4938 -0.2186 -0.8416
vn -0.5024 0.2177 0.8368
vn -0.5024 0.2177 0.8367
vn 0.5026 -0.4877 0.7138
vn 0.5015 -0.4896 0.7133
vn 0.4997 -0.4952 0.7107
vn -0.8154 -0.3724 -0.4433
vn -0.8666 -0.0613 -0.4952
vn -0.8156 -0.3720 -0.4433
vn -0.4815 0.5673 -0.6680
vn -0.4738 0.5568 -0.6822
vn -0.4826 0.5668 -0.6677
vn -0.8005 0.2638 -0.5381
vn -0.8005 0.2634 -0.5384
vn -0.8010 0.2639 -0.5374
vn -0.5077 0.8612 0.0237
vn -0.4843 0.8745 -0.0268
vn 0.4847 -0.5789 0.6557
vn 0.4742 -0.1908 0.8595
vn 0.4758 -0.1906 0.8587
vn 0.4729 -0.1925 0.8598
vn -0.4886 0.8328 0.2602
vn -0.4743 0.5898 0.6536
vn -0.4752 0.5892 0.6535
vn -0.4720 0.5915 0.6537
vn -0.4918 0.4985 -0.7139
vn -0.4943 0.7485 -0.4420
vn -0.4950 0.7486 -0.4411
vn -0.4855 0.7487 -0.4514
vn -0.4920 0.4987 -0.7136
vn -1.0000 0.0001 -0.0001
vn -1.0000 0.0005 -0.0000
vn -1.0000 0.0008 -0.0001
vn -1.0000 0.0001 -0.0000
vn -1.0000 -0.0000 -0.0000
vn 0.8666 0.0615 0.4951
vn 0.8665 0.0615 0.4954
vn -0.4848 0.8005 -0.3524
vn -0.4989 0.8047 -0.3217
vn -0.4995 0.8044 -0.3217
vn -0.4933 -0.8686 -0.0472
vn -0.4944 -0.8680 -0.0467
vn -0.4960 -0.7577 -0.4240
vn -0.4966 -0.7569 -0.4248
vn 1.0000 -0.0000 0.0000
vn 1.0000 0.0003 -0.0000
vn -0.4729 -0.1912 0.8601
vn -0.4859 -0.5757 0.6576
vn -0.4840 -0.5770 0.6579
vn -0.4750 -0.1923 0.8587
vn -0.1666 0.7387 -0.6531
vn -0.1686 0.7387 -0.6526
vn -0.1653 0.7414 -0.6504
vn -0.4943 0.6096 -0.6197
vn -0.4939 0.6098 -0.6198
vn 0.4974 0.4011 0.7692
vn 0.4969 0.4020 0.7691
vn 0.4804 0.3854 0.7878
vn 0.4810 0.3851 0.7876
vn 0.4879 0.8321 0.2637
vn 0.4917 0.8302 0.2627
vn 0.4744 0.5910 0.6524
vn 0.4716 0.5910 0.6545
vn 0.4826 0.0362 -0.8751
vn 0.4921 0.4988 -0.7134
vn 0.4924 0.4984 -0.7135
vn 0.4857 0.0341 -0.8735
vn 0.4924 0.0290 -0.8699
vn -0.5441 -0.7279 -0.4172
vn -0.1907 -0.8954 -0.4024
vn -0.1868 -0.8945 -0.4063
vn -0.1906 -0.8952 -0.4029
vn -0.4782 -0.5598 -0.6767
vn -0.4640 -0.5828 -0.6672
vn -0.4643 -0.5828 -0.6669
vn 0.4757 -0.5788 -0.6624
vn 0.4760 -0.5787 -0.6622
vn 0.4596 -0.5657 -0.6847
vn 0.1657 -0.7497 0.6407
vn 0.1584 -0.7483 0.6442
vn 0.1615 -0.7481 0.6437
vn 0.1683 -0.7485 0.6414
vn -0.4980 0.3805 0.7792
vn -0.4982 0.3804 0.7792
vn -0.4853 0.4046 0.7751
vn -0.4852 0.4049 0.7750
vn 0.4916 0.6078 -0.6237
vn 0.4912 0.6091 -0.6227
vn 0.4979 0.6069 -0.6195
vn -0.4939 -0.2186 -0.8416
vn -0.4937 -0.2184 -0.8418
vn -0.4862 -0.8680 0.1013
vn -0.4868 -0.8676 0.1011
vn -0.4877 -0.8674 0.0991
vn -0.4861 -0.8681 0.1005
vn -0.4940 0.2186 0.8415
vn -0.4937 0.2187 0.8417
vn 0.4936 0.2187 0.8417
vn 0.4932 0.2188 0.8420
vn -0.4941 -0.4225 -0.7598
vn -0.4809 0.0290 -0.8763
vn -0.4905 0.0361 -0.8707
vn -0.5022 -0.2175 -0.8369
vn -0.4867 -0.4285 -0.7613
vn -0.4957 0.8609 -0.1145
vn -0.4955 0.8612 -0.1130
vn -0.4877 0.8652 -0.1169
vn -0.4887 0.8641 -0.1203
vn 1.0000 -0.0003 -0.0000
vn 0.8152 -0.3741 -0.4422
vn 0.8664 -0.0612 -0.4955
vn 0.8668 -0.0613 -0.4949
vn 0.8243 -0.2503 0.5078
vn 0.8244 -0.2498 0.5079
vn 0.8148 -0.2542 0.5211
vn 0.8226 0.3948 0.4093
vn 0.8195 0.3857 0.4239
vn 0.4933 0.7449 -0.4492
vn 0.4955 0.8605 -0.1186
vn 0.4946 0.8608 -0.1200
vn 0.4880 0.8653 -0.1141
vn 0.4847 0.7535 -0.4441
vn 0.5380 -0.7331 -0.4161
vn 0.5395 -0.7322 -0.4157
vn 0.1921 -0.8934 -0.4062
vn 0.1888 -0.8952 -0.4037
vn -0.8668 -0.0611 -0.4948
vn -0.8668 0.0616 0.4949
vn -0.8668 0.0617 0.4949
vn 0.4882 -0.7693 0.4121
vn 0.4958 -0.7588 0.4224
vn 0.4874 -0.8673 0.1015
vn 0.4873 -0.8674 0.1010
vn -0.8255 0.2429 -0.5095
vn -0.8258 0.2430 -0.5090
vn -0.8261 0.2148 -0.5210
vn -0.8262 0.2151 -0.5208
vn 0.4821 0.8130 -0.3265
vn 0.4822 0.8130 -0.3263
vn 0.4945 0.7956 -0.3500
vn -0.8161 -0.2178 0.5353
vn -0.8141 -0.2434 0.5273
vn -0.8142 -0.2433 0.5272
vn -0.5438 -0.7614 -0.3529
vn -0.5287 -0.7702 -0.3566
vn 0.1722 -0.9315 -0.3204
vn 0.1723 -0.9313 -0.3210
vn 0.1745 -0.9308 -0.3213
vn 0.5423 -0.7590 -0.3604
vn 0.5312 -0.7703 -0.3528
vn -0.0003 -0.1231 -0.9924
vn 0.0000 -0.1224 -0.9925
vn -0.0001 -0.1234 -0.9924
vn -0.0007 -0.1234 -0.9924
vn 0.0001 0.1240 0.9923
vn 0.0001 0.1239 0.9923
vn 0.0001 0.1232 0.9924
vn 0.0002 0.1244 0.9922
vn -0.0001 0.1243 0.9922
vn -0.0000 0.1246 0.9922
vn 0.0000 0.1240 0.9923
vn 0.0008 0.1233 0.9924
vn -0.0001 0.1233 0.9924
vn 0.0005 0.1245 0.9922
vn 0.4910 -0.8021 0.3400
vn 0.4918 -0.8016 0.3401
vn 0.4852 -0.8069 0.3368
vn 0.4854 -0.8072 0.3358
vn 0.8667 -0.0613 -0.4951
vn 0.8667 -0.0613 -0.4950
vn 0.8665 -0.0612 -0.4953
vn -0.0004 0.1229 0.9924
vn 0.0001 0.1231 0.9924
vn 0.0008 0.1230 0.9924
vn -0.0006 0.1228 0.9924
vn 0.0000 0.1225 0.9925
vn 0.1815 0.9332 0.3101
vn 0.1819 0.9331 0.3102
vn 0.1807 0.9337 0.3092
vn 0.1618 0.7395 -0.6535
vn 0.1657 0.7416 -0.6500
vn 0.1657 0.7413 -0.6504
vn 0.1615 0.7406 -0.6523
vn 0.1865 0.9009 0.3919
vn 0.1912 0.8987 0.3947
vn 0.1897 0.8992 0.3944
vn 0.1851 0.9016 0.3911
vn -0.4914 -0.8041 0.3346
vn -0.4862 -0.8043 0.3415
vn -0.4850 -0.8051 0.3416
vn -0.4904 -0.8049 0.3342
usemtl Steel_-_Satin.001
s 1
f 141/189/238 134/190/239 135/191/240 122/192/241 121/193/242 140/194/243
f 78/195/244 84/196/245 81/197/245 79/198/246
f 141/199/247 140/200/248 150/201/249 151/202/250
f 148/203/251 132/204/252 133/205/253 154/206/254
f 108/207/255 126/208/256 136/209/257 82/210/258
f 147/211/259 138/212/260 154/213/261 153/214/262
f 144/215/263 146/216/264 151/202/265 150/201/266
f 107/217/267 82/218/268 83/219/269 85/220/270
f 154/206/271 149/221/272 148/203/272
f 86/222/273 78/195/274 79/198/275 92/223/276
f 95/224/277 85/220/278 96/225/279
f 108/226/280 104/227/281 99/228/282 111/229/282 127/230/282
f 107/217/283 85/220/284 95/224/283 89/231/283
f 85/220/285 83/219/286 93/232/287
f 140/194/288 121/193/289 119/233/289 139/234/290
f 120/235/291 99/236/292 88/237/293
f 121/238/294 122/239/295 89/240/296 119/241/294
f 88/242/297 103/243/298 118/244/297
f 98/245/299 102/246/300 117/247/301 116/248/302
f 114/249/303 109/250/304 129/251/305 130/252/306
f 90/253/307 100/254/308 105/255/309 106/256/310 101/257/311
f 88/258/312 118/259/313 89/260/314 95/261/315 96/262/315 110/263/316 128/264/316 120/265/316
f 133/266/317 88/258/318 142/267/317
f 88/242/319 99/268/320 103/243/321
f 86/222/322 87/269/323 80/270/324 78/195/325
f 93/271/326 83/272/326 81/273/326 94/274/327
f 115/275/328 97/276/329 98/277/330 116/278/331
f 123/279/332 124/280/333 107/281/334 89/240/335 122/239/336
f 91/282/337 82/218/338 107/217/339 103/283/340
f 113/284/341 114/249/342 130/252/343 131/285/344
f 84/286/345 90/253/346 101/257/347 94/287/348 81/288/349
f 140/289/350 139/290/351 152/291/352 150/292/353
f 111/293/354 128/294/355 110/295/356
f 112/296/357 127/230/358 111/229/359
f 88/297/360 103/298/361 99/299/362 120/300/363
f 103/283/364 107/217/365 89/231/366 118/301/367
f 82/302/368 125/303/369 108/304/370
f 128/305/371 111/306/371 99/307/371 120/308/372
f 96/309/373 85/310/374 111/311/375 110/312/376
f 129/251/377 115/313/378 116/248/378 130/252/378
f 117/247/379 131/285/379 130/252/380 116/248/379
f 80/314/381 100/315/382 90/316/383 84/317/384 78/318/385
f 105/255/386 109/319/387 114/320/388 106/256/389
f 112/321/326 93/271/326 94/274/327 113/322/326 131/323/326 117/324/326 102/325/326 92/326/327 79/327/326 81/273/326 83/272/326 82/328/326 91/329/326 104/330/390 108/331/326 127/332/326
f 145/333/391 136/334/392 126/335/393 144/336/391
f 137/337/394 146/338/395 144/336/396 126/335/397 108/339/398
f 101/257/399 106/256/400 114/320/401 113/340/402 94/287/403
f 145/341/404 144/342/405 150/292/406 152/291/407
f 91/343/408 143/344/408 138/345/408
f 91/343/409 138/345/410 147/346/409 102/347/410
f 85/348/411 93/349/412 112/296/413 111/229/414
f 143/350/415 149/221/416 154/206/417 138/351/418
f 103/352/419 99/353/420 104/330/421 91/329/421
f 91/354/422 102/355/423 104/356/424 99/357/425 103/358/426
f 88/297/427 89/359/428 103/298/429
f 88/258/430 118/259/431 89/260/431
f 143/360/432 136/361/433 145/362/432 148/363/434 149/364/435
f 104/365/436 102/366/437 137/367/438 108/368/439 124/369/440 123/370/441 122/371/442 135/372/442 134/373/443 142/374/444 88/375/442 120/376/445 99/377/436
f 92/223/446 102/378/447 98/379/448 86/222/449
f 133/266/450 132/380/451 118/259/452 88/258/451
f 146/381/453 137/367/438 102/366/437 147/211/454 153/214/455 142/374/444 134/373/443 141/382/456 151/383/457
f 124/369/458 108/368/459 125/384/460
f 107/281/461 124/280/462 125/385/463 82/386/464
f 142/374/465 153/214/466 154/213/467 133/387/468
f 98/277/469 97/276/470 87/388/471 86/389/472
f 109/390/316 105/391/316 100/315/316 80/314/316 87/392/316 97/393/316 115/394/316 129/395/316
o MeshBody4_(5)_MeshBody4_(5).001
v 2.374477 1.955337 0.345402
v 2.371727 1.950711 0.347685
v 2.371727 1.954554 0.344014
v 2.368979 1.952081 0.348463
v 2.374477 1.965672 0.341200
v 2.374477 1.956912 0.348175
v 2.371727 1.949723 0.351074
v 2.374477 1.951274 0.351218
v 2.374477 1.969310 0.343513
v 2.374477 1.969762 0.340250
v 2.371727 1.969061 0.345159
v 2.371727 1.950340 0.355106
v 2.368979 1.951814 0.354527
v 2.368979 1.965672 0.341200
v 2.371727 1.969966 0.338633
v 2.374477 1.954413 0.351493
v 2.368979 1.969310 0.343513
v 2.371727 1.952646 0.358473
v 2.371727 1.973036 0.339836
v 2.374477 1.953745 0.357294
v 2.371724 1.956632 0.349700
v 2.374477 1.955903 0.354950
v 2.374477 1.971931 0.345473
v 2.374477 1.974468 0.343580
v 2.368979 1.972249 0.341228
v 2.368979 1.974468 0.343580
v 2.368979 1.956386 0.358712
v 2.371727 1.955869 0.360224
v 2.371727 1.975736 0.342634
v 2.369744 1.955561 0.353067
v 2.369788 1.958522 0.354857
v 2.366210 1.957383 0.349407
v 2.371717 1.959527 0.348571
v 2.368979 1.975633 0.346722
v 2.374477 1.975633 0.346722
v 2.371727 1.977165 0.346386
v 2.371727 1.961856 0.360071
v 2.374477 1.960305 0.355592
v 2.374477 1.961342 0.358577
v 2.367658 1.953236 0.351027
v 2.365032 1.959513 0.351521
v 2.367846 1.961438 0.350768
v 2.371714 1.962185 0.350476
v 2.375589 1.961451 0.350763
v 2.378414 1.959527 0.351516
v 2.380555 1.954723 0.353395
v 2.378975 1.955650 0.355983
v 2.371727 1.971020 0.348610
v 2.368979 1.972719 0.353847
v 2.371727 1.973618 0.355131
v 2.374477 1.972719 0.353847
v 2.364498 1.942756 0.355129
v 2.367658 1.943022 0.355025
v 2.369238 1.944027 0.357581
v 2.367658 1.955366 0.356095
v 2.366210 1.959668 0.354408
v 2.364498 1.955644 0.355987
v 2.378975 1.953509 0.350920
v 2.378975 1.944487 0.360348
v 2.374235 1.944022 0.357582
v 2.366171 1.938732 0.356710
v 2.364947 1.938578 0.359712
v 2.368618 1.942217 0.361233
v 2.375815 1.943019 0.355027
v 2.378505 1.938574 0.359714
v 2.374852 1.942232 0.361227
v 2.367746 1.936468 0.360538
v 2.369842 1.939636 0.356355
v 2.375002 1.937048 0.357372
v 2.373607 1.939646 0.356352
v 2.375002 1.938553 0.362660
v 2.371726 1.935626 0.360867
v 2.371723 1.936362 0.357643
v 2.371718 1.940846 0.361768
v 2.371715 1.941524 0.358560
vt 0.804443 0.855530
vt 0.804138 0.855591
vt 0.804077 0.854248
vt 0.804382 0.854248
vt 0.855835 0.822815
vt 0.855835 0.823242
vt 0.855469 0.822998
vt 0.855042 0.494629
vt 0.855042 0.496460
vt 0.854553 0.496643
vt 0.854797 0.495178
vt 0.851868 0.554749
vt 0.851318 0.555115
vt 0.851013 0.555481
vt 0.850464 0.554993
vt 0.850342 0.554504
vt 0.851013 0.553040
vt 0.850647 0.554504
vt 0.850830 0.554932
vt 0.851379 0.554749
vt 0.852051 0.553467
vt 0.855042 0.496887
vt 0.856232 0.739197
vt 0.855988 0.739563
vt 0.855652 0.739563
vt 0.855682 0.739136
vt 0.855804 0.738770
vt 0.856110 0.738892
vt 0.851624 0.787048
vt 0.851624 0.785217
vt 0.852051 0.785095
vt 0.851807 0.786987
vt 0.513916 0.761719
vt 0.514282 0.761841
vt 0.514160 0.762024
vt 0.513916 0.762024
vt 0.508911 0.855652
vt 0.508911 0.856323
vt 0.508667 0.856201
vt 0.508667 0.854370
vt 0.508911 0.854370
vt 0.851501 0.784790
vt 0.851440 0.784485
vt 0.851379 0.784119
vt 0.851685 0.784058
vt 0.851746 0.784546
vt 0.852295 0.784790
vt 0.852722 0.784851
vt 0.853027 0.785034
vt 0.852966 0.785156
vt 0.852356 0.784973
vt 0.855469 0.822571
vt 0.855225 0.845459
vt 0.855225 0.843079
vt 0.855591 0.843201
vt 0.855591 0.844849
vt 0.855591 0.845337
vt 0.851318 0.783691
vt 0.851257 0.783386
vt 0.851746 0.783691
vt 0.852051 0.554749
vt 0.851746 0.555298
vt 0.851379 0.555420
vt 0.855469 0.821655
vt 0.855225 0.822815
vt 0.855225 0.821350
vt 0.855835 0.821289
vt 0.801575 0.855347
vt 0.801819 0.855835
vt 0.801453 0.855896
vt 0.515015 0.605286
vt 0.515076 0.603516
vt 0.515381 0.603638
vt 0.515381 0.604065
vt 0.515320 0.605225
vt 0.851746 0.552734
vt 0.851624 0.553162
vt 0.851318 0.552979
vt 0.850708 0.552734
vt 0.851013 0.552551
vt 0.851440 0.552490
vt 0.504211 0.855103
vt 0.504272 0.854370
vt 0.504578 0.854248
vt 0.504456 0.854980
vt 0.856079 0.572937
vt 0.856079 0.573242
vt 0.855713 0.573242
vt 0.855713 0.572876
vt 0.504883 0.854370
vt 0.504761 0.854980
vt 0.504272 0.855713
vt 0.504211 0.855347
vt 0.504456 0.855469
vt 0.504517 0.855835
vt 0.815552 0.855774
vt 0.815491 0.855286
vt 0.815857 0.855347
vt 0.815857 0.855896
vt 0.805969 0.855957
vt 0.805969 0.855499
vt 0.806030 0.855286
vt 0.806213 0.855499
vt 0.806274 0.855957
vt 0.807983 0.850769
vt 0.807861 0.850647
vt 0.808228 0.850525
vt 0.808716 0.850647
vt 0.808594 0.850769
vt 0.804077 0.853638
vt 0.804138 0.853394
vt 0.804443 0.853516
vt 0.854309 0.496948
vt 0.854187 0.496460
vt 0.854492 0.494629
vt 0.854614 0.830688
vt 0.854919 0.830444
vt 0.854919 0.831848
vt 0.854614 0.831726
vt 0.515015 0.605774
vt 0.515381 0.605835
vt 0.515076 0.605957
vt 0.855835 0.821655
vt 0.852600 0.787231
vt 0.852295 0.786987
vt 0.852783 0.786987
vt 0.851929 0.787537
vt 0.852356 0.787354
vt 0.855225 0.823181
vt 0.854980 0.843628
vt 0.854980 0.843201
vt 0.801819 0.855286
vt 0.514771 0.605652
vt 0.514771 0.604065
vt 0.514832 0.603394
vt 0.809082 0.852600
vt 0.808594 0.852844
vt 0.808716 0.851440
vt 0.808472 0.851074
vt 0.808105 0.851074
vt 0.807861 0.851501
vt 0.808105 0.853333
vt 0.807495 0.852783
vt 0.807495 0.851501
vt 0.809082 0.851379
vt 0.851135 0.784668
vt 0.852051 0.785767
vt 0.852295 0.786682
vt 0.853027 0.786804
vt 0.853210 0.785583
vt 0.853210 0.787292
vt 0.852661 0.787598
vt 0.504822 0.855347
vt 0.504883 0.855835
vt 0.504578 0.856079
vt 0.808472 0.852783
vt 0.808350 0.853027
vt 0.808105 0.852783
vt 0.808960 0.853027
vt 0.808472 0.853333
vt 0.803833 0.855530
vt 0.803833 0.853760
vt 0.850891 0.783875
vt 0.854874 0.541504
vt 0.854767 0.541077
vt 0.855194 0.540833
vt 0.855194 0.541565
vt 0.854614 0.830322
vt 0.854065 0.830444
vt 0.854187 0.829956
vt 0.514282 0.818848
vt 0.514099 0.818481
vt 0.514282 0.818237
vt 0.855835 0.574524
vt 0.855713 0.574219
vt 0.856323 0.572937
vt 0.856323 0.574524
vt 0.515076 0.603271
vt 0.854370 0.831848
vt 0.854919 0.830078
vt 0.514526 0.762207
vt 0.513916 0.762390
vt 0.852844 0.785706
vt 0.852600 0.785339
vt 0.852234 0.785339
vt 0.514526 0.761841
vt 0.514282 0.800354
vt 0.514282 0.801117
vt 0.514038 0.800842
vt 0.856232 0.739746
vt 0.856110 0.739990
vt 0.855804 0.740112
vt 0.855682 0.739929
vn 0.4867 0.3355 0.8066
vn 0.4951 0.3357 0.8014
vn 0.4981 0.3359 0.7995
vn 0.4893 0.3356 0.8049
vn 0.5235 -0.8343 -0.1727
vn 0.5237 -0.8342 -0.1728
vn 0.5353 -0.8245 -0.1835
vn 0.7981 -0.5761 0.1766
vn 0.4982 -0.3265 -0.8033
vn 0.4890 -0.3253 -0.8093
vn 0.4693 -0.8791 -0.0832
vn 0.0002 0.3646 0.9311
vn 0.0002 0.3646 0.9312
vn 0.0002 0.3645 0.9312
vn 0.0002 0.3637 0.9315
vn -0.0004 0.3653 0.9309
vn 0.0001 0.3651 0.9310
vn -0.0004 0.3638 0.9315
vn 0.4841 -0.0523 -0.8735
vn 0.4718 -0.0353 -0.8810
vn 0.4718 -0.0352 -0.8810
vn -0.4889 -0.7161 0.4982
vn -0.4891 -0.7152 0.4992
vn -0.4975 -0.7124 0.4949
vn -0.4927 -0.4146 0.7651
vn -0.4973 -0.4142 0.7624
vn -0.4930 -0.4126 0.7660
vn 0.8667 -0.1818 -0.4645
vn 0.8066 -0.4744 -0.3525
vn 0.8077 -0.4749 -0.3495
vn 0.8667 -0.1817 -0.4645
vn -0.8158 0.4523 0.3604
vn -0.8266 0.4371 0.3545
vn -0.5560 0.7914 0.2542
vn -0.5538 0.7928 0.2543
vn 0.8311 -0.1241 0.5421
vn 0.8317 -0.1248 0.5409
vn 0.8214 -0.1249 0.5565
vn 0.8668 0.1818 0.4644
vn 0.8667 0.1819 0.4644
vn -0.4994 0.4545 -0.7376
vn -0.1666 0.5749 -0.8011
vn -0.1713 0.5739 -0.8008
vn -0.1712 0.5781 -0.7978
vn -0.4996 0.4545 -0.7374
vn -0.1854 -0.9589 -0.2146
vn -0.5256 -0.8099 -0.2605
vn -0.5321 -0.8064 -0.2581
vn -0.1854 -0.9591 -0.2140
vn -0.1809 -0.9589 -0.2186
vn 0.8295 -0.4360 -0.3491
vn 0.8273 -0.4638 -0.3168
vn 0.8291 -0.4362 -0.3498
vn -0.8084 -0.4725 -0.3511
vn -0.8054 0.1285 -0.5786
vn -0.8054 0.1296 -0.5783
vn -0.8077 -0.4723 -0.3528
vn -0.8066 -0.4741 -0.3531
vn 0.4963 0.4506 -0.7420
vn 0.5040 0.4517 -0.7362
vn 0.1634 0.5760 -0.8009
vn 0.1640 0.5751 -0.8015
vn 0.1649 0.5791 -0.7984
vn 0.8150 0.4792 0.3258
vn 0.8151 0.4791 0.3258
vn 0.8187 0.4850 0.3073
vn 0.5268 0.8347 0.1603
vn 0.5258 0.8352 0.1610
vn 0.8667 0.1817 0.4646
vn 0.5527 0.7937 0.2541
vn 0.5544 0.7923 0.2548
vn 0.4863 0.7242 -0.4890
vn 0.4979 0.7030 -0.5078
vn 0.4975 0.7031 -0.5080
vn 0.5025 -0.3269 -0.8004
vn 0.4874 -0.1898 -0.8523
vn 0.4948 -0.1968 -0.8464
vn 0.4996 -0.3267 -0.8023
vn 0.4985 -0.3266 -0.8030
vn -0.0002 0.3628 0.9318
vn -0.0002 0.3630 0.9318
vn -0.0000 0.3629 0.9318
vn -0.0003 0.3628 0.9319
vn 0.0001 0.3627 0.9319
vn 0.0002 0.3627 0.9319
vn -0.4678 0.7396 0.4839
vn -0.4684 0.7390 0.4842
vn -0.4658 0.7407 0.4841
vn -0.4806 0.8751 0.0568
vn -0.8320 0.0859 -0.5481
vn -0.8320 0.0855 -0.5481
vn -0.5644 0.4806 -0.6712
vn -0.5637 0.4811 -0.6714
vn 0.4832 0.8737 0.0562
vn 0.4675 0.7405 0.4829
vn 0.4658 0.7405 0.4844
vn 0.4795 0.8755 0.0606
vn -0.4961 0.6317 -0.5956
vn -0.4913 0.8164 -0.3035
vn -0.4919 0.8163 -0.3030
vn -0.4867 0.8158 -0.3123
vn -0.4871 0.6284 -0.6064
vn -0.4867 0.6287 -0.6065
vn -0.1598 -0.5871 0.7936
vn -0.1583 -0.5925 0.7898
vn -0.1608 -0.5910 0.7905
vn -0.1667 -0.5873 0.7920
vn 0.8331 -0.0868 0.5463
vn 0.8328 -0.0870 0.5467
vn 0.8168 -0.1004 0.5682
vn 0.1873 -0.9578 -0.2180
vn 0.1867 -0.9578 -0.2187
vn 0.1841 -0.9593 -0.2140
vn 0.5249 -0.8118 -0.2561
vn 0.5255 -0.8114 -0.2559
vn 0.4970 -0.7116 0.4966
vn 0.4945 -0.7180 0.4899
vn 0.4906 -0.8614 0.1319
vn 0.4816 -0.8663 0.1325
vn 0.4892 -0.8608 0.1404
vn 0.4979 -0.4112 0.7635
vn 0.4934 -0.4155 0.7641
vn 0.4798 0.0241 0.8770
vn 0.4806 0.0239 0.8766
vn 0.4796 0.0219 0.8772
vn -0.4954 -0.3243 -0.8059
vn -0.4705 -0.0523 -0.8809
vn -0.4803 -0.0351 -0.8764
vn -0.4892 -0.3279 -0.8082
vn -0.4705 -0.8795 -0.0715
vn 0.4979 0.3213 0.8055
vn 0.5024 0.3221 0.8024
vn 0.5047 0.3216 0.8012
vn 0.4997 0.3210 0.8045
vn 0.4900 -0.6002 -0.6322
vn 0.4898 -0.6021 -0.6305
vn 0.4814 -0.6011 -0.6379
vn 0.4866 -0.8384 -0.2455
vn 0.4856 -0.8391 -0.2450
vn 0.8668 -0.1818 -0.4644
vn 0.8667 -0.1818 -0.4644
vn -0.1683 -0.9798 -0.1084
vn -0.1682 -0.9798 -0.1085
vn -0.1655 -0.9801 -0.1096
vn 0.8044 0.1311 -0.5795
vn 0.8052 0.1319 -0.5782
vn 0.8037 0.1317 -0.5803
vn 0.8033 0.1325 -0.5807
vn 0.5202 -0.4478 0.7272
vn 0.5194 -0.4483 0.7275
vn 0.5210 -0.4472 0.7271
vn -0.8244 -0.1140 0.5544
vn -0.8248 0.4721 0.3110
vn -0.8244 0.4728 0.3111
vn -0.8131 0.4846 0.3225
vn 0.5892 0.4629 -0.6622
vn 0.5652 0.4736 -0.6755
vn 0.5657 0.4729 -0.6756
vn 0.4895 0.3843 -0.7828
vn 0.4893 0.3847 -0.7827
vn 0.4839 0.4018 -0.7774
vn -0.4894 -0.5979 -0.6348
vn -0.4931 -0.1919 -0.8485
vn -0.4868 -0.1978 -0.8508
vn -0.4964 -0.1898 -0.8471
vn -0.4822 -0.6046 -0.6340
vn -0.4814 -0.6055 -0.6337
vn 1.0000 0.0000 0.0000
vn 1.0000 0.0003 -0.0000
vn 0.7980 -0.5762 0.1766
vn -0.5346 0.8293 0.1628
vn -0.5347 0.8290 0.1641
vn -0.5251 0.8340 0.1694
vn -0.0004 -0.3638 -0.9315
vn -0.0003 -0.3641 -0.9314
vn 0.0002 -0.3652 -0.9309
vn -0.0004 -0.3637 -0.9315
vn 0.0001 -0.3640 -0.9314
vn 0.0002 -0.3640 -0.9314
vn 0.0002 -0.3642 -0.9313
vn 0.0003 -0.3652 -0.9309
vn 0.0001 -0.3637 -0.9315
vn 0.4957 0.6250 -0.6030
vn 0.4956 0.6251 -0.6030
vn 0.4862 0.6358 -0.5995
vn 0.4978 0.3176 -0.8071
vn 0.4991 0.3168 -0.8065
vn 0.4907 -0.6581 0.5711
vn 0.4967 -0.6466 0.5790
vn 0.4814 -0.8268 0.2910
vn 0.4825 -0.8258 0.2922
vn 0.4827 -0.8257 0.2919
vn -0.4874 0.3381 0.8051
vn -0.4955 0.3343 0.8017
vn -0.4787 0.0239 0.8777
vn -0.4814 0.0226 0.8762
vn -0.4901 0.3372 0.8038
vn 0.1804 0.9790 0.0953
vn 0.1802 0.9790 0.0956
vn 0.1803 0.9791 0.0936
vn -0.4825 -0.8257 0.2922
vn -0.4827 -0.8264 0.2900
vn -0.4820 -0.8266 0.2904
vn -0.4913 -0.6486 0.5813
vn 0.4874 0.8173 -0.3074
vn 0.4912 0.8140 -0.3101
vn 0.4841 0.8202 -0.3047
vn 0.4832 0.8208 -0.3045
vn -0.4948 0.5608 0.6638
vn -0.4948 0.5608 0.6639
vn -0.4813 0.5838 0.6538
vn -0.4817 0.5836 0.6538
vn -0.1816 0.9787 0.0958
vn -0.1817 0.9787 0.0960
vn -0.1820 0.9786 0.0958
vn -0.4894 0.7067 -0.5110
vn -0.5012 0.7175 -0.4837
vn -0.4884 0.7072 -0.5111
vn -0.8668 -0.1816 -0.4644
vn -0.8666 -0.1819 -0.4647
vn -0.8668 0.1817 0.4643
vn -0.8670 0.1815 0.4641
vn -0.4989 0.3173 -0.8065
vn -0.4990 0.3172 -0.8065
vn -0.4986 0.3164 -0.8070
vn -0.5025 0.3205 0.8030
vn -0.5042 0.3199 0.8022
vn -0.4996 0.3224 0.8041
vn -0.4977 0.3232 0.8049
vn 0.4775 0.5674 0.6708
vn 0.4945 0.5790 0.6483
vn 0.4937 0.5792 0.6487
vn 0.4761 0.5679 0.6715
vn 0.1860 0.9614 0.2026
vn 0.1802 0.9632 0.1994
vn 0.1817 0.9628 0.2000
vn 0.1867 0.9612 0.2031
vn 0.0002 -0.3653 -0.9309
vn 0.0006 -0.3655 -0.9308
vn 0.0002 -0.3657 -0.9307
vn 0.0007 -0.3659 -0.9306
vn -0.1969 0.6572 -0.7275
vn -0.1967 0.6573 -0.7275
vn -0.1959 0.6576 -0.7275
vn -1.0000 0.0001 0.0000
vn -0.4897 -0.8619 0.1318
vn -0.4816 -0.8650 0.1406
vn -0.4865 -0.8386 -0.2449
vn -0.4870 -0.8382 -0.2454
vn -0.4865 -0.8387 -0.2449
vn -0.4846 -0.8650 0.1301
usemtl Steel_-_Satin.001
s 1
f 205/396/473 204/397/474 191/398/475 193/399/476
f 194/400/477 175/401/478 184/402/479
f 189/403/480 192/404/481 185/405/482 202/406/483
f 201/407/484 192/408/484 197/409/484 210/410/485 211/411/486 217/412/487 209/413/488 185/414/489 176/415/485 213/416/490
f 185/405/491 192/404/492 176/417/493
f 209/418/494 167/419/495 166/420/496 172/421/497 182/422/498 181/423/499
f 200/424/500 219/425/501 223/426/502 212/427/503
f 220/428/504 214/429/505 229/430/506 228/431/507
f 213/432/508 225/433/509 219/434/510 200/435/511 201/436/512
f 195/437/513 196/438/514 197/439/515 187/440/516 186/441/517
f 226/442/518 221/443/519 216/444/520 215/445/521 227/446/522
f 167/447/523 194/400/524 184/402/525
f 216/448/526 195/449/527 186/450/528 206/451/529 215/452/530
f 198/453/531 199/454/532 160/455/533 187/440/534 197/439/535
f 192/408/536 201/407/537 200/456/538 199/457/539 198/458/540
f 208/459/541 167/447/541 209/460/541 217/461/542 222/462/543
f 184/463/544 176/464/545 170/465/546
f 157/466/547 169/467/548 164/468/549 159/469/550 155/470/551
f 225/471/552 213/416/490 176/415/485 220/472/553 228/473/554 217/412/487 211/411/486 216/474/555 221/475/556 226/476/557
f 188/477/558 203/478/559 204/479/560 190/480/561
f 229/481/562 214/482/563 218/483/564 224/484/565
f 190/480/566 204/479/567 205/485/568 189/486/569
f 179/487/570 180/488/571 188/477/572 190/480/573 183/489/574 173/490/575
f 184/491/576 170/492/577 176/493/578 185/494/579
f 167/447/580 184/402/581 209/460/582
f 225/495/583 226/496/584 227/497/585 223/498/586 219/499/587
f 174/500/588 172/501/589 166/502/590 161/503/591 162/504/592
f 182/505/593 172/506/594 174/507/595 193/399/596 191/398/597
f 202/406/598 185/405/599 209/508/600 210/509/601 188/510/602
f 187/511/603 160/512/604 163/513/605 165/514/606
f 156/515/607 157/466/608 155/470/609 162/516/610 161/517/611
f 208/459/612 207/518/613 194/400/612 167/447/612
f 175/519/614 170/520/615 184/521/616
f 199/522/617 200/424/618 212/427/619 160/523/620
f 185/524/621 209/460/622 184/402/623
f 216/448/624 211/525/625 210/526/626 195/449/627
f 208/459/628 222/462/629 207/518/630
f 184/463/631 185/527/632 176/464/633
f 158/528/634 168/529/635 179/530/636 169/467/637 157/466/638 156/515/639
f 159/531/640 163/532/641 160/533/640 170/534/640 176/535/640 192/536/640 189/537/642 205/538/640 193/539/640 174/500/640 162/504/640 155/540/640
f 210/541/643 196/438/644 195/437/645
f 160/523/646 212/427/647 218/542/648 162/543/649 170/520/650 175/519/651 194/544/652 206/545/653 186/546/654 187/547/650
f 173/490/655 183/489/656 178/548/657 164/549/658 169/550/659
f 165/551/660 163/532/661 177/552/662 189/537/663 202/553/664
f 164/554/640 178/555/640 189/537/640 177/552/640 163/532/641 159/531/640
f 204/397/665 203/556/666 181/557/667 182/505/668 191/398/669
f 197/439/670 192/558/671 198/453/672
f 165/559/673 202/560/674 188/561/675 171/562/676
f 183/489/677 190/480/678 189/486/679 178/548/680
f 175/563/681 187/511/682 186/564/683 194/565/684
f 196/438/685 210/541/686 197/439/687
f 209/566/688 184/567/689 194/568/690
f 170/569/691 162/570/691 218/483/692 214/482/693 220/571/693 176/572/694
f 179/530/695 173/573/696 169/467/697
f 187/511/698 165/514/699 171/574/700 186/564/701
f 175/563/702 170/575/703 160/512/704 187/511/705
f 229/430/706 222/576/707 217/577/708 228/431/709
f 215/445/710 206/545/653 194/544/652 207/578/711 222/579/712 224/580/710 218/542/648 212/427/647 223/426/713 227/446/712
f 229/430/714 224/581/715 222/576/716
f 171/582/717 188/583/717 180/584/717
f 166/420/718 167/419/719 194/585/720 158/586/721 156/587/722 161/588/723
o MeshBody4_(6)_MeshBody4_(6).001
v 2.374477 1.981293 0.329512
v 2.371727 1.977438 0.332938
v 2.374477 1.978922 0.333360
v 2.368979 1.978922 0.333360
v 2.374477 1.992161 0.325395
v 2.371727 1.977293 0.336535
v 2.368979 1.981293 0.329512
v 2.374477 1.994693 0.321741
v 2.371727 1.994635 0.326142
v 2.371727 1.978816 0.340358
v 2.368979 1.980085 0.339412
v 2.371727 1.994553 0.320166
v 2.368979 1.982568 0.341650
v 2.371727 1.981794 0.343093
v 2.368979 1.994693 0.321741
v 2.369788 1.983236 0.333650
v 2.371724 1.986874 0.337795
v 2.374477 2.000028 0.323909
v 2.368979 2.000028 0.323909
v 2.371727 1.985276 0.344002
v 2.371727 2.000988 0.322653
v 2.374477 1.985418 0.342380
v 2.369744 1.983313 0.337018
v 2.368494 1.985510 0.331962
v 2.371717 1.989463 0.335869
v 2.374945 1.988930 0.336267
v 2.373659 1.983242 0.333645
v 2.368979 2.001910 0.326713
v 2.368979 1.998907 0.327814
v 2.374477 1.998907 0.327814
v 2.368979 1.990123 0.340986
v 2.371727 1.990965 0.342329
v 2.367658 1.980621 0.335594
v 2.364498 1.980850 0.335423
v 2.368565 1.985810 0.338588
v 2.368494 1.988920 0.336273
v 2.362917 1.982580 0.337564
v 2.365032 1.986717 0.334487
v 2.367846 1.988374 0.333256
v 2.375589 1.988385 0.333248
v 2.378414 1.986728 0.334480
v 2.374945 1.985519 0.331954
v 2.380555 1.982591 0.337555
v 2.378975 1.984080 0.339873
v 2.375816 1.983829 0.340060
v 2.374237 1.982099 0.337921
v 2.371727 2.003959 0.329682
v 2.374477 2.002384 0.329647
v 2.374477 1.997643 0.331433
v 2.371727 1.996456 0.330358
v 2.368979 1.997643 0.331433
v 2.368979 2.000027 0.333577
v 2.371727 2.001222 0.334646
v 2.374477 2.000027 0.333577
v 2.367658 1.971840 0.342137
v 2.369238 1.973381 0.344402
v 2.364498 1.984074 0.339877
v 2.378975 1.980856 0.335420
v 2.375816 1.980615 0.335600
v 2.375815 1.974685 0.346842
v 2.374235 1.973377 0.344405
v 2.366171 1.968154 0.344891
v 2.364947 1.968689 0.347890
v 2.367658 1.974687 0.346841
v 2.375815 1.971838 0.342138
v 2.378505 1.968685 0.347893
v 2.377287 1.968155 0.344889
v 2.367746 1.966597 0.348749
v 2.368445 1.969233 0.350647
v 2.369842 1.968931 0.344309
v 2.369842 1.971652 0.349087
v 2.375700 1.966605 0.348746
v 2.373607 1.968939 0.344304
v 2.375002 1.969242 0.350643
v 2.373607 1.971660 0.349081
v 2.371723 1.968530 0.350924
v 2.371723 1.965930 0.346079
v 2.371715 1.971226 0.346004
vt 0.849243 0.849915
vt 0.849609 0.849854
vt 0.849731 0.851501
vt 0.849304 0.852112
vt 0.848633 0.852112
vt 0.848206 0.851440
vt 0.848450 0.849792
vt 0.848816 0.849915
vt 0.848572 0.850281
vt 0.848572 0.851440
vt 0.848755 0.851807
vt 0.849182 0.851807
vt 0.849426 0.851501
vt 0.849426 0.850342
vt 0.829956 0.855408
vt 0.829956 0.855789
vt 0.829590 0.855637
vt 0.790161 0.848694
vt 0.790161 0.848511
vt 0.790527 0.848633
vt 0.790405 0.849182
vt 0.790039 0.849182
vt 0.853149 0.552429
vt 0.852905 0.552002
vt 0.852661 0.550720
vt 0.852295 0.550415
vt 0.852905 0.550354
vt 0.853149 0.550781
vt 0.790161 0.851013
vt 0.790527 0.850891
vt 0.855713 0.833618
vt 0.855408 0.832214
vt 0.855713 0.831909
vt 0.855225 0.834045
vt 0.855347 0.833679
vt 0.855713 0.833862
vt 0.855896 0.789734
vt 0.855652 0.789917
vt 0.855652 0.789490
vt 0.855591 0.788574
vt 0.855835 0.788574
vt 0.855896 0.788208
vt 0.852661 0.552185
vt 0.815155 0.855835
vt 0.814819 0.855835
vt 0.815033 0.855347
vt 0.851562 0.552307
vt 0.851440 0.550964
vt 0.851562 0.550354
vt 0.851807 0.550476
vt 0.851807 0.552246
vt 0.852173 0.552124
vt 0.852417 0.552490
vt 0.799438 0.854492
vt 0.799744 0.854614
vt 0.799805 0.855286
vt 0.799438 0.854858
vt 0.799072 0.854980
vt 0.799255 0.853516
vt 0.799500 0.853577
vt 0.852448 0.539001
vt 0.851929 0.538757
vt 0.852356 0.538696
vt 0.852722 0.538696
vt 0.853027 0.538818
vt 0.852844 0.539124
vt 0.855713 0.505249
vt 0.855713 0.504761
vt 0.856079 0.504822
vt 0.856079 0.505554
vt 0.515076 0.525269
vt 0.515076 0.524902
vt 0.515381 0.525085
vt 0.515320 0.525391
vt 0.777405 0.855225
vt 0.777100 0.855225
vt 0.777100 0.854858
vt 0.777161 0.854370
vt 0.777466 0.854492
vt 0.855469 0.833618
vt 0.850647 0.558960
vt 0.850952 0.559204
vt 0.850342 0.559204
vt 0.799805 0.853210
vt 0.799805 0.853516
vt 0.515076 0.527527
vt 0.515381 0.526978
vt 0.515381 0.527466
vt 0.787476 0.855225
vt 0.787109 0.855286
vt 0.787048 0.854126
vt 0.787354 0.854065
vt 0.777466 0.855591
vt 0.777466 0.855713
vt 0.777161 0.855957
vt 0.515015 0.537170
vt 0.515076 0.539001
vt 0.514832 0.538818
vt 0.514771 0.537170
vt 0.852509 0.540649
vt 0.852753 0.539551
vt 0.852966 0.539551
vt 0.852722 0.540710
vt 0.848633 0.849426
vt 0.849060 0.849548
vt 0.514343 0.822510
vt 0.514099 0.822144
vt 0.514343 0.822144
vt 0.855835 0.741333
vt 0.856201 0.741394
vt 0.856140 0.741699
vt 0.856201 0.742065
vt 0.855835 0.742126
vt 0.855591 0.741760
vt 0.855652 0.793945
vt 0.855957 0.793945
vt 0.856018 0.794617
vt 0.855713 0.794800
vt 0.855652 0.794556
vt 0.776917 0.855713
vt 0.776855 0.855225
vt 0.785889 0.812500
vt 0.785889 0.813354
vt 0.785706 0.813232
vt 0.785706 0.812500
vt 0.515076 0.536621
vt 0.515137 0.536377
vt 0.515442 0.536499
vt 0.515320 0.537170
vt 0.855347 0.790039
vt 0.855286 0.789551
vt 0.856140 0.818481
vt 0.856079 0.818848
vt 0.855774 0.818848
vt 0.855835 0.818420
vt 0.855713 0.571655
vt 0.856079 0.571716
vt 0.855957 0.572083
vt 0.855713 0.572449
vt 0.853455 0.532837
vt 0.853455 0.533203
vt 0.853027 0.532837
vt 0.856140 0.819397
vt 0.855835 0.819519
vt 0.855774 0.819275
vt 0.515442 0.539124
vt 0.851807 0.550110
vt 0.852051 0.550415
vt 0.853271 0.513428
vt 0.853271 0.513916
vt 0.852905 0.513184
vt 0.853027 0.511902
vt 0.853516 0.511353
vt 0.853882 0.511353
vt 0.854248 0.511658
vt 0.853638 0.511658
vt 0.853394 0.512024
vt 0.787231 0.855591
vt 0.514832 0.527466
vt 0.514771 0.527039
vt 0.514771 0.525391
vt 0.855713 0.792603
vt 0.856018 0.792664
vt 0.799622 0.855286
vt 0.799133 0.855042
vt 0.848511 0.852234
vt 0.848206 0.851990
vt 0.848022 0.851440
vt 0.856323 0.571350
vt 0.855957 0.571167
vt 0.853027 0.540833
vt 0.852478 0.541382
vt 0.852142 0.541382
vt 0.851837 0.541199
vt 0.851562 0.540527
vt 0.852142 0.539368
vt 0.852081 0.540405
vt 0.851929 0.540833
vt 0.852203 0.541016
vt 0.787476 0.853821
vt 0.787109 0.853760
vt 0.849487 0.849487
vt 0.849731 0.849731
vt 0.855164 0.832397
vt 0.852295 0.549988
vt 0.852661 0.550049
vt 0.515137 0.527771
vt 0.514099 0.803162
vt 0.514343 0.803040
vt 0.514343 0.803589
vt 0.514099 0.803650
vt 0.855957 0.742493
vt 0.848328 0.849670
vt 0.851349 0.540466
vt 0.855957 0.741089
vt 0.850708 0.558594
vt 0.850342 0.558838
vt 0.850403 0.558472
vt 0.855286 0.788574
vt 0.855347 0.788147
vt 0.853638 0.512085
vt 0.850891 0.558838
vt 0.856323 0.572693
vt 0.855957 0.572876
vt 0.853760 0.513672
vt 0.853882 0.513367
vt 0.854248 0.513306
vt 0.854126 0.513733
vt 0.853516 0.513977
vt 0.853638 0.513550
vn -0.0409 -0.5567 -0.8297
vn 0.0001 -0.5982 -0.8014
vn 0.0004 -0.5971 -0.8021
vn 0.0001 -0.5963 -0.8027
vn -0.0000 -0.5968 -0.8024
vn -0.0001 -0.5973 -0.8020
vn 0.0000 -0.5985 -0.8011
vn 0.0002 -0.5983 -0.8013
vn 0.0009 -0.5968 -0.8024
vn 0.0005 -0.5962 -0.8028
vn -0.0001 -0.5969 -0.8023
vn 0.0387 -0.5600 -0.8276
vn -0.4857 0.8730 0.0452
vn -0.4915 0.8686 0.0630
vn -0.5072 0.2646 -0.8202
vn -0.5101 0.2557 -0.8212
vn -0.8110 -0.0190 -0.5847
vn -0.8113 -0.0183 -0.5844
vn -0.8110 -0.0196 -0.5847
vn 1.0000 0.0001 -0.0000
vn 1.0000 0.0005 0.0000
vn -0.8017 -0.5541 -0.2243
vn -0.8666 -0.2978 -0.4003
vn -0.8660 -0.2988 -0.4010
vn -0.7995 -0.5561 -0.2269
vn -0.4969 0.5167 0.6972
vn -0.4524 0.2803 0.8466
vn -0.4715 0.2466 0.8467
vn 0.4903 0.8704 0.0449
vn 0.4904 0.8703 0.0450
vn 0.4835 0.8730 0.0633
vn 0.4835 0.8731 0.0633
vn 0.8225 -0.5356 -0.1917
vn 0.8243 -0.5174 -0.2298
vn 0.8663 -0.2978 -0.4011
vn 0.8660 -0.2983 -0.4012
vn 0.8664 -0.2981 -0.4005
vn 0.5969 0.2938 -0.7466
vn 0.5722 0.3005 -0.7631
vn 0.5733 0.2997 -0.7626
vn 0.4764 0.2768 0.8345
vn 0.4561 0.2492 0.8543
vn 0.4566 0.2493 0.8540
vn -0.5272 -0.2596 0.8091
vn -0.5269 -0.2598 0.8093
vn -0.5266 -0.2607 0.8091
vn 0.4981 0.5199 0.6940
vn 0.4833 0.2470 0.8399
vn 0.4826 0.2470 0.8403
vn 0.4839 0.2489 0.8390
vn 0.4964 0.5200 0.6952
vn 0.4988 -0.7327 0.4629
vn 0.4671 -0.1903 0.8635
vn 0.4659 -0.1911 0.8639
vn 0.4979 -0.7330 0.4635
vn 0.4883 -0.2758 -0.8279
vn 0.4766 -0.2608 -0.8395
vn 0.4760 -0.2609 -0.8399
vn -0.4739 -0.2780 -0.8355
vn -0.4971 -0.5188 -0.6955
vn -0.4965 -0.5191 -0.6958
vn -0.4979 -0.5181 -0.6954
vn 0.0202 0.5334 0.8456
vn 0.0205 0.5335 0.8455
vn 0.0325 0.4947 0.8684
vn -0.0414 0.5253 0.8499
vn -0.0411 0.5552 0.8307
vn 0.0278 0.4949 0.8685
vn -0.4981 -0.7329 0.4635
vn -0.4992 -0.7334 0.4614
vn -0.4994 -0.7326 0.4625
vn -0.7580 0.0741 0.6480
vn 0.5056 0.1096 -0.8558
vn 0.4967 0.4679 -0.7309
vn 0.4856 0.4801 -0.7305
vn 0.4872 0.1330 -0.8631
vn -0.5286 0.8479 -0.0402
vn -0.5280 0.8483 -0.0403
vn -0.8077 0.5572 0.1928
vn -0.8082 0.5564 0.1926
vn -0.8204 0.5414 0.1841
vn -0.1702 -0.3842 0.9074
vn -0.1682 -0.3843 0.9078
vn -0.1614 -0.3900 0.9066
vn 0.1821 0.9829 -0.0256
vn 0.1764 0.9839 -0.0287
vn 0.1831 0.9828 -0.0246
vn 0.4797 -0.7278 -0.4902
vn 0.4985 -0.7342 -0.4609
vn 0.4982 -0.7344 -0.4609
vn 0.4840 -0.7486 -0.4532
vn 0.4933 -0.2359 -0.8373
vn 0.4656 -0.2223 -0.8566
vn 0.4763 -0.7494 -0.4598
vn 0.4749 -0.7492 -0.4616
vn -0.8671 -0.2970 -0.3999
vn -0.8663 -0.2982 -0.4008
vn -0.8660 -0.2986 -0.4010
vn -0.8667 -0.2973 -0.4006
vn -0.1788 0.9742 -0.1378
vn -0.1789 0.9742 -0.1379
vn 0.1775 0.9744 -0.1382
vn 0.1778 0.9743 -0.1380
vn 0.1771 0.9741 -0.1406
vn 0.8663 -0.2979 -0.4009
vn 0.7999 -0.5558 -0.2262
vn 0.8006 -0.5565 -0.2222
vn 0.8671 -0.2976 -0.3995
vn -0.8661 0.2983 0.4011
vn -0.8659 0.2985 0.4013
vn -0.8669 0.2969 0.4003
vn -0.8671 0.2967 0.4001
vn 0.2008 -0.9783 -0.0518
vn 0.2045 -0.9772 -0.0562
vn 0.2014 -0.9781 -0.0521
vn -0.4895 0.1830 -0.8526
vn -0.4972 0.2004 -0.8442
vn -0.4968 0.2005 -0.8444
vn 0.1844 -0.5415 0.8202
vn 0.1886 -0.5427 0.8185
vn -0.1823 -0.5422 0.8202
vn -0.1849 -0.5413 0.8202
vn -0.1849 -0.5413 0.8203
vn 0.1839 -0.5419 0.8200
vn -0.4854 0.2466 0.8388
vn -0.4847 0.2471 0.8391
vn -0.5007 -0.2145 0.8387
vn -0.5054 -0.2152 0.8356
vn -0.4846 0.2461 0.8394
vn 0.1713 0.3730 -0.9119
vn 0.1664 0.3699 -0.9141
vn -0.1701 0.3737 -0.9118
vn -0.1685 0.3714 -0.9130
vn 0.4768 0.7281 -0.4925
vn 0.4890 0.8576 -0.1595
vn 0.4813 0.7286 -0.4874
vn 0.4783 0.7293 -0.4893
vn 0.5232 0.8516 -0.0309
vn 0.5194 0.8534 -0.0433
vn 0.8101 0.5520 0.1975
vn 0.8101 0.5520 0.1974
vn 0.8138 0.5534 0.1777
vn 0.8381 0.0537 0.5429
vn 0.8381 0.0540 0.5428
vn 0.8207 0.0459 0.5696
vn 0.8209 0.0457 0.5692
vn -0.4927 -0.5827 0.6463
vn -0.4914 -0.5829 0.6472
vn -0.4910 -0.5882 0.6426
vn -0.4993 -0.5862 0.6380
vn -0.4796 0.7244 -0.4952
vn -0.4875 0.7236 -0.4886
vn -0.4907 0.8601 -0.1393
vn -0.4720 0.8667 -0.1611
vn -0.2024 -0.9779 -0.0521
vn -0.2027 -0.9779 -0.0515
vn -0.4772 -0.8132 0.3331
vn -0.4790 -0.8771 -0.0364
vn -0.4786 -0.8773 -0.0356
vn -0.4762 -0.8167 0.3261
vn -0.4854 -0.8122 0.3237
vn 0.8662 0.2978 0.4012
vn 0.8358 0.0154 0.5489
vn 0.8263 0.0184 0.5630
vn 0.8668 0.2977 0.4001
vn 0.5043 -0.2142 0.8365
vn 0.5048 -0.2177 0.8353
vn 0.5012 -0.2188 0.8372
vn 0.5000 -0.2171 0.8384
vn -1.0000 0.0000 0.0000
vn -1.0000 -0.0003 0.0001
vn -1.0000 0.0000 0.0001
vn -1.0000 0.0002 -0.0001
vn -0.7580 0.0740 0.6480
vn -1.0000 0.0004 0.0001
vn 0.4981 -0.5181 -0.6953
vn 0.4985 -0.5184 -0.6948
vn 0.4968 -0.5187 -0.6958
vn 0.4964 -0.5185 -0.6962
vn -0.8356 -0.5105 -0.2031
vn -0.8123 -0.5467 -0.2031
vn -0.8124 -0.5466 -0.2032
vn -0.4761 -0.7523 -0.4554
vn -0.4849 -0.7451 -0.4579
vn -0.4970 -0.5154 -0.6981
vn -0.4929 -0.2183 -0.8423
vn -0.4697 -0.2391 -0.8498
vn -0.4965 0.5204 0.6948
vn -0.4979 0.5198 0.6942
vn -0.4982 0.5197 0.6941
vn -0.4966 0.5205 0.6946
vn 0.4978 0.1820 -0.8480
vn 0.4920 0.2010 -0.8471
vn 0.4921 0.2010 -0.8470
vn 0.4978 0.1825 -0.8479
vn 0.5040 0.2580 -0.8242
vn 0.8082 -0.0166 -0.5887
vn 0.8103 -0.0166 -0.5858
vn 0.8087 -0.0175 -0.5880
vn 0.5033 0.2590 -0.8244
vn -0.4968 0.4764 -0.7254
vn -0.4975 0.4762 -0.7251
vn -0.4878 0.4704 -0.7353
vn -0.4898 0.1112 -0.8647
vn -0.0000 0.5949 0.8038
vn -0.0004 0.5946 0.8040
vn 0.0001 0.5949 0.8038
vn 0.0003 0.5964 0.8027
vn -0.0001 0.5966 0.8025
vn 0.0001 0.5968 0.8024
vn 0.0002 0.5966 0.8025
vn -0.0000 0.5960 0.8030
vn -0.0004 0.5948 0.8039
vn 0.0004 0.5948 0.8039
vn 0.0001 0.5957 0.8032
vn -0.0003 0.5962 0.8029
vn -0.0000 0.5967 0.8025
vn -0.0001 0.5959 0.8030
vn -0.8362 -0.0555 -0.5456
vn -0.8369 -0.0225 -0.5468
vn -0.8369 -0.0222 -0.5469
vn -0.5780 -0.8109 -0.0912
vn -0.5782 -0.8108 -0.0912
vn -0.5215 -0.8437 -0.1277
vn -0.5215 -0.8437 -0.1275
vn 0.4967 0.5167 0.6974
vn 0.4963 0.5167 0.6977
vn 0.4977 0.5164 0.6969
vn 0.4978 0.5167 0.6966
vn 0.4923 -0.5827 0.6465
vn 0.4772 -0.8163 0.3255
vn 0.4762 -0.8169 0.3254
vn 0.4865 -0.8082 0.3318
vn 0.5002 -0.5808 0.6422
vn 0.5004 -0.5797 0.6430
vn 0.4787 -0.8773 -0.0356
vn 0.4789 -0.8772 -0.0354
vn 0.4779 -0.8776 -0.0364
vn 0.4454 0.7677 0.4606
vn 0.4942 0.7613 0.4197
vn 0.4946 0.7610 0.4198
vn 0.4449 0.7680 0.4607
vn -0.5284 -0.3994 0.7492
vn -0.5536 -0.3255 0.7665
vn -0.5281 -0.3995 0.7493
vn 0.5625 -0.8153 -0.1372
vn 0.5626 -0.8153 -0.1372
vn 0.5375 -0.8404 -0.0698
vn 0.5373 -0.8405 -0.0697
vn -0.8670 0.2969 0.4003
vn -0.8662 0.2981 0.4011
vn -0.8291 0.0297 0.5582
vn 0.5074 -0.3634 0.7813
vn 0.5692 -0.3761 0.7312
vn 0.5079 -0.3635 0.7810
vn -0.8207 0.5199 0.2368
vn -0.8208 0.5198 0.2368
vn -0.8101 0.5355 0.2385
vn -0.8106 0.5349 0.2385
vn -0.1862 0.9822 -0.0265
vn -0.1802 0.9833 -0.0244
vn -0.1820 0.9830 -0.0251
vn 0.8664 0.2976 0.4009
vn 0.8668 0.2974 0.4003
vn 0.5492 0.8331 0.0651
vn 0.5442 0.8368 0.0605
vn 0.5449 0.8362 0.0620
vn -0.4999 -0.7183 -0.4839
vn -0.4859 -0.7405 -0.4643
vn -0.4855 -0.7406 -0.4645
vn -0.1989 0.4730 -0.8583
vn -0.1995 0.4735 -0.8579
vn -0.1977 0.4737 -0.8582
vn -0.4528 0.7808 0.4305
vn -0.4968 0.7442 0.4465
vn -0.4970 0.7440 0.4466
vn -0.4528 0.7808 0.4304
vn -1.0000 0.0005 -0.0000
vn -1.0000 -0.0004 -0.0000
vn -1.0000 -0.0001 -0.0000
vn -1.0000 -0.0005 -0.0000
vn -0.0133 -0.5503 -0.8349
vn 0.0341 -0.4949 -0.8683
vn -0.0407 -0.5264 -0.8492
usemtl Steel_-_Satin.001
s 1
f 299/589/724 291/590/725 263/591/726 253/592/727 271/593/728 287/594/729 296/595/730 302/596/731 294/597/729 288/598/732 256/599/733 245/600/734 262/601/729 284/602/735
f 262/603/736 252/604/737 245/605/737
f 267/606/738 268/607/739 253/608/740 263/609/741 266/610/742
f 237/611/743 234/612/743 256/613/743 275/614/744 232/615/743 230/616/743
f 292/617/745 266/610/746 263/609/747 291/618/748
f 245/619/749 238/620/750 244/621/751
f 275/622/752 256/623/753 245/619/754 252/624/755
f 262/625/756 252/626/757 240/627/758 285/628/759 284/629/760
f 285/628/761 299/630/762 284/629/763
f 238/631/764 234/612/765 237/611/766
f 275/632/767 274/633/768 246/634/769
f 282/635/770 261/636/771 249/637/772 251/638/773 283/639/774
f 279/640/775 238/631/776 237/611/777 259/641/778
f 254/642/779 255/643/780 274/644/781 246/645/782 264/646/783 280/647/784 279/648/785
f 300/649/786 292/650/787 298/651/788 305/652/789 303/653/790 304/654/791
f 238/655/792 279/656/793 258/657/794 244/658/795
f 241/659/796 250/660/797 247/661/798 237/662/799
f 265/663/800 268/664/801 267/665/802 266/666/803 286/667/804
f 246/668/805 252/624/806 275/622/807
f 307/669/808 299/670/809 300/671/810
f 279/648/811 259/672/812 278/673/813
f 231/674/814 241/659/815 237/662/816 230/675/817 232/676/818
f 275/677/819 288/678/820 294/679/821 290/680/822
f 268/664/823 265/663/824 254/681/825 255/682/826 269/683/827
f 272/684/828 295/685/829 296/686/830 287/687/831
f 275/688/832 290/689/833 289/690/834 274/691/835
f 302/596/836 301/692/837 306/693/838
f 246/694/839 252/695/840 264/696/841
f 301/697/842 303/698/843 305/699/844 298/700/845 297/701/846 306/702/847
f 261/703/848 260/704/849 242/705/850 243/706/851 249/707/852
f 269/683/853 271/708/854 253/709/855 268/664/856
f 250/710/857 276/711/858 277/712/859 247/713/860
f 270/714/861 269/715/862 255/716/863 273/717/864 272/684/865
f 240/627/866 252/626/867 264/718/868 242/719/869
f 242/720/870 240/721/871 239/722/872 243/723/873
f 250/724/874 248/725/875 257/726/876 276/727/877
f 306/728/878 297/729/878 299/730/879
f 240/721/880 233/731/881 231/732/882 235/733/883 239/722/884
f 273/717/885 303/734/886 295/685/887 272/684/888
f 251/638/889 249/637/890 243/735/891 274/736/892
f 264/737/893 242/738/894 260/739/895 281/740/895 257/741/896 248/742/893 244/743/897 258/744/898 280/745/893
f 278/673/899 255/643/900 254/642/901 279/648/902
f 275/677/903 256/746/904 288/678/905
f 231/674/906 233/747/907 236/748/908 244/749/909 241/659/910
f 282/750/911 281/751/912 260/704/913 261/703/914
f 246/645/915 274/644/916 275/752/917 252/753/918
f 269/754/919 270/755/920 272/756/921 287/594/922 271/593/923
f 244/757/924 248/725/925 250/724/926 241/758/927
f 289/690/928 304/654/929 303/653/930 273/759/931 255/760/932 254/761/933 265/762/934 286/763/935 292/650/936 300/649/937 293/764/938 242/765/939 264/766/933 246/767/940 274/691/941
f 307/768/942 290/680/942 294/679/943 302/769/944
f 297/770/945 292/771/946 291/590/947 299/589/948
f 256/623/949 234/772/950 238/620/951 245/619/952
f 243/735/953 239/773/954 235/774/955 232/615/956 275/614/957 274/736/958
f 235/775/959 231/674/960 232/676/961
f 277/776/962 276/777/963 282/778/964 283/779/965
f 297/701/966 298/700/967 292/780/968
f 295/781/969 301/692/970 302/596/971 296/595/972
f 286/763/973 266/782/974 292/650/975
f 295/783/976 303/698/977 301/697/978
f 290/784/979 307/669/980 304/785/981 289/786/982
f 304/785/983 307/669/984 300/671/985
f 285/628/986 240/627/987 242/719/986 293/787/988 300/788/989 299/630/990
f 279/789/991 280/745/992 258/744/993
f 307/669/994 302/790/995 299/670/996
f 276/727/997 257/726/998 281/791/999 282/792/1000
f 262/793/893 245/794/1001 244/743/893 236/795/893 233/796/893 240/797/893 242/738/1002 264/737/1003 252/798/1004
f 299/589/1005 302/596/1006 306/693/1007
o MeshBody4_(7)_MeshBody4_(7).001
v 2.374477 2.002907 0.308296
v 2.371727 2.001593 0.307413
v 2.374477 2.012130 0.301475
v 2.371727 2.000922 0.316239
v 2.368979 2.002907 0.308296
v 2.374477 2.002281 0.315608
v 2.374477 2.013580 0.297234
v 2.371727 2.003325 0.319623
v 2.368979 2.004285 0.318368
v 2.371727 2.013196 0.295816
v 2.374477 2.004285 0.318368
v 2.371727 2.015569 0.301547
v 2.368979 2.012130 0.301475
v 2.368979 2.015893 0.300066
v 2.368979 2.013580 0.297234
v 2.369788 2.005802 0.311884
v 2.373659 2.010066 0.315354
v 2.373016 2.007057 0.314762
v 2.374477 2.019682 0.298285
v 2.368979 2.019682 0.298285
v 2.368979 2.010082 0.319939
v 2.371727 2.010355 0.321577
v 2.371727 2.020641 0.297029
v 2.374477 2.010082 0.319939
v 2.369744 2.006733 0.315186
v 2.369788 2.010061 0.315360
v 2.366210 2.006521 0.310945
v 2.374945 2.011863 0.313014
v 2.371717 2.007917 0.309125
v 2.373659 2.005807 0.311877
v 2.368979 2.022048 0.300471
v 2.368979 2.019166 0.302135
v 2.374477 2.019166 0.302135
v 2.371727 2.023500 0.299622
v 2.367658 2.003825 0.314466
v 2.368494 2.011855 0.313024
v 2.362917 2.006177 0.315910
v 2.365031 2.009311 0.311824
v 2.367846 2.010567 0.310186
v 2.371714 2.011054 0.309552
v 2.375589 2.010575 0.310176
v 2.378414 2.009320 0.311812
v 2.380555 2.006186 0.315899
v 2.378975 2.008182 0.317806
v 2.375816 2.007991 0.318054
v 2.371727 2.024624 0.302782
v 2.374477 2.022951 0.303049
v 2.374477 2.018900 0.306025
v 2.371727 2.017493 0.305268
v 2.368979 2.018900 0.306025
v 2.368979 2.021720 0.307527
v 2.371727 2.023133 0.308274
v 2.364498 1.997020 0.323377
v 2.367658 1.997193 0.323151
v 2.362917 1.998855 0.325458
v 2.369238 1.999209 0.324995
v 2.367658 2.007995 0.318048
v 2.364498 2.000865 0.327307
v 2.364498 2.008177 0.317813
v 2.377238 2.006528 0.310936
v 2.380557 1.998858 0.325453
v 2.378975 1.997022 0.323376
v 2.378975 2.000867 0.327305
v 2.375815 2.001045 0.327074
v 2.374235 1.999205 0.325000
v 2.366171 1.993583 0.325976
v 2.367658 2.001047 0.327071
v 2.375815 1.997192 0.323153
v 2.378505 1.994630 0.328605
v 2.367746 1.992817 0.329954
v 2.368445 1.995789 0.331155
v 2.369842 1.994363 0.325399
v 2.369842 1.998110 0.329423
v 2.375002 1.992132 0.327051
v 2.373607 1.994371 0.325393
v 2.375002 1.995797 0.331149
v 2.373607 1.998119 0.329415
v 2.371723 1.995183 0.331607
v 2.371723 1.991541 0.327489
v 2.371715 1.997171 0.326716
vt 0.848022 0.855408
vt 0.848389 0.855347
vt 0.848633 0.855896
vt 0.848267 0.856079
vt 0.854095 0.509293
vt 0.853729 0.509201
vt 0.853760 0.508965
vt 0.854034 0.508850
vt 0.855957 0.543213
vt 0.856079 0.541870
vt 0.856262 0.541504
vt 0.856201 0.542236
vt 0.856262 0.543213
vt 0.855652 0.543213
vt 0.855652 0.541870
vt 0.847290 0.501587
vt 0.846924 0.501221
vt 0.846924 0.499939
vt 0.847168 0.499390
vt 0.847290 0.499512
vt 0.847107 0.501160
vt 0.512634 0.852173
vt 0.513000 0.851929
vt 0.512878 0.853271
vt 0.513123 0.853516
vt 0.512878 0.853760
vt 0.512634 0.853271
vt 0.855896 0.494614
vt 0.856232 0.494720
vt 0.855652 0.494965
vt 0.856232 0.495514
vt 0.856201 0.496475
vt 0.855865 0.496536
vt 0.855896 0.495560
vt 0.848816 0.499939
vt 0.848816 0.501221
vt 0.848572 0.501770
vt 0.848206 0.501831
vt 0.848633 0.501160
vt 0.848450 0.499512
vt 0.848572 0.499390
vt 0.801392 0.856079
vt 0.801086 0.855957
vt 0.801086 0.855591
vt 0.801392 0.855713
vt 0.846924 0.855957
vt 0.846924 0.856323
vt 0.846619 0.856201
vt 0.846619 0.855713
vt 0.846924 0.855591
vt 0.853271 0.814880
vt 0.852905 0.815125
vt 0.852722 0.814758
vt 0.853638 0.814453
vt 0.853943 0.814697
vt 0.853699 0.814941
vt 0.853149 0.814636
vt 0.853333 0.814331
vt 0.854736 0.539246
vt 0.854858 0.538879
vt 0.855103 0.538971
vt 0.855103 0.539734
vt 0.854736 0.539795
vt 0.856201 0.593506
vt 0.856079 0.593872
vt 0.855713 0.593872
vt 0.855835 0.593445
vt 0.848618 0.536896
vt 0.848373 0.536911
vt 0.848328 0.536438
vt 0.848404 0.535629
vt 0.848618 0.535767
vt 0.856201 0.594604
vt 0.856323 0.594910
vt 0.855957 0.594849
vt 0.854340 0.509102
vt 0.848633 0.853394
vt 0.848633 0.853760
vt 0.848389 0.854004
vt 0.848022 0.853394
vt 0.848267 0.853210
vt 0.855957 0.550537
vt 0.855835 0.549805
vt 0.856201 0.550049
vt 0.856201 0.549622
vt 0.489868 0.855347
vt 0.489929 0.853882
vt 0.490173 0.854126
vt 0.490234 0.855347
vt 0.489990 0.855713
vt 0.856018 0.559265
vt 0.856323 0.559265
vt 0.856323 0.560913
vt 0.856018 0.560974
vt 0.848877 0.853943
vt 0.849487 0.853882
vt 0.849487 0.854187
vt 0.849121 0.854309
vt 0.848755 0.854248
vt 0.852783 0.814453
vt 0.801392 0.855347
vt 0.854309 0.510727
vt 0.853699 0.510994
vt 0.853333 0.510857
vt 0.853546 0.510612
vt 0.853912 0.510498
vt 0.854340 0.510498
vt 0.855469 0.540771
vt 0.855103 0.540833
vt 0.779541 0.812866
vt 0.779175 0.812866
vt 0.779419 0.812500
vt 0.814270 0.855469
vt 0.814270 0.855835
vt 0.813965 0.855957
vt 0.813965 0.855469
vt 0.848877 0.852295
vt 0.849487 0.852234
vt 0.849365 0.852417
vt 0.848633 0.853088
vt 0.852722 0.856079
vt 0.852722 0.855469
vt 0.853027 0.855469
vt 0.853027 0.855957
vt 0.847839 0.501892
vt 0.847412 0.501953
vt 0.853882 0.816772
vt 0.853455 0.816345
vt 0.853638 0.816345
vt 0.853577 0.815308
vt 0.853394 0.814941
vt 0.854980 0.538574
vt 0.855225 0.538391
vt 0.855469 0.538574
vt 0.489441 0.855225
vt 0.489624 0.854004
vt 0.855713 0.559265
vt 0.855713 0.560913
vt 0.848022 0.854980
vt 0.848389 0.855042
vt 0.853027 0.855225
vt 0.853455 0.510201
vt 0.852844 0.510254
vt 0.853149 0.510109
vt 0.847229 0.855957
vt 0.846924 0.855103
vt 0.847229 0.855225
vt 0.776184 0.855225
vt 0.776245 0.855591
vt 0.776245 0.855835
vt 0.775940 0.855957
vt 0.775635 0.855591
vt 0.775635 0.855225
vt 0.775879 0.854858
vt 0.854187 0.816772
vt 0.854187 0.815186
vt 0.776245 0.854492
vt 0.775940 0.854370
vt 0.855896 0.790527
vt 0.856201 0.790405
vt 0.856201 0.792358
vt 0.855896 0.792358
vt 0.512329 0.853394
vt 0.512329 0.852051
vt 0.512756 0.851440
vt 0.513428 0.851440
vt 0.513855 0.852051
vt 0.513855 0.853394
vt 0.513550 0.853271
vt 0.513550 0.852051
vt 0.513306 0.851807
vt 0.512878 0.851807
vt 0.856323 0.593597
vt 0.856201 0.594025
vt 0.853455 0.816833
vt 0.853149 0.816650
vt 0.852722 0.816040
vt 0.853149 0.816223
vt 0.855957 0.549500
vt 0.822433 0.855759
vt 0.822754 0.855408
vt 0.822754 0.855835
vt 0.847656 0.501526
vt 0.848083 0.501526
vt 0.848267 0.501160
vt 0.847412 0.501160
vt 0.847656 0.499634
vt 0.847412 0.500000
vt 0.847839 0.499268
vt 0.848145 0.500183
vt 0.848083 0.499634
vt 0.847839 0.499084
vt 0.848267 0.499146
vt 0.513428 0.854004
vt 0.513123 0.854126
vt 0.512756 0.854004
vt 0.513306 0.853760
vt 0.848267 0.854370
vt 0.848633 0.854492
vt 0.490234 0.853760
vt 0.853394 0.815979
vt 0.853638 0.816223
vt 0.814026 0.855225
vt 0.853516 0.508743
vt 0.854034 0.508545
vt 0.854309 0.508713
vt 0.853607 0.509766
vn 0.4947 -0.4211 0.7603
vn 0.5030 -0.4129 0.7593
vn 0.5114 0.0017 0.8593
vn 0.5080 -0.0028 0.8613
vn -0.5099 -0.8199 0.2602
vn -0.5091 -0.8204 0.2602
vn -0.5062 -0.8178 0.2737
vn -0.5065 -0.8176 0.2737
vn -0.4981 -0.6883 -0.5274
vn -0.4791 -0.4911 -0.7275
vn -0.4910 -0.4725 -0.7319
vn 0.4979 -0.6883 -0.5275
vn 0.4980 -0.6883 -0.5275
vn -0.8326 -0.5275 -0.1688
vn -0.8662 -0.3969 -0.3037
vn -0.8160 -0.1695 -0.5527
vn -0.8158 -0.1705 -0.5526
vn -0.8160 -0.1686 -0.5529
vn -0.8291 -0.5318 -0.1726
vn -0.8667 0.3951 0.3043
vn -0.8653 0.3976 0.3053
vn -0.8319 0.5293 0.1670
vn -0.8303 0.5310 0.1694
vn -0.8312 0.5295 0.1695
vn -0.8662 0.3961 0.3046
vn -0.5314 -0.2067 0.8215
vn -0.5363 -0.1924 0.8218
vn -0.5313 -0.2069 0.8215
vn -0.8662 0.3961 0.3047
vn -0.8666 0.3956 0.3042
vn -0.8651 0.3980 0.3052
vn -0.8648 0.3985 0.3056
vn 0.8653 -0.3980 -0.3048
vn 0.8308 -0.5294 -0.1716
vn 0.8292 -0.5315 -0.1729
vn 0.8309 -0.5316 -0.1644
vn 0.8663 -0.3967 -0.3037
vn 0.8133 -0.1677 -0.5572
vn 0.8146 -0.1677 -0.5552
vn 0.4977 -0.0172 -0.8672
vn 0.4982 -0.0173 -0.8669
vn 0.5050 -0.0365 -0.8623
vn -0.1778 0.1342 -0.9749
vn -0.1764 0.1328 -0.9753
vn -0.1739 0.1385 -0.9750
vn -0.5126 0.0534 -0.8570
vn -0.5103 0.0500 -0.8585
vn 0.4811 0.4896 0.7272
vn 0.4608 0.4685 0.7538
vn 0.4620 0.4680 0.7533
vn 0.5150 0.8089 -0.2836
vn 0.5182 0.8058 -0.2866
vn 0.4981 0.5890 -0.6364
vn 0.4962 0.5893 -0.6376
vn 0.5021 0.5799 -0.6416
vn 0.5123 0.8198 -0.2558
vn 0.5124 0.8198 -0.2558
vn 0.8051 0.5913 0.0471
vn 0.8052 0.5911 0.0473
vn 0.8085 0.5878 0.0271
vn 0.2009 0.9600 -0.1953
vn 0.5934 0.8030 -0.0543
vn 0.5921 0.8039 -0.0568
vn 0.1957 0.9605 -0.1977
vn -0.8301 -0.5542 -0.0622
vn -0.8064 -0.5890 -0.0530
vn -0.8651 -0.3986 -0.3045
vn -0.8648 -0.3991 -0.3048
vn -0.8661 -0.3970 -0.3038
vn 0.8415 0.1923 0.5049
vn 0.8416 0.1921 0.5047
vn 0.8257 0.1915 0.5306
vn -0.4979 -0.6010 0.6252
vn -0.4963 -0.6016 0.6259
vn -0.4962 -0.5994 0.6281
vn -0.4810 0.2979 -0.8246
vn -0.4807 0.2980 -0.8247
vn -0.4711 0.2900 -0.8330
vn -0.4615 -0.0290 -0.8867
vn -0.4613 -0.0282 -0.8868
vn 0.4728 0.0320 0.8806
vn 0.4837 -0.3183 0.8153
vn 0.4735 0.0343 0.8801
vn 0.5049 -0.8227 0.2611
vn 0.5094 -0.8160 0.2733
vn 0.5049 -0.8227 0.2613
vn -0.4985 0.6874 0.5281
vn -0.4977 0.6879 0.5282
vn -0.4982 0.6876 0.5282
vn -0.4720 0.8411 0.2641
vn -0.4717 0.8414 0.2639
vn -0.4983 -0.6871 -0.5287
vn -0.4979 -0.6874 -0.5288
vn -0.4580 -0.4457 -0.7691
vn -0.4702 -0.4352 -0.7678
vn -0.4927 0.8391 0.2305
vn -0.4936 0.8386 0.2305
vn -0.4904 0.8409 0.2288
vn -0.5156 0.8086 -0.2834
vn -0.5153 0.8075 -0.2873
vn 0.4608 -0.0281 -0.8871
vn 0.4793 0.2889 -0.8288
vn 0.4692 0.3000 -0.8306
vn 0.4610 -0.0277 -0.8870
vn -0.5035 -0.0170 -0.8638
vn -0.4965 -0.0365 -0.8673
vn -0.5035 -0.0169 -0.8638
vn -0.4697 -0.8510 -0.2349
vn -0.4810 -0.7149 0.5075
vn -0.4814 -0.7147 0.5074
vn -0.4708 -0.7140 0.5181
vn -0.9969 -0.0756 0.0197
vn -0.9861 -0.1071 0.1272
vn 0.8651 0.3976 0.3057
vn 0.8647 0.3979 0.3065
vn 0.8663 0.3961 0.3043
vn 0.8667 0.3958 0.3035
vn -0.4831 0.6957 -0.5317
vn -0.4791 0.6904 -0.5421
vn -0.4849 0.6954 -0.5304
vn -0.5046 0.5857 -0.6342
vn -0.5053 0.5857 -0.6338
vn -0.4957 0.5863 -0.6407
vn -0.4962 0.5832 -0.6432
vn -0.8186 -0.1296 -0.5596
vn -0.8186 -0.1292 -0.5597
vn -0.8173 -0.0742 -0.5714
vn -0.8174 -0.0738 -0.5713
vn -0.7986 0.0798 0.5965
vn -0.7988 0.0802 0.5962
vn -0.8047 0.0536 0.5913
vn -0.8046 0.0535 0.5914
vn -1.0000 0.0002 0.0000
vn -1.0000 0.0002 0.0001
vn -1.0000 0.0006 0.0000
vn 0.8661 -0.3971 -0.3036
vn 0.8663 -0.3972 -0.3030
vn 0.8654 -0.3979 -0.3045
vn 0.8648 -0.3985 -0.3055
vn -0.2002 -0.9628 0.1817
vn -0.2000 -0.9628 0.1818
vn -0.2005 -0.9627 0.1819
vn 1.0000 -0.0001 -0.0001
vn 1.0000 -0.0002 -0.0000
vn 1.0000 0.0001 -0.0000
vn 1.0000 -0.0001 -0.0000
vn 0.1752 0.9109 -0.3736
vn 0.1741 0.9105 -0.3751
vn -0.1761 0.9107 -0.3736
vn -0.1758 0.9108 -0.3735
vn -0.1755 0.9107 -0.3739
vn 0.4980 0.6878 0.5281
vn 0.4984 0.6874 0.5282
vn 0.4987 0.6874 0.5280
vn 0.4988 -0.6871 -0.5283
vn 0.4982 -0.6872 -0.5288
vn 0.4595 -0.4381 -0.7726
vn 0.4712 -0.4421 -0.7632
vn 0.4823 -0.7089 0.5147
vn 0.4723 -0.7187 0.5103
vn 0.4721 -0.7190 0.5101
vn 0.4824 -0.7089 0.5146
vn 0.8169 -0.5751 -0.0448
vn 0.8199 -0.5659 -0.0862
vn 0.8196 -0.5664 -0.0862
vn -0.5253 -0.2297 0.8193
vn -0.4941 -0.4141 0.7644
vn -0.4929 -0.4208 0.7616
vn -0.5114 -0.0026 0.8594
vn -0.8878 0.3941 0.2376
vn -0.5221 0.8151 -0.2512
vn -0.5114 0.8230 -0.2472
vn -0.8027 0.5949 0.0413
vn -0.8027 0.5950 0.0412
vn -0.8154 0.5778 0.0369
vn 0.1912 -0.3324 0.9236
vn -0.1892 -0.3315 0.9243
vn -0.1883 -0.3296 0.9252
vn -0.1849 -0.3322 0.9249
vn 0.1891 -0.3312 0.9244
vn 0.5249 -0.2001 0.8273
vn 0.5253 -0.2001 0.8270
vn 0.4874 0.4617 0.7411
vn 0.4895 0.4627 0.7391
vn 0.4892 0.8410 0.2313
vn 0.4927 0.8396 0.2286
vn 0.4977 0.6889 0.5269
vn 0.8101 0.0603 0.5831
vn 0.8109 0.0603 0.5820
vn 0.7936 0.0663 0.6048
vn 0.7934 0.0663 0.6050
vn -0.4870 0.4636 0.7402
vn -0.4869 0.4621 0.7412
vn -0.4971 0.6893 0.5270
vn -0.4979 0.6889 0.5269
vn -0.0000 0.7923 0.6101
vn 0.0006 0.7921 0.6104
vn 0.0007 0.7922 0.6103
vn 0.0000 0.7926 0.6097
vn 0.0001 0.7929 0.6094
vn 0.0001 0.7933 0.6088
vn 0.1786 0.3185 -0.9310
vn 0.5278 0.1888 -0.8281
vn 0.5286 0.1885 -0.8277
vn 0.1776 0.3185 -0.9311
vn 1.0000 0.0004 0.0000
vn 1.0000 -0.0003 0.0000
vn 0.4770 -0.8347 -0.2753
vn 0.4938 -0.8339 -0.2464
vn 0.4939 -0.8338 -0.2466
vn -0.8300 0.2042 0.5191
vn -0.8290 0.1788 0.5299
vn -0.8291 0.1788 0.5298
vn 0.8659 0.3966 0.3047
vn 0.8664 0.3961 0.3040
vn 0.8657 0.3968 0.3051
vn 0.8650 0.3975 0.3062
vn 0.0001 -0.5950 -0.8037
vn 0.0188 -0.6385 -0.7694
vn 0.0198 -0.6384 -0.7694
vn -0.0067 -0.6013 -0.7990
vn 0.0000 -0.5950 -0.8037
vn 0.0000 -0.5951 -0.8037
vn -0.0219 -0.6105 -0.7917
vn -0.0234 -0.6103 -0.7918
vn 0.0001 -0.5951 -0.8036
vn -0.0001 -0.7938 -0.6081
vn 0.0001 -0.7946 -0.6071
vn 0.0000 -0.7947 -0.6069
vn -0.0000 -0.7949 -0.6068
vn -0.0001 -0.7939 -0.6081
vn -0.0001 -0.7938 -0.6082
vn 0.0001 -0.7939 -0.6080
vn 0.0003 -0.7946 -0.6071
vn -0.0002 -0.7944 -0.6074
vn -0.0004 -0.7939 -0.6081
vn 0.1750 0.1351 -0.9753
vn 0.5092 0.0492 -0.8592
vn 0.5174 0.0503 -0.8543
vn 0.1689 0.1341 -0.9765
vn 0.1690 0.1329 -0.9766
vn -0.0001 0.5982 0.8013
vn -0.0000 0.5981 0.8014
vn -0.0242 0.6137 0.7892
vn -0.0231 0.6138 0.7891
vn 0.0317 0.6262 0.7791
vn -0.0000 0.5983 0.8013
vn -0.0004 0.5981 0.8014
vn -0.0001 0.5981 0.8014
vn 0.0207 0.6404 0.7678
vn -0.0073 0.6046 0.7965
vn 0.4693 -0.8630 0.1869
vn 0.4793 -0.8460 -0.2336
vn 0.4702 -0.8490 -0.2409
vn -0.4577 0.4968 0.7374
vn -0.4775 0.4634 0.7465
vn -0.4768 0.4637 0.7468
vn 0.4852 0.6893 -0.5381
vn 0.4810 0.6973 -0.5315
vn 0.4811 0.6961 -0.5328
vn 0.4862 0.6875 -0.5394
vn -0.1813 0.3173 -0.9308
vn -0.1809 0.3178 -0.9307
vn -0.1811 0.3173 -0.9309
vn -1.0000 0.0003 0.0000
vn -1.0000 0.0004 0.0000
usemtl Steel_-_Satin.001
s 1
f 315/799/1008 318/800/1009 331/801/1010 329/802/1011
f 319/803/1012 356/804/1013 357/805/1014 339/806/1015
f 356/807/1016 333/808/1017 364/809/1018 343/810/1016 357/811/1016
f 356/807/1019 355/812/1020 324/813/1020 333/808/1019
f 373/814/1021 362/815/1022 344/816/1023 345/817/1024 334/818/1025 360/819/1026
f 352/820/1027 325/821/1028 372/822/1029 387/823/1030 384/824/1031 371/825/1032
f 377/826/1033 378/827/1034 373/828/1035
f 365/829/1036 366/830/1037 344/831/1038 362/832/1039
f 350/833/1040 368/834/1041 376/835/1042 381/836/1043 369/837/1044 367/838/1045 349/839/1046
f 324/840/1047 325/841/1048 332/842/1049 333/843/1049
f 346/844/1050 347/845/1051 336/846/1052 334/847/1053 345/848/1054
f 319/849/1055 310/850/1056 314/851/1057
f 341/852/1058 353/853/1059 354/854/1060 326/855/1061 330/856/1062
f 349/857/1063 348/858/1064 335/859/1065 351/860/1066 350/861/1067
f 387/862/1068 363/863/1069 374/864/1070 380/865/1071
f 325/866/1072 337/867/1073 313/868/1074 375/869/1075 372/870/1076
f 316/871/1077 332/872/1078 364/873/1079
f 319/803/1080 339/806/1081 321/874/1082
f 321/875/1083 327/876/1084 330/877/1085 317/878/1086 322/879/1087
f 314/880/1088 340/881/1089 319/882/1090
f 319/882/1091 340/881/1092 356/883/1093
f 323/884/1094 319/885/1095 320/886/1096 334/887/1097 342/888/1098
f 309/889/1099 312/890/1100 322/891/1101 317/892/1102
f 338/893/1103 358/894/1104 359/895/1105 353/896/1106 341/897/1107
f 317/898/1108 330/856/1109 326/855/1110 314/851/1111
f 364/899/1112 333/843/1113 332/842/1114
f 309/900/1115 311/901/1116 315/902/1117 316/903/1118 342/904/1119 312/905/1120
f 351/860/1121 370/906/1122 368/907/1123 350/861/1124
f 332/908/1125 323/909/1126 342/910/1127
f 327/876/1128 338/893/1129 341/897/1130 330/877/1131
f 387/911/1132 372/912/1133 375/913/1134 382/914/1135
f 378/827/1136 365/829/1137 362/832/1138 373/828/1139
f 321/875/1140 322/879/1141 312/915/1120 342/916/1119 334/917/1142 320/918/1140
f 361/919/1143 342/920/1144 316/921/1145 363/922/1146
f 386/923/1147 377/924/1148 373/814/1149
f 326/855/1150 354/854/1150 331/925/1151 325/926/1152 324/927/1153 355/928/1153 340/929/1150 314/851/1153
f 335/859/1154 348/858/1155 347/930/1156 346/931/1157 343/932/1158
f 323/884/1159 337/933/1159 310/934/1160 319/885/1161
f 308/935/1162 309/889/1163 317/892/1164 314/936/1165
f 318/800/1166 315/799/1167 311/937/1168 313/938/1169
f 342/920/1170 332/939/1171 316/921/1172
f 364/940/1173 316/903/1174 315/902/1175 329/941/1176 328/942/1177
f 343/943/1178 346/844/1179 345/848/1180 344/944/1181 366/945/1182
f 383/946/1183 385/947/1184 378/948/1185 377/949/1186 386/950/1187 381/951/1188 376/952/1189
f 329/953/1190 331/925/1191 354/854/1192 353/853/1193 359/954/1194
f 370/955/1195 383/946/1196 376/952/1197 368/956/1198
f 328/957/1199 329/958/1200 359/959/1201 358/960/1202
f 352/820/1203 371/825/1204 370/961/1205 351/962/1206 335/963/1207 343/964/1206 366/965/1206 365/966/1206 374/967/1206 364/968/1206 333/969/1208 324/970/1206
f 387/862/1209 379/971/1210 361/972/1211 363/863/1212
f 318/973/1213 313/974/1151 308/975/1214 314/851/1153 310/850/1214 337/976/1214 325/926/1152 331/925/1151
f 356/883/1215 340/881/1216 355/977/1217
f 325/978/1218 352/979/1219 324/980/1220
f 363/863/1221 316/871/1222 364/873/1223 374/864/1224
f 379/981/1225 382/982/1226 375/983/1227 369/837/1228 381/836/1229 386/923/1230 373/814/1231 360/819/1232 361/984/1233
f 323/985/1234 342/986/1235 361/984/1236 360/819/1237 334/818/1238 336/987/1239 367/838/1240 369/837/1236 375/983/1241 313/988/1242 337/989/1243
f 347/990/1244 348/991/1245 349/839/1246 367/838/1247 336/987/1248
f 378/992/1249 385/993/1250 383/994/1251 370/961/1252 371/825/1253 384/824/1254 387/823/1255 380/995/1256 374/967/1257 365/966/1258
f 311/937/1259 309/996/1260 308/997/1261 313/938/1259
f 319/885/1262 321/998/1263 320/886/1264
f 325/926/1265 337/976/1266 323/999/1267 332/1000/1268
f 382/914/1269 379/1001/1270 387/911/1271
f 328/942/1177 358/1002/1272 338/1003/1273 327/1004/1273 321/874/1273 339/806/1272 357/805/1273 343/1005/1273 364/940/1173
o MeshBody4_(8)_MeshBody4_(8).001
v 2.374477 2.018987 0.282702
v 2.371727 2.017582 0.287680
v 2.371727 2.017503 0.282169
v 2.374477 2.025824 0.273677
v 2.371727 2.019295 0.291003
v 2.368979 2.020403 0.290040
v 2.368979 2.018987 0.282702
v 2.371727 2.021507 0.271701
v 2.374477 2.021899 0.286600
v 2.374477 2.020403 0.290040
v 2.368979 2.021899 0.286600
v 2.374477 2.026021 0.269147
v 2.371727 2.028265 0.273138
v 2.371727 2.022481 0.293719
v 2.368979 2.023046 0.292245
v 2.368979 2.024174 0.289293
v 2.368979 2.022947 0.272356
v 2.371727 2.025261 0.267854
v 2.374477 2.029003 0.271343
v 2.371727 2.026314 0.294744
v 2.374477 2.024174 0.289293
v 2.374477 2.026224 0.293059
v 2.371727 2.024767 0.287776
v 2.371724 2.022843 0.285139
v 2.374477 2.032107 0.268636
v 2.368979 2.028786 0.268314
v 2.368979 2.032107 0.268636
v 2.368979 2.028947 0.292324
v 2.371727 2.029648 0.293863
v 2.374477 2.027518 0.289297
v 2.371727 2.032671 0.267160
v 2.369788 2.027683 0.287832
v 2.368494 2.023716 0.282858
v 2.371717 2.028985 0.284453
v 2.374945 2.028746 0.285073
v 2.368979 2.032683 0.272545
v 2.371727 2.031550 0.273705
v 2.374477 2.034962 0.270184
v 2.371727 2.036108 0.268981
v 2.371727 2.033518 0.289560
v 2.374477 2.032138 0.288757
v 2.364498 2.021650 0.288263
v 2.368494 2.028742 0.285085
v 2.362917 2.024162 0.289354
v 2.365031 2.026007 0.284550
v 2.367846 2.026746 0.282624
v 2.375589 2.026751 0.282613
v 2.378414 2.026012 0.284536
v 2.374945 2.023720 0.282846
v 2.380555 2.024167 0.289340
v 2.378975 2.026572 0.290709
v 2.371727 2.038049 0.271799
v 2.368979 2.036533 0.272486
v 2.374477 2.033515 0.273801
v 2.368979 2.033502 0.276431
v 2.371727 2.038140 0.277569
v 2.374477 2.036593 0.277194
v 2.367658 2.016432 0.298048
v 2.362917 2.018509 0.299831
v 2.369238 2.018863 0.299369
v 2.367658 2.026462 0.290995
v 2.364498 2.020938 0.301159
v 2.364498 2.026569 0.290716
v 2.378975 2.021652 0.288256
v 2.380557 2.018512 0.299827
v 2.378975 2.016259 0.298271
v 2.378975 2.020940 0.301156
v 2.375815 2.021116 0.300924
v 2.374235 2.018860 0.299374
v 2.366171 2.013630 0.301686
v 2.364947 2.015309 0.304004
v 2.367658 2.021118 0.300921
v 2.378505 2.015306 0.304008
v 2.374852 2.014842 0.300111
v 2.367746 2.013932 0.305799
v 2.368445 2.017065 0.306223
v 2.369842 2.014221 0.300918
v 2.369842 2.018825 0.303923
v 2.375700 2.013937 0.305792
v 2.375002 2.012532 0.303114
v 2.375002 2.017071 0.306216
v 2.373607 2.018832 0.303915
v 2.371726 2.013383 0.306515
v 2.371723 2.012084 0.303697
v 2.371715 2.017231 0.301497
vt 0.855896 0.759949
vt 0.855652 0.759888
vt 0.855713 0.759277
vt 0.855957 0.759216
vt 0.855957 0.759583
vt 0.853760 0.796631
vt 0.854095 0.796753
vt 0.854401 0.796631
vt 0.854553 0.798218
vt 0.854187 0.797974
vt 0.853912 0.797974
vt 0.851013 0.838135
vt 0.850708 0.837646
vt 0.850952 0.837646
vt 0.851440 0.838135
vt 0.851318 0.838379
vt 0.851868 0.842896
vt 0.851501 0.842651
vt 0.851807 0.842529
vt 0.851990 0.841187
vt 0.851746 0.840820
vt 0.851196 0.840942
vt 0.850769 0.841064
vt 0.851196 0.840454
vt 0.851562 0.840454
vt 0.852112 0.840698
vt 0.852295 0.842285
vt 0.850830 0.842896
vt 0.850586 0.842285
vt 0.850769 0.842285
vt 0.851196 0.842896
vt 0.851135 0.843140
vt 0.851257 0.842529
vt 0.514771 0.702515
vt 0.514771 0.701904
vt 0.515076 0.702026
vt 0.515076 0.702637
vt 0.515015 0.609009
vt 0.515015 0.608765
vt 0.515381 0.608887
vt 0.515320 0.609497
vt 0.515015 0.609497
vt 0.855896 0.743469
vt 0.856171 0.743652
vt 0.855957 0.744324
vt 0.855621 0.744263
vt 0.855713 0.743835
vt 0.855957 0.760559
vt 0.856201 0.759949
vt 0.856262 0.760437
vt 0.849304 0.502020
vt 0.849304 0.502340
vt 0.849060 0.502317
vt 0.501495 0.853882
vt 0.501373 0.854248
vt 0.501068 0.854126
vt 0.501221 0.853760
vt 0.845276 0.738449
vt 0.845581 0.738388
vt 0.845520 0.738739
vt 0.515381 0.750366
vt 0.515076 0.750488
vt 0.515015 0.750000
vt 0.515015 0.748535
vt 0.515076 0.748047
vt 0.515381 0.748169
vt 0.850830 0.840576
vt 0.851135 0.840332
vt 0.851501 0.840210
vt 0.844971 0.738388
vt 0.844971 0.738129
vt 0.845276 0.738220
vt 0.850708 0.835693
vt 0.851013 0.835449
vt 0.851135 0.835571
vt 0.850830 0.836304
vt 0.850586 0.836304
vt 0.515076 0.704468
vt 0.515076 0.704224
vt 0.515076 0.703735
vt 0.515381 0.703735
vt 0.515381 0.703979
vt 0.515381 0.704346
vt 0.847656 0.833496
vt 0.847656 0.834595
vt 0.847900 0.834961
vt 0.848022 0.834839
vt 0.848389 0.834839
vt 0.848511 0.833496
vt 0.848816 0.833496
vt 0.848816 0.834717
vt 0.848389 0.835327
vt 0.848083 0.835327
vt 0.847717 0.835327
vt 0.847351 0.834717
vt 0.847351 0.833374
vt 0.847595 0.835449
vt 0.847290 0.835205
vt 0.847107 0.834717
vt 0.854248 0.798218
vt 0.845320 0.848755
vt 0.845198 0.848389
vt 0.845497 0.848145
vt 0.845854 0.848267
vt 0.845585 0.848511
vt 0.853664 0.491821
vt 0.853664 0.492310
vt 0.853191 0.492188
vt 0.851929 0.843140
vt 0.501282 0.855103
vt 0.500977 0.855347
vt 0.856171 0.744812
vt 0.855865 0.744934
vt 0.855652 0.744568
vt 0.515381 0.611450
vt 0.515015 0.611572
vt 0.515015 0.611328
vt 0.515015 0.610840
vt 0.515320 0.610840
vt 0.854797 0.803711
vt 0.855103 0.803711
vt 0.855103 0.804199
vt 0.785759 0.826843
vt 0.785620 0.826599
vt 0.785759 0.826294
vt 0.856262 0.759583
vt 0.854858 0.554626
vt 0.854858 0.554993
vt 0.854858 0.555298
vt 0.854553 0.555359
vt 0.854553 0.554565
vt 0.845032 0.738754
vt 0.848267 0.833130
vt 0.848267 0.833496
vt 0.848022 0.833252
vt 0.827087 0.855408
vt 0.827087 0.855774
vt 0.826782 0.855774
vt 0.826782 0.855469
vt 0.855042 0.732873
vt 0.855347 0.732892
vt 0.855591 0.733126
vt 0.855469 0.733501
vt 0.855225 0.733613
vt 0.855164 0.733212
vt 0.848328 0.537537
vt 0.848328 0.537231
vt 0.848633 0.537415
vt 0.848633 0.537720
vt 0.844975 0.849121
vt 0.844788 0.849121
vt 0.844852 0.848633
vt 0.845066 0.848267
vt 0.855530 0.805542
vt 0.855225 0.805420
vt 0.855469 0.805176
vt 0.514771 0.609497
vt 0.514771 0.611328
vt 0.514771 0.610718
vt 0.855591 0.733785
vt 0.855286 0.733955
vt 0.849426 0.502823
vt 0.849060 0.502663
vt 0.848816 0.502823
vt 0.855469 0.804077
vt 0.501282 0.855347
vt 0.515381 0.702148
vt 0.855652 0.760193
vt 0.854919 0.805420
vt 0.853039 0.492554
vt 0.853386 0.493652
vt 0.853519 0.494263
vt 0.853252 0.494385
vt 0.852791 0.492188
vt 0.853313 0.491821
vt 0.514771 0.750000
vt 0.514771 0.748657
vt 0.514771 0.703735
vt 0.855530 0.803467
vt 0.854797 0.782349
vt 0.854523 0.782471
vt 0.854492 0.781128
vt 0.854767 0.781128
vt 0.855225 0.799194
vt 0.855225 0.797729
vt 0.855469 0.797607
vt 0.855469 0.798950
vt 0.845581 0.738144
vt 0.851929 0.840332
vt 0.852234 0.840576
vt 0.854980 0.733907
vt 0.854858 0.733292
vt 0.847717 0.832764
vt 0.848389 0.832764
vt 0.847900 0.833008
vt 0.855072 0.781128
vt 0.855194 0.782837
vt 0.854889 0.782959
vt 0.501617 0.854248
vt 0.501617 0.855591
vt 0.501038 0.855713
vt 0.854858 0.780640
vt 0.854889 0.780396
vt 0.855194 0.780518
vt 0.855774 0.797119
vt 0.855774 0.799194
vt 0.848633 0.536926
vt 0.845854 0.850708
vt 0.845284 0.850220
vt 0.853790 0.794800
vt 0.854340 0.794800
vt 0.854553 0.795166
vt 0.851807 0.835571
vt 0.851868 0.835938
vt 0.852295 0.836182
vt 0.852295 0.837891
vt 0.851746 0.838135
vn -0.4956 0.4067 -0.7674
vn -0.5043 0.4091 -0.7605
vn -0.5124 0.7094 -0.4838
vn -0.5130 0.7078 -0.4856
vn -0.4950 0.4130 -0.7645
vn -0.8654 0.4413 0.2376
vn -0.8684 -0.4367 -0.2349
vn -0.8651 0.4416 0.2376
vn -0.8654 0.4411 0.2376
vn 0.4886 0.8724 -0.0136
vn 0.4889 0.8722 -0.0136
vn 0.4896 0.8719 -0.0122
vn 0.5087 0.7108 -0.4857
vn 0.5124 0.7089 -0.4846
vn -0.0000 -0.9340 -0.3572
vn 0.0132 -0.8809 -0.4731
vn 0.0001 -0.7925 -0.6098
vn 0.0002 -0.7923 -0.6102
vn 0.0001 -0.7926 -0.6098
vn 0.0000 -0.9344 -0.3563
vn 0.8191 -0.3074 -0.4843
vn 0.8199 -0.3066 -0.4835
vn 0.8189 -0.3078 -0.4844
vn 0.5164 -0.1744 -0.8384
vn 0.5188 -0.1760 -0.8366
vn -0.0137 -0.8804 -0.4740
vn -0.0142 -0.8804 -0.4740
vn -0.0133 -0.8805 -0.4738
vn -0.0001 -0.9340 -0.3572
vn -0.4644 -0.6397 -0.6125
vn -0.4650 -0.6395 -0.6122
vn -0.4762 -0.6292 -0.6142
vn -0.4762 -0.6293 -0.6141
vn 0.5042 0.7307 -0.4603
vn 0.5050 0.7301 -0.4603
vn 0.7982 0.5911 -0.1157
vn 0.7987 0.5905 -0.1157
vn 0.8027 0.5811 -0.1346
vn 0.1905 -0.0902 0.9775
vn 0.1932 -0.0937 0.9767
vn -0.1918 -0.0897 0.9773
vn -0.1889 -0.0938 0.9775
vn 0.1897 -0.0926 0.9775
vn 0.4697 -0.2552 -0.8451
vn 0.4835 0.0742 -0.8722
vn 0.4729 0.0848 -0.8770
vn 0.4689 -0.2555 -0.8455
vn 0.4807 0.2580 0.8381
vn 0.4786 0.2539 0.8405
vn 0.4810 0.2599 0.8373
vn 0.1963 0.8845 -0.4232
vn 0.5878 0.7669 -0.2574
vn 0.5868 0.7668 -0.2601
vn 0.1934 0.8816 -0.4305
vn -0.8343 0.3346 0.4381
vn -0.8343 0.3344 0.4383
vn -0.8337 0.3116 0.4559
vn -0.4910 0.6492 0.5809
vn -0.4934 0.6463 0.5821
vn -0.4978 0.8093 0.3118
vn -0.4860 0.8738 -0.0135
vn -0.4858 0.8740 -0.0137
vn -0.4888 0.8723 -0.0129
vn 0.5531 -0.7857 0.2772
vn 0.5569 -0.7840 0.2743
vn 0.2000 -0.8890 0.4119
vn 0.1989 -0.8901 0.4101
vn 0.1978 -0.8878 0.4155
vn 0.1605 -0.7966 0.5829
vn 0.1609 -0.7967 0.5826
vn 0.1617 -0.7968 0.5822
vn 0.1623 -0.7968 0.5820
vn 0.5140 0.2208 0.8289
vn 0.5145 0.2190 0.8290
vn 0.4940 0.6476 0.5801
vn 0.4948 0.6477 0.5793
vn 0.4925 0.6467 0.5824
vn 0.4608 -0.7890 0.4062
vn 0.4735 -0.8807 0.0127
vn 0.4730 -0.8810 0.0126
vn 0.4620 -0.8869 0.0050
vn 0.4608 -0.7891 0.4062
vn 0.4603 -0.7895 0.4059
vn -0.0131 0.8806 0.4738
vn -0.0000 0.9330 0.3600
vn 0.0134 0.8802 0.4744
vn 0.0145 0.8803 0.4741
vn -0.0000 0.9329 0.3600
vn -0.0141 0.8800 0.4748
vn -0.0144 0.8800 0.4747
vn -0.5148 0.7269 -0.4546
vn -0.5019 0.7368 -0.4530
vn -0.7963 0.5923 -0.1228
vn -0.8103 0.5732 -0.1222
vn -0.8126 -0.2114 -0.5431
vn -0.8135 -0.2408 -0.5294
vn -0.8130 -0.2413 -0.5300
vn -1.0000 -0.0001 -0.0000
vn -1.0000 -0.0004 0.0000
vn -1.0000 -0.0000 -0.0000
vn -1.0000 -0.0002 -0.0000
vn -0.4820 -0.1070 0.8696
vn -0.4899 -0.1207 0.8634
vn -0.4823 -0.1068 0.8695
vn 0.1774 -0.1129 -0.9776
vn -0.1749 -0.1137 -0.9780
vn -0.1749 -0.1125 -0.9781
vn -0.1738 -0.1150 -0.9781
vn 0.1773 -0.1129 -0.9777
vn 0.8648 0.4422 0.2381
vn 0.8651 0.4418 0.2376
vn 0.8654 0.4414 0.2371
vn -0.5383 0.0054 0.8427
vn -0.8050 0.2251 0.5489
vn -0.8053 0.2239 0.5490
vn -0.8093 0.2046 0.5506
vn -0.5378 0.0057 0.8430
vn 0.5445 0.0075 0.8387
vn 0.5317 0.0145 0.8468
vn 0.8009 0.2158 0.5585
vn 0.8009 0.2159 0.5586
vn 0.8135 0.2072 0.5434
vn 0.4854 -0.6598 -0.5736
vn 0.4964 -0.6674 -0.5551
vn 0.4963 -0.6677 -0.5549
vn -0.5040 -0.2595 -0.8238
vn -0.5096 -0.2392 -0.8265
vn -0.5099 -0.2394 -0.8263
vn 0.5036 0.4098 -0.7605
vn 0.5027 0.4047 -0.7639
vn 0.4962 0.4140 -0.7631
vn 0.4948 0.4142 -0.7640
vn -0.1724 0.7849 -0.5951
vn 0.1722 0.7865 -0.5930
vn 0.1721 0.7866 -0.5930
vn 0.1710 0.7858 -0.5944
vn -0.1723 0.7865 -0.5930
vn 0.1801 0.0963 0.9789
vn 0.1795 0.0970 0.9790
vn 0.1744 0.1014 0.9794
vn -0.8333 0.5507 0.0479
vn -0.8332 0.5509 0.0482
vn -0.8434 0.5347 0.0524
vn -0.8431 0.5352 0.0526
vn 0.4777 0.5465 -0.6879
vn 0.4760 0.5475 -0.6883
vn 0.4985 0.5007 -0.7077
vn 0.4985 0.5006 -0.7077
vn -0.5184 0.2185 0.8268
vn -0.5141 0.2217 0.8286
vn -0.4959 -0.2168 0.8409
vn -0.4958 -0.2156 0.8412
vn -0.5055 -0.2178 0.8348
vn -0.5161 0.2237 0.8268
vn 0.1798 0.0770 -0.9807
vn 0.1798 0.0771 -0.9807
vn 0.5353 -0.0259 -0.8443
vn 0.5344 -0.0262 -0.8448
vn -0.4742 -0.8804 0.0048
vn -0.4624 -0.8866 0.0126
vn -0.4608 -0.7891 0.4062
vn -0.4609 -0.7890 0.4062
vn -0.4609 -0.7891 0.4062
vn -0.4783 -0.8782 -0.0045
vn -0.4929 -0.8695 -0.0306
vn 0.8651 -0.4416 -0.2380
vn 0.8260 -0.5631 -0.0263
vn 0.8258 -0.5633 -0.0271
vn 0.8261 -0.5629 -0.0247
vn -0.4762 -0.5705 0.6691
vn -0.4676 -0.5661 0.6789
vn -0.4670 -0.5661 0.6793
vn -0.4764 -0.5705 0.6690
vn 0.4940 -0.4295 0.7560
vn 0.4950 -0.4266 0.7570
vn 0.4958 -0.4275 0.7559
vn 0.4939 -0.4296 0.7560
vn -0.4933 -0.4285 0.7570
vn -0.4954 -0.4295 0.7550
vn -0.4945 -0.4267 0.7572
vn -0.4980 -0.8094 -0.3114
vn 0.8456 0.3191 0.4280
vn 0.8459 0.3185 0.4279
vn 0.8302 0.3241 0.4536
vn 0.4974 -0.8102 -0.3100
vn 0.4977 -0.8101 -0.3099
vn 0.4662 -0.6331 -0.6179
vn 0.4658 -0.6331 -0.6183
vn 0.4771 -0.6348 -0.6078
vn -0.4850 0.0839 -0.8705
vn -0.4847 0.0843 -0.8706
vn -0.4745 0.0748 -0.8771
vn -0.4690 -0.2557 -0.8454
vn 0.4978 -0.8095 -0.3114
vn 0.4978 -0.8094 -0.3114
vn -1.0000 0.0001 0.0000
vn 0.4976 0.8094 0.3119
vn -0.4978 -0.8100 -0.3099
vn -0.4982 -0.8098 -0.3099
vn -0.4949 -0.6559 -0.5699
vn -0.4950 -0.6560 -0.5698
vn -0.4809 -0.6741 -0.5606
vn -0.4810 -0.6740 -0.5607
vn -0.8683 0.4365 0.2355
vn -0.8682 0.4368 0.2355
vn 0.4979 0.8097 0.3105
vn 0.4980 0.8097 0.3105
vn -0.8002 -0.5894 0.1105
vn -0.8249 -0.5577 0.0923
vn -0.5160 -0.7333 0.4427
vn -0.4974 -0.7432 0.4475
vn 0.8684 0.4366 0.2353
vn -0.5528 -0.7881 0.2709
vn -0.5593 -0.7832 0.2717
vn -0.1978 -0.8882 0.4147
vn -0.1922 -0.8912 0.4109
vn -0.1969 -0.8883 0.4150
vn 0.4960 -0.2239 0.8390
vn 0.4672 -0.5737 0.6727
vn 0.4675 -0.5734 0.6728
vn 0.4783 -0.5621 0.6748
vn 0.5053 -0.2141 0.8360
vn 0.0000 0.7947 0.6070
vn -0.0003 0.7946 0.6072
vn 0.0001 0.7944 0.6074
vn 0.0000 0.7944 0.6074
vn -0.0001 0.7942 0.6077
vn -0.0004 0.7943 0.6075
vn -0.8656 -0.4405 -0.2380
vn -0.8647 -0.4421 -0.2383
vn -0.8263 -0.5626 -0.0284
vn -0.8267 -0.5619 -0.0282
vn -0.8655 -0.4407 -0.2380
vn 0.8685 -0.4366 -0.2348
vn 0.8112 -0.5733 0.1149
vn 0.8144 -0.5757 0.0730
vn 0.5402 0.1649 0.8252
vn 0.5394 0.1651 0.8257
vn 0.5391 0.1658 0.8257
vn -0.8208 -0.3096 -0.4800
vn -0.5239 -0.1761 -0.8334
vn -0.5239 -0.1760 -0.8334
vn -0.8210 -0.3089 -0.4801
vn -0.8212 -0.3081 -0.4803
vn -0.4980 0.8097 0.3105
vn -0.4782 0.2600 0.8389
vn -0.7997 -0.0749 0.5958
vn -0.9931 0.1171 0.0024
vn -0.1848 0.0760 -0.9798
vn -0.1824 0.0767 -0.9802
vn -0.1837 0.0757 -0.9801
vn 1.0000 0.0000 -0.0000
usemtl Steel_-_Satin.001
s 1
f 418/1006/1274 414/1007/1275 440/1008/1276 439/1009/1277 426/1010/1278
f 417/1011/1279 408/1012/1280 396/1013/1280 461/1014/1280 456/1015/1281 455/1016/1282
f 439/1017/1283 443/1018/1284 444/1019/1285 425/1020/1286 426/1021/1287
f 420/1022/1288 411/1023/1288 398/1024/1289 445/1025/1290 464/1026/1290 461/1027/1291 453/1028/1292 467/1029/1290 471/1030/1292 457/1031/1292 429/1032/1293
f 435/1033/1294 437/1034/1295 451/1035/1296 436/1036/1297 434/1037/1298
f 451/1035/1299 453/1028/1300 461/1027/1301 396/1038/1302 411/1023/1288 436/1036/1288
f 404/1039/1303 413/1040/1304 405/1041/1305 395/1042/1306
f 435/1043/1307 434/1044/1308 422/1045/1309 438/1046/1310 437/1047/1311
f 466/1048/1312 468/1049/1313 463/1050/1314 462/1051/1315 470/1052/1316
f 405/1053/1317 418/1006/1318 412/1054/1319 399/1055/1320
f 391/1056/1321 406/1057/1322 400/1058/1323
f 472/1059/1324 447/1060/1325 459/1061/1326 465/1062/1327
f 410/1063/1328 408/1064/1329 417/1065/1330
f 415/1066/1331 416/1067/1332 427/1068/1333 443/1069/1334 439/1070/1335 440/1071/1336
f 467/1029/1337 460/1072/1338 466/1073/1339 470/1074/1340 471/1030/1341
f 403/1075/1342 398/1076/1343 411/1077/1344 410/1063/1345
f 416/1078/1346 407/1079/1347 409/1080/1348 428/1081/1349 427/1082/1350
f 392/1083/1351 389/1084/1352 390/1085/1353 388/1086/1354 396/1087/1355 397/1088/1356
f 459/1089/1357 448/1090/1358 419/1091/1358 410/1092/1358 417/1093/1359 455/1094/1360 454/1095/1359 438/1096/1358 422/1097/1358 421/1098/1361 430/1099/1358 450/1100/1362 449/1101/1363
f 430/1099/1364 433/1102/1365 432/1103/1366 431/1104/1366 450/1100/1367
f 461/1014/1368 472/1105/1369 456/1015/1370
f 398/1106/1371 393/1107/1372 402/1108/1373 448/1109/1374 403/1110/1371
f 413/1111/1375 400/1112/1376 423/1113/1377
f 436/1036/1378 411/1023/1379 420/1022/1380 433/1114/1381 434/1037/1382
f 459/1061/1383 447/1060/1384 402/1115/1385 448/1116/1384
f 462/1051/1386 463/1050/1387 449/1117/1388 446/1118/1389 458/1119/1390
f 468/1120/1391 466/1121/1392 460/1122/1393 452/1123/1394 454/1124/1395
f 417/1125/1396 410/1126/1397 421/1127/1398
f 410/1128/1399 403/1129/1400 448/1130/1401
f 418/1006/1402 426/1010/1403 425/1131/1404 412/1054/1405
f 430/1132/1406 421/1133/1407 422/1134/1408 434/1135/1409 433/1136/1410
f 419/1137/1411 403/1075/1412 410/1063/1413
f 469/1138/1414 455/1094/1415 456/1139/1416 472/1140/1417
f 408/1141/1418 396/1142/1419 411/1143/1420 410/1144/1421
f 416/1145/1422 415/1146/1423 448/1147/1424 402/1148/1425 401/1149/1426 407/1150/1427
f 447/1151/1428 472/1152/1429 464/1153/1430 445/1154/1431
f 398/1106/1432 394/1155/1432 390/1156/1433 389/1157/1434 392/1158/1435 393/1107/1436
f 423/1159/1437 424/1160/1438 442/1161/1437
f 451/1162/1439 437/1047/1439 452/1123/1440 460/1122/1441 467/1163/1442 453/1164/1439
f 401/1149/1443 402/1148/1444 393/1165/1445 392/1166/1446
f 406/1057/1447 441/1167/1448 424/1168/1449 400/1058/1450
f 400/1058/1451 424/1168/1452 423/1169/1453
f 442/1161/1454 424/1160/1454 421/1127/1454 430/1170/1454
f 402/1115/1455 403/1171/1456 448/1116/1457
f 388/1086/1458 390/1085/1459 395/1042/1460 405/1041/1461 399/1172/1462
f 413/1173/1463 414/1007/1464 418/1006/1465 405/1053/1466
f 424/1160/1467 441/1174/1468 417/1125/1468 421/1127/1467
f 423/1113/1469 442/1175/1469 430/1176/1469 448/1177/1371 415/1178/1469 440/1179/1469 414/1180/1373 413/1111/1469
f 443/1069/1470 427/1068/1470 428/1181/1470 444/1182/1470
f 394/1183/1471 404/1039/1472 395/1042/1471 390/1085/1471
f 448/1184/1473 430/1170/1474 421/1127/1475 410/1126/1476
f 446/1185/1477 449/1186/1478 450/1187/1477 431/1188/1477
f 396/1189/1479 391/1190/1480 400/1191/1480 411/1192/1480
f 396/1193/1481 408/1064/1482 410/1063/1483 411/1077/1484
f 438/1046/1485 454/1124/1485 452/1123/1485 437/1047/1485
f 462/1194/1486 458/1195/1487 457/1031/1488 471/1030/1489 470/1074/1490
f 407/1150/1491 401/1149/1492 392/1166/1493 397/1196/1494 409/1197/1495
f 459/1089/1496 449/1101/1497 463/1198/1498 468/1199/1498 454/1095/1498 455/1094/1499 469/1138/1500 472/1140/1501 465/1200/1498
f 431/1188/1502 429/1201/1503 457/1202/1504 458/1203/1505 446/1185/1506
f 445/1204/1507 398/1205/1508 403/1171/1509 402/1115/1507 447/1060/1507
f 419/1206/1510 448/1116/1511 403/1171/1512
f 431/1188/1513 432/1207/1514 433/1208/1515 420/1209/1516 429/1201/1517
f 411/1192/1518 400/1191/1519 413/1210/1520 398/1211/1521
f 461/1212/1522 464/1153/1523 472/1152/1524
f 398/1106/1521 413/1213/1520 404/1214/1469 394/1155/1469
f 441/1215/1525 406/1216/1525 391/1217/1525 396/1013/1525 408/1012/1525 417/1011/1525
f 425/1020/1525 444/1019/1525 428/1081/1525 409/1080/1525 397/1218/1525 396/1219/1525 388/1220/1525 399/1221/1525 412/1222/1525
o MeshBody4_(9)_MeshBody4_(9).001
v 2.374477 2.028580 0.253949
v 2.371727 2.027016 0.253796
v 2.374477 2.032562 0.243468
v 2.371727 2.030512 0.261798
v 2.368979 2.031691 0.260676
v 2.368979 2.028580 0.253949
v 2.374477 2.032449 0.257024
v 2.374477 2.031691 0.260676
v 2.368979 2.032449 0.257024
v 2.374477 2.031471 0.239000
v 2.371727 2.034124 0.243766
v 2.371727 2.034052 0.263593
v 2.368979 2.034616 0.262118
v 2.368979 2.035370 0.259082
v 2.371727 2.030378 0.237923
v 2.371727 2.033726 0.256281
v 2.374477 2.034616 0.262118
v 2.374477 2.034946 0.240417
v 2.368979 2.032562 0.243468
v 2.368979 2.034946 0.240417
v 2.368979 2.031471 0.239000
v 2.371724 2.038339 0.256400
v 2.371727 2.036783 0.241747
v 2.374477 2.037156 0.237024
v 2.368979 2.037156 0.237024
v 2.368979 2.040763 0.260847
v 2.371727 2.041795 0.262155
v 2.371727 2.037281 0.235449
v 2.374477 2.040763 0.260847
v 2.366210 2.033002 0.254570
v 2.371717 2.038605 0.253187
v 2.374945 2.038551 0.253849
v 2.371717 2.033182 0.252284
v 2.373711 2.035449 0.258230
v 2.368979 2.038807 0.240693
v 2.374477 2.038807 0.240693
v 2.368979 2.042814 0.256597
v 2.364498 2.032677 0.258705
v 2.368494 2.038550 0.253861
v 2.362917 2.035375 0.259145
v 2.367846 2.035957 0.251958
v 2.378414 2.035792 0.254001
v 2.374945 2.033132 0.252920
v 2.380555 2.035376 0.259130
v 2.378975 2.038050 0.259866
v 2.375816 2.038024 0.260177
v 2.371727 2.043740 0.238667
v 2.368979 2.042477 0.239701
v 2.374477 2.042477 0.239701
v 2.374477 2.040680 0.244277
v 2.371727 2.039095 0.244277
v 2.368979 2.040680 0.244277
v 2.368979 2.042265 0.250431
v 2.367658 2.028954 0.269225
v 2.369238 2.031631 0.269907
v 2.367658 2.038024 0.260170
v 2.364498 2.038049 0.259873
v 2.380557 2.031424 0.270444
v 2.378975 2.028852 0.269488
v 2.378975 2.034098 0.271135
v 2.374235 2.031629 0.269912
v 2.366171 2.027305 0.273504
v 2.364947 2.029538 0.275355
v 2.366171 2.032492 0.275329
v 2.368618 2.033227 0.273411
v 2.374852 2.028018 0.271653
v 2.374852 2.033232 0.273396
v 2.369842 2.027653 0.272603
v 2.375700 2.028731 0.277457
v 2.375002 2.026659 0.275185
v 2.375002 2.031819 0.277082
v 2.371726 2.028404 0.278307
v 2.371723 2.031545 0.277797
v 2.371723 2.026396 0.275869
v 2.371718 2.032700 0.274785
v 2.371715 2.030669 0.272409
vt 0.855774 0.520142
vt 0.856079 0.520630
vt 0.856079 0.521606
vt 0.855774 0.521606
vt 0.855835 0.845833
vt 0.855774 0.845184
vt 0.856079 0.845177
vt 0.856171 0.845711
vt 0.849365 0.811646
vt 0.849060 0.811646
vt 0.849060 0.811401
vt 0.849060 0.811035
vt 0.849365 0.810913
vt 0.774460 0.855225
vt 0.774796 0.855225
vt 0.774811 0.855591
vt 0.774490 0.855591
vt 0.855469 0.526855
vt 0.855530 0.527832
vt 0.855164 0.527832
vt 0.855164 0.526855
vt 0.852850 0.736084
vt 0.853025 0.734497
vt 0.853603 0.734253
vt 0.854183 0.734497
vt 0.854183 0.736694
vt 0.853874 0.736694
vt 0.853550 0.736938
vt 0.853233 0.736816
vt 0.853281 0.736450
vt 0.856079 0.535339
vt 0.855591 0.535400
vt 0.855713 0.535095
vt 0.851883 0.516968
vt 0.851959 0.517090
vt 0.851654 0.517334
vt 0.851517 0.517212
vt 0.849060 0.814087
vt 0.849060 0.813599
vt 0.849365 0.813477
vt 0.849365 0.815918
vt 0.849060 0.815796
vt 0.855988 0.810760
vt 0.855995 0.811127
vt 0.855721 0.811493
vt 0.855415 0.811127
vt 0.855408 0.810791
vt 0.855682 0.810364
vt 0.855995 0.810455
vt 0.853100 0.818970
vt 0.853432 0.818848
vt 0.853737 0.820435
vt 0.853374 0.820312
vt 0.853149 0.819458
vt 0.855713 0.535706
vt 0.855591 0.535767
vt 0.796188 0.853516
vt 0.796463 0.853516
vt 0.796387 0.854858
vt 0.796051 0.854736
vt 0.852818 0.819214
vt 0.853168 0.820557
vt 0.855835 0.844444
vt 0.856171 0.844566
vt 0.854980 0.817017
vt 0.855179 0.817383
vt 0.854660 0.817139
vt 0.855591 0.845680
vt 0.855530 0.845146
vt 0.850494 0.530159
vt 0.850830 0.530323
vt 0.850983 0.530632
vt 0.850647 0.530609
vt 0.851318 0.848877
vt 0.850647 0.848511
vt 0.850769 0.848389
vt 0.851379 0.848633
vt 0.855225 0.520081
vt 0.854858 0.520142
vt 0.854980 0.519287
vt 0.855225 0.519409
vt 0.855347 0.519836
vt 0.796463 0.855347
vt 0.795837 0.854980
vt 0.855164 0.855225
vt 0.855164 0.855530
vt 0.854858 0.855286
vt 0.854980 0.855896
vt 0.854797 0.855591
vt 0.856079 0.521851
vt 0.855774 0.521973
vt 0.514099 0.798828
vt 0.514099 0.797974
vt 0.514374 0.798096
vt 0.514374 0.798828
vt 0.850658 0.502167
vt 0.850658 0.502533
vt 0.850388 0.502502
vt 0.850407 0.502167
vt 0.855591 0.844536
vt 0.790253 0.855591
vt 0.790176 0.854980
vt 0.790482 0.854980
vt 0.790558 0.855591
vt 0.855103 0.518982
vt 0.855347 0.519165
vt 0.854507 0.817749
vt 0.854797 0.817749
vt 0.854904 0.819580
vt 0.854599 0.819458
vt 0.856384 0.520142
vt 0.856384 0.521606
vt 0.852295 0.846680
vt 0.852295 0.847900
vt 0.852112 0.847900
vt 0.851685 0.846069
vt 0.852051 0.846191
vt 0.821289 0.749573
vt 0.821289 0.749268
vt 0.821411 0.749573
vt 0.855713 0.535461
vt 0.852036 0.519409
vt 0.852448 0.519409
vt 0.852646 0.519043
vt 0.852402 0.517944
vt 0.852798 0.518311
vt 0.852844 0.517700
vt 0.852844 0.519409
vt 0.852280 0.519775
vt 0.851685 0.519531
vt 0.851334 0.517944
vt 0.851746 0.517700
vt 0.851776 0.519043
vt 0.514282 0.823425
vt 0.514282 0.823730
vt 0.514038 0.823425
vt 0.851379 0.846069
vt 0.851685 0.848511
vt 0.850586 0.846680
vt 0.851074 0.846558
vt 0.850891 0.847900
vt 0.851135 0.848267
vt 0.851685 0.848145
vt 0.851624 0.846558
vt 0.856079 0.520264
vt 0.850769 0.846313
vt 0.775040 0.855957
vt 0.774750 0.856079
vt 0.855164 0.526611
vt 0.855469 0.526489
vt 0.850952 0.845947
vt 0.774750 0.854370
vt 0.775040 0.854492
vt 0.849365 0.813354
vt 0.849060 0.813354
vt 0.850983 0.529953
vt 0.854797 0.527832
vt 0.854858 0.526855
vt 0.849670 0.813599
vt 0.849670 0.815796
vt 0.823425 0.853027
vt 0.823730 0.853271
vt 0.823730 0.853516
vt 0.823425 0.853394
vt 0.854858 0.526489
vt 0.850075 0.502350
vt 0.850105 0.502014
vt 0.822815 0.851929
vt 0.823181 0.851318
vt 0.823486 0.851196
vt 0.823853 0.851196
vt 0.824341 0.851807
vt 0.824036 0.851929
vt 0.823547 0.851562
vt 0.823364 0.851807
vt 0.823120 0.851929
vt 0.849670 0.811646
vt 0.849670 0.813354
vt 0.851074 0.502396
vt 0.850708 0.502228
vt 0.851196 0.502014
vt 0.851196 0.502808
vt 0.851166 0.518066
vt 0.855087 0.817749
vt 0.855179 0.819458
vt 0.856079 0.536011
vt 0.855591 0.535767
vt 0.824036 0.853394
vt 0.824341 0.853516
vt 0.823792 0.853882
vt 0.823425 0.853760
vt 0.822937 0.853149
vt 0.853439 0.820557
vt 0.795731 0.854614
vt 0.795944 0.853149
vt 0.850113 0.502808
vt 0.851746 0.848755
vt 0.790253 0.853760
vt 0.790558 0.853760
vt 0.853737 0.817017
vt 0.853573 0.817505
vt 0.852829 0.818481
vt 0.852711 0.817505
vt 0.852947 0.817139
vt 0.854614 0.520020
vt 0.854614 0.519714
vt 0.854736 0.519348
vt 0.855591 0.528564
vt 0.855164 0.528076
vt 0.854736 0.528564
vn -0.4967 0.8652 0.0685
vn -0.4974 0.8648 0.0688
vn -0.4982 0.8643 0.0690
vn 0.4771 -0.4606 -0.7485
vn 0.4870 -0.1397 -0.8622
vn 0.4767 -0.1306 -0.8693
vn 0.4761 -0.4607 -0.7490
vn 0.4685 -0.8479 0.2483
vn 0.4695 -0.8471 0.2489
vn 0.5081 -0.6713 0.5397
vn 0.5071 -0.6717 0.5400
vn 0.4713 -0.7142 0.5176
vn 0.1947 0.1613 0.9675
vn 0.1974 0.1614 0.9670
vn 0.1976 0.1573 0.9676
vn 0.1937 0.1613 0.9677
vn 0.4970 -0.8648 -0.0714
vn 0.4970 -0.8648 -0.0715
vn 0.4973 -0.8646 -0.0714
vn 0.4979 -0.8643 -0.0712
vn 1.0000 0.0001 -0.0000
vn 1.0000 -0.0000 -0.0000
vn -0.5102 -0.4630 -0.7248
vn -0.5173 -0.4430 -0.7322
vn -0.5175 -0.4423 -0.7325
vn -0.4961 -0.3926 0.7744
vn -0.4846 -0.3867 0.7846
vn -0.4855 -0.3863 0.7842
vn -0.4957 -0.3931 0.7744
vn -0.4784 0.7909 0.3817
vn -0.4784 0.7909 0.3816
vn -0.4972 0.7759 0.3882
vn -0.4811 0.8389 -0.2544
vn -0.4837 0.8381 -0.2523
vn 0.1693 0.6084 -0.7754
vn 0.5026 0.5974 -0.6249
vn 0.4997 0.5985 -0.6261
vn 0.1669 0.6085 -0.7758
vn -0.1727 0.6086 -0.7745
vn -0.1687 0.6102 -0.7740
vn -0.1689 0.6087 -0.7752
vn -0.8196 -0.5188 0.2431
vn -0.8673 -0.4681 -0.1696
vn -0.8671 -0.4684 -0.1696
vn -0.8677 -0.4673 -0.1696
vn -0.8194 -0.5191 0.2431
vn -0.4733 0.3588 -0.8045
vn -0.4708 0.3494 -0.8101
vn -0.4740 0.3502 -0.8079
vn -0.4763 0.3590 -0.8027
vn 0.8670 -0.4684 -0.1700
vn 0.8678 -0.4672 -0.1691
vn 0.8682 -0.4667 -0.1685
vn 0.8676 -0.4676 -0.1694
vn -0.8622 0.4771 0.1705
vn -0.8654 0.4712 0.1704
vn -0.8665 0.4691 0.1704
vn -0.8632 0.4752 0.1706
vn 0.4913 0.2144 -0.8442
vn 0.5046 0.5622 -0.6552
vn 0.4929 0.2161 -0.8428
vn 0.4926 0.2171 -0.8427
vn -0.4957 0.5974 -0.6304
vn -0.4958 0.5974 -0.6303
vn -0.5072 0.5886 -0.6295
vn -0.4766 -0.4616 -0.7482
vn -0.4886 -0.1297 -0.8628
vn -0.4885 -0.1297 -0.8629
vn -0.4782 -0.1408 -0.8669
vn 0.4772 0.3474 -0.8072
vn 0.4773 0.3501 -0.8060
vn 0.4722 0.3600 -0.8047
vn 0.4716 0.3582 -0.8058
vn -0.1945 -0.7546 0.6267
vn -0.5524 -0.6903 0.4674
vn -0.1892 -0.7575 0.6248
vn -0.1889 -0.7578 0.6245
vn 0.5099 0.3799 0.7718
vn 0.4697 0.3506 0.8102
vn 0.4763 -0.0214 0.8790
vn 0.4750 -0.0214 0.8797
vn 0.5100 0.3799 0.7718
vn 0.1581 -0.6335 0.7574
vn 0.1578 -0.6335 0.7575
vn 0.1227 -0.6195 0.7754
vn 0.4893 0.4623 0.7395
vn 0.4866 0.4589 0.7434
vn 0.4883 0.4643 0.7389
vn 0.4905 0.1077 0.8648
vn 0.4906 0.1076 0.8647
vn 0.4839 0.0934 0.8702
vn 0.4837 0.0932 0.8703
vn -0.4912 0.0932 0.8660
vn -0.4913 0.0932 0.8660
vn -0.4874 0.4632 0.7402
vn -0.4894 0.4576 0.7424
vn 0.8207 -0.5563 0.1303
vn 0.5476 -0.6952 0.4655
vn 0.8213 -0.5551 0.1316
vn 0.8218 -0.5544 0.1320
vn 0.1905 0.7441 -0.6404
vn 0.1959 0.7453 -0.6373
vn 0.1955 0.7450 -0.6378
vn 0.1892 0.7432 -0.6417
vn -0.5048 0.5648 -0.6529
vn -0.5011 0.5651 -0.6555
vn -0.4933 0.2092 -0.8443
vn -0.5013 0.2144 -0.8383
vn 0.7930 0.5440 -0.2743
vn 0.7930 0.5440 -0.2744
vn 0.7967 0.5306 -0.2895
vn 0.7967 0.5304 -0.2898
vn 0.4864 -0.3950 0.7793
vn 0.4872 -0.3947 0.7790
vn 0.4963 -0.3837 0.7788
vn 0.4963 -0.3838 0.7787
vn -0.8683 0.4681 0.1644
vn -0.8675 0.4695 0.1643
vn -0.8150 0.3416 0.4681
vn -0.8106 0.3603 0.4616
vn 0.4976 0.8647 0.0685
vn 0.4981 0.8644 0.0684
vn 0.4973 0.8649 0.0688
vn 0.4964 0.8653 0.0691
vn -0.8047 0.5257 -0.2759
vn -0.8043 0.5264 -0.2759
vn -0.7902 0.5443 -0.2815
vn -0.7905 0.5439 -0.2816
vn 0.8654 -0.4729 -0.1657
vn 0.8664 -0.4714 -0.1648
vn 0.8629 -0.4765 -0.1683
vn 0.8232 -0.4229 -0.3788
vn 0.8236 -0.4224 -0.3785
vn -0.5068 -0.5985 0.6204
vn -0.4903 -0.6054 0.6270
vn -0.5065 -0.5986 0.6205
vn -0.5453 0.3695 0.7524
vn -0.5464 0.3691 0.7518
vn -0.5472 0.3705 0.7505
vn -1.0000 0.0000 0.0000
vn -1.0000 0.0004 0.0000
vn -1.0000 -0.0001 -0.0000
vn -1.0000 0.0001 -0.0000
vn -0.4925 -0.2328 0.8386
vn -0.4926 -0.2326 0.8386
vn -0.4916 -0.2301 0.8399
vn 0.0001 -0.9969 -0.0784
vn -0.0001 -0.9970 -0.0780
vn 0.0000 -0.9331 -0.3595
vn -0.0001 -0.9333 -0.3591
vn 0.0000 -0.9333 -0.3590
vn 0.0001 -0.9332 -0.3593
vn 0.0235 -0.9422 -0.3341
vn 0.0019 -0.9404 -0.3399
vn -0.0000 -0.9332 -0.3593
vn -0.0000 -0.9334 -0.3590
vn -0.0252 -0.9401 -0.3400
vn 0.0000 -0.9969 -0.0784
vn 0.4573 0.8650 -0.2064
vn 0.4727 0.8515 -0.2267
vn 0.4569 0.8653 -0.2061
vn 0.0000 -0.9969 -0.0785
vn -0.5506 0.2353 0.8009
vn -0.5457 0.2211 0.8083
vn -0.1921 0.1574 0.9687
vn -0.1933 0.1616 0.9677
vn 0.4682 -0.8570 0.2152
vn 0.4851 -0.8416 0.2375
vn 0.4852 -0.8415 0.2378
vn -0.1838 -0.3587 -0.9152
vn -0.1773 -0.3587 -0.9165
vn -0.1785 -0.3565 -0.9171
vn 0.5512 0.2224 0.8041
vn 0.5394 0.2310 0.8097
vn 0.8067 0.3547 0.4726
vn 0.8182 0.3429 0.4615
vn 0.4962 -0.8656 -0.0672
vn 0.4974 -0.8649 -0.0667
vn 0.4721 -0.7771 -0.4161
vn 0.4832 -0.7757 -0.4060
vn 0.5173 -0.4614 -0.7208
vn 0.5119 -0.4448 -0.7349
vn 0.5116 -0.4454 -0.7347
vn -0.4974 -0.8646 -0.0714
vn -0.4971 -0.8646 -0.0732
vn -0.4981 -0.8642 -0.0716
vn 0.4980 0.7810 0.3769
vn 0.4804 0.8400 -0.2524
vn 0.4835 0.8378 -0.2537
vn 0.4804 0.7844 0.3924
vn -0.8394 0.5347 -0.0974
vn -0.5763 0.6772 -0.4574
vn -0.5747 0.6780 -0.4584
vn -0.8295 0.5485 -0.1056
vn -0.4729 -0.8480 0.2393
vn -0.4727 -0.8480 0.2395
vn -0.4881 -0.8465 0.2127
vn -0.4881 -0.8465 0.2126
vn 0.5431 -0.2423 -0.8039
vn 0.5436 -0.2424 -0.8036
vn 0.1830 -0.1755 -0.9673
vn 0.1825 -0.1752 -0.9675
vn -0.4764 0.8552 -0.2043
vn -0.4765 0.8552 -0.2041
vn -0.4604 0.8579 -0.2283
vn 0.0003 0.9965 0.0832
vn 0.0001 0.9966 0.0829
vn 0.0001 0.9965 0.0832
vn -0.0002 0.9965 0.0830
vn 0.0001 0.9966 0.0826
vn 0.0002 0.9965 0.0832
vn -0.4963 -0.8656 -0.0665
vn -0.4977 -0.8648 -0.0669
vn -0.4717 -0.7811 -0.4091
vn -0.4831 -0.7719 -0.4134
vn 1.0000 0.0002 0.0000
vn 1.0000 0.0000 -0.0006
vn -0.4687 -0.8475 0.2492
vn -0.4684 -0.8476 0.2493
vn -0.4695 -0.8473 0.2484
vn -0.5055 -0.6983 0.5067
vn -0.4685 -0.6880 0.5542
vn -0.8380 0.4374 0.3262
vn -0.8377 0.4376 0.3267
vn -0.8373 0.4191 0.3510
vn -0.8253 -0.4221 -0.3750
vn -0.8254 -0.4223 -0.3747
vn -0.8657 -0.4720 -0.1669
vn -0.8215 -0.5557 0.1279
vn -0.8228 -0.5537 0.1277
vn -0.1557 -0.6220 0.7674
vn -0.1564 -0.6220 0.7672
vn -0.1165 -0.6374 0.7617
vn -0.1167 -0.6373 0.7618
vn 0.0001 0.9338 0.3578
vn -0.0001 0.9336 0.3582
vn -0.0243 0.9414 0.3365
vn -0.0242 0.9414 0.3365
vn -0.0031 0.9435 0.3313
vn -0.0000 0.9337 0.3581
vn -0.0001 0.9337 0.3582
vn -0.0001 0.9338 0.3579
vn 0.0248 0.9434 0.3309
vn 0.0248 0.9434 0.3308
vn 0.0019 0.9416 0.3368
vn -0.8181 -0.3470 -0.4586
vn -0.8185 -0.3718 -0.4380
vn -0.8186 -0.3716 -0.4379
vn 0.8631 0.4749 0.1720
vn 0.8619 0.4766 0.1730
vn 0.8655 0.4713 0.1694
vn 0.8664 0.4702 0.1681
vn -0.1869 -0.1768 -0.9663
vn -0.1856 -0.1767 -0.9666
vn -0.1862 -0.1757 -0.9667
vn 0.1956 -0.7568 0.6237
vn 0.1958 -0.7569 0.6235
vn 0.1967 -0.7563 0.6239
vn 0.1922 -0.7539 0.6282
vn 0.8675 0.4695 0.1644
vn 0.8669 0.4705 0.1646
vn 0.8681 0.4687 0.1635
vn 0.8685 0.4680 0.1633
vn 1.0000 0.0003 0.0000
vn -0.4646 0.3913 0.7944
vn -0.4844 -0.0225 0.8746
vn -0.4746 -0.0127 0.8801
vn -0.4845 -0.0207 0.8746
vn -0.5052 0.3429 0.7919
vn -0.4989 -0.7863 -0.3644
vn 0.5009 -0.7933 -0.3461
vn 0.4877 -0.7922 -0.3667
vn 0.4885 -0.7917 -0.3668
vn -0.4847 -0.8018 -0.3496
vn -0.4988 -0.7864 -0.3643
usemtl Steel_-_Satin.001
s 1
f 481/1223/1526 505/1224/1527 483/1225/1528 491/1226/1527
f 487/1227/1529 500/1228/1530 496/1229/1531 482/1230/1532
f 474/1231/1533 473/1232/1534 479/1233/1535 480/1234/1536 476/1235/1537
f 541/1236/1538 543/1237/1539 545/1238/1540 544/1239/1541
f 522/1240/1542 504/1241/1543 503/1242/1544 523/1243/1545
f 473/1244/1546 482/1245/1547 496/1246/1546 521/1247/1546 501/1248/1546 518/1249/1546 489/1250/1546 480/1251/1546 479/1252/1546
f 494/1253/1548 486/1254/1549 528/1255/1550
f 484/1256/1551 485/1257/1552 477/1258/1553 476/1259/1554
f 509/1260/1555 498/1261/1556 499/1262/1557 519/1263/1558 520/1264/1559
f 503/1265/1560 504/1266/1561 514/1267/1562 515/1268/1563 505/1269/1564 513/1270/1565 511/1271/1566
f 506/1272/1567 479/1273/1568 538/1274/1569 533/1275/1570 489/1276/1571
f 494/1253/1572 488/1277/1573 481/1278/1574 486/1254/1575
f 527/1279/1576 526/1280/1577 481/1281/1578 486/1282/1579
f 518/1283/1580 489/1276/1581 533/1275/1582 539/1284/1583
f 500/1228/1584 519/1285/1585 521/1286/1586 496/1229/1587
f 513/1287/1588 502/1288/1589 511/1289/1590
f 487/1227/1591 493/1290/1592 497/1291/1593 500/1228/1594
f 494/1292/1595 506/1293/1596 479/1294/1597 488/1295/1598
f 544/1296/1599 535/1297/1600 534/1298/1601 546/1299/1602
f 501/1300/1603 499/1301/1604 484/1302/1605 489/1303/1606 518/1304/1607
f 481/1281/1608 505/1305/1609 494/1306/1610 486/1282/1610
f 475/1307/1611 490/1308/1612 483/1309/1613
f 490/1308/1614 508/1310/1615 495/1311/1616 483/1309/1617
f 483/1225/1618 495/1312/1619 492/1313/1620 491/1226/1621
f 530/1314/1622 541/1315/1623 542/1316/1624 531/1317/1625
f 537/1318/1626 547/1319/1627 548/1320/1628 527/1321/1629
f 520/1322/1630 519/1285/1631 500/1228/1632 497/1291/1633
f 504/1323/1634 517/1324/1635 516/1325/1636 514/1326/1637
f 484/1302/1638 476/1327/1639 480/1328/1640 489/1303/1641
f 529/1329/1642 512/1330/1643 535/1331/1644 536/1332/1645
f 479/1333/1646 475/1334/1647 483/1225/1648 505/1224/1649
f 529/1329/1650 511/1289/1651 502/1288/1652 512/1330/1653
f 516/1335/1654 530/1336/1655 531/1337/1656 515/1338/1657 514/1339/1658
f 488/1340/1659 479/1341/1660 506/1342/1661
f 494/1253/1662 488/1277/1663 506/1343/1664
f 492/1344/1665 507/1345/1665 524/1346/1666 511/1347/1667 525/1348/1668 509/1349/1666 520/1350/1668 497/1351/1668 493/1352/1665 478/1353/1668 481/1354/1668 491/1355/1666
f 495/1356/1669 507/1357/1670 492/1358/1671
f 505/1359/1672 515/1338/1673 531/1337/1674 542/1360/1675 546/1299/1676 534/1298/1677 510/1361/1678 481/1362/1679 526/1363/1680 540/1364/1681 538/1365/1682 479/1366/1683
f 488/1367/1684 479/1333/1685 505/1224/1686
f 481/1362/1687 510/1361/1687 502/1368/1687 505/1359/1687
f 536/1369/1688 535/1370/1689 544/1239/1690 545/1238/1691
f 495/1371/1692 508/1372/1693 522/1240/1694 523/1243/1692
f 513/1373/1695 505/1359/1696 502/1368/1697
f 543/1237/1698 541/1236/1699 530/1374/1700 532/1375/1701
f 473/1232/1702 474/1231/1703 487/1376/1704 482/1377/1705
f 494/1292/1706 518/1378/1707 506/1293/1708
f 523/1243/1709 503/1242/1710 511/1379/1709 524/1380/1711
f 501/1381/1712 521/1382/1713 519/1263/1714 499/1262/1715
f 533/1383/1716 548/1384/1717 547/1385/1718 539/1386/1719
f 524/1380/1720 507/1387/1721 495/1371/1722 523/1243/1723
f 540/1388/1724 526/1389/1725 527/1321/1726 548/1320/1727
f 488/1367/1728 505/1224/1729 481/1223/1730
f 517/1390/1731 504/1391/1732 503/1392/1732 511/1393/1732 529/1394/1733 528/1395/1734 494/1396/1735 506/1397/1731 518/1398/1736
f 474/1231/1737 478/1399/1738 493/1400/1739 487/1376/1740
f 490/1401/1546 475/1402/1741 482/1403/1742 508/1404/1741
f 481/1354/1743 478/1353/1744 474/1405/1745 476/1259/1746 477/1258/1747
f 506/1272/1748 489/1276/1749 518/1283/1750
f 512/1330/1751 502/1288/1752 510/1406/1753 534/1407/1754 535/1331/1755
f 505/1408/1756 479/1409/1757 488/1277/1758 494/1253/1759
f 539/1386/1760 547/1385/1761 537/1410/1762 528/1395/1763 529/1394/1764 536/1411/1765 545/1412/1766 543/1413/1767 532/1414/1768 517/1390/1769 518/1398/1770
f 538/1274/1771 548/1415/1772 533/1275/1773
f 527/1279/1774 486/1282/1775 528/1416/1776 537/1417/1777
f 548/1320/1778 538/1418/1779 540/1388/1780
f 541/1419/1781 544/1296/1782 546/1299/1783 542/1360/1784
f 517/1324/1785 532/1420/1786 530/1421/1787 516/1325/1788
f 482/1422/1742 475/1423/1741 479/1273/1789 506/1272/1741 518/1283/1789 504/1424/1741 522/1425/1741 508/1426/1741
f 498/1427/1790 528/1428/1791 485/1429/1792 484/1302/1793 499/1301/1794
f 511/1379/1795 503/1242/1796 504/1241/1797 518/1430/1798 494/1431/1799 528/1432/1800
o MeshBody4_(10)_MeshBody4_(10).001
v 2.371727 2.031079 0.228600
v 2.374477 2.032385 0.227618
v 2.374477 2.028849 0.212672
v 2.371727 2.033694 0.230739
v 2.368979 2.034508 0.229361
v 2.371727 2.027259 0.212771
v 2.368979 2.034995 0.225600
v 2.374477 2.032457 0.210052
v 2.371727 2.033828 0.210879
v 2.368979 2.037726 0.230063
v 2.368979 2.037976 0.226914
v 2.371727 2.028363 0.207680
v 2.371727 2.036948 0.225134
v 2.374477 2.031642 0.206439
v 2.368979 2.032033 0.212482
v 2.368979 2.033483 0.208972
v 2.368979 2.041066 0.229281
v 2.371727 2.041649 0.230730
v 2.368979 2.029724 0.208451
v 2.371727 2.030727 0.205193
v 2.374477 2.041066 0.229281
v 2.371724 2.040991 0.223569
v 2.374477 2.035312 0.208264
v 2.368979 2.034673 0.205171
v 2.371727 2.034353 0.203626
v 2.368494 2.035233 0.221452
v 2.371717 2.040583 0.220395
v 2.371717 2.035102 0.220818
v 2.371727 2.036953 0.209844
v 2.374477 2.037972 0.205188
v 2.371727 2.038305 0.203609
v 2.368979 2.045532 0.222684
v 2.371727 2.047098 0.222745
v 2.374477 2.042374 0.222574
v 2.374477 2.045532 0.222684
v 2.364498 2.035222 0.227194
v 2.368565 2.040887 0.224890
v 2.368494 2.040717 0.221058
v 2.362917 2.037982 0.226974
v 2.365031 2.038100 0.221862
v 2.378414 2.038097 0.221848
v 2.374945 2.035231 0.221440
v 2.374887 2.035395 0.225121
v 2.380555 2.037983 0.226959
v 2.378975 2.040718 0.227036
v 2.374237 2.037933 0.227570
v 2.371727 2.041505 0.205156
v 2.368979 2.040571 0.206461
v 2.368979 2.038692 0.209012
v 2.374477 2.040106 0.211308
v 2.368979 2.043168 0.210533
v 2.371727 2.044698 0.210140
v 2.374477 2.043168 0.210533
v 2.367658 2.034302 0.238363
v 2.364498 2.040718 0.227045
v 2.378975 2.035223 0.227186
v 2.374235 2.037057 0.238385
v 2.366171 2.033930 0.242938
v 2.364947 2.036586 0.244197
v 2.366171 2.039404 0.243451
v 2.369842 2.036911 0.240187
v 2.368618 2.039570 0.241405
v 2.378505 2.036585 0.244202
v 2.377287 2.033930 0.242936
v 2.374852 2.034090 0.240958
v 2.377287 2.039404 0.243448
v 2.374852 2.039572 0.241389
v 2.367746 2.036403 0.246450
v 2.375700 2.036404 0.246442
v 2.371726 2.036330 0.247349
v 2.371723 2.039190 0.246084
v 2.371718 2.039451 0.242871
v 2.371718 2.033975 0.242382
vt 0.515015 0.730103
vt 0.515015 0.730347
vt 0.514771 0.730469
vt 0.796204 0.850708
vt 0.796326 0.850586
vt 0.796570 0.851074
vt 0.796570 0.852783
vt 0.796204 0.852905
vt 0.855209 0.825073
vt 0.855515 0.824585
vt 0.855621 0.825073
vt 0.853790 0.537842
vt 0.854004 0.539429
vt 0.853668 0.539185
vt 0.853424 0.539551
vt 0.853210 0.538208
vt 0.853516 0.538086
vt 0.795776 0.852783
vt 0.796082 0.852539
vt 0.796082 0.851196
vt 0.795837 0.850830
vt 0.795898 0.853149
vt 0.795532 0.853149
vt 0.794922 0.852539
vt 0.794861 0.851196
vt 0.795288 0.850952
vt 0.795349 0.852295
vt 0.795471 0.852661
vt 0.850769 0.796875
vt 0.851135 0.797485
vt 0.851074 0.797729
vt 0.850769 0.797485
vt 0.850586 0.796875
vt 0.817383 0.850952
vt 0.817749 0.850952
vt 0.817688 0.851196
vt 0.515198 0.732056
vt 0.514954 0.732056
vt 0.854553 0.851440
vt 0.854736 0.852051
vt 0.854431 0.852173
vt 0.854187 0.851440
vt 0.855347 0.842346
vt 0.855286 0.842590
vt 0.854980 0.842468
vt 0.854858 0.842163
vt 0.856201 0.751839
vt 0.855835 0.751945
vt 0.855835 0.751587
vt 0.855835 0.751175
vt 0.856079 0.751205
vt 0.817078 0.853149
vt 0.816772 0.852905
vt 0.816895 0.852783
vt 0.855080 0.777588
vt 0.855179 0.779297
vt 0.854897 0.779419
vt 0.854797 0.777588
vt 0.817139 0.850952
vt 0.817139 0.851440
vt 0.855835 0.538330
vt 0.855469 0.538330
vt 0.855652 0.538086
vt 0.853638 0.537720
vt 0.853027 0.537598
vt 0.855438 0.520630
vt 0.855728 0.520752
vt 0.855743 0.522339
vt 0.855469 0.522461
vt 0.855774 0.536255
vt 0.856079 0.536377
vt 0.856079 0.537598
vt 0.855835 0.537354
vt 0.840332 0.535645
vt 0.839905 0.535217
vt 0.839905 0.534912
vt 0.840515 0.534912
vt 0.840515 0.535400
vt 0.855957 0.729614
vt 0.855591 0.729492
vt 0.855591 0.728027
vt 0.855957 0.728027
vt 0.854729 0.777100
vt 0.854507 0.777710
vt 0.854416 0.777100
vt 0.856323 0.536011
vt 0.856628 0.536133
vt 0.856445 0.536804
vt 0.856140 0.536743
vt 0.856201 0.536316
vt 0.514362 0.814819
vt 0.514095 0.814941
vt 0.514095 0.814453
vt 0.514362 0.814453
vt 0.855179 0.777100
vt 0.817444 0.852661
vt 0.816650 0.851196
vt 0.817078 0.850586
vt 0.817383 0.850464
vt 0.817017 0.852295
vt 0.855522 0.805786
vt 0.855621 0.805176
vt 0.855873 0.805298
vt 0.855873 0.806030
vt 0.855453 0.520142
vt 0.855743 0.520142
vt 0.501038 0.846191
vt 0.501312 0.845581
vt 0.501373 0.845947
vt 0.856201 0.750740
vt 0.855835 0.750824
vt 0.855835 0.750610
vt 0.514099 0.807037
vt 0.514343 0.806793
vt 0.514343 0.807220
vt 0.514221 0.807434
vt 0.856628 0.537292
vt 0.856323 0.537415
vt 0.856201 0.537170
vt 0.855347 0.842896
vt 0.854980 0.842834
vt 0.852234 0.795044
vt 0.852295 0.795410
vt 0.851685 0.795166
vt 0.851440 0.794922
vt 0.851379 0.794800
vt 0.855591 0.750961
vt 0.855591 0.751602
vt 0.855835 0.537720
vt 0.855469 0.537842
vt 0.855469 0.537476
vt 0.855774 0.537842
vt 0.817749 0.850464
vt 0.855713 0.729736
vt 0.841675 0.738747
vt 0.841431 0.738747
vt 0.841553 0.738443
vt 0.854614 0.850098
vt 0.854309 0.850098
vt 0.854431 0.849487
vt 0.854736 0.849609
vt 0.856201 0.729614
vt 0.856201 0.728027
vt 0.501572 0.846191
vt 0.856079 0.782898
vt 0.855774 0.782837
vt 0.855774 0.782104
vt 0.856079 0.781982
vt 0.837585 0.850464
vt 0.838013 0.850464
vt 0.838013 0.850952
vt 0.837585 0.850830
vt 0.514038 0.799255
vt 0.514038 0.799011
vt 0.514282 0.798828
vt 0.514282 0.799561
vt 0.514038 0.799622
vt 0.855530 0.536133
vt 0.853210 0.536377
vt 0.853699 0.536011
vt 0.854004 0.536133
vt 0.795044 0.850708
vt 0.795593 0.850464
vt 0.854599 0.779419
vt 0.855530 0.823486
vt 0.855820 0.823608
vt 0.855820 0.824951
vt 0.515320 0.732544
vt 0.515320 0.732788
vt 0.515015 0.732666
vt 0.839600 0.535950
vt 0.839661 0.535461
vt 0.840088 0.535889
vt 0.854004 0.851318
vt 0.854065 0.850098
vt 0.856079 0.536011
vt 0.855820 0.823242
vt 0.855255 0.823364
vt 0.515320 0.730225
vt 0.817444 0.853271
vt 0.818054 0.852783
vt 0.817871 0.853149
vt 0.855164 0.522461
vt 0.855148 0.520630
vt 0.818176 0.852905
vt 0.498901 0.856201
vt 0.498535 0.855957
vt 0.498535 0.855591
vt 0.498901 0.855469
vt 0.498901 0.855835
vt 0.818176 0.851074
vt 0.817810 0.852539
vt 0.850769 0.795532
vt 0.852295 0.796997
vt 0.851807 0.797607
vn 0.4999 -0.5488 0.6700
vn 0.5001 -0.5482 0.6704
vn 0.4989 -0.5497 0.6700
vn -0.4764 -0.8609 -0.1784
vn -0.4872 -0.8535 -0.1850
vn -0.5023 -0.8473 0.1726
vn -0.4904 -0.8282 0.2714
vn -0.4978 -0.8261 0.2640
vn 0.8060 0.4870 0.3365
vn 0.8216 0.4738 0.3170
vn 0.8216 0.4737 0.3170
vn -0.8666 -0.4974 -0.0410
vn -0.8665 -0.4975 -0.0410
vn -0.8668 0.4970 0.0401
vn -0.8664 0.4978 0.0398
vn -0.8661 0.4982 0.0398
vn -0.8657 -0.4990 -0.0406
vn -1.0000 0.0001 0.0000
vn -1.0000 0.0002 0.0000
vn -1.0000 0.0009 0.0000
vn 0.4763 0.7412 -0.4730
vn 0.4939 0.3827 -0.7808
vn 0.4983 0.3811 -0.7788
vn 0.4788 0.7394 -0.4734
vn 0.4789 0.7391 -0.4736
vn -0.8470 -0.4653 0.2570
vn -0.8266 -0.4859 0.2840
vn -0.8472 -0.4652 0.2567
vn 0.4979 -0.8244 0.2692
vn 0.4980 -0.8498 0.1726
vn 0.5019 -0.8473 0.1735
vn 0.4892 -0.8309 0.2650
vn -0.4685 0.8096 0.3536
vn -0.4783 0.5469 0.6871
vn -0.4826 0.5426 0.6875
vn -0.4684 0.8096 0.3537
vn -0.4889 -0.0185 0.8721
vn -0.4889 -0.0188 0.8722
vn -0.4904 -0.0224 0.8712
vn -0.4902 -0.0204 0.8714
vn -0.4985 0.3814 -0.7784
vn -0.4952 0.3817 -0.7805
vn -0.4910 -0.0039 -0.8711
vn -0.4911 -0.0039 -0.8711
vn -0.4903 -0.0042 -0.8716
vn -0.5411 -0.5571 0.6299
vn -0.5449 -0.5509 0.6321
vn -0.5385 -0.5564 0.6328
vn 0.8664 0.4978 0.0399
vn 0.8235 0.4486 0.3473
vn 0.8122 0.4629 0.3549
vn 0.8660 0.4985 0.0403
vn 0.8363 -0.4694 0.2833
vn 0.8362 -0.4912 0.2440
vn 0.8362 -0.4911 0.2439
vn -0.4836 0.1135 -0.8679
vn -0.5090 0.1636 -0.8451
vn -0.5090 0.1638 -0.8450
vn -0.8102 0.4898 0.3219
vn -0.8105 0.4896 0.3216
vn -0.8088 0.4780 0.3425
vn -0.8657 -0.4989 -0.0405
vn -0.8664 -0.4976 -0.0410
vn -0.8160 -0.5073 0.2770
vn -0.8173 -0.5061 0.2753
vn 0.4973 -0.8504 0.1721
vn 0.4953 -0.8516 0.1718
vn 0.4948 -0.8519 0.1716
vn 0.4965 -0.8508 0.1719
vn 0.1633 0.3947 -0.9042
vn 0.1663 0.3964 -0.9029
vn 0.4944 0.4220 -0.7599
vn 0.4889 0.4124 -0.7687
vn 0.1664 0.3959 -0.9031
vn -0.4978 0.8493 -0.1754
vn -0.4954 0.8504 -0.1769
vn -0.4902 0.8348 -0.2505
vn -0.4907 0.8349 -0.2493
vn 0.8015 -0.4872 -0.3467
vn 0.8013 -0.4875 -0.3468
vn 0.7659 -0.5289 -0.3655
vn 0.7659 -0.5290 -0.3655
vn 0.5470 0.4283 0.7193
vn 0.2008 0.3981 0.8951
vn 0.2009 0.3964 0.8958
vn 0.1969 0.4002 0.8950
vn 0.5464 0.4283 0.7197
vn -0.1898 -0.4137 -0.8904
vn -0.1916 -0.4135 -0.8901
vn -0.5666 -0.4408 -0.6962
vn -0.5499 -0.4297 -0.7163
vn 0.8349 0.4328 -0.3401
vn 0.8240 0.4840 -0.2945
vn 0.0000 -0.9967 -0.0808
vn 0.0000 -0.9967 -0.0811
vn -0.0001 -0.9966 -0.0823
vn -0.0150 -0.9914 0.1300
vn 0.0301 -0.9971 0.0703
vn -0.0000 -0.9967 -0.0817
vn -0.0001 -0.9967 -0.0810
vn -0.8148 0.4795 -0.3258
vn -0.8150 0.4791 -0.3258
vn -0.8504 0.4292 -0.3043
vn -0.8505 0.4292 -0.3042
vn -0.7829 -0.5237 -0.3358
vn -0.7830 -0.5235 -0.3359
vn -0.7941 -0.4829 -0.3691
vn -0.7935 -0.4838 -0.3691
vn -0.5044 0.5009 0.7034
vn -0.5031 0.5011 0.7042
vn -0.5029 0.5010 0.7044
vn -0.4902 -0.3364 -0.8040
vn -0.4909 -0.3363 -0.8037
vn -0.4806 -0.3480 -0.8049
vn -0.4838 -0.6332 -0.6041
vn -0.4832 -0.6345 -0.6032
vn 0.4751 -0.5715 -0.6691
vn 0.4669 -0.5616 -0.6831
vn 0.4678 -0.5613 -0.6827
vn 0.4750 -0.5714 -0.6693
vn -0.1979 0.3997 0.8950
vn -0.5578 0.4301 0.7098
vn -0.5527 0.4184 0.7208
vn -0.1989 0.3982 0.8955
vn -0.1953 0.3966 0.8970
vn 0.4859 0.3024 0.8200
vn 0.4933 0.3140 0.8112
vn 0.4897 -0.0185 0.8717
vn 0.4893 -0.0192 0.8719
vn 0.4852 -0.1959 0.8522
vn 0.4952 -0.1855 0.8488
vn 0.4892 0.1975 0.8495
vn 0.4896 0.1989 0.8490
vn 0.4801 0.1939 0.8555
vn 0.4796 -0.3387 -0.8095
vn 0.4901 -0.3457 -0.8001
vn 0.4983 -0.0032 -0.8670
vn 0.4980 -0.0038 -0.8672
vn 0.4985 -0.0041 -0.8669
vn -0.4545 -0.8356 -0.3086
vn -0.4548 -0.8354 -0.3088
vn -0.4794 -0.8103 -0.3371
vn -0.4794 -0.8103 -0.3370
vn -0.4802 -0.2153 -0.8503
vn -0.4935 -0.1879 -0.8492
vn -0.4808 -0.2154 -0.8499
vn -0.0914 -0.9949 0.0429
vn -0.0911 -0.9949 0.0428
vn -0.0914 -0.9949 0.0428
vn -0.4921 0.8576 0.1496
vn -0.4715 0.8740 0.1173
vn -0.4921 0.8576 0.1497
vn 0.1885 0.5582 -0.8080
vn 0.1931 0.5607 -0.8052
vn 0.1871 0.5584 -0.8082
vn -0.4856 0.8581 -0.1670
vn -0.4977 0.8520 -0.1624
vn -0.4788 0.7387 -0.4743
vn -0.4768 0.7399 -0.4745
vn -0.4789 0.7398 -0.4725
vn 0.4976 0.8492 -0.1767
vn 0.4952 0.8507 -0.1761
vn 0.4902 0.8352 -0.2492
vn 0.4901 0.8351 -0.2497
vn 0.1645 0.5032 0.8484
vn 0.1557 0.5073 0.8476
vn 0.1579 0.5055 0.8483
vn 0.4789 0.5436 0.6893
vn 0.4816 0.5460 0.6855
vn 0.4689 0.8095 0.3534
vn 0.4683 0.8097 0.3537
vn -0.5624 0.5437 -0.6229
vn -0.1965 0.5588 -0.8057
vn -0.1910 0.5610 -0.8055
vn -0.5674 0.5421 -0.6198
vn -0.4839 -0.1870 0.8549
vn -0.4835 -0.1866 0.8552
vn -0.4945 -0.1947 0.8471
vn -0.4886 0.1906 0.8514
vn -0.4898 0.1906 0.8507
vn -0.4974 -0.8504 0.1714
vn -0.4956 -0.8513 0.1722
vn -0.4948 -0.8517 0.1724
vn -0.4969 -0.8506 0.1716
vn 1.0000 -0.0006 0.0000
vn 1.0000 0.0000 0.0000
vn 1.0000 0.0001 -0.0000
vn -1.0000 0.0000 0.0000
vn 0.8666 -0.4974 -0.0405
vn 0.8158 -0.5070 0.2782
vn 0.8154 -0.5071 0.2793
vn 0.8658 -0.4987 -0.0411
vn 0.8663 -0.4979 -0.0407
vn 0.8667 -0.4972 -0.0403
vn 0.8658 -0.4988 -0.0411
vn 0.4838 -0.6339 -0.6034
vn 0.4839 -0.6344 -0.6028
vn 0.4880 -0.8547 -0.1770
vn 0.4769 -0.8591 -0.1860
vn -0.4869 0.4208 -0.7654
vn -0.1661 0.3969 -0.9027
vn -0.1696 0.3945 -0.9031
vn -0.1663 0.3971 -0.9026
vn -0.4872 0.4207 -0.7653
vn 0.4885 0.8570 -0.1640
vn 0.4857 0.8587 -0.1635
vn 0.4947 0.8532 -0.1651
vn 0.4975 0.8515 -0.1656
vn 0.4847 -0.4060 0.7748
vn 0.4860 -0.4031 0.7755
vn 0.4896 -0.3935 0.7781
vn 0.5512 -0.4373 -0.7106
vn 0.5510 -0.4372 -0.7108
vn 0.5770 -0.4280 -0.6956
vn 0.8668 0.4971 0.0397
vn 0.8662 0.4981 0.0401
vn 0.8657 0.4989 0.0404
vn 0.8666 0.4975 0.0398
vn -0.4997 -0.5493 0.6698
vn -0.4994 -0.5491 0.6702
vn -0.4988 -0.5488 0.6708
vn 0.4850 -0.8204 -0.3030
vn 0.4853 -0.8202 -0.3029
vn 0.4593 -0.8203 -0.3408
vn -0.1905 -0.5713 0.7984
vn -0.1905 -0.5714 0.7982
vn -0.1864 -0.5756 0.7962
vn 0.1932 -0.5747 0.7952
vn 0.1890 -0.5714 0.7986
vn 0.1919 -0.5753 0.7951
vn -0.8158 0.4659 0.3426
vn -0.8656 0.4992 0.0398
vn -0.8663 0.4979 0.0400
vn -0.8197 0.4503 0.3540
vn 0.5403 -0.5559 0.6316
vn 0.5400 -0.5559 0.6320
vn 0.5374 -0.5509 0.6386
vn 0.1753 -0.4710 0.8646
vn 0.1769 -0.4712 0.8641
vn 0.1764 -0.4721 0.8637
vn -0.0149 0.9918 -0.1273
vn 0.0223 0.9954 -0.0931
vn -0.0417 0.9910 -0.1272
vn -0.0644 0.9916 -0.1121
vn 0.0216 -0.9953 0.0948
vn 0.0215 -0.9952 0.0952
vn -0.0381 -0.9908 0.1299
vn -0.0002 -0.9966 -0.0824
vn -0.0001 -0.9967 -0.0807
vn -0.0001 -0.9967 -0.0808
vn -0.0007 -0.9966 -0.0827
vn 1.0000 0.0000 -0.0001
usemtl Steel_-_Satin.001
s 1
f 552/1433/1801 549/1434/1802 550/1435/1803
f 567/1436/1804 560/1437/1805 554/1438/1806 549/1439/1807 553/1440/1808
f 585/1441/1809 558/1442/1810 561/1443/1811
f 591/1444/1812 613/1445/1813 605/1446/1814 615/1447/1815 569/1448/1816 594/1449/1817
f 559/1450/1818 555/1451/1818 563/1452/1818 564/1453/1818 567/1436/1818 553/1440/1818 558/1454/1818 565/1455/1818 580/1456/1818 599/1457/1818 597/1458/1819 586/1459/1818 585/1460/1820
f 601/1461/1821 578/1462/1822 579/1463/1823 595/1464/1824 600/1465/1825
f 561/1466/1826 591/1467/1827 594/1468/1828
f 549/1434/1829 554/1469/1830 551/1470/1831 550/1435/1832
f 580/1471/1833 565/1472/1834 566/1473/1835 581/1474/1836
f 564/1475/1837 557/1476/1838 577/1477/1839 597/1478/1840
f 596/1479/1841 595/1480/1842 579/1481/1843 573/1482/1844 572/1483/1845
f 616/1484/1846 607/1485/1847 606/1486/1848
f 593/1487/1849 614/1488/1850 611/1489/1851 592/1490/1852
f 555/1491/1853 561/1466/1854 558/1492/1855
f 561/1493/1856 555/1494/1857 559/1495/1858
f 561/1496/1859 594/1449/1860 569/1448/1861 582/1497/1861
f 587/1498/1862 584/1499/1863 606/1500/1864 607/1501/1865
f 577/1502/1866 598/1503/1867 582/1504/1868 575/1505/1869
f 576/1506/1870 575/1507/1871 582/1508/1872 589/1509/1873 590/1510/1874
f 557/1511/1875 563/1512/1876 555/1513/1877 561/1514/1878
f 589/1515/1879 592/1490/1880 604/1516/1881 590/1517/1882
f 611/1518/1883 614/1519/1884 619/1520/1885 618/1521/1886 617/1522/1887
f 621/1523/1888 609/1524/1889 605/1525/1890 613/1526/1891
f 589/1515/1892 582/1527/1893 593/1487/1893 592/1490/1892
f 621/1528/1894 606/1486/1895 584/1529/1896 574/1530/1897 576/1531/1898 555/1491/1899 602/1532/1900
f 588/1533/1901 587/1534/1902 603/1535/1903 586/1536/1904
f 587/1498/1905 588/1537/1906 574/1538/1907 584/1499/1908
f 561/1539/1909 582/1540/1910 570/1541/1911
f 567/1542/1912 572/1483/1913 573/1482/1914 568/1543/1915 560/1544/1916
f 570/1545/1917 582/1546/1918 594/1547/1919 561/1548/1920
f 619/1520/1921 608/1549/1922 607/1550/1923 616/1551/1924 618/1521/1925
f 557/1476/1926 556/1552/1927 571/1553/1928 577/1477/1929
f 552/1554/1930 550/1555/1931 594/1556/1932 569/1557/1933 566/1558/1934
f 562/1559/1935 568/1543/1936 573/1482/1937 579/1481/1938 578/1560/1939
f 575/1505/1940 570/1561/1941 585/1562/1942 586/1563/1943
f 585/1564/1944 561/1493/1945 559/1495/1946
f 561/1466/1947 590/1565/1948 591/1467/1949
f 563/1512/1950 557/1511/1951 564/1566/1952
f 610/1567/1953 620/1568/1954 609/1569/1955
f 599/1570/1956 580/1471/1956 581/1474/1957 600/1571/1958 595/1572/1959 596/1573/1960
f 556/1574/1961 557/1511/1962 561/1514/1963 591/1575/1964
f 585/1576/1965 561/1539/1966 570/1541/1967
f 566/1577/1968 569/1578/1969 583/1579/1970 581/1580/1971
f 615/1581/1972 605/1582/1973 609/1583/1974 620/1584/1975
f 558/1585/1976 553/1586/1977 552/1587/1978 566/1588/1979 565/1589/1980
f 597/1590/1981 577/1502/1982 575/1505/1983 586/1563/1984
f 591/1444/1985 594/1449/1986 582/1497/1987 598/1591/1987 571/1592/1987 556/1593/1987
f 564/1453/1818 597/1458/1819 599/1457/1818 596/1594/1988 572/1595/1988 567/1436/1818
f 592/1490/1989 611/1489/1990 612/1596/1991 604/1516/1992
f 558/1442/1993 609/1597/1994 602/1598/1993 555/1599/1995
f 560/1600/1996 568/1601/1997 562/1602/1998 551/1470/1998 554/1469/1999
f 588/1603/2000 586/1604/2001 575/1507/2002 576/1506/2003 574/1605/2004
f 600/1571/2005 581/1474/2006 583/1606/2007 601/1607/2008
f 577/1502/2009 571/1608/2010 598/1503/2011
f 621/1609/2012 602/1598/2013 609/1597/2014
f 610/1610/2015 609/1597/2016 558/1442/2017 585/1441/2018
f 553/1611/2019 549/1434/2020 552/1433/2021
f 570/1561/2022 575/1505/2023 582/1504/2024
f 618/1612/2025 616/1484/2026 606/1486/2027 621/1528/2028 612/1613/2029 617/1614/2030
f 608/1615/2031 603/1616/2032 587/1498/2033 607/1501/2034
f 611/1617/2035 617/1614/2036 612/1613/2037
f 561/1466/2038 555/1491/2039 576/1531/2040
f 582/1618/2041 575/1619/2042 586/1620/2042 585/1621/2043 570/1622/2044
f 576/1531/2045 590/1565/2046 561/1466/2047
f 590/1565/2048 604/1623/1899 612/1613/2049 621/1528/2050 613/1624/1899 591/1467/2051
f 601/1461/1986 583/1625/2052 569/1557/2052 594/1556/1986 550/1555/1986 551/1626/2052 562/1627/1985 578/1462/1986
o MeshBody4_(11)_MeshBody4_(11).001
v 2.371727 2.026422 0.198552
v 2.371727 2.023510 0.194279
v 2.374477 2.021168 0.183414
v 2.374477 2.024218 0.182438
v 2.371727 2.029558 0.199967
v 2.368979 2.029961 0.198442
v 2.368979 2.024990 0.193669
v 2.371727 2.019645 0.183905
v 2.374477 2.029961 0.198442
v 2.371727 2.033598 0.199877
v 2.368979 2.032641 0.195238
v 2.368979 2.021168 0.183414
v 2.371727 2.019251 0.178806
v 2.374477 2.033279 0.198330
v 2.371727 2.025894 0.179736
v 2.374477 2.024622 0.178746
v 2.374477 2.022097 0.176805
v 2.368979 2.023931 0.180026
v 2.368979 2.036300 0.196759
v 2.371727 2.037269 0.198012
v 2.371727 2.033413 0.193088
v 2.368979 2.020802 0.179195
v 2.371727 2.020844 0.175855
v 2.374477 2.034371 0.194297
v 2.368979 2.024694 0.174841
v 2.371727 2.039510 0.195012
v 2.371727 2.023939 0.173454
v 2.374477 2.038120 0.194297
v 2.368565 2.029635 0.194153
v 2.366210 2.029224 0.192122
v 2.371717 2.028770 0.189877
v 2.373659 2.029456 0.193272
v 2.374477 2.028152 0.177158
v 2.374477 2.027920 0.174028
v 2.371727 2.027795 0.172443
v 2.368979 2.038795 0.189301
v 2.371727 2.040334 0.188974
v 2.374477 2.035721 0.189967
v 2.368565 2.034901 0.192574
v 2.365031 2.031631 0.190252
v 2.367846 2.031218 0.188233
v 2.371714 2.031058 0.187450
v 2.375589 2.031216 0.188220
v 2.378414 2.031629 0.190239
v 2.374945 2.028896 0.190502
v 2.380555 2.032660 0.195278
v 2.378975 2.035336 0.194681
v 2.371727 2.031360 0.173113
v 2.368979 2.030821 0.174586
v 2.371727 2.029152 0.178900
v 2.374477 2.031751 0.179307
v 2.371727 2.035894 0.177051
v 2.374477 2.034515 0.177805
v 2.367658 2.032284 0.207153
v 2.369238 2.034956 0.206500
v 2.364498 2.035338 0.194689
v 2.378975 2.030045 0.196176
v 2.380557 2.035072 0.207065
v 2.378975 2.037745 0.206420
v 2.374235 2.034957 0.206505
v 2.366171 2.033206 0.211644
v 2.364947 2.036126 0.212216
v 2.366171 2.038642 0.210819
v 2.367658 2.037686 0.206132
v 2.375815 2.032285 0.207156
v 2.378505 2.036127 0.212220
v 2.377287 2.033206 0.211642
v 2.374852 2.038229 0.208790
v 2.367746 2.036579 0.214430
v 2.369842 2.033012 0.210697
v 2.369842 2.038441 0.209830
v 2.373607 2.033010 0.210688
v 2.375002 2.039016 0.212659
v 2.371723 2.039169 0.213408
v 2.371723 2.033717 0.214125
v 2.371715 2.035494 0.209126
vt 0.852173 0.494812
vt 0.851501 0.494995
vt 0.851318 0.494812
vt 0.851746 0.494629
vt 0.852173 0.494629
vt 0.853333 0.737305
vt 0.853577 0.737122
vt 0.853821 0.737427
vt 0.853516 0.737610
vt 0.854065 0.737610
vt 0.854004 0.737122
vt 0.854187 0.737366
vt 0.775330 0.854736
vt 0.775330 0.855042
vt 0.775024 0.855042
vt 0.775085 0.854492
vt 0.775330 0.854370
vt 0.839722 0.855194
vt 0.839844 0.855392
vt 0.839478 0.855316
vt 0.847229 0.536987
vt 0.847229 0.537476
vt 0.846985 0.537354
vt 0.847015 0.535767
vt 0.847260 0.535645
vt 0.842957 0.848755
vt 0.843262 0.848267
vt 0.843414 0.848389
vt 0.843170 0.850098
vt 0.842957 0.850098
vt 0.514282 0.819946
vt 0.514099 0.819580
vt 0.514282 0.819397
vt 0.775635 0.855896
vt 0.775330 0.856079
vt 0.775330 0.855835
vt 0.775330 0.855469
vt 0.775574 0.855408
vt 0.851440 0.497314
vt 0.851257 0.496826
vt 0.851074 0.495667
vt 0.851257 0.495667
vt 0.851440 0.496826
vt 0.851624 0.497253
vt 0.852966 0.738525
vt 0.852783 0.738220
vt 0.852966 0.737915
vt 0.853333 0.738281
vt 0.853271 0.738647
vt 0.849854 0.522766
vt 0.850464 0.522949
vt 0.850464 0.524048
vt 0.850220 0.524109
vt 0.792725 0.855957
vt 0.792847 0.855652
vt 0.793152 0.856140
vt 0.799072 0.855667
vt 0.799194 0.855270
vt 0.799438 0.855576
vt 0.799438 0.855911
vt 0.854248 0.738220
vt 0.854370 0.738525
vt 0.854065 0.738647
vt 0.853699 0.738647
vt 0.853699 0.738342
vt 0.856079 0.826721
vt 0.855499 0.826416
vt 0.855499 0.825439
vt 0.855804 0.825439
vt 0.856079 0.825134
vt 0.856567 0.519287
vt 0.856567 0.519714
vt 0.856445 0.520050
vt 0.856201 0.519638
vt 0.856201 0.519287
vt 0.850220 0.524658
vt 0.850525 0.524536
vt 0.850525 0.524902
vt 0.855804 0.828003
vt 0.855499 0.828003
vt 0.855530 0.827637
vt 0.855865 0.827759
vt 0.839844 0.855728
vt 0.839355 0.855850
vt 0.856049 0.826904
vt 0.855621 0.826965
vt 0.856079 0.828003
vt 0.856079 0.829468
vt 0.855804 0.829224
vt 0.847534 0.536987
vt 0.847595 0.537598
vt 0.775635 0.854797
vt 0.851868 0.497009
vt 0.852051 0.496887
vt 0.852356 0.496826
vt 0.852783 0.497131
vt 0.835693 0.851562
vt 0.835388 0.851685
vt 0.834900 0.851807
vt 0.835083 0.851196
vt 0.835327 0.850952
vt 0.835754 0.850952
vt 0.836121 0.851074
vt 0.836365 0.851318
vt 0.836365 0.851929
vt 0.835999 0.851807
vt 0.835938 0.851685
vt 0.854790 0.787354
vt 0.855045 0.786987
vt 0.855438 0.786865
vt 0.855350 0.787354
vt 0.792786 0.854675
vt 0.793030 0.854370
vt 0.793152 0.854553
vt 0.799072 0.856018
vt 0.851685 0.495422
vt 0.851807 0.495605
vt 0.856567 0.518723
vt 0.856567 0.518921
vt 0.856201 0.518829
vt 0.846008 0.845825
vt 0.845703 0.845947
vt 0.845581 0.845825
vt 0.845520 0.845337
vt 0.845825 0.845337
vt 0.815979 0.854858
vt 0.815735 0.855225
vt 0.815308 0.855225
vt 0.815125 0.854919
vt 0.815186 0.853638
vt 0.815613 0.853333
vt 0.815918 0.853699
vt 0.515106 0.688843
vt 0.515076 0.688599
vt 0.515350 0.688477
vt 0.843262 0.850708
vt 0.843689 0.850708
vt 0.843567 0.850952
vt 0.851929 0.495117
vt 0.852234 0.495300
vt 0.775024 0.855713
vt 0.847595 0.535767
vt 0.847321 0.535156
vt 0.852051 0.495300
vt 0.850403 0.524170
vt 0.515076 0.686279
vt 0.515350 0.686401
vt 0.848419 0.535522
vt 0.848328 0.534302
vt 0.848602 0.534058
vt 0.848602 0.535645
vt 0.514801 0.688599
vt 0.514771 0.686768
vt 0.845703 0.843384
vt 0.846008 0.843506
vt 0.845581 0.843994
vt 0.844788 0.848877
vt 0.844788 0.850098
vt 0.844666 0.850098
vt 0.844360 0.848267
vt 0.844666 0.848389
vt 0.851135 0.495117
vt 0.855438 0.787964
vt 0.854816 0.787720
vt 0.855125 0.788086
vt 0.854065 0.738098
vt 0.853210 0.737061
vt 0.853821 0.736938
vt 0.854370 0.737122
vt 0.852783 0.495361
vt 0.835999 0.853027
vt 0.836182 0.853516
vt 0.835632 0.853760
vt 0.835266 0.853638
vt 0.834900 0.853027
vt 0.835327 0.853271
vt 0.835815 0.853394
vt 0.854250 0.805786
vt 0.854607 0.805664
vt 0.854607 0.806030
vt 0.850220 0.522278
vt 0.850464 0.522461
vt 0.850098 0.522522
vt 0.836365 0.853638
vt 0.836121 0.853760
vt 0.853455 0.737793
vt 0.853516 0.738098
vt 0.852173 0.497437
vt 0.844025 0.848145
vt 0.844330 0.850708
vn -0.4837 0.4026 0.7771
vn -0.4825 0.0296 0.8754
vn -0.4920 0.0197 0.8704
vn -0.4882 0.3932 0.7791
vn -0.4921 0.3940 0.7763
vn -0.5567 -0.5949 -0.5798
vn -0.5565 -0.5948 -0.5801
vn -0.8278 -0.5329 -0.1755
vn -0.8279 -0.5327 -0.1755
vn 0.1896 -0.6233 -0.7587
vn 0.1899 -0.6230 -0.7588
vn 0.5576 -0.6006 -0.5731
vn 0.5581 -0.6005 -0.5726
vn 0.4918 -0.7658 -0.4144
vn 0.4917 -0.7660 -0.4140
vn 0.4935 -0.8665 0.0751
vn 0.4934 -0.8665 0.0750
vn 0.4832 -0.8729 0.0674
vn 0.1678 0.7028 0.6913
vn 0.1294 0.7171 0.6848
vn 0.1676 0.7028 0.6914
vn 0.8106 -0.4188 0.4092
vn 0.8110 -0.4190 0.4084
vn 0.8120 -0.4154 0.4100
vn 0.8667 -0.4887 0.0998
vn 0.8669 -0.4884 0.0998
vn 0.4733 0.8729 0.1186
vn 0.4731 0.8730 0.1188
vn 0.4926 0.8156 -0.3037
vn -0.1937 0.3383 -0.9209
vn -0.1863 0.3411 -0.9214
vn -0.1887 0.3399 -0.9213
vn -0.4911 0.1647 -0.8554
vn -0.4912 0.1613 -0.8560
vn -0.4861 -0.2184 -0.8462
vn -0.4868 -0.2213 -0.8450
vn -0.4958 -0.2151 -0.8414
vn -0.4926 -0.8676 0.0671
vn -0.5028 -0.8100 0.3018
vn -0.5029 -0.8099 0.3018
vn -0.4820 -0.8729 0.0756
vn 0.7975 -0.5601 -0.2243
vn 0.7974 -0.5601 -0.2246
vn 0.7952 -0.5628 -0.2258
vn 0.4844 -0.6781 -0.5527
vn 0.4845 -0.6778 -0.5531
vn -0.5031 0.8097 -0.3021
vn -0.5030 0.8097 -0.3021
vn 0.4980 0.7332 -0.4630
vn 0.4823 0.7534 -0.4470
vn 0.4824 0.7532 -0.4471
vn 0.4784 -0.1851 0.8584
vn 0.4807 -0.1766 0.8589
vn 0.4799 -0.1775 0.8592
vn 0.4765 -0.1882 0.8588
vn -0.4887 -0.6716 -0.5569
vn -0.4880 -0.6722 -0.5568
vn -0.1658 -0.7179 -0.6761
vn -0.1662 -0.7176 -0.6763
vn -0.1665 -0.7179 -0.6760
vn -0.8667 -0.4887 0.0998
vn -0.8668 -0.4887 0.0998
vn -0.8669 0.4884 -0.1001
vn -0.8667 0.4887 -0.1002
vn 0.4833 0.0197 0.8752
vn 0.4927 -0.3578 0.7933
vn 0.4926 -0.3577 0.7933
vn 0.4936 0.0293 0.8692
vn 0.4931 0.0295 0.8695
vn 0.4940 -0.0632 -0.8672
vn 0.4894 -0.0502 -0.8706
vn 0.4894 -0.0501 -0.8706
vn 0.5652 0.3714 -0.7366
vn 0.5640 0.3706 -0.7379
vn 0.1890 0.3406 -0.9210
vn 0.1895 0.3393 -0.9214
vn 0.1325 -0.2293 0.9643
vn 0.1724 -0.2541 0.9517
vn 0.1724 -0.2543 0.9516
vn 0.1338 -0.2295 0.9641
vn -0.8439 -0.3816 0.3770
vn -0.8226 -0.3947 0.4093
vn -0.8228 -0.3948 0.4090
vn -0.8439 -0.3814 0.3772
vn 0.8669 -0.4884 0.0999
vn 0.8666 -0.4888 0.0999
vn 0.8666 -0.4888 0.0998
vn 0.8672 -0.4879 0.0999
vn 0.8279 0.5193 0.2119
vn 0.8278 0.5194 0.2121
vn 0.8170 0.5349 0.2155
vn 0.8169 0.5350 0.2155
vn -0.4915 -0.7662 -0.4140
vn -0.4911 -0.7666 -0.4137
vn -0.4942 -0.5246 -0.6932
vn -0.4942 -0.5249 -0.6930
vn -0.4841 -0.5362 -0.6915
vn 0.8669 0.4883 -0.1001
vn 0.8664 0.4892 -0.1000
vn 0.8670 0.4881 -0.1001
vn -0.4901 0.5066 0.7093
vn -0.4802 -0.1781 0.8589
vn -0.4821 -0.1878 0.8558
vn -0.4793 -0.1857 0.8578
vn 0.0000 0.9793 -0.2025
vn 0.0000 0.9795 -0.2015
vn -0.0000 0.9795 -0.2014
vn -0.0001 0.9792 -0.2029
vn -0.0001 0.9794 -0.2018
vn 0.0001 0.9793 -0.2025
vn -0.1875 -0.3530 0.9166
vn -0.1876 -0.3528 0.9167
vn -0.1881 -0.3530 0.9165
vn -0.1829 -0.3578 0.9157
vn 0.5031 0.8097 -0.3021
vn 0.5026 0.7633 0.4059
vn 0.5008 0.7616 0.4113
vn 0.4840 0.1962 0.8528
vn 0.4865 0.1967 0.8513
vn 0.4867 0.1994 0.8505
vn -1.0000 -0.0001 0.0000
vn -1.0000 -0.0002 0.0000
vn -1.0000 -0.0000 -0.0000
vn -1.0000 0.0002 -0.0000
vn 0.4865 0.7032 0.5185
vn 0.4846 0.3963 0.7798
vn 0.4844 0.3961 0.7801
vn 0.4907 0.4031 0.7725
vn 0.4883 0.7017 0.5188
vn -0.4851 0.7033 0.5197
vn -0.4874 0.7008 0.5209
vn -0.4738 0.8726 0.1187
vn -0.4741 0.8724 0.1190
vn -0.4734 0.8728 0.1186
vn 1.0000 -0.0002 -0.0000
vn 1.0000 -0.0001 0.0001
vn 1.0000 -0.0001 0.0000
vn 1.0000 -0.0000 -0.0000
vn -0.5374 -0.3736 0.7561
vn -0.5297 -0.3792 0.7587
vn 0.4726 0.5786 -0.6647
vn 0.4724 0.5781 -0.6653
vn 0.4706 0.5796 -0.6653
vn 0.4874 0.1648 -0.8575
vn 0.4906 0.1608 -0.8565
vn 0.5110 0.6620 0.5483
vn 0.5104 0.6625 0.5483
vn 0.4933 -0.5331 -0.6873
vn 0.4957 -0.2175 -0.8408
vn 0.4948 -0.2204 -0.8406
vn 0.4870 -0.2139 -0.8468
vn 0.4830 -0.5283 -0.6983
vn 0.8666 0.4888 -0.1002
vn 0.8242 0.3730 -0.4260
vn 0.8204 0.3909 -0.4172
vn -0.4927 -0.8155 0.3037
vn -0.4928 -0.8155 0.3036
vn -0.4626 -0.5924 0.6596
vn 0.4655 -0.8783 -0.1091
vn 0.4773 -0.8739 -0.0924
vn -0.7979 -0.5613 -0.2198
vn -0.7986 -0.5590 -0.2230
vn -0.8107 -0.4197 0.4081
vn -0.8126 -0.4174 0.4067
vn 0.4927 -0.8155 0.3037
vn -0.8243 0.5224 0.2183
vn -0.8207 0.5340 0.2031
vn -0.8300 0.3748 -0.4132
vn -0.8187 0.3884 -0.4229
vn -0.4707 0.5786 -0.6661
vn -0.4726 0.5788 -0.6645
vn -0.4927 0.8156 -0.3036
vn -0.4926 0.8156 -0.3036
vn -0.4710 0.5787 -0.6658
vn 0.5028 -0.8100 0.3018
vn 0.5028 -0.8100 0.3017
vn 0.4855 -0.7265 0.4863
vn 0.4944 -0.7189 0.4886
vn -0.4948 -0.7213 0.4847
vn -0.4961 -0.7215 0.4830
vn -0.4866 -0.7229 0.4905
vn -0.4926 -0.3579 0.7933
vn 0.1846 -0.3526 0.9174
vn 0.1836 -0.3557 0.9164
vn 0.1885 -0.3574 0.9147
vn 0.1840 -0.3546 0.9167
vn -0.1939 -0.6233 -0.7575
vn -0.1923 -0.6233 -0.7580
vn -0.1948 -0.6238 -0.7570
vn 0.5289 -0.3730 0.7623
vn 0.5333 -0.3788 0.7564
vn 0.5299 -0.3718 0.7622
vn 0.0001 -0.9801 0.1985
vn 0.0002 -0.9802 0.1982
vn 0.0002 -0.9799 0.1995
vn -0.0001 -0.9797 0.2007
vn 0.0000 -0.9795 0.2015
vn 0.0001 -0.9795 0.2015
vn 0.0001 -0.9797 0.2004
vn -0.0000 -0.9800 0.1992
vn -0.0001 -0.9796 0.2009
vn 0.0000 -0.9796 0.2010
vn -1.0000 -0.0003 0.0000
vn 0.0000 0.9797 -0.2004
vn 0.0001 0.9799 -0.1997
vn -0.0000 0.9799 -0.1995
vn 0.0001 0.9797 -0.2004
vn 0.0002 0.9799 -0.1997
vn -0.8209 0.4226 -0.3840
vn -0.8305 0.4156 -0.3709
vn -0.8306 0.4155 -0.3707
vn -0.4933 -0.0502 -0.8684
vn -0.4877 -0.0639 -0.8707
vn -0.4935 -0.0499 -0.8683
vn -0.5651 0.5931 0.5734
vn -0.5593 0.5848 0.5874
vn -0.1984 0.6079 0.7688
vn -0.1978 0.6079 0.7690
vn 0.1592 -0.7150 -0.6808
vn 0.1637 -0.7146 -0.6801
vn 0.1589 -0.7177 -0.6780
vn 0.1592 -0.7182 -0.6773
vn -0.5010 0.7443 -0.4416
vn -0.5009 0.7444 -0.4416
vn -0.4857 0.7388 -0.4672
vn -0.4853 0.7390 -0.4672
vn -0.0000 -0.9802 0.1981
vn -0.0001 -0.9801 0.1985
vn 0.0000 -0.9801 0.1986
vn 0.0001 -0.9802 0.1981
vn 1.0000 -0.0006 0.0000
usemtl Steel_-_Satin.001
s 1
f 640/1628/2053 627/1629/2054 626/1630/2055 631/1631/2056 641/1632/2057
f 686/1633/2058 693/1634/2059 697/1635/2060 681/1636/2061
f 676/1637/2062 697/1635/2063 691/1638/2064 675/1639/2065
f 634/1640/2066 644/1641/2067 638/1642/2068 624/1643/2069 629/1644/2070
f 660/1645/2071 632/1646/2072 642/1647/2073
f 679/1648/2074 687/1649/2075 688/1650/2076 678/1651/2077 667/1652/2078
f 658/1653/2079 647/1654/2080 649/1655/2079 674/1656/2081 673/1657/2081
f 689/1658/2082 697/1659/2083 692/1660/2084
f 670/1661/2085 669/1662/2086 656/1663/2087 648/1664/2088 646/1665/2089
f 634/1666/2090 629/1667/2091 623/1668/2092 628/1669/2092 633/1670/2093 643/1671/2093
f 665/1672/2094 667/1673/2095 678/1674/2096 666/1675/2097 664/1676/2098
f 651/1677/2099 652/1678/2099 636/1679/2099 639/1680/2100
f 653/1681/2101 652/1682/2102 642/1683/2103
f 654/1684/2104 672/1685/2105 671/1686/2106 636/1687/2107
f 651/1688/2108 661/1689/2109 662/1690/2110 663/1691/2111 652/1692/2112
f 645/1693/2113 630/1694/2114 686/1695/2114 681/1696/2115 689/1697/2116
f 631/1698/2117 626/1699/2118 622/1700/2119 630/1701/2120 635/1702/2121
f 642/1703/2122 645/1704/2123 653/1705/2124
f 676/1706/2125 685/1707/2126 692/1708/2127 697/1709/2128
f 632/1646/2129 650/1710/2130 652/1711/2131 642/1647/2132
f 642/1712/2133 653/1713/2134 630/1694/2135 645/1693/2136
f 675/1714/2137 650/1715/2138 632/1716/2139 676/1706/2140
f 680/1717/2141 694/1718/2142 687/1649/2143 679/1648/2144
f 644/1641/2145 634/1640/2146 643/1719/2147 646/1665/2148 648/1664/2149
f 685/1707/2150 676/1706/2151 632/1716/2152
f 639/1720/2153 636/1721/2154 671/1722/2155 670/1723/2156
f 642/1724/2157 645/1725/2158 668/1726/2159 665/1727/2157 664/1728/2157 663/1729/2160 662/1730/2157 661/1731/2157 677/1732/2158 632/1733/2161 660/1734/2162
f 695/1735/2163 690/1736/2164 682/1737/2165 696/1738/2166
f 653/1681/2167 625/1739/2168 637/1740/2169 636/1741/2167 652/1682/2167
f 636/1687/2170 637/1742/2171 654/1684/2172
f 628/1669/2173 650/1743/2174 651/1744/2175 633/1670/2176
f 647/1745/2177 641/1746/2178 631/1698/2179 635/1702/2180 649/1747/2181
f 640/1748/2182 641/1749/2183 647/1750/2184 658/1751/2185 657/1752/2186
f 672/1753/2187 654/1754/2188 637/1755/2189 625/1756/2189 653/1757/2189 645/1758/2190 659/1759/2189
f 690/1760/2191 683/1761/2191 682/1762/2192
f 669/1763/2193 673/1657/2194 674/1656/2195 655/1764/2196 656/1765/2197
f 650/1743/2198 632/1766/2199 660/1767/2198
f 644/1641/2200 648/1664/2201 656/1663/2202 655/1768/2203 638/1642/2204
f 668/1769/2205 680/1717/2205 679/1648/2205 667/1652/2206 665/1770/2207
f 671/1722/2208 642/1771/2209 660/1767/2208 670/1723/2210
f 659/1772/2211 645/1704/2211 642/1703/2212
f 661/1773/2213 651/1774/2214 682/1762/2215 683/1761/2216
f 672/1775/2217 659/1776/2217 642/1777/2217 671/1778/2217
f 683/1761/2218 684/1779/2219 677/1780/2220 661/1773/2221
f 669/1781/2222 670/1782/2223 657/1752/2224 658/1751/2225 673/1783/2226
f 623/1784/2227 629/1785/2227 624/1786/2228 630/1787/2229 622/1788/2230
f 627/1629/2231 628/1669/2232 623/1668/2233 622/1789/2234 626/1630/2234
f 688/1790/2235 694/1791/2236 695/1735/2237 696/1738/2238
f 693/1634/2239 691/1638/2240 697/1635/2241
f 687/1792/2242 694/1791/2243 688/1790/2244
f 651/1688/2245 652/1692/2246 650/1793/2247 675/1639/2248 691/1638/2249 693/1634/2250 686/1633/2251 678/1674/2252 688/1794/2249 696/1795/2253 682/1796/2254
f 660/1767/2255 632/1766/2255 650/1743/2174 628/1669/2173 627/1629/2255 640/1628/2255 657/1797/2255 670/1723/2255
f 685/1798/2256 632/1733/2161 677/1732/2158 684/1799/2257 695/1800/2258 694/1801/2259 680/1802/2259 668/1726/2159 645/1725/2158 689/1803/2260 692/1804/2257
f 689/1805/2261 681/1806/2262 697/1807/2263
f 632/1808/2264 642/1809/2265 650/1810/2266
f 684/1799/2267 683/1811/2268 690/1812/2269 695/1800/2270
f 663/1691/2271 664/1676/2272 666/1675/2273 652/1692/2274
f 642/1809/2275 652/1678/2276 651/1677/2277 650/1810/2278
f 652/1692/2279 666/1675/2280 678/1674/2252 686/1633/2251 630/1813/2281 653/1814/2282
f 670/1723/2173 646/1815/2174 643/1671/2174 633/1670/2176 651/1744/2175 639/1720/2174
f 649/1655/2190 635/1816/2190 630/1787/2283 624/1786/2190 638/1817/2190 655/1764/2190 674/1656/2190
o MeshBody4_(12)_MeshBody4_(12).001
v 2.371727 2.014721 0.170647
v 2.374477 2.015329 0.169198
v 2.368979 2.015329 0.169198
v 2.374477 2.006520 0.156741
v 2.371727 2.018200 0.171194
v 2.374477 2.016515 0.166248
v 2.368979 2.016515 0.166248
v 2.374477 2.008301 0.152818
v 2.371727 2.009965 0.152832
v 2.371727 2.022126 0.170087
v 2.368979 2.021372 0.168700
v 2.368979 2.019863 0.165925
v 2.371727 2.003377 0.152858
v 2.371727 2.017980 0.164920
v 2.374477 2.005627 0.150233
v 2.368979 2.008301 0.152818
v 2.368979 2.023879 0.166444
v 2.371727 2.025186 0.167390
v 2.371727 2.004139 0.149652
v 2.371724 2.020682 0.161656
v 2.374477 2.009874 0.149950
v 2.368979 2.005627 0.150233
v 2.368979 2.007644 0.147708
v 2.371727 2.026523 0.163972
v 2.371727 2.006530 0.146586
v 2.374477 2.024959 0.163644
v 2.366210 2.015621 0.163836
v 2.371717 2.019141 0.158822
v 2.371717 2.014533 0.161821
v 2.371727 2.012180 0.150455
v 2.374477 2.010590 0.146112
v 2.371727 2.010043 0.144645
v 2.368979 2.024200 0.158723
v 2.371727 2.025614 0.158021
v 2.374477 2.021376 0.160136
v 2.368565 2.021315 0.162821
v 2.368494 2.019464 0.159416
v 2.362917 2.019900 0.165973
v 2.365031 2.017448 0.161448
v 2.375589 2.016459 0.159624
v 2.378414 2.017441 0.161437
v 2.374945 2.014836 0.162381
v 2.380555 2.019893 0.165959
v 2.378975 2.022343 0.164714
v 2.375816 2.022492 0.164989
v 2.374237 2.020185 0.166498
v 2.371727 2.013716 0.144362
v 2.368979 2.013581 0.145896
v 2.374477 2.013277 0.148920
v 2.368979 2.018055 0.147994
v 2.371727 2.019201 0.146924
v 2.374477 2.018055 0.147994
v 2.364498 2.023065 0.177572
v 2.367658 2.022929 0.177321
v 2.369238 2.025351 0.176031
v 2.364498 2.022347 0.164721
v 2.378975 2.017588 0.167475
v 2.378975 2.028051 0.175255
v 2.374235 2.025354 0.176037
v 2.366171 2.025121 0.181349
v 2.364947 2.028132 0.181162
v 2.367658 2.027911 0.174996
v 2.378505 2.028134 0.181166
v 2.374852 2.024172 0.179607
v 2.374852 2.029201 0.177385
v 2.368445 2.031080 0.180868
v 2.369842 2.024658 0.180499
v 2.369842 2.029705 0.178319
v 2.375002 2.025982 0.182928
v 2.375002 2.031075 0.180860
v 2.371723 2.031439 0.181533
v 2.371723 2.026333 0.183573
v 2.371715 2.026628 0.178388
vt 0.785767 0.826843
vt 0.785767 0.827271
vt 0.785645 0.827087
vt 0.856323 0.853699
vt 0.856323 0.853943
vt 0.856201 0.854248
vt 0.855957 0.854004
vt 0.855835 0.853577
vt 0.853760 0.730408
vt 0.853882 0.730530
vt 0.853577 0.730774
vt 0.853149 0.730835
vt 0.853210 0.730652
vt 0.844666 0.544678
vt 0.844482 0.545166
vt 0.844177 0.545166
vt 0.844177 0.544678
vt 0.844177 0.544434
vt 0.849670 0.808594
vt 0.849670 0.810791
vt 0.849365 0.810669
vt 0.849365 0.808472
vt 0.849060 0.810852
vt 0.849060 0.810181
vt 0.849060 0.808594
vt 0.855957 0.617126
vt 0.856079 0.616882
vt 0.856323 0.617249
vt 0.856201 0.617554
vt 0.855957 0.617554
vt 0.849792 0.558960
vt 0.849976 0.558716
vt 0.850220 0.558716
vt 0.850342 0.559265
vt 0.855835 0.853210
vt 0.856201 0.852905
vt 0.856323 0.853333
vt 0.849693 0.552124
vt 0.849693 0.552490
vt 0.849327 0.552490
vt 0.844543 0.546387
vt 0.844666 0.547119
vt 0.844299 0.546997
vt 0.855652 0.510376
vt 0.855652 0.510986
vt 0.855347 0.510925
vt 0.855347 0.510376
vt 0.505493 0.849121
vt 0.505798 0.849609
vt 0.505615 0.849731
vt 0.505127 0.849121
vt 0.505188 0.848999
vt 0.847473 0.502686
vt 0.847595 0.502441
vt 0.847717 0.502686
vt 0.505127 0.849854
vt 0.504822 0.849609
vt 0.505127 0.849609
vt 0.849609 0.558899
vt 0.849792 0.557251
vt 0.850037 0.557556
vt 0.515076 0.844727
vt 0.515381 0.844849
vt 0.515320 0.845276
vt 0.515015 0.845276
vt 0.514038 0.822998
vt 0.514038 0.822632
vt 0.514282 0.822571
vt 0.514282 0.822998
vt 0.504517 0.849609
vt 0.504761 0.849121
vt 0.842255 0.535645
vt 0.841888 0.535645
vt 0.841370 0.535156
vt 0.841553 0.535156
vt 0.842255 0.535522
vt 0.515320 0.846619
vt 0.515015 0.846619
vt 0.505432 0.851562
vt 0.505066 0.851685
vt 0.504456 0.851562
vt 0.504211 0.851074
vt 0.504578 0.851074
vt 0.504822 0.851318
vt 0.505310 0.851196
vt 0.847290 0.502441
vt 0.847473 0.501953
vt 0.847473 0.502930
vt 0.847290 0.502808
vt 0.840820 0.853699
vt 0.840881 0.854797
vt 0.840820 0.855286
vt 0.840576 0.855286
vt 0.840576 0.853638
vt 0.504639 0.848022
vt 0.504761 0.849121
vt 0.504456 0.849243
vt 0.504333 0.847656
vt 0.505127 0.849243
vt 0.504822 0.849487
vt 0.504944 0.847900
vt 0.848022 0.502319
vt 0.848083 0.502686
vt 0.841431 0.855042
vt 0.841125 0.855286
vt 0.849365 0.810974
vt 0.855103 0.508667
vt 0.855408 0.508545
vt 0.855042 0.510742
vt 0.855103 0.509094
vt 0.514771 0.750977
vt 0.515076 0.750610
vt 0.515381 0.750732
vt 0.515320 0.750977
vt 0.515381 0.751709
vt 0.515076 0.751709
vt 0.514771 0.751343
vt 0.841553 0.532715
vt 0.841980 0.532715
vt 0.842255 0.532959
vt 0.841705 0.533203
vt 0.841156 0.533325
vt 0.841187 0.532959
vt 0.504517 0.849609
vt 0.846924 0.502563
vt 0.846924 0.502808
vt 0.848083 0.501953
vt 0.853638 0.793823
vt 0.853394 0.793823
vt 0.853271 0.792480
vt 0.853638 0.792603
vt 0.853638 0.794067
vt 0.853943 0.793823
vt 0.853943 0.794250
vt 0.846985 0.502197
vt 0.504211 0.849487
vt 0.853394 0.794189
vt 0.840942 0.533936
vt 0.840973 0.533325
vt 0.841248 0.535645
vt 0.841248 0.536011
vt 0.840942 0.535645
vt 0.855957 0.617981
vt 0.855713 0.617920
vt 0.855713 0.617249
vt 0.505798 0.851562
vt 0.853271 0.839722
vt 0.853455 0.839294
vt 0.853821 0.838074
vt 0.853821 0.839905
vt 0.853394 0.840027
vt 0.853027 0.840088
vt 0.852722 0.840027
vt 0.852295 0.839355
vt 0.852600 0.838074
vt 0.852722 0.839600
vt 0.850342 0.557251
vt 0.515381 0.847290
vt 0.515076 0.847412
vt 0.515076 0.847229
vt 0.818604 0.855713
vt 0.818542 0.855347
vt 0.818848 0.855347
vt 0.852844 0.730530
vt 0.852478 0.729797
vt 0.852600 0.728516
vt 0.852966 0.728088
vt 0.853577 0.728027
vt 0.853882 0.728210
vt 0.486084 0.855713
vt 0.486450 0.855652
vt 0.486450 0.856079
vt 0.486084 0.856018
vt 0.841461 0.533813
vt 0.842041 0.535156
vt 0.841125 0.853638
vt 0.856323 0.618225
vt 0.855957 0.618286
vt 0.779175 0.812866
vt 0.778809 0.812683
vt 0.779175 0.812500
vt 0.818848 0.855957
vt 0.853333 0.792236
vt 0.853149 0.790833
vt 0.853943 0.790405
vt 0.853882 0.791992
vt 0.853882 0.792358
vn 0.4852 -0.1359 0.8638
vn -0.1831 -0.1041 0.9776
vn -0.5212 -0.1634 0.8377
vn -0.5286 -0.1631 0.8330
vn -0.1835 -0.1041 0.9775
vn -0.1788 -0.1088 0.9779
vn -0.4856 -0.1364 0.8635
vn -0.4847 -0.1364 0.8640
vn -0.4891 0.2368 0.8395
vn -0.4890 0.2366 0.8396
vn -0.4795 0.2474 0.8419
vn 0.8153 0.2634 -0.5156
vn 0.8153 0.2633 -0.5157
vn 0.8189 0.2437 -0.5196
vn 0.5270 0.0510 -0.8483
vn 0.5316 0.0645 -0.8445
vn -0.4897 -0.5536 0.6735
vn -0.4863 -0.8149 0.3153
vn -0.4960 -0.8122 0.3072
vn -0.4821 -0.5514 0.6809
vn 0.4895 -0.5498 0.6768
vn 0.4877 -0.8170 0.3078
vn 0.4957 -0.8103 0.3127
vn 0.4997 -0.7559 0.4230
vn 0.4799 -0.5582 0.6769
vn -0.4985 -0.8433 -0.2006
vn -0.4975 -0.8440 -0.2003
vn -0.4959 -0.6785 -0.5419
vn -0.4958 -0.6788 -0.5416
vn -0.4866 -0.6890 -0.5372
vn -0.8211 0.5706 0.0145
vn -0.8207 0.5711 0.0143
vn -0.8195 0.5717 0.0398
vn -0.8198 0.5713 0.0398
vn 0.5205 -0.1603 0.8387
vn 0.5197 -0.1609 0.8391
vn 0.1796 -0.1051 0.9781
vn 0.1846 -0.1092 0.9767
vn 0.1845 -0.1039 0.9773
vn -0.1894 0.0888 -0.9779
vn -0.1839 0.0914 -0.9787
vn -0.1843 0.0908 -0.9787
vn 0.8325 0.5510 0.0585
vn 0.8324 0.5511 0.0580
vn 0.8223 0.5661 0.0576
vn 0.8669 0.4383 -0.2375
vn 0.8667 0.4386 -0.2376
vn -0.8252 0.2482 -0.5074
vn -0.8252 0.2489 -0.5071
vn -0.8136 0.2597 -0.5203
vn 0.8041 -0.5915 -0.0597
vn 0.8044 -0.5911 -0.0599
vn 0.8021 -0.5942 -0.0600
vn 0.4940 -0.7946 -0.3530
vn 0.4946 -0.7948 -0.3517
vn 0.8274 -0.2553 0.5003
vn 0.8285 -0.2928 0.4773
vn 0.8285 -0.2927 0.4775
vn -0.8394 -0.2645 0.4748
vn -0.8393 -0.2644 0.4750
vn -0.8168 -0.2695 0.5100
vn -0.8668 -0.4384 0.2375
vn -0.8668 -0.4384 0.2376
vn -0.4657 0.3745 -0.8018
vn -0.4676 0.3750 -0.8005
vn -0.4680 0.3752 -0.8001
vn -0.4677 0.3735 -0.8011
vn -0.4886 0.5832 0.6489
vn -0.4878 0.5838 0.6490
vn -0.4980 0.5772 0.6472
vn -0.4968 0.5739 0.6510
vn 0.1715 0.0177 0.9850
vn 0.1712 0.0168 0.9851
vn 0.1703 0.0181 0.9852
vn 0.4841 -0.0644 -0.8727
vn 0.4674 0.3745 -0.8008
vn 0.4678 0.3740 -0.8008
vn 0.4657 0.3752 -0.8014
vn 0.4806 -0.0633 -0.8747
vn -0.4853 0.7570 -0.4375
vn -0.4945 0.7538 -0.4326
vn -0.4975 0.7527 -0.4311
vn -0.4887 0.7556 -0.4361
vn 0.0000 -0.8797 0.4754
vn 0.0000 -0.8795 0.4758
vn 0.0002 -0.8792 0.4764
vn -0.0001 -0.8782 0.4784
vn -0.0002 -0.8785 0.4777
vn -0.0002 -0.8785 0.4778
vn 0.0003 -0.8789 0.4770
vn 0.0001 -0.8792 0.4765
vn -0.0001 -0.8782 0.4782
vn 0.0001 -0.8792 0.4764
vn 0.0002 -0.8796 0.4757
vn -0.0001 -0.8796 0.4757
vn -0.4746 0.0413 0.8793
vn -0.4683 0.0476 0.8823
vn -0.4920 0.6662 0.5604
vn -0.4824 0.4055 0.7764
vn 0.5020 0.7821 -0.3692
vn 0.4777 0.5947 -0.6466
vn 0.4778 0.5945 -0.6467
vn 0.5025 0.7565 -0.4186
vn 0.4852 0.8051 -0.3412
vn -0.4976 -0.7584 0.4210
vn -0.4977 -0.7584 0.4210
vn -0.4851 -0.7626 0.4280
vn -0.4584 -0.3886 0.7993
vn 0.4713 -0.8700 0.1449
vn 0.4826 -0.8610 0.1604
vn 0.4845 -0.7648 0.4247
vn 0.4847 -0.7646 0.4248
vn 0.4974 -0.7565 0.4246
vn 0.1616 0.8609 0.4825
vn 0.1631 0.8603 0.4830
vn 0.8161 0.5771 0.0292
vn 0.8326 0.5535 0.0192
vn -0.4938 0.5886 -0.6401
vn -0.4954 0.5880 -0.6394
vn -0.4817 0.5751 -0.6612
vn -0.4809 0.5755 -0.6614
vn 0.4978 -0.8437 -0.2009
vn 0.4988 -0.8432 -0.2005
vn 0.4980 -0.8435 -0.2015
vn -0.8041 -0.2945 0.5164
vn -0.8069 -0.2916 0.5137
vn -0.8048 -0.5908 -0.0563
vn -0.8046 -0.5912 -0.0558
vn -0.8048 -0.5907 -0.0584
vn -0.8045 -0.2947 0.5157
vn 0.1677 -0.8662 -0.4708
vn 0.1675 -0.8662 -0.4708
vn 0.1673 -0.8659 -0.4715
vn -0.1658 -0.8665 -0.4709
vn -0.4971 -0.7900 -0.3588
vn -0.4963 -0.7908 -0.3582
vn -0.1717 -0.8667 -0.4683
vn 0.4812 0.2380 0.8437
vn 0.4796 0.2379 0.8446
vn 0.4899 0.2459 0.8364
vn 0.6189 0.6504 0.4403
vn 0.6815 0.5179 0.5171
vn 0.4947 0.5732 0.6532
vn -0.4803 -0.8653 0.1435
vn -0.4685 -0.8686 0.1616
vn -0.4806 -0.8651 0.1439
vn 0.4828 0.4056 0.7761
vn 0.4833 0.4047 0.7763
vn 0.5082 0.8399 0.1904
vn 0.5083 0.8394 0.1924
vn -0.5183 0.7790 0.3529
vn -0.5185 0.7786 0.3536
vn -0.5185 0.7786 0.3535
vn 0.8667 -0.4385 0.2378
vn 0.8667 -0.4384 0.2377
vn 0.8670 -0.4380 0.2377
vn -0.8667 0.4386 -0.2377
vn -0.8255 0.5625 0.0460
vn 0.1847 0.0903 -0.9786
vn 0.5559 0.1660 -0.8145
vn 0.5554 0.1643 -0.8152
vn 0.1869 0.0910 -0.9781
vn 0.4708 0.0450 0.8811
vn 0.4733 0.0529 0.8793
vn 0.4690 0.0417 0.8822
vn 0.0001 -0.8798 0.4754
vn 0.0000 -0.8798 0.4754
vn 0.1926 -0.7969 -0.5726
vn 0.1930 -0.7972 -0.5720
vn 0.5654 -0.7253 -0.3928
vn 0.5658 -0.7249 -0.3929
vn 0.4823 -0.8225 -0.3014
vn 0.4824 -0.8224 -0.3014
vn 0.4884 -0.8254 -0.2832
vn 0.4881 -0.8256 -0.2832
vn 0.8667 0.4386 -0.2375
vn 0.8669 0.4383 -0.2376
vn 0.4785 0.8680 -0.1327
vn 0.4782 0.8682 -0.1326
vn 0.4799 0.8672 -0.1330
vn 0.4854 0.7587 -0.4345
vn 0.4978 0.7509 -0.4339
vn 0.4977 0.8092 0.3123
vn 0.4939 0.8098 0.3168
vn 0.4977 0.8093 0.3120
vn 0.4958 -0.6847 -0.5342
vn 0.4872 -0.4196 -0.7659
vn 0.4907 -0.4215 -0.7626
vn 0.4825 -0.4196 -0.7689
vn 0.4855 -0.6832 -0.5455
vn 0.8665 -0.4389 0.2376
vn 0.8044 -0.2945 0.5160
vn 0.8055 -0.2896 0.5171
vn 0.8667 -0.4385 0.2376
vn 0.0001 0.8800 -0.4749
vn -0.0000 0.8797 -0.4755
vn 0.0000 0.8793 -0.4762
vn -0.0000 0.8798 -0.4753
vn -0.0000 0.8798 -0.4754
vn 0.0001 0.8800 -0.4750
vn 0.0002 0.8790 -0.4768
vn -0.0001 0.8799 -0.4751
vn -0.8668 0.4384 -0.2376
vn -0.4801 0.8672 -0.1324
vn -0.4784 0.8680 -0.1327
vn -0.4932 0.8117 0.3127
vn -0.4981 0.8079 0.3151
vn -0.4796 0.8674 -0.1325
vn -0.8327 -0.5534 -0.0193
vn -0.8327 -0.5534 -0.0191
vn -0.8334 -0.5501 -0.0522
vn -1.0000 -0.0000 0.0000
vn -0.4879 -0.8198 -0.3000
vn -0.4798 -0.8299 -0.2846
vn -0.4880 -0.8196 -0.3003
vn 1.0000 -0.0002 0.0000
vn 1.0000 -0.0001 0.0000
vn 1.0000 0.0003 -0.0000
vn -0.4992 0.7979 -0.3379
vn -0.4982 0.7585 -0.4200
vn -0.5027 0.7570 -0.4175
vn -0.4790 0.7940 -0.3744
vn -0.4839 -0.0630 -0.8728
vn -0.4837 -0.0670 -0.8727
vn -0.4831 -0.4204 -0.7680
vn -0.4835 -0.4238 -0.7659
vn -0.4919 -0.4166 -0.7645
vn -0.8255 0.2996 -0.4783
vn -0.8254 0.2997 -0.4783
vn -0.8153 0.3036 -0.4931
vn -0.1961 -0.7968 -0.5715
vn -0.1956 -0.7966 -0.5719
vn -0.1970 -0.7971 -0.5708
vn -1.0000 -0.0000 -0.0001
vn -1.0000 -0.0002 0.0000
vn -1.0000 -0.0001 -0.0000
vn -1.0000 -0.0002 0.0001
usemtl Steel_-_Satin.001
s 1
f 699/1818/2284 702/1819/2284 698/1820/2284
f 768/1821/2285 763/1822/2286 758/1823/2287 757/1824/2288 769/1825/2289
f 700/1826/2290 698/1827/2291 702/1828/2292 707/1829/2293 708/1830/2294
f 732/1831/2295 741/1832/2296 740/1833/2297 738/1834/2298 737/1835/2299
f 700/1836/2300 719/1837/2301 710/1838/2302 698/1839/2303
f 698/1839/2304 710/1838/2305 712/1840/2306 701/1841/2307 699/1842/2308
f 716/1843/2309 710/1844/2310 719/1845/2311 720/1846/2312 722/1847/2313
f 711/1848/2314 743/1849/2315 742/1850/2316 732/1851/2317
f 766/1852/2318 760/1853/2319 767/1854/2320 768/1821/2321 769/1825/2322
f 762/1855/2323 770/1856/2324 765/1857/2325
f 755/1858/2326 767/1859/2327 760/1860/2328 740/1833/2329 741/1832/2330
f 753/1861/2331 734/1862/2332 736/1863/2333 735/1864/2333
f 738/1865/2334 740/1866/2335 754/1867/2336 739/1868/2337 737/1869/2338
f 704/1870/2339 711/1871/2340 709/1872/2341
f 743/1873/2342 711/1874/2343 703/1875/2344
f 743/1849/2345 703/1876/2346 761/1877/2346 756/1878/2346
f 744/1879/2347 745/1880/2348 747/1881/2349 748/1882/2350
f 714/1883/2351 708/1884/2352 707/1885/2353 715/1886/2354
f 704/1887/2355 726/1888/2356 711/1874/2357
f 729/1889/2358 744/1890/2359 748/1891/2360 749/1892/2361 728/1893/2362
f 748/1882/2363 747/1881/2364 730/1894/2365 731/1895/2366
f 726/1888/2367 739/1868/2368 754/1867/2369 766/1896/2370 769/1897/2371 757/1898/2372 750/1899/2373 704/1887/2374 751/1900/2371 764/1901/2375 761/1902/2376 703/1875/2377 711/1874/2378
f 727/1903/2379 745/1904/2380 713/1905/2381 706/1906/2382
f 706/1907/2383 726/1908/2384 711/1909/2385 703/1910/2386 705/1911/2387
f 727/1912/2388 725/1913/2389 734/1914/2390 745/1915/2391
f 732/1916/2392 717/1917/2393 725/1913/2394 727/1912/2395 746/1918/2396
f 711/1871/2397 717/1919/2398 733/1920/2399 709/1872/2400
f 711/1909/2401 726/1908/2402 724/1921/2403 704/1922/2404
f 710/1838/2405 716/1923/2406 712/1840/2407
f 757/1924/2408 758/1925/2409 735/1864/2410 736/1863/2411 724/1926/2412 750/1927/2413
f 725/1928/2414 737/1929/2415 739/1930/2416 726/1931/2417 724/1932/2418 736/1933/2419 734/1934/2420
f 707/1935/2421 702/1936/2422 699/1937/2423 743/1938/2424 723/1939/2425 715/1940/2426
f 734/1914/2427 725/1913/2428 717/1917/2428 733/1941/2429
f 718/1942/2430 727/1903/2431 706/1906/2432 705/1943/2433
f 711/1871/2434 732/1944/2435 717/1919/2436
f 752/1945/2437 751/1946/2437 704/1947/2438 709/1948/2439
f 753/1861/2440 735/1864/2440 758/1925/2441
f 770/1949/2442 752/1945/2443 759/1950/2444 765/1951/2445
f 718/1942/2446 746/1952/2447 727/1903/2448
f 724/1953/2449 726/1888/2450 704/1887/2374 750/1899/2373
f 752/1945/2451 770/1949/2452 764/1954/2453 751/1946/2454
f 732/1916/2455 743/1873/2456 711/1874/2457 717/1917/2458
f 759/1950/2459 752/1945/2459 709/1948/2460
f 731/1955/2461 721/1956/2462 723/1939/2463 749/1892/2464 748/1891/2465
f 721/1957/2466 715/1958/2467 723/1959/2468
f 716/1843/2469 722/1847/2470 729/1960/2471 728/1961/2472 712/1962/2473
f 740/1866/2474 760/1963/2475 766/1896/2476 754/1867/2477
f 765/1964/2478 759/1965/2479 753/1966/2480 758/1967/2481 763/1968/2482 768/1969/2483 767/1970/2481 755/1971/2479 742/1972/2484 762/1973/2485
f 743/1849/2486 756/1878/2486 762/1974/2486 742/1850/2486
f 731/1895/2487 730/1894/2488 714/1975/2489 715/1976/2490 721/1977/2491
f 770/1978/2492 756/1979/2493 761/1980/2494
f 700/1826/2495 708/1830/2495 714/1981/2495 730/1982/2495 747/1983/2495 745/1984/2495 720/1985/2495 719/1986/2495
f 733/1987/2496 717/1988/2497 711/1989/2497 709/1990/2498
f 723/1939/2425 743/1938/2424 732/1991/2499 746/1992/2500 728/1893/2500 749/1892/2501
f 713/1993/2502 724/1921/2503 726/1908/2504 706/1907/2505
f 745/1994/2506 744/1995/2507 729/1960/2508 722/1847/2509 720/1846/2510
f 756/1996/2511 770/1997/2512 762/1998/2513
f 761/1980/2514 764/1999/2515 770/1978/2516
f 709/1948/2517 704/1947/2518 724/2000/2519 713/2001/2519 745/2002/2518 734/2003/2518 733/2004/2520
o MeshBody4_(13)_MeshBody4_(13).001
v 2.374477 1.992766 0.142947
v 2.371727 1.996697 0.146275
v 2.374477 1.996904 0.144748
v 2.368979 1.996904 0.144748
v 2.374477 1.987166 0.132777
v 2.368979 1.992766 0.142947
v 2.374477 1.983199 0.130790
v 2.371727 1.987557 0.130221
v 2.371727 2.003844 0.143861
v 2.368979 2.002729 0.142739
v 2.371727 1.981662 0.131143
v 2.374477 2.002729 0.142739
v 2.374477 1.986220 0.128803
v 2.368979 1.987166 0.132777
v 2.368979 1.986220 0.128803
v 2.368979 2.004596 0.139966
v 2.371727 2.006133 0.140528
v 2.368979 1.983199 0.130790
v 2.371727 1.981623 0.127892
v 2.374477 2.004596 0.139966
v 2.370435 1.999536 0.139508
v 2.371724 2.000176 0.136249
v 2.374477 1.984597 0.125171
v 2.368979 1.984597 0.125171
v 2.371727 2.006542 0.136953
v 2.371727 1.983228 0.124376
v 2.368565 1.997215 0.141071
v 2.368494 1.994597 0.138427
v 2.371717 1.997906 0.133959
v 2.374945 1.998373 0.134431
v 2.371717 1.994140 0.137965
v 2.373659 1.996581 0.140430
v 2.373711 1.999905 0.139880
v 2.368979 1.987101 0.122920
v 2.368979 1.988605 0.125753
v 2.374477 1.988605 0.125753
v 2.374477 1.987101 0.122920
v 2.368979 2.002874 0.132581
v 2.371727 2.004085 0.131557
v 2.374477 2.001667 0.134919
v 2.364498 1.998677 0.142547
v 2.368565 2.001109 0.137190
v 2.368494 1.998381 0.134439
v 2.362917 2.000551 0.140532
v 2.365031 1.996925 0.136874
v 2.367846 1.995473 0.135407
v 2.375589 1.995464 0.135398
v 2.378414 1.996916 0.136863
v 2.374945 1.994588 0.138418
v 2.380555 2.000540 0.140521
v 2.378975 2.002624 0.138720
v 2.371727 1.989743 0.120478
v 2.371727 1.990049 0.127132
v 2.374477 1.992362 0.126490
v 2.368979 1.992362 0.126490
v 2.368979 1.994145 0.123824
v 2.371727 1.995031 0.122488
v 2.374477 1.994145 0.123824
v 2.364498 2.006785 0.150712
v 2.367658 2.006584 0.150510
v 2.362916 2.009020 0.149081
v 2.369238 2.008610 0.148667
v 2.364498 2.002630 0.138725
v 2.378975 1.998672 0.142542
v 2.375816 1.998883 0.142756
v 2.375815 2.010843 0.147033
v 2.374235 2.008614 0.148670
v 2.366171 2.009826 0.153767
v 2.366171 2.014200 0.150435
v 2.367658 2.010841 0.147031
v 2.375815 2.006586 0.150512
v 2.378505 2.012725 0.152820
v 2.377287 2.009825 0.153766
v 2.367746 2.013833 0.154778
v 2.369842 2.009142 0.153081
v 2.369842 2.013492 0.149718
v 2.375700 2.013829 0.154771
v 2.373607 2.009135 0.153073
v 2.375002 2.015363 0.151889
v 2.373607 2.013484 0.149711
v 2.371723 2.015729 0.152560
v 2.371723 2.011291 0.155805
v 2.371715 2.010499 0.150574
vt 0.854370 0.558716
vt 0.854065 0.558716
vt 0.854004 0.557312
vt 0.854309 0.557251
vt 0.853760 0.558716
vt 0.853699 0.557312
vt 0.850952 0.851868
vt 0.850830 0.852234
vt 0.850464 0.852234
vt 0.849976 0.851685
vt 0.850159 0.850281
vt 0.850403 0.850586
vt 0.850281 0.851624
vt 0.850525 0.851929
vt 0.854126 0.799374
vt 0.854126 0.798466
vt 0.854370 0.798656
vt 0.854370 0.799381
vt 0.853760 0.799477
vt 0.853882 0.798740
vt 0.514832 0.552917
vt 0.514771 0.551147
vt 0.515015 0.551086
vt 0.515076 0.552368
vt 0.854858 0.799657
vt 0.854614 0.799552
vt 0.854492 0.798969
vt 0.854736 0.798941
vt 0.498535 0.853943
vt 0.498535 0.855225
vt 0.498230 0.855225
vt 0.498230 0.853882
vt 0.515076 0.550598
vt 0.515076 0.550415
vt 0.515381 0.550598
vt 0.515320 0.551147
vt 0.849915 0.849792
vt 0.850220 0.849548
vt 0.850586 0.849426
vt 0.850647 0.849609
vt 0.850281 0.849670
vt 0.852600 0.558838
vt 0.853088 0.558350
vt 0.852966 0.558838
vt 0.853638 0.503525
vt 0.853638 0.502926
vt 0.853882 0.503185
vt 0.851807 0.544434
vt 0.851868 0.544250
vt 0.852173 0.544312
vt 0.852234 0.544556
vt 0.790955 0.855164
vt 0.791260 0.855225
vt 0.791260 0.855530
vt 0.790955 0.855408
vt 0.515381 0.576294
vt 0.515381 0.578247
vt 0.515076 0.578064
vt 0.515076 0.576233
vt 0.855225 0.797309
vt 0.855103 0.798462
vt 0.855103 0.798918
vt 0.854858 0.797179
vt 0.853394 0.503334
vt 0.855835 0.746460
vt 0.855896 0.745850
vt 0.856201 0.746216
vt 0.856140 0.746460
vt 0.796631 0.852844
vt 0.796509 0.852234
vt 0.796692 0.852295
vt 0.796936 0.853027
vt 0.796875 0.853088
vt 0.514771 0.577942
vt 0.514771 0.576294
vt 0.853882 0.503521
vt 0.785858 0.817566
vt 0.785858 0.817993
vt 0.785614 0.818054
vt 0.785614 0.817627
vt 0.856079 0.524780
vt 0.855774 0.525024
vt 0.855774 0.524597
vt 0.854370 0.798256
vt 0.854126 0.505138
vt 0.853638 0.504948
vt 0.853882 0.504658
vt 0.855591 0.746216
vt 0.855591 0.746460
vt 0.515381 0.552307
vt 0.515381 0.552795
vt 0.515198 0.553223
vt 0.854370 0.504959
vt 0.854248 0.504688
vt 0.855225 0.769836
vt 0.855347 0.769531
vt 0.855713 0.769653
vt 0.855469 0.770142
vt 0.855225 0.770142
vt 0.855835 0.746948
vt 0.856201 0.746826
vt 0.856140 0.747070
vt 0.855835 0.747192
vt 0.849792 0.851746
vt 0.849731 0.850403
vt 0.515015 0.578308
vt 0.855225 0.799501
vt 0.797607 0.850830
vt 0.797241 0.850647
vt 0.797852 0.850525
vt 0.798157 0.850647
vt 0.797974 0.850952
vt 0.854980 0.770630
vt 0.854980 0.770264
vt 0.855347 0.770996
vt 0.855103 0.770935
vt 0.498535 0.853455
vt 0.498230 0.853394
vt 0.852783 0.541992
vt 0.852417 0.542053
vt 0.852295 0.541687
vt 0.852356 0.541565
vt 0.852722 0.541687
vt 0.852966 0.541931
vt 0.797241 0.852539
vt 0.797607 0.852600
vt 0.797668 0.852905
vt 0.797363 0.852844
vt 0.854492 0.798514
vt 0.854614 0.797361
vt 0.854370 0.799736
vt 0.853882 0.799637
vt 0.855591 0.770508
vt 0.855713 0.770813
vt 0.797058 0.852600
vt 0.853699 0.555542
vt 0.854126 0.555481
vt 0.854370 0.555786
vt 0.854248 0.556885
vt 0.853699 0.556885
vt 0.853516 0.555908
vt 0.856018 0.525879
vt 0.856384 0.525024
vt 0.856384 0.525940
vt 0.856384 0.524597
vt 0.798096 0.851379
vt 0.798157 0.852661
vt 0.797607 0.853149
vt 0.797302 0.853149
vt 0.797241 0.851196
vt 0.797791 0.852295
vt 0.515076 0.575684
vt 0.515076 0.575500
vt 0.515381 0.575623
vt 0.498535 0.855957
vt 0.498230 0.856140
vt 0.498230 0.855835
vt 0.853760 0.798340
vt 0.854126 0.505268
vt 0.853760 0.505363
vt 0.853149 0.505257
vt 0.853271 0.505257
vt 0.797913 0.851318
vt 0.797729 0.851013
vt 0.855469 0.770569
vt 0.855225 0.770874
vt 0.802294 0.855591
vt 0.802593 0.855469
vt 0.802593 0.855835
vt 0.802290 0.855835
vt 0.853088 0.559204
vt 0.791382 0.853699
vt 0.791382 0.854065
vt 0.791077 0.853882
vt 0.856140 0.526367
vt 0.856323 0.526367
vt 0.853027 0.504848
vt 0.854370 0.559143
vt 0.854065 0.558960
vt 0.850098 0.852234
vt 0.785889 0.813904
vt 0.785645 0.813538
vt 0.785889 0.813293
vt 0.850525 0.851746
vt 0.850952 0.851624
vt 0.855774 0.526245
vt 0.852905 0.504517
vt 0.852905 0.503563
vt 0.853394 0.503025
vt 0.853271 0.504448
vt 0.853394 0.504715
vt 0.853760 0.504795
vt 0.785645 0.825012
vt 0.785889 0.824829
vt 0.785889 0.825195
vt 0.851257 0.849854
vt 0.851440 0.850281
vt 0.851318 0.851929
vt 0.851135 0.851501
vt 0.850952 0.850220
vt 0.850952 0.849854
vt 0.850647 0.850037
vt 0.854004 0.502934
vt 0.854370 0.503353
vt 0.854126 0.504330
vt 0.854126 0.503422
vt 0.851929 0.541687
vt 0.852966 0.543579
vt 0.852783 0.544006
vt 0.851440 0.543579
vt 0.851440 0.542297
vt 0.790710 0.854248
vt 0.790588 0.853638
vt 0.790710 0.855225
vn 0.8662 0.3551 -0.3515
vn 0.8666 0.3544 -0.3512
vn 0.8670 0.3539 -0.3508
vn 0.8665 0.3548 -0.3512
vn 0.8659 -0.3554 0.3520
vn 0.8664 -0.3546 0.3517
vn 0.8668 -0.3539 0.3514
vn 0.8661 -0.3551 0.3517
vn 1.0000 0.0001 0.0000
vn 1.0000 -0.0007 0.0000
vn 1.0000 0.0000 0.0001
vn 0.4968 -0.6160 0.6113
vn 0.4962 -0.6162 0.6116
vn 0.4973 -0.6155 0.6114
vn 0.4983 -0.6148 0.6113
vn -0.4976 -0.6156 0.6111
vn -0.4980 -0.6155 0.6109
vn -0.4966 -0.6156 0.6120
vn -0.4958 -0.6159 0.6122
vn -0.8290 0.5489 -0.1069
vn -0.8664 0.3549 -0.3512
vn -0.8328 0.5465 -0.0888
vn -0.4855 0.4356 0.7580
vn -0.4763 0.4454 0.7581
vn -0.4781 0.0887 0.8738
vn -0.4781 0.0890 0.8738
vn -0.4979 0.6139 -0.6125
vn -0.4985 0.6140 -0.6120
vn -0.4969 0.6144 -0.6128
vn -0.4965 0.6144 -0.6132
vn -0.5051 -0.8507 -0.1457
vn -0.5096 -0.8494 -0.1374
vn -0.8108 -0.5765 0.1008
vn -0.8111 -0.5763 0.1003
vn -0.8110 -0.5760 0.1022
vn 0.5049 0.8579 0.0954
vn 0.4907 0.7213 0.4889
vn 0.4911 0.7183 0.4929
vn 0.4995 0.7184 0.4841
vn 0.5044 0.8583 0.0939
vn 0.4972 -0.8655 -0.0613
vn 0.4910 -0.8675 -0.0800
vn 0.4913 -0.8674 -0.0797
vn -0.1626 0.2618 0.9513
vn -0.1632 0.2620 0.9512
vn -0.1650 0.2626 0.9507
vn -0.4996 0.7140 0.4906
vn -0.4926 0.7220 0.4858
vn -0.4909 0.7226 0.4866
vn -0.4956 0.7148 0.4934
vn -0.8356 -0.5334 0.1317
vn -0.8366 -0.5387 0.0990
vn -0.8369 -0.5384 0.0989
vn -0.8363 -0.5322 0.1316
vn 0.8661 0.3555 -0.3515
vn 0.8360 0.5409 -0.0922
vn 0.8262 0.5549 -0.0971
vn 0.8672 0.3537 -0.3507
vn 0.4652 -0.8171 0.3405
vn 0.4764 -0.3507 0.8063
vn 0.4746 -0.3518 0.8068
vn 0.4834 -0.3431 0.8053
vn 0.4902 -0.7977 0.3512
vn 0.1657 0.2624 0.9506
vn 0.1665 0.2617 0.9507
vn 0.1683 0.2612 0.9505
vn 0.4839 -0.5874 -0.6487
vn 0.4902 -0.2756 -0.8269
vn 0.4808 -0.5865 -0.6518
vn 0.4809 -0.5860 -0.6522
vn -0.8082 0.1122 -0.5781
vn -0.8080 0.1127 -0.5783
vn -0.8197 0.1060 -0.5629
vn -0.5274 -0.1601 -0.8344
vn -0.5228 -0.1574 -0.8378
vn 0.8662 -0.3549 0.3517
vn 0.7994 -0.1456 0.5829
vn 0.7999 -0.1414 0.5833
vn 0.8672 -0.3534 0.3510
vn -0.5298 0.1470 0.8353
vn -0.5306 0.1465 0.8349
vn -0.5128 0.1480 0.8457
vn -0.4970 0.5635 0.6599
vn -0.4989 0.5611 0.6605
vn -0.4993 0.5621 0.6593
vn -0.4983 0.5637 0.6588
vn 0.4758 0.7876 -0.3915
vn 0.4564 0.8107 -0.3667
vn 0.4565 0.8106 -0.3669
vn 0.4977 -0.3522 0.7926
vn 0.4977 -0.3524 0.7926
vn 0.4797 -0.3816 0.7901
vn 0.2064 0.0798 0.9752
vn 0.2006 0.0812 0.9763
vn 0.2017 0.0826 0.9760
vn -0.4928 -0.2569 -0.8314
vn -0.4748 -0.2781 -0.8350
vn -0.4809 -0.5909 -0.6477
vn -0.4877 -0.5838 -0.6491
vn -0.8019 -0.1442 0.5798
vn -0.8020 -0.1446 0.5795
vn -0.7995 -0.1458 0.5827
vn -0.5186 -0.0108 0.8549
vn -0.5802 0.0224 0.8142
vn 0.5640 -0.0251 0.8254
vn 0.5636 -0.0255 0.8256
vn 0.5372 0.0489 0.8420
vn 0.5376 0.0489 0.8418
vn 0.8097 -0.5784 0.0995
vn 0.8100 -0.5781 0.0986
vn 0.8086 -0.5799 0.0994
vn 0.5025 -0.8531 -0.1405
vn 0.5037 -0.8527 -0.1388
vn 0.4969 -0.7894 -0.3604
vn 0.4963 -0.7898 -0.3605
vn 0.4866 -0.7909 -0.3711
vn 0.4868 -0.8735 -0.0101
vn 0.4867 -0.8735 -0.0101
vn 0.5039 -0.8637 0.0105
vn 0.4976 0.6141 -0.6126
vn 0.4830 0.7968 -0.3630
vn 0.4827 0.7970 -0.3630
vn 0.4850 0.7953 -0.3636
vn 0.4966 0.6148 -0.6127
vn 0.4960 0.6155 -0.6125
vn 0.5021 0.8266 0.2543
vn 0.4867 0.4429 0.7529
vn 0.4768 0.4373 0.7625
vn 0.4788 0.0893 0.8734
vn 0.4851 0.4431 0.7539
vn 0.0215 0.7643 -0.6445
vn 0.0349 0.7944 -0.6064
vn -0.0440 0.7703 -0.6362
vn -0.0428 0.7459 -0.6646
vn 0.0301 0.7944 -0.6066
vn 0.1785 -0.2760 -0.9444
vn 0.1779 -0.2748 -0.9449
vn 0.1753 -0.2767 -0.9448
vn -0.1789 -0.2748 -0.9447
vn -0.1812 -0.2770 -0.9436
vn -0.4969 0.3366 -0.7998
vn -0.4972 0.3365 -0.7997
vn -0.4536 0.3168 -0.8330
vn -0.4547 0.3166 -0.8325
vn -0.5057 -0.8626 -0.0102
vn -0.6911 -0.5961 -0.4088
vn -0.6967 -0.5225 -0.4915
vn -0.4874 -0.7924 -0.3668
vn -0.4896 -0.8719 0.0106
vn -0.4891 -0.8722 0.0105
vn -0.5268 0.8376 0.1444
vn -0.5276 0.8374 0.1429
vn -0.5264 0.8381 0.1433
vn -0.5252 0.8386 0.1447
vn -0.4962 -0.6190 0.6089
vn -0.4919 -0.8036 0.3352
vn -0.4684 -0.8086 0.3561
vn -0.4755 -0.3443 0.8095
vn -0.4844 -0.3477 0.8028
vn 0.4878 -0.7813 0.3894
vn 0.4765 -0.7946 0.3762
vn 0.4765 -0.7945 0.3764
vn 0.4880 -0.7811 0.3896
vn -0.1718 -0.9559 -0.2384
vn 0.1711 -0.9555 -0.2403
vn 0.1715 -0.9554 -0.2404
vn -0.1703 -0.9555 -0.2407
vn -0.1699 -0.9555 -0.2410
vn 0.1673 0.9530 0.2526
vn 0.1737 0.9511 0.2553
vn 0.1645 0.9536 0.2522
vn -1.0000 0.0000 -0.0000
vn -1.0000 0.0003 -0.0001
vn -1.0000 0.0001 0.0001
vn -1.0000 0.0001 -0.0000
vn -0.8665 -0.3546 0.3512
vn -0.8668 -0.3544 0.3509
vn -0.8660 -0.3553 0.3520
vn -0.8655 -0.3557 0.3527
vn -0.4968 0.6174 -0.6100
vn -0.4962 0.6174 -0.6104
vn -0.4978 0.6171 -0.6094
vn -0.4980 0.6172 -0.6092
vn -0.4526 0.7986 -0.3968
vn -0.4716 0.8033 -0.3637
vn -0.4713 0.8035 -0.3636
vn 0.0001 0.7114 -0.7028
vn 0.0006 0.7119 -0.7023
vn 0.0001 0.7119 -0.7023
vn 0.0005 0.7108 -0.7034
vn 0.0001 0.7103 -0.7039
vn 0.0005 0.7097 -0.7045
vn 0.0001 0.7110 -0.7032
vn 0.0001 0.7110 -0.7031
vn -0.0001 0.7120 -0.7022
vn 0.0001 0.7121 -0.7021
vn -0.0002 0.7113 -0.7029
vn -0.0007 0.7101 -0.7041
vn 0.0000 0.7102 -0.7040
vn 0.0001 0.7104 -0.7038
vn 0.0000 0.7111 -0.7031
vn 0.5252 -0.1521 -0.8373
vn 0.5190 -0.1643 -0.8388
vn 0.8102 0.1175 -0.5743
vn 0.8102 0.1173 -0.5743
vn 0.8141 0.0972 -0.5725
vn -0.4834 0.7960 -0.3644
vn -0.5003 0.8607 0.0941
vn -0.4999 0.8608 0.0957
vn -0.4852 0.7956 -0.3629
vn -0.4853 0.7957 -0.3624
vn -0.5000 -0.3774 0.7794
vn -0.4845 -0.3554 0.7993
vn -0.4853 -0.3552 0.7989
vn 0.1826 0.8856 0.4271
vn 0.1832 0.8859 0.4262
vn -0.1849 0.8847 0.4280
vn -0.1846 0.8853 0.4267
vn -0.1853 0.8844 0.4284
vn 0.1828 0.8856 0.4269
vn -0.8205 0.1613 -0.5484
vn -0.8209 0.1616 -0.5477
vn -0.8104 0.1613 -0.5632
vn -0.8105 0.1608 -0.5632
vn -0.4736 -0.7878 0.3937
vn -0.4740 -0.7879 0.3932
vn -0.4860 -0.7898 0.3742
vn -0.4861 -0.7898 0.3741
vn 0.1953 -0.9162 -0.3499
vn 0.1952 -0.9162 -0.3498
vn 0.5726 -0.7974 -0.1905
vn 0.5723 -0.7977 -0.1903
vn 0.4889 -0.7171 -0.4968
vn 0.5009 -0.7265 -0.4704
vn 0.5004 -0.7268 -0.4705
vn -0.8122 -0.1238 0.5701
vn -0.8126 -0.1235 0.5697
vn -0.8347 -0.1289 0.5355
vn -0.4924 0.3888 -0.7787
vn -0.4919 0.3892 -0.7788
vn -0.4764 0.3715 -0.7969
vn -0.4773 0.3713 -0.7965
vn -0.1985 0.0821 0.9767
vn -0.2036 0.0823 0.9756
vn -0.2011 0.0767 0.9766
vn 0.1829 -0.1628 -0.9696
vn 0.1797 -0.1619 -0.9703
vn 0.5500 -0.0510 -0.8336
vn 0.5492 -0.0530 -0.8340
vn 0.4936 0.3091 -0.8129
vn 0.4938 0.3089 -0.8129
vn 0.4476 0.3470 -0.8242
vn 0.4847 -0.4599 -0.7440
vn 0.4852 -0.4599 -0.7437
vn 0.5058 -0.4948 -0.7066
vn 0.4969 0.5630 0.6604
vn 0.4983 0.5638 0.6587
vn 0.4988 0.5632 0.6588
vn 0.4976 0.5621 0.6607
vn 0.4968 0.6175 -0.6098
vn 0.4964 0.6178 -0.6099
vn 0.4979 0.6168 -0.6097
vn 0.4982 0.6166 -0.6096
vn 0.0004 -0.7089 0.7053
vn 0.0001 -0.7091 0.7051
vn 0.0004 -0.7100 0.7042
vn 0.0003 -0.7108 0.7034
vn 0.0005 -0.7107 0.7035
vn 0.0003 -0.7098 0.7044
vn 0.0404 -0.7420 0.6692
vn 0.0292 -0.7943 0.6069
vn -0.0138 -0.7510 0.6601
vn 0.0360 -0.7941 0.6068
vn -0.0426 -0.7697 0.6370
vn -0.8670 -0.3540 0.3507
vn -0.8663 -0.3547 0.3518
vn -0.8660 -0.3548 0.3522
vn -0.8665 -0.3544 0.3514
vn -0.1807 -0.1626 -0.9700
vn -0.1810 -0.1629 -0.9699
vn -0.1870 -0.1643 -0.9685
vn 1.0000 0.0002 -0.0001
vn 1.0000 0.0002 -0.0000
vn 1.0000 -0.0003 -0.0000
vn -0.0003 -0.7107 0.7035
vn 0.0001 -0.7107 0.7035
vn -0.0008 -0.7099 0.7043
vn 0.0002 -0.7087 0.7055
vn 0.0001 -0.7086 0.7056
vn 0.0001 -0.7098 0.7044
vn -0.0002 -0.7102 0.7040
vn 0.0003 -0.7107 0.7035
vn -0.8247 0.5541 -0.1131
vn -0.8251 0.5536 -0.1129
vn -0.8662 0.3549 -0.3517
vn -0.8660 0.3552 -0.3520
vn -0.8669 0.3545 -0.3505
usemtl Steel_-_Satin.001
s 1
f 840/2005/2521 832/2006/2522 791/2007/2523 812/2008/2524
f 832/2006/2525 830/2009/2526 797/2010/2527 791/2007/2528
f 783/2011/2529 793/2012/2529 807/2013/2529 828/2014/2529 810/2015/2529 800/2016/2530 824/2017/2529 806/2018/2531
f 799/2019/2532 823/2020/2533 824/2021/2534 800/2022/2535
f 823/2020/2536 799/2019/2537 813/2023/2538 825/2024/2539
f 839/2025/2540 833/2026/2541 814/2027/2541 831/2028/2542
f 779/2029/2543 780/2030/2544 774/2031/2545 772/2032/2546
f 826/2033/2547 808/2034/2548 809/2035/2549 827/2036/2550
f 815/2037/2551 816/2038/2552 798/2039/2553 811/2040/2554 814/2027/2555
f 795/2041/2556 787/2042/2557 779/2043/2558 782/2044/2559 790/2045/2560
f 791/2046/2561 810/2047/2562 803/2048/2563
f 791/2049/2564 801/2050/2565 802/2051/2566
f 787/2052/2567 786/2053/2568 780/2054/2569 779/2055/2570
f 837/2056/2571 841/2057/2572 848/2058/2573 853/2059/2574
f 821/2060/2575 849/2061/2576 842/2062/2577 820/2063/2578
f 777/2064/2579 771/2065/2580 773/2066/2581 772/2032/2582 781/2067/2583
f 791/2049/2584 797/2068/2585 801/2050/2586
f 796/2069/2587 822/2070/2588 807/2071/2589 793/2072/2590
f 815/2073/2591 814/2074/2592 833/2075/2593 813/2076/2594 816/2077/2595
f 820/2063/2596 842/2062/2597 843/2078/2598 834/2079/2599
f 803/2080/2600 791/2049/2601 802/2051/2602
f 778/2081/2603 823/2082/2604 805/2083/2605 785/2084/2606
f 778/2085/2607 775/2086/2608 783/2087/2609
f 806/2088/2610 824/2021/2611 823/2020/2612
f 847/2089/2613 852/2090/2614 848/2091/2615
f 804/2092/2616 822/2070/2617 796/2069/2618 794/2093/2619
f 839/2025/2620 831/2028/2621 829/2094/2622 838/2095/2623 844/2096/2624
f 842/2097/2625 847/2089/2626 848/2091/2627 843/2098/2628
f 818/2099/2629 820/2100/2630 834/2101/2631 819/2102/2632 817/2103/2633
f 789/2104/2634 796/2069/2635 793/2072/2636 783/2105/2637 777/2106/2638 781/2107/2639
f 827/2108/2640 809/2109/2641 795/2041/2642 790/2045/2643 810/2015/2644 828/2014/2645
f 847/2110/2646 842/2062/2646 849/2061/2646
f 782/2111/2647 779/2029/2648 772/2032/2649 773/2066/2650
f 846/2112/2651 839/2113/2652 851/2114/2653 849/2115/2654 850/2116/2655
f 799/2117/2656 800/2118/2657 817/2103/2658 816/2119/2659 813/2120/2660
f 804/2121/2661 826/2033/2662 827/2036/2663 822/2122/2664
f 788/2123/2665 785/2124/2666 794/2125/2667 796/2126/2668 789/2127/2669 781/2128/2670
f 791/2129/2671 803/2130/2672 810/2131/2673 792/2132/2674
f 776/2133/2675 788/2134/2676 781/2067/2677 772/2032/2678 774/2031/2679
f 799/2019/2680 800/2022/2681 810/2135/2682 791/2136/2683
f 816/2119/2684 817/2103/2685 819/2102/2686 801/2137/2687 798/2138/2688
f 792/2132/2689 812/2139/2690 791/2129/2691
f 785/2140/2692 805/2141/2692 825/2142/2693 813/2143/2692 812/2008/2692 791/2007/2694 797/2010/2693 798/2144/2692 784/2145/2695
f 831/2028/2696 814/2027/2697 811/2040/2698 829/2094/2699
f 801/2146/2700 778/2085/2701 784/2147/2702 798/2148/2703
f 778/2085/2704 785/2149/2705 784/2147/2706
f 836/2150/2707 850/2116/2708 849/2115/2709 821/2151/2710 800/2152/2711 799/2153/2712 813/2076/2713 833/2075/2714 839/2113/2715 846/2112/2716 840/2154/2717 812/2139/2718 792/2132/2719 810/2131/2720 790/2155/2721
f 818/2156/2722 817/2157/2723 800/2158/2724 821/2060/2725 820/2063/2726
f 808/2034/2727 786/2159/2728 787/2160/2729 795/2161/2730 809/2035/2731
f 823/2020/2732 825/2024/2733 805/2162/2734
f 847/2089/2735 849/2163/2736 851/2164/2737 839/2165/2738 844/2166/2739 852/2090/2740
f 837/2167/2741 853/2168/2742 850/2116/2743 836/2150/2744
f 799/2117/2745 791/2169/2746 812/2170/2747 813/2120/2748
f 832/2171/2749 853/2172/2750 845/2173/2751 830/2174/2752
f 791/2046/2753 803/2048/2754 835/2175/2755
f 802/2176/2756 835/2177/2757 803/2178/2758
f 791/2179/2759 801/2146/2760 798/2148/2761 797/2180/2762
f 852/2090/2763 844/2166/2764 838/2181/2765
f 846/2182/2766 853/2183/2767 832/2006/2768 840/2005/2769
f 822/2184/2770 827/2108/2771 828/2014/2772 807/2013/2772
f 835/2185/2773 802/2186/2774 791/2187/2775
f 783/2011/2776 806/2018/2777 823/2188/2778 778/2189/2779
f 802/2190/2780 775/2086/2781 778/2085/2782 801/2146/2783
f 838/2181/2784 829/2191/2785 811/2192/2786 798/2193/2787 801/2050/2788 797/2068/2789 830/2194/2790 845/2195/2791 853/2196/2792 848/2091/2793 852/2090/2794
f 803/2178/2795 835/2177/2796 841/2057/2797 837/2056/2798
f 853/2197/2799 846/2198/2800 850/2199/2801
f 773/2200/2802 771/2201/2803 777/2202/2803 783/2011/2803 775/2203/2803 802/2204/2804 835/2205/2804 803/2206/2803 810/2015/2802 790/2045/2803 782/2044/2803
f 801/2050/2805 819/2207/2806 834/2208/2807 843/2098/2808 848/2091/2809 841/2209/2810 835/2210/2811 802/2051/2812
f 804/2211/2692 794/2125/2667 785/2124/2666 788/2123/2692 776/2212/2692 774/2213/2692 780/2054/2692 786/2053/2692 808/2214/2692 826/2215/2692
f 790/2216/2813 810/2217/2814 803/2178/2815 837/2056/2816 836/2218/2817
o MeshBody4_(14)_MeshBody4_(14).001
v 2.371727 1.973451 0.126495
v 2.374477 1.973286 0.124987
v 2.368979 1.973286 0.124987
v 2.374477 1.959087 0.118635
v 2.374477 1.970150 0.121443
v 2.371727 1.976900 0.125267
v 2.371727 1.958253 0.119974
v 2.374477 1.959138 0.113960
v 2.371727 1.960560 0.113431
v 2.371727 1.979924 0.122437
v 2.368979 1.978556 0.121642
v 2.368979 1.975820 0.120051
v 2.368979 1.959087 0.118635
v 2.371727 1.954961 0.115591
v 2.371727 1.974415 0.119219
v 2.374477 1.955896 0.112144
v 2.371727 1.981378 0.118693
v 2.371724 1.974490 0.116081
v 2.371724 1.971605 0.120762
v 2.368979 1.959406 0.110470
v 2.374477 1.959406 0.110470
v 2.374477 1.956670 0.108881
v 2.368979 1.955896 0.112144
v 2.368979 1.956670 0.108881
v 2.368979 1.979352 0.115671
v 2.371727 1.980931 0.115187
v 2.371727 1.955301 0.108088
v 2.374477 1.979352 0.115671
v 2.368565 1.972709 0.121405
v 2.368494 1.969484 0.119525
v 2.371717 1.971707 0.114457
v 2.374945 1.972280 0.114791
v 2.371717 1.968922 0.119198
v 2.374887 1.975628 0.116747
v 2.368979 1.958581 0.106276
v 2.371727 1.961557 0.110231
v 2.374477 1.958581 0.106276
v 2.371727 1.957566 0.104947
v 2.368979 1.974390 0.114475
v 2.364498 1.974508 0.122453
v 2.362917 1.975877 0.120072
v 2.365031 1.971424 0.117475
v 2.371714 1.968948 0.116031
v 2.378414 1.971411 0.117467
v 2.380555 1.975864 0.120065
v 2.378975 1.977491 0.117834
v 2.374237 1.976395 0.120374
v 2.371727 1.960588 0.103449
v 2.368979 1.961917 0.108282
v 2.374477 1.961917 0.108282
v 2.368979 1.965639 0.105725
v 2.371727 1.966215 0.104236
v 2.374477 1.965639 0.105725
v 2.364498 1.984486 0.128252
v 2.367658 1.984239 0.128108
v 2.362916 1.986282 0.126142
v 2.369238 1.985779 0.125849
v 2.367658 1.977755 0.117990
v 2.364498 1.987826 0.123884
v 2.364498 1.977498 0.117839
v 2.378975 1.974502 0.122449
v 2.375816 1.974762 0.122600
v 2.380557 1.986277 0.126139
v 2.378975 1.984484 0.128251
v 2.378975 1.987824 0.123883
v 2.375815 1.987573 0.123736
v 2.374235 1.985784 0.125851
v 2.366171 1.987541 0.131286
v 2.366171 1.991019 0.127028
v 2.367658 1.987571 0.123734
v 2.375815 1.984241 0.128109
v 2.378505 1.989992 0.129875
v 2.367746 1.991581 0.131478
v 2.369842 1.986860 0.130595
v 2.369842 1.990308 0.126312
v 2.375002 1.988808 0.132569
v 2.373607 1.986853 0.130589
v 2.375002 1.992343 0.128358
v 2.373607 1.990300 0.126305
v 2.371723 1.992882 0.128901
v 2.371723 1.989325 0.133093
v 2.371715 1.987766 0.127628
vt 0.798584 0.855957
vt 0.798431 0.855957
vt 0.798218 0.855835
vt 0.798248 0.855347
vt 0.798401 0.855225
vt 0.798584 0.855591
vt 0.855225 0.558319
vt 0.855347 0.557892
vt 0.855469 0.558594
vt 0.855347 0.558655
vt 0.855835 0.806244
vt 0.855713 0.806519
vt 0.855469 0.806488
vt 0.855591 0.806091
vt 0.854980 0.504883
vt 0.854736 0.504883
vt 0.854614 0.503601
vt 0.854736 0.503052
vt 0.855103 0.503021
vt 0.854980 0.503662
vt 0.854614 0.853012
vt 0.854736 0.854660
vt 0.854492 0.854660
vt 0.854492 0.852921
vt 0.856079 0.731903
vt 0.855957 0.732330
vt 0.855835 0.731964
vt 0.850037 0.824066
vt 0.850342 0.823822
vt 0.850342 0.825226
vt 0.850037 0.825134
vt 0.855957 0.558838
vt 0.855835 0.559235
vt 0.855835 0.558502
vt 0.854980 0.501984
vt 0.855103 0.502441
vt 0.854614 0.502014
vt 0.854736 0.500763
vt 0.854980 0.500763
vt 0.855652 0.769165
vt 0.855591 0.768921
vt 0.855896 0.768738
vt 0.855957 0.768982
vt 0.762695 0.854919
vt 0.762695 0.855347
vt 0.762939 0.855591
vt 0.762939 0.855896
vt 0.762451 0.855469
vt 0.762451 0.855164
vt 0.762573 0.854553
vt 0.762939 0.854370
vt 0.762939 0.854675
vt 0.855713 0.589355
vt 0.855713 0.588989
vt 0.856018 0.588989
vt 0.856018 0.589722
vt 0.854370 0.502045
vt 0.854492 0.500793
vt 0.515381 0.530548
vt 0.515076 0.530701
vt 0.515076 0.530518
vt 0.515015 0.529968
vt 0.515320 0.529938
vt 0.854858 0.502838
vt 0.854492 0.502533
vt 0.514832 0.528137
vt 0.515076 0.528046
vt 0.514771 0.529938
vt 0.855835 0.502289
vt 0.855835 0.501953
vt 0.856079 0.502472
vt 0.854736 0.505432
vt 0.854370 0.505493
vt 0.854370 0.504852
vt 0.854370 0.503571
vt 0.842896 0.535492
vt 0.842651 0.535614
vt 0.842529 0.535370
vt 0.842651 0.535156
vt 0.843506 0.535889
vt 0.843323 0.535339
vt 0.843750 0.535156
vt 0.843750 0.535645
vt 0.856445 0.558350
vt 0.856140 0.557983
vt 0.856506 0.557861
vt 0.515381 0.528168
vt 0.855713 0.502625
vt 0.852472 0.780396
vt 0.852682 0.780029
vt 0.853003 0.780273
vt 0.855713 0.730865
vt 0.855957 0.730896
vt 0.852478 0.779785
vt 0.852869 0.779663
vt 0.853003 0.780029
vt 0.850037 0.823730
vt 0.850220 0.823334
vt 0.855957 0.558167
vt 0.854370 0.500366
vt 0.854736 0.500244
vt 0.856018 0.590210
vt 0.856323 0.589355
vt 0.856323 0.590088
vt 0.856140 0.768616
vt 0.856140 0.768921
vt 0.843018 0.535522
vt 0.843018 0.535217
vt 0.843384 0.535156
vt 0.814453 0.853561
vt 0.814697 0.853790
vt 0.814819 0.854919
vt 0.814575 0.855011
vt 0.856323 0.588989
vt 0.843018 0.535828
vt 0.842651 0.535889
vt 0.849670 0.824005
vt 0.849731 0.825623
vt 0.856079 0.502930
vt 0.855591 0.768616
vt 0.842407 0.535675
vt 0.842285 0.535400
vt 0.514282 0.795319
vt 0.514160 0.795547
vt 0.514038 0.795212
vt 0.763184 0.855408
vt 0.763062 0.855164
vt 0.814697 0.853516
vt 0.815186 0.853241
vt 0.815063 0.853745
vt 0.514832 0.530518
vt 0.855103 0.505310
vt 0.854492 0.502930
vt 0.854446 0.733521
vt 0.854813 0.733276
vt 0.854797 0.733643
vt 0.854813 0.734131
vt 0.785767 0.828552
vt 0.785767 0.829041
vt 0.785645 0.828735
vt 0.514282 0.796783
vt 0.514038 0.796707
vt 0.855774 0.767944
vt 0.856079 0.768005
vt 0.815186 0.854889
vt 0.843018 0.535187
vt 0.856079 0.806549
vt 0.856079 0.807953
vt 0.855713 0.807404
vt 0.855103 0.500214
vt 0.853699 0.526245
vt 0.853607 0.525879
vt 0.853699 0.525513
vt 0.854034 0.525269
vt 0.854034 0.525879
vt 0.854034 0.526489
vt 0.855469 0.807678
vt 0.849670 0.823608
vt 0.855713 0.588745
vt 0.856018 0.588623
vt 0.856140 0.767822
vt 0.855896 0.767761
vt 0.814697 0.855362
vt 0.814819 0.855164
vt 0.855347 0.558960
vt 0.486176 0.854553
vt 0.486816 0.854126
vt 0.486847 0.854431
vt 0.486450 0.854675
vt 0.486603 0.854858
vt 0.486450 0.855103
vt 0.486847 0.855347
vt 0.486816 0.855652
vt 0.486359 0.855469
vt 0.486084 0.854858
vt 0.855713 0.590088
vt 0.855896 0.558472
vt 0.855957 0.557983
vt 0.855835 0.732727
vt 0.855591 0.732117
vt 0.856079 0.732697
vt 0.763184 0.854858
vt 0.856323 0.588745
vt 0.515137 0.527802
vt 0.855103 0.853607
vt 0.855225 0.855209
vt 0.855225 0.852951
vt 0.854980 0.853210
vt 0.856506 0.558716
vt 0.856262 0.559204
vt 0.855957 0.558838
vn -0.5096 0.8535 -0.1087
vn -0.5100 0.8528 -0.1122
vn -0.4941 0.8128 0.3086
vn -0.4943 0.8131 0.3075
vn -0.5012 0.8068 0.3130
vn -0.5054 0.8558 -0.1107
vn 0.5174 -0.3454 -0.7829
vn 0.5185 -0.3465 -0.7817
vn 0.1734 -0.4879 -0.8555
vn 0.1748 -0.4861 -0.8562
vn 0.2016 -0.3309 -0.9219
vn 0.5927 -0.1688 -0.7875
vn 0.5903 -0.1703 -0.7890
vn 0.1959 -0.3332 -0.9223
vn 0.8668 -0.2508 0.4311
vn 0.8659 -0.2521 0.4322
vn 0.8299 -0.0947 0.5499
vn 0.8293 -0.0964 0.5504
vn 0.8311 -0.0877 0.5491
vn 0.8661 -0.2517 0.4320
vn -0.4798 -0.1336 0.8671
vn -0.4979 -0.4378 0.7486
vn -0.4709 -0.1282 0.8728
vn 0.4728 0.2949 0.8304
vn 0.4722 0.2945 0.8308
vn 0.4731 0.2956 0.8299
vn 0.4981 0.4372 -0.7488
vn -0.5136 -0.8561 0.0575
vn -0.5125 -0.8567 0.0588
vn -0.1767 -0.9842 -0.0080
vn -0.1728 -0.9849 -0.0117
vn -0.8291 -0.0954 0.5509
vn -0.8325 -0.0917 0.5464
vn -0.8660 -0.2517 0.4321
vn -0.8665 -0.2515 0.4313
vn 0.4741 0.8695 -0.1387
vn 0.4970 0.6926 0.5228
vn 0.4952 0.6934 0.5235
vn 0.4760 0.8681 -0.1406
vn -0.0002 -0.7117 0.7025
vn 0.0189 -0.6738 0.7387
vn 0.0191 -0.6742 0.7383
vn -0.0058 -0.7063 0.7078
vn 0.0001 -0.7118 0.7024
vn 0.0002 -0.7118 0.7024
vn -0.0219 -0.6984 0.7154
vn -0.0214 -0.6986 0.7152
vn 0.0000 -0.7118 0.7024
vn -0.4825 -0.8523 -0.2020
vn -0.4825 -0.8523 -0.2019
vn -0.4724 -0.8597 -0.1942
vn -0.4656 -0.8748 0.1340
vn -0.8663 0.2521 -0.4313
vn -0.8667 0.2520 -0.4304
vn -0.8657 0.2523 -0.4324
vn -0.8652 0.2526 -0.4331
vn 0.5120 -0.3784 -0.7712
vn 0.5114 -0.3798 -0.7709
vn 0.4918 0.1212 -0.8622
vn 0.4918 0.1207 -0.8623
vn 0.4882 0.1218 -0.8642
vn -0.5308 0.8428 0.0890
vn -0.5306 0.8430 0.0888
vn -0.7990 0.5789 -0.1629
vn -0.7986 0.5793 -0.1631
vn -0.8046 0.5778 -0.1367
vn -0.4862 0.6766 -0.5530
vn -0.4897 0.6759 -0.5508
vn -0.4980 0.4361 -0.7495
vn -0.5076 0.3438 0.7900
vn -0.5080 0.3437 0.7898
vn -0.5235 0.3399 0.7813
vn 0.8091 -0.0474 -0.5858
vn 0.8058 -0.0294 -0.5915
vn 0.8657 0.2527 -0.4320
vn 0.8653 0.2533 -0.4326
vn 0.8664 0.2517 -0.4312
vn 0.8090 -0.0469 -0.5860
vn -0.5066 -0.8008 -0.3195
vn -0.5066 -0.8007 -0.3197
vn -0.4946 -0.8177 -0.2945
vn -0.4945 -0.8178 -0.2944
vn 0.8410 0.4772 -0.2549
vn 0.8411 0.4769 -0.2552
vn 0.8252 0.5029 -0.2573
vn 0.8257 0.5023 -0.2570
vn -0.2006 0.3140 0.9280
vn -0.1998 0.3173 0.9270
vn -0.1947 0.3147 0.9290
vn 0.4979 0.4361 -0.7496
vn 0.4866 0.6780 -0.5510
vn 0.4890 0.6753 -0.5521
vn 0.1648 0.4757 0.8640
vn 0.1664 0.4749 0.8642
vn 0.1646 0.4761 0.8639
vn -0.4867 0.8418 0.2336
vn -0.4801 0.8487 0.2220
vn -0.4804 0.8486 0.2218
vn 0.4796 -0.1280 0.8681
vn 0.4978 -0.4378 0.7487
vn 0.4986 -0.4375 0.7484
vn 0.4704 -0.1351 0.8720
vn -1.0000 0.0000 0.0000
vn 0.4773 -0.2683 -0.8368
vn 0.4838 -0.2839 -0.8278
vn 0.4833 -0.2840 -0.8281
vn 0.1738 -0.9847 -0.0128
vn 0.5176 -0.8535 0.0598
vn 0.1742 -0.9846 -0.0129
vn 0.1696 -0.9855 -0.0083
vn -0.8037 -0.0344 -0.5940
vn -0.8160 -0.0368 -0.5768
vn -0.8156 -0.0369 -0.5774
vn -0.8036 -0.0350 -0.5941
vn 0.4614 -0.7093 0.5330
vn 0.4618 -0.7094 0.5325
vn 0.4730 -0.6999 0.5351
vn 0.4735 -0.6998 0.5349
vn -0.4973 0.6917 0.5237
vn -0.4960 0.6930 0.5232
vn -0.4960 0.6926 0.5237
vn -0.4972 0.6910 0.5248
vn -0.8296 0.4891 -0.2694
vn -0.8294 0.4894 -0.2693
vn -0.5317 0.8449 -0.0587
vn -0.5314 0.8452 -0.0569
vn -0.8669 0.2517 -0.4303
vn -0.8657 0.2521 -0.4325
vn -0.8653 0.2525 -0.4330
vn -0.8664 0.2522 -0.4310
vn 0.4655 -0.8749 0.1340
vn 0.4811 -0.8551 -0.1932
vn 0.4722 -0.8581 -0.2015
vn 0.4654 -0.8749 0.1340
vn 0.5034 -0.8515 0.1465
vn 0.4968 -0.8583 0.1283
vn 0.4975 -0.8579 0.1283
vn -0.4981 0.4372 -0.7488
vn -0.4725 0.8700 -0.1410
vn -0.4736 0.8698 -0.1383
vn 0.8205 -0.0139 0.5715
vn 0.8205 -0.0136 0.5714
vn 0.8180 0.0281 0.5746
vn 0.5047 0.3606 0.7844
vn 0.5077 0.3694 0.7783
vn 0.5034 0.3587 0.7860
vn -0.4776 -0.6539 -0.5868
vn -0.4778 -0.6539 -0.5866
vn -0.4979 -0.6116 -0.6149
vn -0.4974 -0.6118 -0.6151
vn -0.4902 -0.6667 0.5614
vn -0.4788 -0.6594 0.5796
vn -0.4787 -0.6594 0.5796
vn -0.8178 -0.5373 0.2059
vn -0.8169 -0.5559 0.1540
vn -0.8185 -0.5365 0.2058
vn -0.8306 0.0082 0.5568
vn -0.8078 0.0217 0.5891
vn -0.8079 0.0218 0.5889
vn -0.8303 0.0083 0.5573
vn -0.5137 -0.3797 -0.7694
vn -0.5121 -0.3814 -0.7696
vn -0.4911 0.1238 -0.8623
vn -0.4927 0.1235 -0.8614
vn -0.4910 0.1198 -0.8629
vn 0.8135 -0.5308 0.2376
vn 0.8140 -0.5302 0.2372
vn 0.8143 -0.5299 0.2369
vn 0.8138 -0.5304 0.2373
vn 0.8103 0.5686 -0.1419
vn 0.8104 0.5684 -0.1420
vn 0.7929 0.5903 -0.1513
vn 0.7932 0.5899 -0.1512
vn 1.0000 0.0000 0.0000
vn 1.0000 0.0003 0.0000
vn 0.4820 -0.6178 -0.6213
vn 0.5033 -0.6428 -0.5775
vn 0.5037 -0.6424 -0.5775
vn -0.4981 -0.4368 0.7491
vn -0.4984 -0.4367 0.7490
vn -0.4986 -0.4367 0.7488
vn 0.4976 -0.4366 0.7495
vn 0.4983 -0.4366 0.7491
vn 0.4980 -0.4367 0.7491
vn 0.4978 -0.4369 0.7492
vn -0.8656 -0.2519 0.4328
vn -0.8653 -0.2519 0.4334
vn -0.8666 -0.2513 0.4312
vn -0.8668 -0.2514 0.4306
vn -0.5016 -0.8556 0.1281
vn -0.5021 -0.8553 0.1283
vn -0.4965 -0.8554 0.1473
vn 0.5041 -0.8127 -0.2924
vn 0.4923 -0.8089 -0.3215
vn 0.4919 -0.8090 -0.3217
vn 0.8652 -0.2526 0.4331
vn 0.8659 -0.2517 0.4322
vn 0.8664 -0.2510 0.4318
vn -0.8156 -0.5269 0.2392
vn 0.4848 0.1555 -0.8607
vn 0.4694 0.1796 -0.8645
vn 0.4697 0.1799 -0.8643
vn 0.4951 0.8096 0.3153
vn 0.4735 0.6049 0.6402
vn 0.4746 0.6014 0.6427
vn 0.4827 0.6043 0.6338
vn 0.5015 0.8088 0.3070
vn 0.5020 0.8089 0.3060
vn 0.8653 0.2529 -0.4327
vn 0.8663 0.2517 -0.4314
vn 0.8666 0.2515 -0.4310
vn 0.8660 0.2523 -0.4317
vn -0.4729 0.1570 -0.8670
vn -0.4876 0.1786 -0.8546
vn -0.4881 0.1778 -0.8545
vn -0.4724 0.1572 -0.8672
vn -0.5037 -0.6969 -0.5105
vn -0.5040 -0.6965 -0.5108
vn -0.5002 -0.7004 -0.5091
vn -0.4974 -0.7039 -0.5071
vn 0.4925 -0.6543 0.5739
vn 0.4923 -0.6542 0.5741
vn 0.4804 -0.6710 0.5647
vn 0.4804 -0.6712 0.5646
vn -0.8317 0.0940 -0.5472
vn -0.8340 0.0944 -0.5436
vn -0.8337 0.0950 -0.5440
vn -0.8318 0.0939 -0.5470
vn -0.5119 -0.3498 -0.7846
vn -0.1756 -0.4871 -0.8555
vn -0.1785 -0.4873 -0.8548
vn -0.1785 -0.4851 -0.8560
vn -0.0220 0.6955 -0.7182
vn -0.0219 0.6954 -0.7183
vn 0.0294 0.6838 -0.7291
vn 0.0003 0.7088 -0.7054
vn 0.0009 0.7091 -0.7051
vn -0.0001 0.7090 -0.7052
vn 0.0193 0.6715 -0.7408
vn -0.0057 0.7034 -0.7107
vn -0.0003 0.7089 -0.7053
vn -0.0001 0.7091 -0.7051
vn -0.4716 -0.7051 0.5296
vn -0.4724 -0.7049 0.5292
vn -0.4611 -0.7049 0.5390
vn -0.4619 -0.7046 0.5387
vn -0.1856 0.9622 0.1993
vn -0.1866 0.9629 0.1951
vn -0.1878 0.9626 0.1953
vn -0.1868 0.9623 0.1974
vn -0.4753 0.6073 0.6367
vn -0.4734 0.2944 0.8302
vn -0.4734 0.2945 0.8302
vn -0.4836 0.5998 0.6374
vn -0.4827 0.5986 0.6393
vn 0.1769 -0.9670 -0.1834
vn 0.5286 -0.8460 -0.0697
vn 0.5281 -0.8464 -0.0696
vn 0.4953 -0.7028 -0.5107
vn 0.5028 -0.7009 -0.5058
vn 0.4972 -0.6997 -0.5130
vn 0.4965 -0.6999 -0.5134
vn 0.1764 0.9839 0.0270
vn 0.1675 0.9856 0.0234
vn 0.1701 0.9851 0.0238
vn 0.5098 0.8528 -0.1130
vn 0.5101 0.8528 -0.1121
vn 0.5062 0.8555 -0.1090
vn -0.1811 -0.9665 -0.1821
vn -0.1806 -0.9665 -0.1826
vn -0.1797 -0.9665 -0.1830
vn -1.0000 -0.0002 0.0001
vn -1.0000 -0.0002 0.0000
vn -1.0000 0.0003 0.0001
vn 0.5243 0.8477 0.0809
vn 0.5242 0.8478 0.0810
vn 0.1867 0.9627 0.1957
vn 0.1910 0.9612 0.1989
vn 0.1874 0.9627 0.1953
usemtl Steel_-_Satin.001
s 1
f 879/2219/2818 878/2220/2819 911/2221/2820 864/2222/2821 863/2223/2822 870/2224/2823
f 885/2225/2824 897/2226/2825 896/2227/2826 884/2228/2827
f 935/2229/2828 910/2230/2829 923/2231/2830 928/2232/2831
f 914/2233/2832 898/2234/2833 916/2235/2834 925/2236/2835 929/2237/2836 917/2238/2837
f 856/2239/2838 866/2240/2839 860/2241/2839 854/2242/2840
f 855/2243/2841 859/2244/2842 854/2245/2843
f 886/2246/2844 858/2247/2844 861/2248/2844 862/2249/2844
f 883/2250/2845 895/2251/2846 896/2227/2847 886/2252/2848
f 907/2253/2849 921/2254/2850 909/2255/2851 894/2256/2852 893/2257/2851
f 861/2258/2853 874/2259/2854 889/2260/2855 862/2261/2856
f 927/2262/2857 930/2263/2858 924/2264/2859 917/2265/2860 929/2266/2861 934/2267/2862 921/2268/2863 907/2269/2864 908/2270/2865
f 876/2271/2866 877/2272/2867 880/2273/2868 867/2274/2869
f 912/2275/2870 913/2276/2871 894/2256/2872 909/2255/2873
f 890/2277/2874 891/2278/2875 901/2279/2876 905/2280/2877 906/2281/2878
f 921/2254/2879 926/2282/2880 922/2283/2881 912/2275/2882 909/2255/2883
f 878/2284/2884 879/2285/2885 905/2280/2886 904/2286/2886
f 872/2287/2887 858/2288/2888 868/2289/2889
f 897/2290/2890 885/2291/2891 899/2292/2892 918/2293/2893 916/2235/2894 898/2234/2895
f 871/2294/2896 868/2295/2897 865/2296/2898 911/2297/2899
f 864/2298/2900 868/2299/2901 892/2300/2902 911/2301/2903
f 934/2302/2904 926/2303/2905 921/2304/2906
f 906/2281/2907 905/2280/2907 879/2285/2908 881/2305/2909
f 882/2306/2910 872/2287/2911 868/2289/2912
f 862/2307/2913 873/2308/2914 876/2309/2915
f 854/2245/2916 860/2310/2917 857/2311/2918 855/2243/2919
f 876/2309/2920 873/2308/2920 902/2312/2920 888/2313/2920 877/2314/2920
f 872/2315/2921 900/2316/2922 858/2247/2923
f 896/2227/2924 897/2226/2925 858/2317/2926 886/2252/2927
f 894/2256/2928 913/2276/2929 892/2318/2930 895/2319/2931
f 860/2320/2932 867/2274/2933 869/2321/2934 857/2322/2935
f 902/2323/2936 873/2324/2937 862/2261/2938 889/2260/2939
f 868/2299/2940 900/2325/2941 887/2326/2942 871/2327/2943
f 887/2328/2944 900/2329/2945 920/2330/2946 919/2331/2947
f 867/2274/2948 880/2273/2949 875/2332/2950 869/2321/2951
f 871/2294/2952 887/2333/2953 900/2334/2954
f 883/2335/2955 886/2246/2955 862/2249/2956 876/2336/2957
f 868/2289/2958 864/2337/2959 882/2306/2960
f 874/2259/2961 903/2338/2962 889/2260/2963
f 868/2295/2964 872/2339/2965 882/2340/2966 865/2296/2967
f 892/2341/2968 884/2342/2969 871/2343/2970
f 920/2344/2971 924/2264/2972 930/2263/2972 935/2345/2973
f 868/2346/2974 858/2347/2975 915/2348/2976 900/2329/2977
f 901/2279/2978 891/2278/2979 888/2349/2980 904/2286/2981 905/2280/2982
f 858/2350/2983 897/2290/2984 898/2234/2985 914/2233/2986
f 918/2293/2987 931/2351/2988 925/2236/2989 916/2235/2990
f 869/2352/2991 874/2353/2991 861/2354/2992 857/2355/2991
f 900/2356/2993 872/2357/2994 868/2358/2995
f 902/2359/2996 889/2360/2997 884/2342/2998 892/2341/2996
f 903/2338/2999 885/2361/3000 884/2362/3001 889/2260/3002
f 915/2348/3003 924/2363/3004 920/2330/3005 900/2329/3006
f 911/2297/3007 892/2364/3008 871/2294/3009
f 900/2334/3010 868/2295/3011 871/2294/3012
f 910/2230/3013 908/2365/3014 882/2366/3015 864/2367/3014
f 893/2257/3016 894/2256/3016 895/2319/3016 883/2368/3016
f 858/2247/3017 886/2246/3018 872/2315/3019
f 870/2369/3020 863/2370/3021 859/2371/3022 855/2372/3023 900/2373/3024 881/2374/3025
f 923/2231/3026 910/2230/3027 864/2367/3028 911/2375/3029
f 882/2376/3030 872/2315/3031 886/2246/3032 883/2335/3033
f 877/2272/3034 888/2377/3035 891/2378/3036 880/2273/3037
f 871/2379/3038 884/2362/3039 885/2361/3040 887/2380/3041
f 932/2381/3042 919/2331/3043 920/2330/3044 935/2382/3045
f 895/2251/3046 892/2383/3047 884/2228/3048 896/2227/3049
f 931/2384/3050 918/2385/3051 919/2386/3052 932/2387/3053 935/2388/3054 928/2389/3055 923/2390/3056 912/2391/3057 922/2392/3058 933/2393/3059
f 867/2274/3060 860/2320/3061 866/2394/3062 876/2271/3063
f 934/2302/3064 933/2395/3065 922/2396/3066 926/2303/3067
f 864/2397/3068 856/2398/3069 854/2245/3070 859/2244/3071 863/2399/3072
f 910/2400/3073 935/2345/3073 927/2262/3074 908/2270/3075
f 880/2273/3076 891/2378/3077 890/2401/3078 875/2332/3079
f 892/2300/3080 868/2299/3081 871/2327/3082
f 881/2305/3083 879/2285/3084 870/2402/3085
f 935/2345/3086 930/2263/3087 927/2262/3088
f 883/2403/3089 876/2404/3089 866/2240/3090 856/2239/3089 865/2405/3091 882/2406/3089
f 929/2407/3092 925/2408/3093 931/2409/3094 933/2395/3095 934/2302/3096
o MeshBody4_(15)_MeshBody4_(15).001
v 2.374477 1.941167 0.110975
v 2.371727 1.946299 0.112004
v 2.371727 1.940774 0.112504
v 2.368979 1.945809 0.110592
v 2.374477 1.930383 0.107801
v 2.371727 1.949439 0.110018
v 2.371727 1.929833 0.109287
v 2.374477 1.944786 0.107749
v 2.374477 1.948365 0.108979
v 2.374477 1.929460 0.103289
v 2.371727 1.951804 0.106586
v 2.368979 1.950285 0.106141
v 2.368979 1.930383 0.107801
v 2.371727 1.925645 0.105840
v 2.374477 1.950285 0.106141
v 2.371727 1.930437 0.101628
v 2.374477 1.925866 0.102300
v 2.370435 1.945922 0.104849
v 2.371724 1.945087 0.101741
v 2.371724 1.943238 0.106919
v 2.374477 1.929006 0.099863
v 2.374477 1.925968 0.098973
v 2.368979 1.925866 0.102300
v 2.368979 1.925968 0.098973
v 2.368979 1.949785 0.100211
v 2.371727 1.951234 0.099376
v 2.371727 1.924448 0.098529
v 2.374477 1.949785 0.100211
v 2.368565 1.944466 0.107280
v 2.368494 1.940878 0.106224
v 2.371717 1.941999 0.100827
v 2.371717 1.940251 0.106040
v 2.373711 1.946425 0.104998
v 2.368979 1.929847 0.098094
v 2.374477 1.927331 0.096016
v 2.371727 1.926057 0.094972
v 2.374477 1.944647 0.100217
v 2.364498 1.946469 0.107867
v 2.368565 1.946355 0.102117
v 2.368494 1.942646 0.101019
v 2.362917 1.947306 0.105257
v 2.365031 1.942358 0.103798
v 2.367846 1.940375 0.103212
v 2.371714 1.939607 0.102985
v 2.375589 1.940363 0.103209
v 2.378414 1.942345 0.103794
v 2.374945 1.940867 0.106222
v 2.380555 1.947292 0.105252
v 2.378975 1.948418 0.102727
v 2.375816 1.948717 0.102816
v 2.371727 1.928742 0.092820
v 2.368979 1.929524 0.094273
v 2.374477 1.931043 0.097168
v 2.371727 1.933394 0.098538
v 2.368979 1.933664 0.096972
v 2.371727 1.934457 0.092267
v 2.374477 1.934196 0.093836
v 2.364498 1.957061 0.112267
v 2.367658 1.956814 0.112122
v 2.369238 1.957850 0.109557
v 2.364498 1.948425 0.102730
v 2.378975 1.946462 0.107866
v 2.380557 1.958348 0.109847
v 2.378975 1.957058 0.112265
v 2.378975 1.959392 0.107286
v 2.375815 1.959140 0.107141
v 2.374235 1.957855 0.109559
v 2.366171 1.960791 0.114450
v 2.364947 1.962901 0.112504
v 2.366171 1.963269 0.109542
v 2.367658 1.959138 0.107140
v 2.378505 1.962905 0.112506
v 2.377287 1.960790 0.114449
v 2.374852 1.959070 0.113442
v 2.369842 1.959953 0.113958
v 2.369842 1.962398 0.109035
v 2.375700 1.964850 0.113640
v 2.375002 1.964891 0.110486
v 2.373607 1.962389 0.109030
v 2.371726 1.965637 0.114100
v 2.371723 1.965551 0.110870
v 2.371723 1.962989 0.115735
v 2.371715 1.960170 0.110910
vt 0.505737 0.843437
vt 0.505615 0.843330
vt 0.505981 0.843071
vt 0.506348 0.842934
vt 0.506348 0.843117
vt 0.852051 0.854370
vt 0.851807 0.854919
vt 0.851440 0.854919
vt 0.851501 0.854614
vt 0.851807 0.854248
vt 0.855225 0.852936
vt 0.855469 0.853363
vt 0.855225 0.853333
vt 0.849976 0.829834
vt 0.849915 0.828644
vt 0.850220 0.828629
vt 0.850281 0.829819
vt 0.855713 0.538818
vt 0.855713 0.539551
vt 0.855469 0.539551
vt 0.855469 0.539185
vt 0.855957 0.580627
vt 0.855957 0.580261
vt 0.856323 0.580261
vt 0.856323 0.580811
vt 0.856079 0.580933
vt 0.855652 0.779297
vt 0.855896 0.779419
vt 0.855896 0.780029
vt 0.855652 0.780029
vt 0.814697 0.850937
vt 0.814331 0.850845
vt 0.814087 0.851028
vt 0.814209 0.852707
vt 0.813721 0.852478
vt 0.813599 0.851288
vt 0.813965 0.850632
vt 0.814331 0.850510
vt 0.814697 0.850525
vt 0.849976 0.828094
vt 0.850281 0.827988
vt 0.514832 0.635941
vt 0.515076 0.635834
vt 0.515015 0.637756
vt 0.515015 0.638306
vt 0.514771 0.638168
vt 0.855835 0.852966
vt 0.855835 0.853363
vt 0.789429 0.792114
vt 0.789795 0.792114
vt 0.789917 0.792358
vt 0.849731 0.830276
vt 0.849670 0.828644
vt 0.850037 0.830368
vt 0.789612 0.791748
vt 0.789246 0.791870
vt 0.502014 0.855591
vt 0.501953 0.855927
vt 0.501648 0.856064
vt 0.501648 0.855652
vt 0.506226 0.845245
vt 0.506592 0.845039
vt 0.506592 0.845421
vt 0.505981 0.845703
vt 0.855774 0.539917
vt 0.855530 0.539795
vt 0.792114 0.851715
vt 0.792114 0.852921
vt 0.791687 0.853546
vt 0.791382 0.853607
vt 0.791016 0.853546
vt 0.790588 0.852936
vt 0.790588 0.851730
vt 0.791016 0.851486
vt 0.791077 0.853104
vt 0.791382 0.853287
vt 0.791687 0.853149
vt 0.791748 0.851746
vt 0.790771 0.851273
vt 0.790588 0.851135
vt 0.790894 0.850891
vt 0.791321 0.850800
vt 0.791382 0.851013
vt 0.854858 0.774597
vt 0.854858 0.774139
vt 0.855103 0.774017
vt 0.855103 0.775848
vt 0.854858 0.775787
vt 0.856018 0.539429
vt 0.856140 0.540039
vt 0.855835 0.540161
vt 0.855957 0.579834
vt 0.856079 0.579468
vt 0.856323 0.579590
vt 0.856323 0.579895
vt 0.856140 0.538574
vt 0.856018 0.539062
vt 0.855835 0.538452
vt 0.855591 0.780396
vt 0.855286 0.780273
vt 0.855347 0.780029
vt 0.515137 0.555756
vt 0.515137 0.555542
vt 0.515015 0.554993
vt 0.515381 0.554962
vt 0.515381 0.555588
vt 0.791992 0.851120
vt 0.791931 0.851273
vt 0.856384 0.516968
vt 0.856567 0.517059
vt 0.856506 0.517395
vt 0.856140 0.517670
vt 0.856201 0.517334
vt 0.855469 0.775848
vt 0.855347 0.776459
vt 0.855103 0.776367
vt 0.801025 0.853333
vt 0.801392 0.853210
vt 0.801392 0.853607
vt 0.801025 0.853607
vt 0.802612 0.855011
vt 0.802368 0.855438
vt 0.802307 0.853806
vt 0.802673 0.853882
vt 0.813843 0.853012
vt 0.813599 0.852493
vt 0.814209 0.853104
vt 0.814209 0.853241
vt 0.854553 0.532639
vt 0.854187 0.532608
vt 0.854187 0.531403
vt 0.854004 0.531021
vt 0.853577 0.531021
vt 0.853333 0.531418
vt 0.853455 0.532867
vt 0.853027 0.532639
vt 0.853210 0.530914
vt 0.853821 0.530640
vt 0.854126 0.530716
vt 0.854553 0.531372
vt 0.846375 0.502319
vt 0.846680 0.502319
vt 0.846802 0.502808
vt 0.846497 0.502686
vt 0.789917 0.791626
vt 0.802490 0.853363
vt 0.802917 0.853378
vt 0.802917 0.855057
vt 0.515320 0.637726
vt 0.515381 0.638336
vt 0.515076 0.638489
vt 0.515381 0.635956
vt 0.852173 0.530273
vt 0.851929 0.530029
vt 0.852295 0.530029
vt 0.502014 0.854660
vt 0.501709 0.854614
vt 0.855469 0.774109
vt 0.852478 0.530151
vt 0.852478 0.530640
vt 0.800781 0.853333
vt 0.801025 0.854919
vt 0.800659 0.854950
vt 0.846191 0.502197
vt 0.846558 0.502197
vt 0.846802 0.502075
vt 0.851807 0.855286
vt 0.851440 0.855347
vt 0.502319 0.854370
vt 0.502319 0.855835
vt 0.855835 0.854767
vt 0.855591 0.854706
vt 0.855225 0.854797
vt 0.852051 0.855774
vt 0.851807 0.855957
vt 0.514771 0.554977
vt 0.514771 0.553726
vt 0.515015 0.553726
vt 0.856567 0.518066
vt 0.856384 0.518219
vt 0.515137 0.553177
vt 0.515381 0.553314
vt 0.515381 0.553757
vt 0.855347 0.779419
vt 0.855164 0.779663
vt 0.801270 0.854797
vt 0.801392 0.855286
vt 0.814697 0.851212
vt 0.814209 0.851044
vt 0.851929 0.530640
vt 0.791565 0.851364
vt 0.501709 0.854279
vt 0.802307 0.853424
vt 0.855713 0.580200
vt 0.855713 0.579895
vt 0.840454 0.855835
vt 0.840149 0.855713
vt 0.840454 0.855469
vt 0.815186 0.851105
vt 0.815186 0.852890
vt 0.814819 0.852890
vt 0.814575 0.853180
vt 0.814575 0.852753
vt 0.814941 0.852386
vt 0.506958 0.843338
vt 0.506958 0.845566
vt 0.506836 0.845070
vt 0.506714 0.844040
vt 0.506714 0.843636
vt 0.506348 0.843590
vt 0.506104 0.843674
vt 0.506104 0.844070
vt 0.505615 0.845085
vt 0.506348 0.845787
vn -0.4677 0.4722 0.7472
vn -0.4682 0.4722 0.7469
vn -0.4762 0.7229 0.5006
vn -0.4800 0.7222 0.4979
vn -0.4734 0.7297 0.4934
vn 0.8141 0.5130 -0.2720
vn 0.5450 0.8312 -0.1096
vn 0.5335 0.8377 -0.1166
vn 0.8029 0.5255 -0.2815
vn 0.8028 0.5256 -0.2815
vn 0.5820 -0.3567 -0.7308
vn 0.5865 -0.3473 -0.7317
vn 0.5840 -0.3495 -0.7327
vn 0.4980 -0.2447 0.8319
vn 0.4743 -0.8213 0.3171
vn 0.4858 -0.8739 -0.0181
vn 0.4866 -0.8734 -0.0179
vn 0.4740 -0.8216 0.3168
vn -0.5236 -0.8168 0.2421
vn -0.5228 -0.8155 0.2483
vn -0.8195 -0.4533 0.3506
vn -0.8195 -0.4533 0.3505
vn -0.5140 0.8060 -0.2936
vn -0.4965 0.8585 0.1284
vn -0.4953 0.8592 0.1285
vn -0.5002 0.8552 0.1362
vn 1.0000 0.0000 -0.0000
vn 0.4786 -0.5523 0.6826
vn 0.4697 -0.5606 0.6820
vn 0.4685 -0.5614 0.6822
vn 0.4772 -0.5534 0.6826
vn -0.4894 0.5276 -0.6944
vn -0.4927 0.5285 -0.6914
vn -0.4849 -0.0843 -0.8705
vn -0.4845 -0.0843 -0.8707
vn -0.4878 -0.0840 -0.8689
vn 0.5391 -0.8326 0.1274
vn 0.5387 -0.8328 0.1272
vn 0.5620 -0.8177 0.1247
vn 0.5619 -0.8178 0.1247
vn 0.4848 -0.7398 -0.4665
vn 0.4824 -0.7398 -0.4691
vn 0.4792 -0.7363 -0.4777
vn -0.4753 0.0756 0.8766
vn -0.4980 -0.2447 0.8319
vn -0.4980 -0.2447 0.8320
vn -0.4674 0.0794 0.8805
vn -0.4672 0.0795 0.8806
vn -0.5010 -0.7990 0.3325
vn -0.5083 -0.8026 0.3123
vn -0.5080 -0.8027 0.3123
vn -0.4806 -0.5044 0.7174
vn -0.4811 -0.5040 0.7173
vn -0.4938 -0.5153 0.7005
vn -0.4937 -0.5155 0.7004
vn -0.4990 0.5288 0.6866
vn -0.5027 0.5188 0.6915
vn -0.4843 0.8737 0.0454
vn 0.4982 -0.7889 -0.3599
vn 0.5010 -0.7884 -0.3570
vn 0.4948 -0.7897 -0.3627
vn 0.4949 -0.7891 -0.3637
vn 0.0109 -0.3832 0.9236
vn -0.0006 -0.2817 0.9595
vn 0.0001 -0.2821 0.9594
vn -0.0002 -0.2820 0.9594
vn -0.0117 -0.3832 0.9236
vn -0.0122 -0.3833 0.9235
vn -0.0110 -0.3833 0.9236
vn 0.0001 -0.2823 0.9593
vn 0.0127 -0.3829 0.9237
vn 0.5515 0.3694 0.7479
vn 0.5503 0.3682 0.7494
vn 0.1984 0.5149 0.8339
vn 0.1984 0.5148 0.8340
vn 0.1946 0.5184 0.8327
vn -0.8256 0.0408 0.5627
vn -0.8254 0.0407 0.5631
vn -0.8256 0.0408 0.5628
vn -0.8653 -0.1923 0.4628
vn -0.4953 -0.7915 -0.3580
vn -0.5006 -0.7861 -0.3626
vn -0.5086 -0.5353 -0.6744
vn -0.5082 -0.5357 -0.6743
vn -0.4946 -0.7912 -0.3598
vn 0.1767 -0.9639 0.1995
vn 0.1766 -0.9639 0.1991
vn 0.1768 -0.9639 0.1990
vn -0.1765 -0.9640 0.1987
vn -0.1759 -0.9642 0.1987
vn -0.1801 -0.9632 0.1995
vn -0.4690 -0.5566 0.6857
vn -0.4673 -0.5561 0.6873
vn -0.4763 -0.5590 0.6787
vn -0.4782 -0.5582 0.6780
vn 0.4756 0.7232 0.5008
vn 0.4727 0.7255 0.5002
vn 0.4804 0.7259 0.4922
vn 0.4809 0.7262 0.4912
vn 0.5182 -0.8183 0.2487
vn 0.8180 -0.4570 0.3493
vn 0.5170 -0.8194 0.2477
vn -0.5592 0.3638 0.7450
vn -0.1938 0.5155 0.8347
vn -0.1921 0.5156 0.8350
vn -0.1933 0.5151 0.8351
vn 0.1717 -0.6594 -0.7319
vn 0.1731 -0.6590 -0.7320
vn 0.5115 -0.5099 -0.6916
vn 0.5116 -0.5103 -0.6913
vn 0.1709 -0.6593 -0.7322
vn -0.8107 -0.1701 -0.5602
vn -0.8113 -0.1697 -0.5595
vn -0.7995 -0.1715 -0.5757
vn -0.7994 -0.1716 -0.5758
vn -0.5825 -0.3557 -0.7309
vn -0.5802 -0.3567 -0.7322
vn -0.8320 -0.0206 -0.5544
vn -0.8428 -0.0138 -0.5381
vn -0.4806 0.8149 -0.3239
vn -0.4811 0.8154 -0.3219
vn -0.4982 0.2451 -0.8317
vn -0.4773 -0.8785 -0.0182
vn -0.4869 -0.8731 -0.0266
vn -0.4783 -0.8780 -0.0182
vn -0.4743 -0.8214 0.3170
vn 0.4745 0.0790 0.8767
vn 0.4758 0.0792 0.8760
vn 0.4682 0.0727 0.8806
vn 0.4675 0.4722 0.7473
vn 0.4669 0.4720 0.7479
vn 0.4672 0.4727 0.7472
vn 0.0101 0.3837 -0.9234
vn 0.0113 0.3835 -0.9235
vn -0.0003 0.5029 -0.8643
vn -0.0114 0.3835 -0.9235
vn -0.0104 0.3833 -0.9236
vn 0.0109 0.3835 -0.9235
vn -0.5375 0.8086 -0.2393
vn -0.5393 0.8068 -0.2411
vn -0.5384 0.8075 -0.2409
vn -0.5364 0.8094 -0.2388
vn 0.5088 -0.7952 0.3298
vn 0.5027 -0.8057 0.3133
vn 0.4949 -0.8612 -0.1157
vn 0.4968 -0.8602 -0.1151
vn 0.4650 -0.0286 -0.8849
vn 0.4654 -0.0287 -0.8846
vn 0.4981 0.2450 -0.8318
vn 0.4981 0.2451 -0.8318
vn 0.4986 0.2448 -0.8315
vn 0.4881 -0.0829 -0.8689
vn 0.4880 -0.0840 -0.8688
vn 0.4845 -0.0822 -0.8709
vn 0.5066 -0.5364 -0.6750
vn 0.5084 -0.5358 -0.6742
vn 0.4979 0.2459 -0.8316
vn 0.4894 0.5297 -0.6928
vn 0.4926 0.5268 -0.6927
vn 0.4979 0.2458 -0.8316
vn -0.1945 -0.5282 -0.8266
vn -0.1973 -0.5283 -0.8258
vn -0.2010 -0.5292 -0.8244
vn -0.4980 -0.2457 0.8316
vn -0.4984 -0.2472 0.8310
vn -0.8681 0.1905 -0.4584
vn -0.8105 0.5197 -0.2703
vn -0.8067 0.5159 -0.2882
vn -0.8149 -0.4943 0.3028
vn -0.8142 -0.5103 0.2767
vn -0.8152 -0.4939 0.3025
vn -0.8682 -0.1901 0.4584
vn -0.8682 -0.1901 0.4583
vn -0.8682 -0.1900 0.4583
vn 0.1257 0.6610 0.7398
vn 0.1626 0.6389 0.7519
vn 0.1626 0.6387 0.7521
vn -0.5176 0.5044 0.6911
vn -0.5166 0.5048 0.6916
vn -0.5026 0.5097 0.6983
vn -0.5025 0.5097 0.6983
vn 0.1910 0.9811 -0.0293
vn 0.1908 0.9812 -0.0295
vn 0.1943 0.9806 -0.0262
vn 0.1913 0.9811 -0.0291
vn 0.4979 -0.2457 0.8317
vn 0.4980 -0.2457 0.8317
vn 0.8681 -0.1900 0.4585
vn 0.8654 0.1919 -0.4629
vn 0.8655 0.1914 -0.4630
vn -0.5442 0.8301 -0.1217
vn -0.5399 0.8347 -0.1084
vn -0.1896 0.9815 -0.0260
vn -0.1918 0.9810 -0.0291
vn 0.8682 0.1903 -0.4583
vn 0.8043 -0.1819 -0.5657
vn 0.8011 -0.1655 -0.5752
vn 0.8012 -0.1658 -0.5750
vn 0.8039 -0.1819 -0.5662
vn 0.8653 -0.1924 0.4628
vn 0.8247 0.0434 0.5638
vn 0.8250 0.0429 0.5635
vn 0.8251 0.0433 0.5633
vn 0.5143 0.8043 -0.2976
vn 0.5139 0.8046 -0.2975
vn 0.4963 0.8575 0.1352
vn 0.5029 0.8547 0.1287
vn 0.5110 0.8075 -0.2947
vn -0.8320 0.4301 -0.3504
vn -0.8317 0.4306 -0.3505
vn -0.8654 0.1918 -0.4629
vn -0.8653 0.1918 -0.4632
vn 0.4943 0.7848 0.3739
vn 0.5011 0.5299 0.6842
vn 0.4980 0.5295 0.6867
vn 0.4945 0.7844 0.3743
vn -0.1848 -0.9819 0.0420
vn -0.1846 -0.9819 0.0418
vn 0.0000 -0.5050 0.8631
vn -0.0006 -0.5050 0.8631
vn -0.4775 0.0655 0.8762
vn -0.4916 0.0383 0.8700
vn -0.4684 -0.0512 -0.8821
vn -0.4684 -0.0511 -0.8820
vn -0.4834 -0.0283 -0.8749
vn -0.1732 -0.6594 -0.7316
vn -0.1759 -0.6593 -0.7310
vn -0.1764 -0.6579 -0.7322
vn -0.5153 -0.5123 -0.6870
vn -0.5046 -0.5148 -0.6931
vn 0.4950 -0.4997 0.7108
vn 0.4839 -0.5188 0.7047
vn 0.4946 -0.4998 0.7110
vn 0.1811 -0.9826 0.0411
vn 0.1811 -0.9826 0.0412
vn 0.4847 0.8128 -0.3232
vn 0.4846 0.8138 -0.3207
vn 0.4818 0.8170 -0.3168
vn 1.0000 0.0001 0.0000
vn 1.0000 -0.0004 -0.0000
vn 1.0000 0.0005 -0.0000
vn -1.0000 0.0002 0.0000
vn -1.0000 0.0001 -0.0000
vn -1.0000 0.0002 -0.0001
vn -1.0000 -0.0005 0.0000
vn -1.0000 -0.0001 0.0000
vn -1.0000 0.0000 0.0000
usemtl Steel_-_Satin.001
s 1
f 939/2410/3097 937/2411/3098 941/2412/3099 946/2413/3100 947/2414/3101
f 1000/2415/3102 1013/2416/3103 1012/2417/3104 1007/2418/3105 998/2419/3106
f 1011/2420/3107 995/2421/3108 1006/2422/3109
f 938/2423/3110 942/2424/3110 940/2425/3110 936/2426/3110
f 949/2427/3111 962/2428/3112 957/2429/3113 952/2430/3114
f 977/2431/3115 978/2432/3116 965/2433/3117 973/2434/3117 976/2435/3118
f 961/2436/3119 960/2437/3120 947/2438/3121 946/2439/3122
f 988/2440/3123 956/2441/3123 945/2442/3123 943/2443/3123 936/2444/3123 940/2445/3123 952/2446/3123 957/2447/3123 970/2448/3123
f 940/2425/3124 942/2424/3125 949/2449/3126 952/2450/3127
f 960/2451/3128 961/2452/3129 991/2453/3130 986/2454/3131 987/2455/3132
f 1010/2456/3133 994/2457/3134 995/2421/3135 1011/2420/3136
f 953/2458/3137 968/2459/3138 943/2460/3139
f 939/2461/3140 948/2462/3141 942/2424/3142 938/2423/3143 937/2463/3144
f 954/2464/3145 953/2458/3146 974/2465/3147
f 966/2466/3148 954/2467/3149 974/2468/3150 975/2469/3151
f 951/2470/3152 989/2471/3153 969/2472/3154 958/2473/3154
f 962/2428/3155 971/2474/3156 970/2475/3157 957/2429/3158
f 993/2476/3159 973/2477/3160 965/2478/3161 967/2479/3162 982/2480/3162 997/2481/3163 999/2482/3164 1009/2483/3165 943/2484/3162 955/2485/3166 964/2486/3159 994/2487/3167
f 1008/2488/3168 1007/2489/3169 1012/2490/3170 1015/2491/3171 1017/2492/3172
f 993/2493/3173 1003/2494/3174 1004/2495/3175 976/2496/3176 973/2497/3176
f 962/2428/3177 959/2498/3178 987/2499/3179 986/2500/3180 971/2474/3181
f 979/2501/3182 980/2502/3183 982/2503/3184 967/2504/3185 965/2433/3186 978/2432/3187
f 948/2505/3188 958/2506/3189 949/2427/3190 942/2507/3191
f 946/2439/3192 941/2508/3193 944/2509/3194 950/2510/3195
f 980/2511/3196 981/2512/3197 983/2513/3197 997/2514/3197 982/2515/3198
f 1004/2516/3199 1003/2517/3200 1017/2492/3201 1015/2491/3202
f 979/2518/3203 966/2519/3204 972/2520/3205 981/2521/3206 980/2522/3207
f 996/2523/3208 975/2524/3209 977/2525/3210 976/2496/3211
f 1018/2526/3212 1014/2527/3213 1001/2528/3214 1002/2529/3215
f 951/2530/3216 958/2531/3217 965/2532/3218 967/2533/3218
f 958/2506/3219 959/2498/3220 962/2428/3221 949/2427/3222
f 937/2534/3223 938/2535/3224 936/2444/3225 943/2443/3226 944/2536/3227 941/2537/3228
f 984/2538/3229 985/2539/3230 1001/2540/3231 1014/2541/3231 1011/2542/3231 1006/2543/3232 974/2544/3233 996/2545/3232 1005/2546/3231 1016/2547/3231 1013/2548/3231 1000/2549/3234
f 953/2550/3235 968/2551/3236 972/2552/3237 954/2553/3238
f 954/2464/3239 972/2554/3240 968/2459/3241 953/2458/3242
f 967/2533/3243 953/2555/3244 943/2556/3245 945/2557/3246 951/2530/3247
f 986/2454/3248 991/2453/3249 992/2558/3250 970/2559/3251 971/2560/3252
f 991/2453/3253 961/2452/3254 963/2561/3255 992/2558/3256
f 1018/2562/3257 1011/2563/3258 1014/2564/3259
f 989/2565/3260 966/2466/3261 975/2469/3260 990/2566/3260
f 976/2496/3262 1004/2495/3263 1005/2567/3264 996/2523/3262
f 1002/2568/3265 1009/2569/3266 1018/2562/3267
f 1009/2570/3268 1002/2529/3269 968/2571/3268 943/2572/3270
f 953/2550/3271 964/2573/3272 955/2574/3273
f 968/2551/3274 953/2550/3275 955/2574/3276 943/2575/3277
f 1012/2417/3278 1013/2416/3279 1016/2576/3280 1015/2577/3281
f 989/2565/3282 988/2578/3283 972/2579/3283 966/2466/3283
f 995/2421/3284 994/2457/3284 964/2580/3284 953/2581/3284
f 995/2421/3285 953/2581/3285 974/2582/3286 1006/2422/3285
f 1005/2583/3287 1004/2584/3288 1015/2577/3289 1016/2576/3290
f 984/2585/3291 1000/2586/3291 998/2587/3291 983/2513/3291
f 981/2521/3292 972/2520/3293 984/2588/3294 983/2589/3295
f 983/2513/3296 998/2587/3297 1007/2590/3298 1008/2591/3299 999/2592/3296 997/2514/3296
f 963/2593/3300 961/2436/3301 946/2439/3302 950/2510/3303 985/2594/3304
f 985/2595/3305 972/2596/3306 968/2571/3307 1002/2529/3308 1001/2528/3307
f 956/2441/3309 988/2440/3310 989/2597/3311 951/2598/3312
f 1018/2562/3313 1009/2569/3314 1010/2599/3314
f 1008/2488/3315 1017/2492/3315 1003/2517/3315 993/2476/3315 994/2487/3315 1010/2600/3315 1009/2483/3316 999/2482/3315
f 969/2601/3317 989/2565/3318 990/2566/3317
f 965/2532/3319 964/2602/3320 953/2555/3321 967/2533/3321
f 975/2603/3322 966/2604/3323 979/2501/3324 978/2432/3325 977/2431/3326
f 966/2466/3327 972/2579/3328 954/2467/3329
f 1011/2563/3330 1018/2562/3331 1010/2599/3331
f 951/2605/3332 945/2606/3333 956/2607/3334
f 988/2440/3123 970/2448/3123 992/2608/3123 963/2609/3335 985/2610/3336 950/2611/3123 944/2536/3123 943/2443/3123 968/2612/3337 972/2613/3335
f 939/2410/3338 947/2414/3338 960/2614/3338 987/2615/3338 969/2472/3339 990/2616/3340 975/2617/3338 974/2618/3341 953/2619/3342 964/2620/3338 965/2621/3338 958/2473/3338 948/2622/3338
f 958/2473/3343 969/2472/3339 987/2615/3338 959/2623/3343
o MeshBody4_(16)_MeshBody4_(16).001
v 2.374477 1.911217 0.103207
v 2.371727 1.916558 0.103211
v 2.371727 1.911114 0.104779
v 2.368979 1.915794 0.101886
v 2.374477 1.899757 0.102322
v 2.374477 1.900412 0.099205
v 2.371727 1.919162 0.101087
v 2.371727 1.899431 0.103881
v 2.374477 1.917957 0.100003
v 2.371727 1.899315 0.097029
v 2.371727 1.920772 0.097433
v 2.368979 1.919254 0.096987
v 2.368979 1.899757 0.102322
v 2.371727 1.894641 0.101388
v 2.374477 1.919254 0.096987
v 2.374477 1.894369 0.097895
v 2.368979 1.898134 0.098118
v 2.371727 1.892883 0.098427
v 2.370435 1.914783 0.096256
v 2.371724 1.913384 0.093397
v 2.371724 1.912521 0.098826
v 2.368979 1.897181 0.094876
v 2.374477 1.897181 0.094876
v 2.368979 1.894369 0.097895
v 2.368979 1.894019 0.094634
v 2.368979 1.917674 0.090930
v 2.371727 1.918912 0.089860
v 2.374477 1.917674 0.090930
v 2.368565 1.913808 0.098927
v 2.366210 1.911709 0.098763
v 2.371717 1.910195 0.093143
v 2.373711 1.915307 0.096296
v 2.368979 1.894983 0.091472
v 2.374477 1.894983 0.091472
v 2.371727 1.893582 0.090716
v 2.374477 1.912679 0.092003
v 2.364498 1.915907 0.099091
v 2.368565 1.914695 0.093501
v 2.368494 1.910863 0.093197
v 2.362917 1.916224 0.096369
v 2.365031 1.911074 0.095964
v 2.367846 1.909011 0.095802
v 2.371714 1.908211 0.095738
v 2.375589 1.908998 0.095800
v 2.378414 1.911060 0.095963
v 2.374887 1.913802 0.098926
v 2.380555 1.916209 0.096367
v 2.378975 1.916824 0.093669
v 2.375816 1.917134 0.093694
v 2.371727 1.899759 0.093086
v 2.374477 1.898820 0.091833
v 2.368979 1.901377 0.091105
v 2.368979 1.901434 0.087942
v 2.371727 1.901460 0.086361
v 2.374477 1.901434 0.087942
v 2.367658 1.926773 0.102063
v 2.369238 1.927276 0.099348
v 2.364498 1.916832 0.093671
v 2.377238 1.911698 0.098763
v 2.378975 1.915900 0.099090
v 2.380557 1.927830 0.099512
v 2.378975 1.927046 0.102143
v 2.375815 1.928061 0.096718
v 2.374235 1.927281 0.099351
v 2.366171 1.931202 0.103372
v 2.364947 1.932888 0.101005
v 2.366171 1.932640 0.098065
v 2.367658 1.928059 0.096718
v 2.378505 1.932893 0.101006
v 2.374852 1.929286 0.102805
v 2.377287 1.932639 0.098065
v 2.369842 1.930268 0.103096
v 2.369842 1.931674 0.097780
v 2.375700 1.935053 0.101643
v 2.375002 1.932940 0.103886
v 2.373607 1.931664 0.097778
v 2.371726 1.935929 0.101900
v 2.371723 1.935171 0.098811
v 2.371723 1.933649 0.104095
v 2.371715 1.929854 0.100108
vt 0.855448 0.516968
vt 0.855061 0.516968
vt 0.855438 0.516602
vt 0.855896 0.843872
vt 0.855896 0.844055
vt 0.855530 0.844116
vt 0.855530 0.843872
vt 0.855408 0.505188
vt 0.855408 0.504395
vt 0.855713 0.504333
vt 0.855713 0.505066
vt 0.854614 0.498123
vt 0.854614 0.499390
vt 0.854370 0.499390
vt 0.854370 0.498169
vt 0.854248 0.497726
vt 0.854492 0.497574
vt 0.853271 0.548767
vt 0.853149 0.548462
vt 0.853821 0.548218
vt 0.853882 0.548523
vt 0.856018 0.832336
vt 0.856018 0.832642
vt 0.856140 0.833191
vt 0.855835 0.833069
vt 0.855774 0.832336
vt 0.852417 0.503487
vt 0.852539 0.504898
vt 0.852295 0.505035
vt 0.852417 0.503624
vt 0.856384 0.783142
vt 0.856262 0.783752
vt 0.855957 0.783813
vt 0.856018 0.783020
vt 0.852173 0.503349
vt 0.851562 0.503143
vt 0.852173 0.502930
vt 0.856018 0.831909
vt 0.856384 0.831970
vt 0.856384 0.832581
vt 0.853027 0.783447
vt 0.852783 0.783936
vt 0.852539 0.783752
vt 0.852783 0.783508
vt 0.854553 0.773926
vt 0.854553 0.773560
vt 0.854858 0.773682
vt 0.854858 0.773926
vt 0.854736 0.499924
vt 0.854736 0.500153
vt 0.854492 0.500015
vt 0.856018 0.784180
vt 0.856384 0.784058
vt 0.851807 0.505531
vt 0.851685 0.505684
vt 0.851196 0.504890
vt 0.851440 0.504883
vt 0.816284 0.854965
vt 0.816406 0.853668
vt 0.816650 0.853668
vt 0.816589 0.854858
vt 0.816650 0.855362
vt 0.854858 0.498077
vt 0.854980 0.499802
vt 0.768555 0.854370
vt 0.768799 0.854553
vt 0.768555 0.855164
vt 0.768311 0.854797
vt 0.855103 0.503601
vt 0.855408 0.503540
vt 0.855408 0.503906
vt 0.855103 0.504272
vt 0.852539 0.505547
vt 0.851807 0.503662
vt 0.851807 0.505127
vt 0.852173 0.505272
vt 0.852539 0.503044
vt 0.852905 0.503723
vt 0.852905 0.504944
vt 0.855713 0.503601
vt 0.855469 0.829468
vt 0.855835 0.829468
vt 0.855835 0.830078
vt 0.855530 0.829834
vt 0.852783 0.783264
vt 0.851562 0.817326
vt 0.851257 0.818983
vt 0.851013 0.818989
vt 0.851135 0.817759
vt 0.851379 0.817223
vt 0.787140 0.850464
vt 0.787262 0.849854
vt 0.787476 0.850220
vt 0.852417 0.819031
vt 0.852356 0.818005
vt 0.852417 0.817600
vt 0.852112 0.817541
vt 0.851868 0.817589
vt 0.851868 0.817808
vt 0.851624 0.819233
vt 0.851929 0.819395
vt 0.851929 0.819729
vt 0.851562 0.819630
vt 0.852173 0.817060
vt 0.852722 0.817341
vt 0.852722 0.819086
vt 0.852234 0.819689
vt 0.851807 0.503578
vt 0.826416 0.854919
vt 0.826477 0.855591
vt 0.826233 0.855713
vt 0.826111 0.854919
vt 0.850769 0.806580
vt 0.850708 0.806335
vt 0.851013 0.806213
vt 0.856201 0.821655
vt 0.856140 0.822021
vt 0.855835 0.822021
vt 0.856018 0.821289
vt 0.856323 0.821411
vt 0.855713 0.844421
vt 0.854431 0.548706
vt 0.854248 0.548279
vt 0.854553 0.548401
vt 0.854980 0.849968
vt 0.855103 0.849426
vt 0.855408 0.849556
vt 0.855286 0.849998
vt 0.855408 0.851677
vt 0.855103 0.851791
vt 0.855713 0.815786
vt 0.856079 0.815802
vt 0.855957 0.816208
vt 0.855591 0.816078
vt 0.851440 0.503021
vt 0.768799 0.855713
vt 0.768433 0.856079
vt 0.768311 0.855896
vt 0.768188 0.855530
vt 0.768555 0.855530
vt 0.851013 0.806763
vt 0.850586 0.806885
vt 0.851440 0.806213
vt 0.851807 0.806335
vt 0.851929 0.806763
vt 0.852112 0.807068
vt 0.851685 0.806885
vt 0.851379 0.806763
vt 0.787170 0.850952
vt 0.787476 0.851074
vt 0.855896 0.843201
vt 0.856201 0.843079
vt 0.856201 0.843933
vt 0.826172 0.853821
vt 0.826477 0.853943
vt 0.854858 0.851700
vt 0.854736 0.849960
vt 0.487610 0.855713
vt 0.487976 0.855652
vt 0.487976 0.856018
vt 0.487610 0.856079
vt 0.856018 0.844482
vt 0.855469 0.815790
vt 0.855469 0.814384
vt 0.855713 0.814432
vt 0.856079 0.814354
vt 0.851074 0.807617
vt 0.851318 0.807922
vt 0.851074 0.808167
vt 0.850830 0.807800
vt 0.855408 0.502930
vt 0.855713 0.503113
vt 0.855774 0.831970
vt 0.856323 0.822754
vt 0.856018 0.822876
vt 0.825928 0.855652
vt 0.825867 0.854980
vt 0.785645 0.822571
vt 0.785706 0.822205
vt 0.785889 0.822205
vt 0.785889 0.822571
vt 0.852112 0.806519
vt 0.810913 0.855713
vt 0.810669 0.855957
vt 0.810547 0.855591
vt 0.853394 0.549072
vt 0.853455 0.549927
vt 0.853027 0.549866
vt 0.854553 0.549805
vt 0.854248 0.549805
vt 0.854248 0.549011
vt 0.854065 0.548767
vt 0.853638 0.548828
vt 0.810547 0.855225
vt 0.810913 0.855347
vt 0.852051 0.807983
vt 0.851562 0.808472
vt 0.851196 0.808472
vt 0.850647 0.808167
vt 0.851562 0.808167
vt 0.768188 0.855103
vt 0.514289 0.818787
vt 0.514289 0.819336
vt 0.514094 0.819031
vt 0.778564 0.812828
vt 0.778809 0.812469
vt 0.778931 0.812828
vt 0.815979 0.855026
vt 0.816101 0.853348
vt 0.854980 0.497589
vt 0.514038 0.813477
vt 0.514282 0.813171
vt 0.514282 0.813721
vt 0.853027 0.784668
vt 0.852783 0.784729
vt 0.852295 0.783813
vn 0.4968 0.7400 -0.4533
vn 0.4971 0.7406 -0.4522
vn 0.4944 0.7454 -0.4471
vn -0.4827 -0.3468 0.8042
vn -0.4824 -0.3469 0.8044
vn -0.4947 -0.3631 0.7895
vn -0.4960 -0.3624 0.7890
vn 0.4977 -0.0662 0.8648
vn 0.4977 -0.0666 0.8648
vn 0.4972 -0.0668 0.8650
vn 0.8658 -0.1310 0.4830
vn 0.8666 -0.1305 0.4817
vn 0.8644 -0.1329 0.4849
vn 0.8216 -0.3737 0.4306
vn 0.8218 -0.3734 0.4303
vn 0.8198 -0.3748 0.4330
vn -0.5516 0.7800 -0.2954
vn -0.5498 0.7812 -0.2958
vn -0.1927 0.9531 -0.2336
vn -0.1936 0.9525 -0.2350
vn 0.4818 0.5542 0.6788
vn 0.4755 0.2437 0.8453
vn 0.4751 0.2437 0.8455
vn 0.5041 0.5669 0.6516
vn 0.4979 0.0674 -0.8646
vn 0.4978 0.0674 -0.8647
vn -0.1900 0.6811 0.7071
vn -0.1898 0.6809 0.7074
vn -0.1921 0.6821 0.7055
vn -0.5514 0.5179 0.6540
vn 1.0000 -0.0002 0.0000
vn 1.0000 -0.0004 -0.0000
vn 1.0000 0.0001 -0.0000
vn 1.0000 -0.0000 -0.0000
vn -0.4954 0.7949 0.3502
vn -0.4881 0.8017 0.3450
vn -0.4790 0.5764 0.6620
vn -0.5037 0.5461 0.6694
vn -0.4920 0.7981 0.3479
vn -0.4760 -0.8320 -0.2848
vn -0.4756 -0.8322 -0.2852
vn -0.4947 -0.8065 -0.3239
vn -0.4947 -0.8064 -0.3239
vn -0.4899 0.8331 0.2567
vn -0.4890 0.8339 0.2560
vn -0.4945 0.7417 -0.4532
vn -0.4967 0.7441 -0.4468
vn 0.5467 0.5226 0.6542
vn 0.5478 0.5181 0.6569
vn 0.8206 0.1722 0.5449
vn 0.8206 0.1722 0.5450
vn 0.8207 0.1721 0.5449
vn 0.1939 0.6799 0.7072
vn 0.1954 0.6801 0.7066
vn 0.1958 0.6828 0.7039
vn 0.1925 0.6837 0.7039
vn 0.4909 -0.6478 -0.5826
vn 0.4907 -0.6478 -0.5828
vn 0.4794 -0.2598 -0.8383
vn 0.4757 -0.2578 -0.8410
vn -0.8658 0.1349 -0.4819
vn -0.8667 0.1347 -0.4802
vn -0.8644 0.1345 -0.4844
vn -0.8329 0.3509 -0.4279
vn -0.8328 0.3512 -0.4280
vn 0.8673 0.1303 -0.4805
vn 0.8191 0.4327 -0.3766
vn 0.8087 0.4422 -0.3880
vn 0.8682 0.1298 -0.4789
vn 0.8682 0.1296 -0.4789
vn -0.7974 -0.2856 -0.5316
vn -0.8068 -0.2814 -0.5195
vn -0.8066 -0.2821 -0.5194
vn -0.7969 -0.2860 -0.5321
vn -0.4913 -0.7490 0.4446
vn -0.4860 -0.4034 0.7753
vn -0.4871 -0.4030 0.7748
vn -0.4796 -0.4007 0.7807
vn 1.0000 -0.0001 0.0000
vn 1.0000 0.0004 0.0000
vn 0.4911 -0.7490 0.4448
vn 0.4910 -0.7490 0.4448
vn 0.4861 -0.3983 0.7778
vn 0.4877 -0.3973 0.7774
vn 0.4797 -0.4037 0.7791
vn -0.5388 0.7468 -0.3898
vn -0.5425 0.7427 -0.3925
vn -0.5418 0.7436 -0.3918
vn -0.5383 0.7475 -0.3892
vn 0.8151 0.2332 0.5303
vn 0.8128 0.2682 0.5172
vn 0.8152 0.2332 0.5301
vn -0.4754 0.2437 0.8454
vn -0.4978 -0.0667 0.8647
vn -0.4975 -0.0665 0.8649
vn -0.4754 0.2437 0.8453
vn -0.4892 0.6370 0.5958
vn -0.4860 0.6442 0.5906
vn -0.4890 0.6356 0.5975
vn -1.0000 0.0000 -0.0000
vn -1.0000 0.0001 0.0000
vn 0.5004 -0.8185 -0.2821
vn 0.4999 -0.8189 -0.2819
vn 0.4790 -0.8147 -0.3269
vn 0.4796 -0.8143 -0.3269
vn -0.4869 0.8730 -0.0274
vn -0.4791 0.8771 -0.0346
vn -0.4863 0.8733 -0.0279
vn -0.5002 0.7724 -0.3914
vn -0.5269 -0.7537 0.3929
vn -0.5287 -0.7518 0.3939
vn -0.5268 -0.7536 0.3932
vn -0.4937 -0.8321 -0.2527
vn -0.4935 -0.8320 -0.2535
vn -0.4902 -0.8341 -0.2530
vn -0.4881 -0.8672 0.0983
vn -0.4926 -0.8652 0.0931
vn -0.4972 -0.8660 0.0523
vn -0.5093 -0.8604 0.0179
vn -0.4973 -0.8660 0.0522
vn 0.1946 0.9518 -0.2370
vn 0.1974 0.9521 -0.2336
vn 0.1945 0.9520 -0.2365
vn 0.5449 0.7895 -0.2824
vn 0.5409 0.7886 -0.2924
vn -0.8227 -0.3711 0.4307
vn -0.8225 -0.3719 0.4304
vn -0.8233 -0.3707 0.4298
vn -0.8661 -0.1318 0.4823
vn -0.8213 0.1695 0.5447
vn -0.8211 0.1700 0.5448
vn 0.5796 -0.4984 -0.6447
vn 0.5774 -0.5006 -0.6449
vn 0.1955 -0.6906 -0.6963
vn 0.1941 -0.6916 -0.6958
vn 0.4806 0.3892 -0.7859
vn 0.4956 0.3767 -0.7826
vn 0.4974 0.0692 -0.8647
vn 0.5052 -0.6354 -0.5840
vn 0.5055 -0.6364 -0.5826
vn 0.1689 -0.7831 -0.5986
vn 0.1686 -0.7834 -0.5982
vn 0.0000 -0.0775 0.9970
vn 0.0001 -0.0775 0.9970
vn 0.0000 -0.0776 0.9970
vn -0.0003 -0.0777 0.9970
vn -0.4978 -0.0687 0.8646
vn -0.4986 -0.0688 0.8641
vn 0.4977 -0.0686 0.8646
vn -0.4786 0.3805 -0.7913
vn -0.4936 0.3858 -0.7794
vn -0.4976 0.0692 -0.8647
vn -0.8124 0.4313 -0.3925
vn -0.8679 0.1302 -0.4795
vn -0.8675 0.1302 -0.4801
vn -0.8157 0.4389 -0.3768
vn -0.5157 0.6276 0.5832
vn -0.5163 0.6283 0.5820
vn -0.5018 0.6346 0.5877
vn -0.5014 0.6351 0.5876
vn 0.5053 -0.7280 0.4635
vn 0.5054 -0.7277 0.4637
vn 0.5114 -0.7143 0.4777
vn 0.8670 -0.1344 0.4798
vn 0.8677 -0.1338 0.4787
vn 0.8682 -0.1333 0.4781
vn 0.8675 -0.1340 0.4791
vn 0.8643 0.1356 -0.4844
vn 0.8636 0.1359 -0.4856
vn 0.8657 0.1335 -0.4823
vn 0.8665 0.1331 -0.4812
vn 0.1847 -0.9511 0.2476
vn 0.1846 -0.9511 0.2476
vn 0.5471 -0.7809 0.3014
vn 0.4923 -0.8648 0.0983
vn 0.4923 -0.8335 -0.2510
vn 0.4902 -0.8341 -0.2531
vn 0.4875 -0.8681 0.0933
vn 0.4962 0.7975 0.3431
vn 0.4874 0.8000 0.3499
vn 0.4885 0.7984 0.3519
vn 0.4962 0.7972 0.3440
vn -0.4912 -0.6488 -0.5813
vn -0.4766 -0.2593 -0.8400
vn -0.4803 -0.2566 -0.8387
vn -0.4758 -0.2606 -0.8401
vn 0.4799 0.8769 -0.0279
vn 0.4800 0.8769 -0.0269
vn 0.5034 0.7566 -0.4172
vn 0.4748 0.7850 -0.3979
vn 0.4903 0.8329 0.2567
vn 0.4899 0.8332 0.2567
vn 0.4901 0.8331 0.2563
vn 0.4897 0.8331 0.2571
vn 0.5252 -0.7542 0.3942
vn 0.5249 -0.7543 0.3943
vn 0.5272 -0.7533 0.3931
vn -0.1918 -0.6908 -0.6971
vn -0.1937 -0.6904 -0.6970
vn -0.1985 -0.6912 -0.6949
vn -0.0179 0.2667 -0.9636
vn -0.0178 0.2665 -0.9637
vn -0.0019 0.2624 -0.9650
vn -0.0000 0.2828 -0.9592
vn -0.0003 0.2825 -0.9593
vn 0.0001 0.2825 -0.9593
vn 0.0181 0.2624 -0.9648
vn 0.0013 0.2668 -0.9638
vn 0.0003 0.2823 -0.9593
vn -0.0004 0.2825 -0.9593
vn 0.0006 0.2826 -0.9592
vn -0.8279 -0.1482 -0.5410
vn -0.8383 -0.1379 -0.5274
vn -0.8386 -0.1381 -0.5270
vn -0.8280 -0.1485 -0.5406
vn -0.0001 -0.2836 0.9589
vn 0.0001 -0.2832 0.9591
vn -0.0003 -0.2834 0.9590
vn 0.0181 -0.2642 0.9643
vn 0.0020 -0.2687 0.9632
vn 0.0000 -0.2835 0.9590
vn 0.0001 -0.2831 0.9591
vn -0.0195 -0.2687 0.9630
vn -0.0187 -0.2688 0.9630
vn -0.0012 -0.2644 0.9644
vn -0.1720 -0.7825 -0.5984
vn -0.1717 -0.7825 -0.5985
vn -0.5039 -0.6383 -0.5820
vn -0.5009 -0.6386 -0.5842
vn -0.1566 0.7801 0.6057
vn -0.1601 0.7809 0.6038
vn -0.1595 0.7814 0.6033
vn -0.8206 -0.4057 0.4026
vn -0.8206 -0.4267 0.3802
vn -0.8205 -0.4059 0.4025
vn -0.8673 -0.1341 0.4794
vn -0.8669 -0.1341 0.4801
vn -0.8679 -0.1340 0.4783
vn -0.8684 -0.1341 0.4774
vn 0.4975 -0.3434 0.7966
vn 0.4860 -0.3649 0.7942
vn 0.4974 -0.3436 0.7966
vn 0.7987 -0.2839 -0.5305
vn 0.7985 -0.2820 -0.5319
vn 0.8013 -0.2906 -0.5230
vn 0.8011 -0.2922 -0.5224
vn -0.1885 -0.9502 0.2482
vn -0.1884 -0.9502 0.2482
vn -0.1876 -0.9505 0.2477
vn -0.4668 -0.2273 -0.8546
vn -0.4980 0.0674 -0.8646
vn -0.4979 0.0674 -0.8646
vn -0.4672 -0.2269 -0.8546
usemtl Steel_-_Satin.001
s 1
f 1028/2624/3344 1024/2625/3345 1041/2626/3346
f 1049/2627/3347 1038/2628/3348 1056/2629/3349 1057/2630/3350
f 1021/2631/3351 1026/2632/3352 1023/2633/3352 1019/2634/3353
f 1065/2635/3354 1079/2636/3355 1080/2637/3356 1078/2638/3357 1077/2639/3358 1063/2640/3359
f 1085/2641/3360 1084/2642/3361 1095/2643/3362 1096/2644/3363
f 1025/2645/3364 1020/2646/3365 1021/2647/3366 1019/2648/3366 1027/2649/3367
f 1064/2650/3368 1024/2651/3368 1028/2652/3369 1039/2653/3368
f 1083/2654/3370 1097/2655/3371 1095/2656/3372 1084/2657/3373
f 1064/2650/3374 1050/2658/3375 1046/2659/3376 1033/2660/3377
f 1029/2661/3378 1030/2662/3379 1022/2663/3380 1020/2646/3381 1025/2645/3382
f 1038/2664/3383 1039/2665/3384 1047/2666/3385 1037/2667/3386
f 1028/2668/3387 1068/2669/3388 1040/2670/3389 1035/2671/3390
f 1087/2672/3391 1092/2673/3392 1093/2674/3393 1080/2637/3394 1079/2636/3395
f 1092/2675/3396 1095/2656/3397 1097/2655/3398 1093/2676/3399
f 1052/2677/3400 1053/2678/3401 1072/2679/3402 1073/2680/3403
f 1050/2681/3404 1082/2682/3405 1081/2683/3406 1067/2684/3407 1054/2685/3408
f 1066/2686/3409 1089/2687/3410 1087/2672/3411 1079/2636/3412 1065/2635/3413
f 1058/2688/3414 1076/2689/3415 1057/2690/3416 1059/2691/3417
f 1042/2692/3418 1036/2693/3418 1032/2694/3419 1026/2632/3420 1031/2695/3421
f 1034/2696/3422 1052/2677/3422 1073/2680/3422 1046/2659/3376 1050/2658/3375 1054/2697/3422 1069/2698/3422 1041/2699/3423 1024/2651/3422 1064/2650/3374 1033/2660/3377 1027/2700/3422 1019/2701/3422 1023/2702/3422
f 1032/2694/3424 1036/2693/3425 1034/2703/3426 1023/2633/3427 1026/2632/3428
f 1037/2704/3429 1050/2705/3430 1054/2706/3431 1038/2707/3432
f 1037/2667/3433 1047/2666/3434 1056/2708/3435
f 1022/2709/3436 1031/2710/3437 1026/2711/3438 1021/2712/3439 1020/2713/3439
f 1070/2714/3440 1040/2715/3441 1068/2716/3442
f 1070/2717/3443 1057/2718/3443 1056/2719/3443 1037/2720/3443 1047/2721/3443 1048/2722/3443 1035/2723/3443 1040/2724/3444 1043/2725/3444 1042/2726/3443 1031/2710/3443 1022/2709/3443 1030/2727/3443 1044/2728/3443 1071/2729/3443 1051/2730/3444
f 1051/2730/3444 1043/2725/3444 1040/2724/3444 1070/2717/3443
f 1039/2653/3445 1038/2731/3446 1050/2658/3447 1064/2650/3448
f 1044/2732/3449 1030/2733/3450 1029/2734/3451 1045/2735/3452
f 1048/2736/3453 1059/2737/3454 1060/2738/3455
f 1043/2739/3456 1051/2740/3457 1053/2741/3458 1036/2742/3459 1042/2743/3460
f 1056/2629/3461 1038/2628/3462 1037/2744/3463
f 1089/2745/3464 1096/2644/3465 1095/2643/3466 1092/2746/3467 1087/2747/3468
f 1058/2748/3469 1059/2749/3470 1048/2750/3471 1055/2751/3472 1083/2752/3473 1084/2753/3474
f 1075/2754/3475 1086/2755/3476 1091/2756/3477 1098/2757/3478
f 1045/2758/3479 1046/2659/3480 1073/2680/3481 1072/2679/3481
f 1054/2759/3482 1063/2760/3483 1062/2761/3484 1061/2762/3485 1049/2763/3484
f 1047/2764/3486 1055/2765/3487 1048/2736/3488 1060/2738/3486 1061/2766/3486 1062/2767/3488 1077/2768/3486 1078/2769/3486 1064/2770/3488 1039/2771/3489
f 1057/2772/3490 1070/2714/3491 1068/2716/3490 1049/2773/3490
f 1049/2627/3492 1068/2774/3492 1069/2775/3492 1054/2776/3492
f 1044/2732/3493 1045/2735/3494 1072/2777/3495 1071/2778/3495
f 1085/2779/3496 1076/2780/3497 1058/2748/3498 1084/2753/3499
f 1050/2781/3500 1037/2782/3501 1039/2783/3502 1064/2784/3503
f 1054/2776/3504 1050/2785/3505 1038/2628/3506
f 1075/2754/3507 1074/2786/3508 1047/2787/3509 1037/2788/3510
f 1075/2754/3511 1037/2788/3512 1056/2789/3513 1086/2755/3514
f 1075/2790/3515 1098/2791/3516 1090/2792/3517 1074/2793/3517
f 1036/2693/3518 1053/2794/3519 1052/2795/3520 1034/2703/3521
f 1033/2796/3522 1029/2661/3523 1025/2645/3524 1027/2649/3525
f 1053/2741/3526 1051/2740/3527 1071/2797/3528 1072/2798/3529
f 1029/2734/3530 1033/2799/3531 1046/2800/3532 1045/2735/3533
f 1068/2801/3534 1028/2802/3535 1041/2803/3536 1069/2804/3537
f 1077/2768/3538 1062/2767/3539 1063/2805/3540
f 1098/2806/3541 1091/2807/3542 1094/2808/3543
f 1086/2809/3544 1056/2810/3545 1076/2811/3546 1085/2641/3547 1096/2644/3548 1089/2745/3549 1066/2812/3550 1067/2813/3551 1081/2814/3552 1094/2815/3553 1091/2816/3554
f 1081/2817/3555 1082/2818/3556 1098/2806/3557 1094/2808/3558
f 1080/2819/3559 1093/2820/3560 1097/2821/3560 1083/2822/3561 1055/2765/3562 1047/2764/3563 1074/2793/3564 1090/2792/3565 1088/2823/3566 1064/2770/3567 1078/2769/3568
f 1057/2690/3569 1049/2763/3570 1061/2762/3570 1060/2824/3571 1059/2691/3572
f 1038/2825/3573 1039/2826/3574 1037/2827/3575
f 1082/2828/3576 1088/2829/3577 1098/2830/3578
f 1064/2831/3579 1088/2832/3580 1082/2682/3581 1050/2681/3582
f 1049/2627/3583 1054/2776/3584 1038/2628/3585
f 1054/2833/3586 1066/2686/3587 1065/2635/3588 1063/2640/3589
f 1098/2834/3590 1088/2835/3591 1090/2836/3592
f 1047/2666/3593 1039/2665/3594 1028/2837/3595 1035/2838/3594 1048/2839/3596
o MeshBody4_(17)_MeshBody4_(17).001
v 2.371727 1.884999 0.100716
v 2.371727 1.879760 0.102336
v 2.374477 1.884092 0.099417
v 2.371727 1.887417 0.098098
v 2.368979 1.886065 0.097291
v 2.368979 1.879695 0.100746
v 2.371727 1.867789 0.102052
v 2.374477 1.866023 0.096363
v 2.374477 1.863825 0.098671
v 2.371727 1.867125 0.095210
v 2.371727 1.888612 0.094202
v 2.368979 1.887032 0.094080
v 2.368979 1.867993 0.100474
v 2.371727 1.862730 0.099824
v 2.374477 1.887032 0.094080
v 2.368979 1.868401 0.097322
v 2.368979 1.865152 0.095120
v 2.370435 1.882491 0.093717
v 2.371724 1.880798 0.090828
v 2.371724 1.880521 0.096318
v 2.374477 1.883556 0.091915
v 2.374477 1.864829 0.093178
v 2.374477 1.861656 0.093113
v 2.368979 1.862220 0.096350
v 2.368979 1.861656 0.093113
v 2.368979 1.884791 0.088322
v 2.371727 1.885903 0.087188
v 2.371727 1.860069 0.093081
v 2.374477 1.884791 0.088322
v 2.368565 1.881809 0.096419
v 2.368494 1.878028 0.096217
v 2.371717 1.877615 0.090711
v 2.371717 1.877365 0.096202
v 2.368979 1.865276 0.091251
v 2.368979 1.880394 0.086284
v 2.371727 1.880617 0.084718
v 2.374477 1.879952 0.089425
v 2.374477 1.880394 0.086284
v 2.364498 1.883907 0.096584
v 2.368565 1.882110 0.090930
v 2.368494 1.878282 0.090725
v 2.362917 1.883931 0.093829
v 2.365031 1.878778 0.093485
v 2.367846 1.876706 0.093439
v 2.371714 1.875903 0.093420
v 2.375589 1.876693 0.093439
v 2.378414 1.878763 0.093485
v 2.374945 1.878017 0.096217
v 2.374887 1.881802 0.096419
v 2.380555 1.883916 0.093828
v 2.378975 1.884240 0.091097
v 2.371727 1.863143 0.086449
v 2.368979 1.864177 0.087647
v 2.371727 1.867264 0.091244
v 2.374477 1.866238 0.090045
v 2.374477 1.864177 0.087647
v 2.368979 1.868712 0.089171
v 2.368979 1.868520 0.086008
v 2.367658 1.895252 0.097477
v 2.369238 1.895380 0.094730
v 2.364498 1.884247 0.091097
v 2.378975 1.883900 0.096584
v 2.375815 1.895802 0.092007
v 2.374235 1.895386 0.094730
v 2.366171 1.899897 0.097840
v 2.364947 1.901220 0.095189
v 2.366171 1.900530 0.092379
v 2.367658 1.895800 0.092006
v 2.375815 1.895254 0.097477
v 2.378505 1.901225 0.095189
v 2.377287 1.899895 0.097840
v 2.377287 1.900528 0.092379
v 2.369842 1.898918 0.097764
v 2.369842 1.899533 0.092301
v 2.373607 1.898907 0.097764
v 2.373607 1.899522 0.092299
v 2.371726 1.904384 0.095438
v 2.371723 1.903144 0.092586
v 2.371723 1.902464 0.098042
v 2.371715 1.898063 0.094941
vt 0.790283 0.805506
vt 0.790649 0.805403
vt 0.790649 0.805723
vt 0.790283 0.805893
vt 0.770996 0.855591
vt 0.770935 0.854858
vt 0.771240 0.854858
vt 0.771301 0.855591
vt 0.784058 0.851852
vt 0.784424 0.851181
vt 0.784790 0.851089
vt 0.785400 0.851334
vt 0.785645 0.851807
vt 0.785645 0.853058
vt 0.785278 0.853043
vt 0.785156 0.852020
vt 0.785156 0.851624
vt 0.784790 0.851562
vt 0.784546 0.851639
vt 0.784546 0.852036
vt 0.784424 0.853043
vt 0.784668 0.853394
vt 0.784424 0.853699
vt 0.784058 0.853088
vt 0.851990 0.558838
vt 0.851562 0.558899
vt 0.851685 0.558594
vt 0.851990 0.558411
vt 0.828979 0.854019
vt 0.828979 0.855103
vt 0.828613 0.855171
vt 0.828735 0.853905
vt 0.855835 0.520142
vt 0.855591 0.519470
vt 0.855957 0.519470
vt 0.856079 0.520020
vt 0.854919 0.801392
vt 0.855225 0.801270
vt 0.855286 0.801880
vt 0.854980 0.802002
vt 0.770752 0.855957
vt 0.770691 0.855225
vt 0.771057 0.856079
vt 0.855225 0.800171
vt 0.855225 0.800537
vt 0.854919 0.800537
vt 0.854919 0.800171
vt 0.855377 0.551025
vt 0.854767 0.551514
vt 0.854813 0.551025
vt 0.855347 0.550781
vt 0.855240 0.551514
vt 0.855377 0.552002
vt 0.854980 0.552124
vt 0.855057 0.551758
vt 0.854904 0.552368
vt 0.854660 0.552124
vt 0.854553 0.551758
vt 0.854721 0.551758
vt 0.849365 0.818512
vt 0.849365 0.816681
vt 0.849731 0.816696
vt 0.849731 0.818405
vt 0.829224 0.855179
vt 0.829224 0.854172
vt 0.854614 0.551392
vt 0.844360 0.539307
vt 0.844482 0.539688
vt 0.844116 0.539581
vt 0.844116 0.539307
vt 0.853699 0.540771
vt 0.854004 0.540894
vt 0.853882 0.541138
vt 0.853577 0.541016
vt 0.856018 0.595337
vt 0.856079 0.594971
vt 0.856323 0.595093
vt 0.856262 0.595459
vt 0.855774 0.596191
vt 0.856018 0.596069
vt 0.856079 0.596191
vt 0.849365 0.816147
vt 0.849365 0.815933
vt 0.849731 0.816101
vt 0.855713 0.595215
vt 0.855774 0.594849
vt 0.843872 0.535461
vt 0.844238 0.535217
vt 0.844238 0.535522
vt 0.785767 0.828125
vt 0.785767 0.828491
vt 0.785583 0.828308
vt 0.854004 0.540039
vt 0.854004 0.539673
vt 0.854309 0.539673
vt 0.854675 0.539917
vt 0.854553 0.540161
vt 0.505737 0.851746
vt 0.505981 0.851761
vt 0.505981 0.852341
vt 0.505737 0.852234
vt 0.855835 0.518738
vt 0.855469 0.519470
vt 0.855591 0.518860
vt 0.851318 0.803406
vt 0.851440 0.803223
vt 0.852051 0.803040
vt 0.852173 0.803192
vt 0.770691 0.854980
vt 0.770996 0.854370
vt 0.771301 0.854492
vt 0.829224 0.853813
vt 0.854858 0.800903
vt 0.854614 0.800781
vt 0.854675 0.800171
vt 0.829224 0.855576
vt 0.828979 0.855629
vt 0.853210 0.539795
vt 0.853577 0.539673
vt 0.853638 0.540039
vt 0.853333 0.540161
vt 0.790161 0.803663
vt 0.790527 0.803671
vt 0.851990 0.559143
vt 0.856079 0.518860
vt 0.855713 0.595581
vt 0.770691 0.854492
vt 0.785034 0.853394
vt 0.785400 0.853516
vt 0.784790 0.853775
vt 0.856079 0.596069
vt 0.856323 0.596313
vt 0.855713 0.596069
vt 0.505981 0.849930
vt 0.506348 0.850052
vt 0.506348 0.850494
vt 0.506348 0.851746
vt 0.505737 0.850052
vt 0.849121 0.816696
vt 0.849121 0.818420
vt 0.855713 0.786186
vt 0.855469 0.786209
vt 0.855469 0.784782
vt 0.855713 0.784817
vt 0.856079 0.784767
vt 0.856079 0.786221
vt 0.856079 0.786598
vt 0.855713 0.786453
vt 0.855286 0.799805
vt 0.855042 0.799683
vt 0.828613 0.855568
vt 0.790039 0.805414
vt 0.789917 0.803713
vt 0.855652 0.514069
vt 0.855408 0.513977
vt 0.855347 0.513611
vt 0.855652 0.513611
vt 0.785767 0.832886
vt 0.785767 0.833252
vt 0.785583 0.833008
vt 0.843872 0.538040
vt 0.844360 0.537872
vt 0.843872 0.539337
vt 0.850708 0.802979
vt 0.850586 0.802414
vt 0.850708 0.801147
vt 0.850952 0.800644
vt 0.851074 0.800751
vt 0.850830 0.802872
vt 0.506348 0.852219
vt 0.844238 0.535889
vt 0.843750 0.535889
vt 0.854675 0.541138
vt 0.854126 0.541260
vt 0.853516 0.541260
vt 0.853027 0.540527
vt 0.853394 0.540283
vt 0.854248 0.541138
vt 0.854431 0.540894
vt 0.854065 0.540161
vt 0.851685 0.558411
vt 0.844360 0.535156
vt 0.844482 0.535461
vt 0.844482 0.535828
vt 0.790649 0.803234
vt 0.790161 0.803137
vt 0.855179 0.551392
vt 0.843750 0.536209
vt 0.844116 0.536072
vt 0.844482 0.536209
vt 0.844360 0.537476
vt 0.843628 0.537643
vt 0.852295 0.800888
vt 0.852295 0.802597
vt 0.851685 0.800568
vn 0.5514 0.7219 -0.4182
vn 0.1998 0.8981 -0.3918
vn 0.2002 0.8984 -0.3908
vn 0.1990 0.8982 -0.3919
vn 0.4923 -0.7162 0.4946
vn 0.4925 -0.8571 0.1514
vn 0.4909 -0.8583 0.1496
vn 0.4923 -0.7162 0.4947
vn -1.0000 0.0000 -0.0000
vn -1.0000 0.0001 0.0000
vn -1.0000 0.0005 0.0000
vn -1.0000 -0.0004 -0.0000
vn -1.0000 -0.0002 0.0000
vn -1.0000 -0.0001 -0.0000
vn 0.4994 -0.8549 0.1403
vn 0.4860 -0.8670 0.1099
vn 0.4919 -0.6924 0.5278
vn 0.4858 -0.7061 0.5152
vn 0.4983 0.0194 -0.8668
vn 0.4984 0.0194 -0.8668
vn 0.5385 0.6277 0.5622
vn 0.1913 0.7898 0.5828
vn 0.1894 0.7912 0.5815
vn 0.5378 0.6281 0.5624
vn -0.4995 -0.0203 0.8661
vn -0.4991 -0.0202 0.8663
vn -0.4795 -0.3486 0.8053
vn -0.4777 -0.3491 0.8062
vn -0.4847 -0.3514 0.8010
vn -0.4853 -0.3523 0.8002
vn -0.4868 0.8364 0.2517
vn -0.4855 0.8371 0.2520
vn -0.4866 0.8350 0.2569
vn -0.4903 0.8332 0.2557
vn -0.8245 -0.2922 -0.4846
vn -0.8243 -0.2921 -0.4849
vn -0.8107 -0.2988 -0.5035
vn -0.8108 -0.2984 -0.5036
vn -0.5207 0.7264 -0.4486
vn -0.5243 0.7223 -0.4510
vn -0.5235 0.7236 -0.4499
vn -0.5199 0.7271 -0.4484
vn 0.5120 -0.6825 -0.5215
vn 0.5113 -0.6840 -0.5203
vn 0.1719 -0.8332 -0.5256
vn -0.8142 0.2738 0.5120
vn -0.8668 -0.0391 0.4971
vn -0.8144 0.2727 0.5123
vn -0.4984 0.0193 -0.8668
vn -0.4984 0.0193 -0.8667
vn -0.4979 0.0192 -0.8670
vn -0.4982 0.0196 -0.8668
vn -0.1750 -0.8325 -0.5256
vn -0.1746 -0.8325 -0.5259
vn -0.5131 -0.6839 -0.5187
vn -0.5112 -0.6833 -0.5213
vn -0.8290 -0.3388 0.4450
vn -0.8290 -0.3384 0.4453
vn -0.8286 -0.3158 0.4623
vn -0.8286 -0.3157 0.4622
vn 0.1904 -0.8974 0.3981
vn 0.1892 -0.8974 0.3986
vn 0.5618 -0.7107 0.4234
vn 0.5620 -0.7106 0.4234
vn 0.4909 0.8488 0.1964
vn 0.4931 0.8485 0.1922
vn 0.4911 0.8494 0.1932
vn 0.4897 0.8494 0.1969
vn 0.1713 0.8815 -0.4400
vn 0.1642 0.8813 -0.4430
vn 0.1660 0.8817 -0.4416
vn -0.5204 -0.7176 0.4628
vn -0.5204 -0.7177 0.4627
vn -0.8070 -0.3660 0.4635
vn -0.8087 -0.3659 0.4606
vn -0.8076 -0.3626 0.4652
vn -0.4914 0.8485 0.1964
vn -0.4895 0.8505 0.1924
vn -0.4932 0.8590 -0.1373
vn -0.4905 0.8596 -0.1431
vn 0.1682 0.8256 0.5387
vn 0.1689 0.8248 0.5396
vn 0.1719 0.8236 0.5404
vn -0.1901 -0.7942 -0.5771
vn -0.1925 -0.7951 -0.5751
vn -0.1887 -0.7949 -0.5767
vn 0.5192 -0.7185 0.4629
vn 0.5192 -0.7184 0.4630
vn 0.8077 -0.3670 0.4615
vn 0.8081 -0.3666 0.4610
vn 0.8048 -0.3682 0.4655
vn 0.4833 0.3681 -0.7943
vn 0.4792 0.3717 -0.7951
vn 0.4784 0.3718 -0.7955
vn 0.4819 0.3687 -0.7949
vn -0.5605 0.7147 -0.4182
vn -0.1969 0.8991 -0.3910
vn -0.1973 0.8987 -0.3917
vn -0.5602 0.7144 -0.4193
vn 0.4895 0.8620 -0.1317
vn 0.4928 0.8596 -0.1350
vn 0.4939 0.7096 -0.5026
vn 0.4927 0.7113 -0.5013
vn -0.4924 -0.7163 0.4945
vn -0.4930 -0.8569 0.1505
vn -0.4928 -0.8572 0.1496
vn -0.4919 -0.8575 0.1507
vn 0.4909 -0.8482 -0.1990
vn 0.4915 -0.6865 -0.5358
vn 0.4916 -0.8477 -0.1992
vn -0.4880 0.3267 -0.8094
vn -0.4687 0.3012 -0.8304
vn -0.4877 0.3267 -0.8096
vn 0.4896 0.6400 0.5922
vn 0.4903 0.6402 0.5913
vn 0.4903 0.8343 0.2519
vn 0.4906 0.8344 0.2513
vn 0.4865 0.8351 0.2566
vn -0.4798 -0.2369 -0.8448
vn -0.4905 -0.2185 -0.8436
vn -0.4911 -0.2178 -0.8435
vn -0.1770 -0.8718 0.4568
vn 0.1757 -0.8723 0.4563
vn 0.1750 -0.8721 0.4570
vn -0.1770 -0.8718 0.4567
vn -0.1776 -0.8718 0.4565
vn 0.8670 0.0390 -0.4968
vn 0.8252 0.3490 -0.4441
vn 0.8187 0.3535 -0.4524
vn 0.5085 -0.8388 -0.1944
vn 0.4893 -0.8381 -0.2413
vn 0.4886 -0.8384 -0.2417
vn -0.5412 0.6254 0.5620
vn -0.1875 0.7908 0.5826
vn -0.1875 0.7908 0.5827
vn -0.1870 0.7918 0.5814
vn -0.4878 0.2646 0.8319
vn -0.4722 0.2937 0.8311
vn -0.4723 0.2933 0.8312
vn -0.4888 0.6397 0.5932
vn -0.4884 0.6412 0.5919
vn -0.4873 0.2535 0.8356
vn -0.4884 0.2528 0.8352
vn -0.4816 0.2580 0.8375
vn -0.4921 -0.6851 -0.5371
vn -0.4910 -0.6856 -0.5374
vn -0.4917 -0.8477 -0.1992
vn 0.4983 -0.0196 0.8668
vn -0.4983 -0.0196 0.8668
vn -0.4988 -0.0195 0.8665
vn -0.4768 -0.3145 -0.8208
vn -0.4811 -0.3099 -0.8200
vn -0.4972 0.0205 -0.8674
vn -0.4971 0.0205 -0.8674
vn 0.4967 0.0207 -0.8677
vn 0.4971 0.0205 -0.8675
vn 0.4752 -0.3108 -0.8232
vn 0.4793 -0.3152 -0.8191
vn -0.8668 0.0391 -0.4970
vn -0.8668 0.0390 -0.4971
vn -0.8230 0.3528 -0.4452
vn -0.8194 0.3500 -0.4539
vn 0.8669 -0.0391 0.4970
vn 0.8669 0.0391 -0.4969
vn 0.8669 0.0390 -0.4969
vn 0.5579 -0.6166 -0.5556
vn 0.1883 -0.7952 -0.5764
vn 0.1858 -0.7950 -0.5775
vn 0.5681 -0.6040 -0.5590
vn -0.4899 0.8612 -0.1352
vn -0.4893 0.8615 -0.1354
vn -0.4911 0.8608 -0.1336
vn -0.4942 0.7113 -0.4998
vn -0.4862 -0.3534 0.7992
vn -0.4704 -0.3357 0.8161
vn -0.4704 -0.3356 0.8162
vn -0.4872 -0.3535 0.7986
vn 0.4769 -0.2198 -0.8510
vn 0.4899 -0.2354 -0.8394
vn 0.4893 -0.2355 -0.8397
vn 0.4769 -0.2200 -0.8510
vn 0.8671 -0.0391 0.4965
vn 0.8132 0.2761 0.5124
vn 0.8127 0.2754 0.5134
vn 0.8673 -0.0391 0.4963
vn -0.8191 -0.2540 -0.5143
vn -0.8321 -0.2400 -0.5001
vn -0.8317 -0.2400 -0.5006
vn -0.8185 -0.2542 -0.5151
vn 0.4904 0.8605 -0.1382
vn 0.4935 0.8579 -0.1431
vn 0.4898 0.8611 -0.1366
vn -0.8670 -0.0392 0.4968
vn -0.8669 0.0390 -0.4969
vn 0.4859 0.2592 0.8347
vn 0.4987 -0.0205 0.8665
vn 0.4795 -0.3537 0.8031
vn 0.4785 -0.3539 0.8036
vn 0.4843 -0.3482 0.8026
vn 0.4802 0.2538 0.8396
vn -0.4826 0.3708 -0.7935
vn -0.4799 0.3684 -0.7963
vn -0.4792 0.3690 -0.7964
vn -0.4818 0.3708 -0.7940
vn -0.5345 0.6596 0.5284
vn -0.5206 0.6661 0.5341
vn -0.5218 0.6657 0.5335
vn -0.5347 0.6596 0.5283
vn -0.0004 -0.0783 0.9969
vn 0.0000 -0.0782 0.9969
vn 0.0000 -0.0781 0.9969
vn 0.0004 -0.0779 0.9970
vn -0.0008 -0.0784 0.9969
vn -0.0002 -0.0779 0.9970
vn -0.0005 -0.0781 0.9969
vn -0.0004 -0.0781 0.9969
vn 0.0004 -0.0783 0.9969
vn 0.4888 -0.3319 0.8068
vn 0.4741 -0.3562 0.8052
vn 0.4883 -0.3323 0.8070
vn -0.0022 -0.0366 0.9993
vn 0.0049 -0.0434 0.9990
vn 0.0232 -0.0531 0.9983
vn -0.0202 -0.0537 0.9984
vn 0.0040 -0.0483 0.9988
vn -0.0127 -0.0400 0.9991
vn 0.8134 -0.2903 -0.5040
vn 0.8131 -0.2906 -0.5043
vn 0.8168 -0.3073 -0.4884
vn 0.8175 -0.3067 -0.4876
vn -0.0028 0.0367 -0.9993
vn 0.0050 0.0436 -0.9990
vn 0.0224 0.0530 -0.9983
vn -0.0092 0.0368 -0.9993
vn -0.0126 0.0396 -0.9991
vn -0.1941 -0.8965 0.3982
vn -0.1940 -0.8965 0.3982
vn -0.1940 -0.8967 0.3978
vn 1.0000 0.0001 0.0001
vn 1.0000 0.0001 0.0000
vn 1.0000 0.0000 -0.0000
usemtl Steel_-_Satin.001
s 1
f 1168/2840/3597 1170/2841/3598 1176/2842/3599 1175/2843/3600
f 1112/2844/3601 1126/2845/3602 1121/2846/3603 1107/2847/3604
f 1104/2848/3605 1103/2849/3606 1110/2850/3605 1124/2851/3606 1133/2852/3605 1156/2853/3605 1155/2854/3605 1139/2855/3605 1138/2856/3606 1116/2857/3607 1128/2858/3608 1129/2859/3605 1114/2860/3606 1115/2861/3609 1122/2862/3610 1111/2863/3605
f 1119/2864/3611 1116/2865/3612 1117/2866/3613 1135/2867/3614
f 1108/2868/3615 1131/2869/3615 1146/2870/3615 1106/2871/3616
f 1168/2872/3617 1175/2873/3618 1177/2874/3619 1169/2875/3620
f 1100/2876/3621 1104/2877/3621 1111/2878/3622 1105/2879/3621
f 1111/2880/3623 1122/2881/3624 1112/2844/3625 1105/2882/3626
f 1110/2883/3627 1103/2884/3628 1102/2885/3629 1109/2886/3630
f 1159/2887/3631 1139/2888/3632 1141/2889/3633 1140/2890/3634
f 1116/2891/3635 1119/2892/3636 1135/2893/3637 1117/2894/3638
f 1135/2893/3639 1145/2895/3640 1144/2896/3641 1143/2897/3641 1130/2898/3641
f 1164/2899/3642 1140/2900/3643 1137/2901/3643 1163/2902/3644
f 1129/2903/3645 1131/2869/3646 1108/2868/3647 1114/2904/3648
f 1139/2888/3649 1130/2898/3649 1143/2897/3650 1142/2905/3651 1141/2889/3652
f 1167/2906/3653 1173/2907/3654 1178/2908/3655 1162/2909/3656
f 1158/2910/3657 1178/2911/3658 1171/2912/3659 1157/2913/3660
f 1152/2914/3661 1108/2915/3662 1120/2916/3663 1153/2917/3664
f 1138/2918/3665 1116/2919/3666 1117/2920/3667
f 1141/2921/3668 1142/2922/3669 1129/2923/3670 1137/2901/3671 1140/2900/3672
f 1108/2915/3673 1152/2914/3674 1132/2924/3675 1115/2925/3676
f 1116/2926/3677 1128/2927/3678 1118/2928/3679
f 1172/2929/3680 1174/2930/3681 1178/2931/3682
f 1146/2932/3683 1144/2933/3684 1145/2934/3685 1148/2935/3686 1160/2936/3687
f 1136/2937/3688 1134/2938/3689 1125/2939/3690 1127/2940/3691
f 1164/2941/3692 1175/2873/3693 1176/2942/3694 1165/2943/3695
f 1109/2944/3696 1113/2945/3697 1127/2946/3698 1125/2947/3699
f 1112/2844/3700 1122/2881/3701 1123/2948/3702 1126/2845/3703
f 1126/2845/3704 1150/2949/3705 1154/2950/3706 1121/2846/3706
f 1114/2904/3707 1108/2868/3708 1115/2951/3709
f 1102/2885/3710 1099/2952/3711 1101/2953/3712 1113/2954/3713 1109/2886/3714
f 1129/2903/3715 1128/2955/3715 1116/2956/3716 1131/2869/3717
f 1142/2957/3718 1143/2958/3719 1144/2933/3720 1146/2932/3720 1131/2959/3721 1129/2960/3722
f 1148/2961/3723 1149/2962/3723 1170/2841/3724 1168/2840/3725
f 1116/2865/3726 1119/2864/3727 1147/2963/3728
f 1164/2941/3729 1163/2964/3730 1177/2874/3731 1175/2873/3732
f 1152/2914/3733 1155/2965/3734 1132/2924/3735
f 1099/2952/3736 1102/2885/3737 1103/2884/3738 1104/2877/3739 1100/2876/3740
f 1151/2966/3741 1150/2949/3742 1126/2845/3743 1123/2948/3743
f 1132/2967/3605 1155/2854/3605 1156/2853/3605 1151/2968/3605 1123/2969/3605 1122/2862/3610 1115/2861/3609
f 1130/2970/3744 1152/2914/3744 1153/2917/3744 1135/2971/3744
f 1155/2965/3745 1152/2914/3745 1130/2970/3746 1139/2972/3745
f 1150/2973/3747 1151/2974/3748 1156/2975/3749 1133/2976/3750 1134/2938/3749
f 1134/2938/3751 1136/2937/3752 1154/2977/3753 1150/2973/3754
f 1159/2978/3755 1140/2900/3756 1164/2899/3757 1165/2979/3758
f 1158/2980/3759 1157/2981/3759 1128/2982/3759 1116/2983/3759
f 1158/2980/3760 1116/2983/3760 1138/2984/3760 1166/2985/3761
f 1166/2985/3762 1172/2986/3763 1178/2987/3764 1158/2980/3765
f 1124/2988/3766 1110/2883/3767 1109/2886/3768 1125/2989/3769
f 1139/2972/3770 1130/2970/3771 1117/2920/3772 1138/2918/3773
f 1116/2956/3774 1147/2990/3775 1146/2870/3776 1131/2869/3777
f 1148/2961/3778 1168/2840/3779 1169/2991/3780 1160/2992/3781
f 1161/2993/3782 1162/2994/3783 1178/2995/3784 1174/2996/3785
f 1106/2997/3786 1120/2998/3787 1108/2999/3788
f 1119/3000/3789 1147/3001/3789 1167/2906/3789 1162/2909/3789
f 1119/3000/3790 1162/2909/3790 1161/3002/3790
f 1099/3003/3791 1100/3004/3792 1105/3005/3793 1112/3006/3794 1107/3007/3795 1101/3008/3796
f 1134/2938/3797 1133/2976/3798 1124/3009/3799 1125/2939/3800
f 1116/2926/3801 1118/2928/3802 1147/3010/3803 1119/3011/3804
f 1160/2936/3805 1169/3012/3806 1177/3013/3807 1163/3014/3808 1137/3015/3806 1129/2960/3807 1128/3016/3809 1157/2913/3806 1171/2912/3810 1173/3017/3811 1167/3018/3812 1147/3019/3813 1146/2932/3806
f 1130/3020/3814 1135/2867/3815 1117/2866/3816
f 1129/3021/3817 1131/3022/3818 1146/3023/3819 1147/3010/3820 1118/2928/3821 1128/2927/3822
f 1135/3024/3823 1149/2962/3824 1148/2961/3825 1145/3025/3826
f 1135/2893/3827 1130/2898/3828 1139/2888/3829 1138/3026/3830 1117/2894/3831
f 1173/3017/3832 1171/2912/3833 1178/2911/3834
f 1153/3027/3835 1120/3028/3836 1106/3029/3836 1146/3030/3835 1147/3001/3835 1119/3000/3837 1135/3031/3836
f 1154/3032/3837 1136/3033/3837 1127/2946/3837 1113/2945/3837 1101/3008/3837 1107/3007/3837 1121/3034/3837
o MeshBody4_(18)_MeshBody4_(18).001
v 2.371727 1.852896 0.099689
v 2.374477 1.851919 0.098443
v 2.368979 1.851919 0.098443
v 2.374477 1.835767 0.099863
v 2.374477 1.847262 0.096850
v 2.374477 1.836090 0.096704
v 2.368979 1.847497 0.100018
v 2.371727 1.835606 0.101443
v 2.371727 1.834755 0.094613
v 2.371727 1.856226 0.092983
v 2.368979 1.854640 0.092951
v 2.368979 1.851467 0.092883
v 2.371727 1.830469 0.099304
v 2.374477 1.851008 0.094750
v 2.374477 1.854640 0.092951
v 2.374477 1.829873 0.095840
v 2.368979 1.833682 0.095786
v 2.368979 1.853964 0.089655
v 2.371727 1.855411 0.088989
v 2.368979 1.831539 0.098131
v 2.374477 1.853964 0.089655
v 2.371727 1.849829 0.092837
v 2.371724 1.848292 0.090053
v 2.374477 1.851076 0.090985
v 2.368979 1.832405 0.092622
v 2.374477 1.832405 0.092622
v 2.374477 1.829231 0.092612
v 2.368979 1.829231 0.092612
v 2.368979 1.850065 0.089718
v 2.371727 1.827644 0.092608
v 2.368565 1.849493 0.095579
v 2.368494 1.845690 0.095493
v 2.371717 1.845111 0.089982
v 2.371717 1.845027 0.095479
v 2.368979 1.847750 0.085541
v 2.371727 1.847922 0.083963
v 2.374477 1.847407 0.088696
v 2.374477 1.847750 0.085541
v 2.364498 1.851614 0.095627
v 2.368494 1.845778 0.089996
v 2.362917 1.851526 0.092875
v 2.365031 1.846356 0.092759
v 2.371714 1.843482 0.092695
v 2.378414 1.846342 0.092759
v 2.380555 1.851512 0.092875
v 2.378975 1.851724 0.090130
v 2.371727 1.830554 0.085923
v 2.368979 1.831614 0.087104
v 2.368979 1.833731 0.089464
v 2.371727 1.834788 0.090645
v 2.374477 1.833731 0.089464
v 2.374477 1.831614 0.087104
v 2.364498 1.863370 0.095890
v 2.367658 1.863078 0.095883
v 2.369238 1.863021 0.093132
v 2.364498 1.851732 0.090130
v 2.378975 1.851606 0.095627
v 2.378975 1.863546 0.090395
v 2.375815 1.863258 0.090388
v 2.374235 1.863026 0.093132
v 2.366171 1.867773 0.095988
v 2.364947 1.868884 0.093264
v 2.366171 1.867974 0.090494
v 2.367658 1.863256 0.090388
v 2.375815 1.863081 0.095883
v 2.378505 1.868889 0.093264
v 2.377287 1.867771 0.095988
v 2.377287 1.867973 0.090494
v 2.369842 1.866783 0.095965
v 2.369842 1.866979 0.090471
v 2.373607 1.866773 0.095965
v 2.373607 1.866969 0.090471
v 2.371726 1.872060 0.093335
v 2.371723 1.870582 0.090553
v 2.371723 1.870367 0.096046
v 2.371715 1.865714 0.093193
vt 0.823792 0.854477
vt 0.823486 0.854233
vt 0.823792 0.854141
vt 0.850220 0.517700
vt 0.850159 0.518188
vt 0.849854 0.518311
vt 0.849915 0.517944
vt 0.790100 0.799286
vt 0.790405 0.799316
vt 0.790405 0.800568
vt 0.790405 0.801041
vt 0.790100 0.801132
vt 0.853760 0.514496
vt 0.853394 0.514465
vt 0.853149 0.514832
vt 0.853271 0.514130
vt 0.853638 0.514099
vt 0.854126 0.514435
vt 0.854004 0.514923
vt 0.498169 0.851532
vt 0.498230 0.850998
vt 0.498535 0.850937
vt 0.498474 0.851547
vt 0.850525 0.519897
vt 0.850220 0.520020
vt 0.850159 0.518921
vt 0.850403 0.518921
vt 0.506592 0.846558
vt 0.506348 0.846802
vt 0.506104 0.846558
vt 0.855057 0.497192
vt 0.855423 0.497070
vt 0.855423 0.497559
vt 0.855957 0.849243
vt 0.855896 0.848633
vt 0.856201 0.848511
vt 0.856262 0.848999
vt 0.834595 0.856018
vt 0.834290 0.855896
vt 0.834229 0.855225
vt 0.834473 0.855225
vt 0.834778 0.855225
vt 0.834534 0.854797
vt 0.834839 0.854858
vt 0.855591 0.800140
vt 0.855591 0.799866
vt 0.855835 0.799744
vt 0.855835 0.800125
vt 0.850464 0.518311
vt 0.850586 0.784363
vt 0.850342 0.784546
vt 0.850220 0.784363
vt 0.850464 0.784180
vt 0.505981 0.846741
vt 0.506226 0.846985
vt 0.849854 0.518921
vt 0.785767 0.830017
vt 0.785767 0.830322
vt 0.785583 0.830139
vt 0.834595 0.854309
vt 0.834839 0.854492
vt 0.506348 0.846191
vt 0.506592 0.845764
vt 0.506836 0.845764
vt 0.506714 0.846375
vt 0.856384 0.799866
vt 0.856201 0.800476
vt 0.855896 0.800476
vt 0.856079 0.799744
vt 0.853027 0.516266
vt 0.853394 0.516449
vt 0.853882 0.516083
vt 0.854126 0.516144
vt 0.853760 0.516724
vt 0.853394 0.516754
vt 0.852783 0.516479
vt 0.852783 0.514740
vt 0.505737 0.846619
vt 0.505981 0.846313
vt 0.506348 0.846802
vt 0.506104 0.846558
vt 0.506226 0.846313
vt 0.506836 0.846802
vt 0.514359 0.799622
vt 0.514359 0.800415
vt 0.514099 0.799988
vt 0.514206 0.799683
vt 0.856384 0.801025
vt 0.856079 0.801147
vt 0.789856 0.801041
vt 0.789856 0.799316
vt 0.823486 0.853851
vt 0.834839 0.855896
vt 0.855774 0.817047
vt 0.855530 0.817444
vt 0.855164 0.817474
vt 0.855286 0.817322
vt 0.790527 0.801346
vt 0.790283 0.801514
vt 0.850525 0.517822
vt 0.854248 0.516342
vt 0.854370 0.515915
vt 0.854736 0.515961
vt 0.854614 0.516495
vt 0.514359 0.803650
vt 0.514359 0.804077
vt 0.514236 0.804260
vt 0.514099 0.803894
vt 0.850586 0.783875
vt 0.850098 0.783997
vt 0.850220 0.783691
vt 0.854492 0.514664
vt 0.854492 0.514191
vt 0.854858 0.514114
vt 0.824097 0.853958
vt 0.824158 0.854416
vt 0.785889 0.823364
vt 0.785889 0.823792
vt 0.785645 0.823547
vt 0.514099 0.806152
vt 0.514297 0.806030
vt 0.514297 0.806824
vt 0.514099 0.806763
vt 0.855408 0.818726
vt 0.855774 0.818726
vt 0.855713 0.819092
vt 0.855408 0.819000
vt 0.790161 0.798752
vt 0.790527 0.798721
vt 0.855957 0.848145
vt 0.823486 0.855682
vt 0.823792 0.855576
vt 0.824097 0.855682
vt 0.850952 0.784790
vt 0.850098 0.784790
vt 0.849976 0.784241
vt 0.849976 0.783630
vt 0.850220 0.783386
vt 0.850952 0.783691
vt 0.505737 0.846619
vt 0.505615 0.846069
vt 0.849915 0.519775
vt 0.855652 0.735840
vt 0.856018 0.735352
vt 0.855957 0.735718
vt 0.855591 0.801361
vt 0.855835 0.801559
vt 0.855103 0.514236
vt 0.854980 0.515945
vt 0.853333 0.807892
vt 0.853577 0.807495
vt 0.853882 0.806274
vt 0.853699 0.807999
vt 0.853149 0.808273
vt 0.852539 0.808014
vt 0.852356 0.807556
vt 0.852783 0.806076
vt 0.852661 0.807510
vt 0.852905 0.807907
vt 0.506104 0.846008
vt 0.855164 0.818787
vt 0.514099 0.802734
vt 0.514343 0.802429
vt 0.514343 0.803101
vt 0.855225 0.800125
vt 0.855225 0.801514
vt 0.498535 0.853256
vt 0.498230 0.853363
vt 0.506836 0.847168
vt 0.506592 0.847290
vt 0.853882 0.808105
vt 0.853149 0.808456
vt 0.856262 0.848145
vt 0.855957 0.847900
vt 0.834229 0.854858
vt 0.497925 0.852798
vt 0.497925 0.851120
vt 0.497925 0.853271
vt 0.785645 0.820236
vt 0.785889 0.820099
vt 0.785889 0.820511
vt 0.855652 0.735474
vt 0.855103 0.516388
vt 0.855652 0.736084
vt 0.856018 0.735962
vn 0.4896 -0.2945 0.8207
vn 0.4760 -0.3156 0.8209
vn 0.4892 -0.2945 0.8210
vn 0.4916 -0.7048 0.5114
vn 0.4918 -0.8537 0.1710
vn 0.4911 -0.8542 0.1707
vn 0.4932 -0.7035 0.5118
vn -0.8669 -0.0112 0.4984
vn -0.8178 0.3004 0.4909
vn -0.8185 0.3000 0.4899
vn -0.8150 0.3027 0.4941
vn 1.0000 -0.0000 0.0000
vn 1.0000 0.0003 -0.0000
vn 1.0000 0.0005 0.0000
vn 0.4782 -0.3371 0.8110
vn 0.4775 -0.3378 0.8111
vn 0.4834 -0.3323 0.8099
vn 0.4851 -0.3314 0.8092
vn -0.4982 0.0112 -0.8670
vn -0.4773 -0.3310 -0.8140
vn -0.4828 -0.3264 -0.8126
vn -0.5036 -0.8390 -0.2063
vn -0.5036 -0.8389 -0.2062
vn -0.4842 -0.8590 -0.1661
vn -1.0000 -0.0006 0.0002
vn -1.0000 -0.0003 0.0002
vn -1.0000 0.0000 0.0002
vn 0.4987 0.0113 -0.8667
vn -0.4853 0.3319 -0.8089
vn -0.4804 0.3302 -0.8125
vn -0.4911 0.6884 -0.5338
vn -0.4912 0.6892 -0.5326
vn 0.4910 0.8535 -0.1746
vn 0.4905 0.8538 -0.1746
vn 0.1907 -0.8663 0.4617
vn 0.1892 -0.8662 0.4626
vn 0.5610 -0.6799 0.4722
vn 0.5612 -0.6798 0.4722
vn -0.4919 -0.8520 -0.1792
vn -0.4923 -0.6972 -0.5211
vn -0.4908 -0.6983 -0.5210
vn 0.5707 -0.6386 -0.5163
vn 0.5595 -0.6530 -0.5104
vn 0.1893 -0.8340 -0.5183
vn 0.1890 -0.8341 -0.5183
vn -0.5057 -0.8515 0.1384
vn -0.5055 -0.8516 0.1385
vn -0.4902 -0.8537 0.1756
vn 0.4917 -0.8521 -0.1792
vn 0.4923 -0.6982 -0.5197
vn 0.4920 -0.8520 -0.1788
vn 0.4866 -0.8620 0.1418
vn 0.4866 -0.8620 0.1419
vn 0.5024 -0.8469 0.1744
vn 0.4912 0.6647 0.5629
vn 0.4886 0.8460 0.2132
vn 0.4903 0.8452 0.2127
vn 0.4884 0.8461 0.2137
vn -0.4988 0.0114 -0.8666
vn -0.4988 0.0113 -0.8666
vn -0.4985 0.0113 -0.8668
vn 0.1967 0.8656 -0.4605
vn 0.1967 0.8656 -0.4604
vn 0.5482 0.6918 -0.4700
vn 0.4893 -0.8469 -0.2081
vn 0.4897 -0.8466 -0.2083
vn 0.5068 -0.8462 -0.1645
vn -0.1772 -0.8440 -0.5063
vn -0.5167 -0.6911 -0.5054
vn 0.1728 -0.8618 0.4770
vn 0.5139 -0.7116 0.4791
vn 0.1727 -0.8618 0.4770
vn 0.1719 -0.8615 0.4777
vn -0.1946 0.8662 -0.4603
vn -0.5538 0.6870 -0.4705
vn -0.5518 0.6883 -0.4709
vn -0.8668 0.0111 -0.4985
vn -0.8202 0.3264 -0.4698
vn -0.8184 0.3215 -0.4763
vn 0.4894 -0.6816 0.5440
vn 0.4896 -0.6815 0.5439
vn 0.4946 -0.6684 0.5555
vn 0.4851 0.3287 -0.8103
vn 0.4809 0.3329 -0.8111
vn 0.4916 0.6896 -0.5317
vn 0.4846 0.3292 -0.8104
vn -0.8160 0.3013 0.4933
vn -0.8160 0.3015 0.4932
vn -0.8353 0.2776 0.4745
vn -0.5151 -0.7108 0.4790
vn -0.5151 -0.7108 0.4791
vn -0.1764 -0.8606 0.4777
vn -0.1756 -0.8617 0.4761
vn -0.1913 0.8326 0.5199
vn -0.1927 0.8327 0.5191
vn -0.5457 0.6612 0.5148
vn -0.1911 0.8330 0.5192
vn -0.4919 -0.7047 0.5114
vn -0.4925 -0.8534 0.1704
vn -0.4925 -0.8536 0.1701
vn -0.4917 -0.8538 0.1709
vn 0.8106 -0.3202 -0.4902
vn 0.8106 -0.3190 -0.4911
vn 0.8123 -0.3250 -0.4843
vn 0.8124 -0.3256 -0.4837
vn -0.4929 0.8524 0.1742
vn -0.4903 0.8547 0.1705
vn -0.4901 0.8547 0.1715
vn -0.4928 0.8523 0.1751
vn -0.8337 -0.2685 -0.4826
vn -0.8339 -0.2683 -0.4824
vn -0.8202 -0.2845 -0.4963
vn -0.8200 -0.2846 -0.4966
vn 0.8670 0.0111 -0.4982
vn 0.8210 0.3249 -0.4695
vn 0.8216 0.3243 -0.4689
vn 0.8170 0.3274 -0.4747
vn -0.4734 -0.2975 0.8291
vn -0.4737 -0.2975 0.8289
vn -0.4873 -0.3134 0.8151
vn -0.4870 -0.3137 0.8151
vn -0.1928 -0.8659 0.4616
vn -0.1946 -0.8650 0.4624
vn -0.1927 -0.8658 0.4618
vn -0.4914 0.6634 0.5643
vn -0.4902 0.6633 0.5654
vn -0.4895 0.8454 0.2138
vn -0.4887 0.8460 0.2134
vn -0.8277 -0.2888 0.4812
vn -0.8281 -0.3102 0.4670
vn -0.8279 -0.3102 0.4673
vn -0.8277 -0.2880 0.4817
vn -0.8136 -0.3408 0.4711
vn -0.8127 -0.3432 0.4709
vn -0.8114 -0.3390 0.4761
vn -0.8116 -0.3378 0.4767
vn 0.4945 0.6943 -0.5229
vn 0.4938 0.6960 -0.5212
vn 0.4913 0.7014 -0.5164
vn 0.4983 -0.0115 0.8669
vn 0.4979 -0.0115 0.8672
vn -0.4980 -0.0115 0.8671
vn -0.4983 -0.0115 0.8669
vn -0.4983 -0.0113 0.8669
vn 0.0003 0.0224 -0.9997
vn -0.0000 0.0223 -0.9998
vn -0.0000 0.0225 -0.9997
vn -0.0000 0.0224 -0.9997
vn 0.0005 0.0223 -0.9998
vn -0.0004 0.0225 -0.9997
vn 0.1746 -0.8443 -0.5066
vn 0.1741 -0.8446 -0.5063
vn 0.5176 -0.6906 -0.5052
vn 0.5167 -0.6918 -0.5044
vn 0.4981 0.0112 -0.8671
vn 0.4767 -0.3270 -0.8160
vn 0.4828 -0.3286 -0.8118
vn -0.5280 0.7005 -0.4800
vn -0.5265 0.7022 -0.4793
vn -0.5210 0.7079 -0.4769
vn 0.8669 -0.0112 0.4983
vn 0.8670 -0.0112 0.4981
vn 0.8163 0.3055 0.4902
vn 0.8152 0.3021 0.4942
vn 0.0000 -0.0224 0.9997
vn -0.0003 -0.0224 0.9997
vn 0.4862 -0.6444 -0.5902
vn 0.4938 -0.6540 -0.5731
vn 0.4938 -0.6545 -0.5726
vn -0.8669 0.0111 -0.4983
vn -0.1897 -0.8338 -0.5184
vn -0.1908 -0.8338 -0.5181
vn -0.1929 -0.8338 -0.5172
vn 0.1672 0.8456 0.5069
vn 0.1677 0.8452 0.5074
vn -0.5210 0.6867 0.5070
vn 0.4734 -0.2589 -0.8419
vn 0.4885 -0.2765 -0.8276
vn 0.4738 -0.2583 -0.8419
vn 0.8670 0.0112 -0.4982
vn 0.4793 0.2945 0.8268
vn 0.4858 0.2961 0.8224
vn 0.4980 -0.0114 0.8671
vn 0.4988 -0.0114 0.8667
vn -0.8670 -0.0113 0.4982
vn -0.8670 -0.0112 0.4982
vn -0.8105 -0.3203 -0.4904
vn -0.8156 -0.3176 -0.4836
vn -0.8167 -0.3171 -0.4822
vn -0.8111 -0.3208 -0.4891
vn 0.1938 0.8322 0.5195
vn 0.5440 0.6625 0.5149
vn 0.5430 0.6634 0.5149
vn 0.4913 0.8533 0.1750
vn 0.4928 0.8533 0.1701
vn 0.4929 0.8530 0.1714
vn 0.4900 0.8539 0.1756
vn -0.4774 -0.2784 -0.8334
vn -0.4907 -0.2561 -0.8328
vn -0.4907 -0.2560 -0.8329
vn -0.4771 -0.2784 -0.8336
vn -0.4911 0.8534 -0.1745
vn -0.4985 -0.0114 0.8668
vn -0.4765 -0.3333 0.8135
vn -0.4823 -0.3372 0.8085
vn -0.4984 -0.0114 0.8669
vn -0.4801 0.2986 0.8248
vn -0.4855 0.2944 0.8232
vn -0.4934 0.7003 -0.5159
vn -0.4914 0.6958 -0.5238
vn -0.4914 0.6969 -0.5223
vn -0.8241 0.2952 -0.4835
vn -0.8223 0.3239 -0.4679
vn -0.8225 0.3236 -0.4678
vn 0.8128 -0.3432 0.4708
vn 0.8090 -0.3453 0.4758
vn 0.8089 -0.3453 0.4759
vn 0.8124 -0.3430 0.4715
vn 0.8375 0.2919 -0.4620
vn 0.1666 0.8633 -0.4764
vn 0.1672 0.8633 -0.4761
vn 0.8180 0.3171 -0.4800
usemtl Steel_-_Satin.001
s 1
f 1211/3035/3838 1215/3036/3839 1201/3037/3840
f 1191/3038/3841 1208/3039/3842 1205/3040/3843 1194/3041/3844
f 1219/3042/3845 1217/3043/3845 1231/3044/3846 1239/3045/3847 1240/3046/3848
f 1192/3047/3849 1202/3048/3849 1215/3049/3850 1199/3050/3849 1193/3051/3849 1180/3052/3851 1183/3053/3849
f 1186/3054/3852 1191/3055/3853 1194/3056/3854 1182/3057/3855
f 1213/3058/3856 1214/3059/3856 1225/3060/3857 1226/3061/3858
f 1209/3062/3859 1190/3063/3860 1200/3064/3861
f 1181/3065/3862 1209/3066/3863 1185/3067/3864
f 1183/3068/3865 1184/3069/3865 1187/3070/3865 1212/3071/3865
f 1214/3072/3866 1213/3073/3867 1196/3074/3868 1197/3075/3869
f 1199/3076/3870 1197/3075/3871 1188/3077/3870 1193/3078/3870
f 1233/3079/3872 1254/3080/3873 1247/3081/3874 1232/3082/3875
f 1206/3083/3876 1226/3061/3877 1225/3060/3878 1208/3039/3876
f 1233/3084/3879 1242/3085/3880 1248/3086/3881 1254/3087/3882
f 1201/3088/3883 1200/3064/3884 1190/3063/3885 1207/3089/3885
f 1208/3039/3886 1225/3060/3887 1230/3090/3886 1205/3040/3888
f 1200/3091/3889 1201/3092/3890 1202/3093/3891
f 1179/3094/3892 1180/3095/3893 1193/3078/3894 1188/3077/3895
f 1212/3096/3896 1187/3097/3897 1195/3098/3898 1210/3099/3897
f 1246/3100/3899 1252/3101/3899 1251/3102/3900 1244/3103/3901
f 1229/3104/3849 1204/3105/3849 1184/3106/3849 1183/3053/3849 1180/3052/3851 1182/3107/3849 1194/3108/3849 1205/3109/3849 1230/3110/3849 1216/3111/3849 1199/3050/3849 1215/3049/3850
f 1202/3112/3902 1192/3113/3903 1200/3064/3904
f 1218/3114/3905 1211/3115/3905 1221/3116/3905 1220/3117/3906
f 1221/3118/3907 1222/3119/3908 1183/3120/3909 1212/3121/3910
f 1252/3101/3911 1241/3122/3912 1240/3123/3913 1251/3102/3911
f 1219/3042/3914 1240/3046/3915 1241/3124/3916 1234/3125/3914
f 1215/3036/3917 1202/3126/3918 1201/3037/3919
f 1216/3127/3920 1214/3072/3921 1197/3075/3922 1199/3076/3923
f 1183/3128/3924 1192/3129/3925 1202/3130/3926 1200/3131/3926
f 1210/3099/3927 1220/3117/3928 1221/3116/3929 1212/3096/3930
f 1253/3132/3931 1251/3133/3932 1240/3046/3933 1239/3045/3934
f 1191/3038/3935 1198/3134/3936 1206/3083/3937 1208/3039/3938
f 1215/3135/3939 1224/3136/3940 1223/3137/3941 1222/3138/3942
f 1187/3139/3943 1228/3140/3944 1227/3141/3945 1203/3142/3946
f 1238/3143/3947 1254/3087/3948 1250/3144/3949 1237/3145/3950
f 1224/3136/3951 1236/3146/3952 1246/3147/3953 1244/3148/3954 1223/3137/3951
f 1211/3035/3955 1201/3037/3956 1207/3149/3957 1218/3150/3958
f 1249/3151/3959 1247/3152/3960 1254/3153/3961
f 1181/3154/3962 1179/3155/3963 1188/3156/3964 1189/3157/3965
f 1238/3158/3966 1243/3159/3967 1249/3160/3968 1254/3161/3969
f 1219/3042/3970 1220/3162/3971 1210/3163/3972 1217/3043/3973
f 1187/3070/3974 1184/3069/3975 1204/3164/3976
f 1229/3165/3977 1215/3036/3978 1211/3035/3978 1228/3166/3978
f 1227/3167/3979 1228/3166/3980 1211/3035/3979 1218/3150/3981
f 1242/3085/3982 1234/3168/3983 1241/3169/3984 1252/3170/3984 1246/3171/3985 1236/3172/3986 1202/3173/3987 1237/3145/3984 1250/3144/3984 1248/3086/3984
f 1221/3116/3988 1211/3115/3989 1215/3174/3990 1222/3175/3991
f 1216/3176/3992 1230/3090/3993 1225/3060/3994 1214/3059/3992
f 1200/3177/3995 1215/3178/3996 1201/3179/3997
f 1190/3180/3998 1233/3079/3998 1232/3082/3998 1209/3181/3998
f 1223/3137/3999 1244/3148/4000 1245/3182/4001 1235/3183/3999
f 1249/3184/4002 1243/3185/4003 1235/3186/4003 1245/3187/4002 1253/3188/4002 1239/3189/4002 1231/3190/4003 1209/3191/4003 1232/3192/4002 1247/3193/4002
f 1200/3064/4004 1192/3113/4005 1183/3194/4006
f 1202/3130/4007 1238/3158/4007 1237/3195/4007
f 1254/3087/4008 1248/3086/4009 1250/3144/4010
f 1200/3196/4011 1209/3197/4012 1183/3198/4013
f 1200/3064/4014 1183/3194/4015 1212/3096/4016
f 1242/3199/3951 1233/3079/4017 1190/3180/3951 1207/3200/4017
f 1180/3201/4018 1179/3202/4019 1186/3054/4020 1182/3057/4021
f 1202/3130/4022 1192/3129/4023 1243/3159/4022 1238/3158/4023
f 1219/3203/4024 1234/3204/4025 1218/3114/4026 1220/3117/4027
f 1253/3188/4028 1245/3187/4029 1244/3205/4030 1251/3206/4028
f 1228/3207/4031 1187/3070/4032 1204/3164/4033 1229/3208/4034
f 1209/3062/4035 1200/3064/4036 1212/3096/4037 1210/3099/4038
f 1197/3075/4039 1196/3074/4039 1189/3209/4039 1188/3077/4039
f 1185/3210/4040 1198/3211/4041 1191/3055/4042 1186/3054/4043 1179/3202/4044 1181/3212/4045
f 1195/3213/4046 1187/3214/4047 1203/3215/4048
f 1200/3177/4049 1202/3216/4050 1215/3178/4051
f 1183/3217/4052 1222/3138/4053 1223/3137/4054 1235/3183/4055
f 1190/3218/4056 1200/3177/4057 1201/3179/4058 1207/3219/4059
o MeshBody4_(19)_MeshBody4_(19).001
v 2.371727 1.820601 0.099342
v 2.374477 1.819597 0.098114
v 2.368979 1.819597 0.098114
v 2.374477 1.803437 0.099726
v 2.374477 1.803716 0.096561
v 2.371727 1.803298 0.101309
v 2.371727 1.802352 0.094495
v 2.371727 1.823800 0.092580
v 2.368979 1.822213 0.092575
v 2.368979 1.819039 0.092565
v 2.368979 1.803437 0.099726
v 2.371727 1.798130 0.099268
v 2.374477 1.822213 0.092575
v 2.374477 1.800374 0.094479
v 2.374477 1.797487 0.095815
v 2.368979 1.801295 0.095689
v 2.368979 1.821471 0.089291
v 2.371727 1.822901 0.088600
v 2.371727 1.796044 0.096482
v 2.371727 1.817400 0.092546
v 2.371724 1.815815 0.089790
v 2.371724 1.815810 0.095288
v 2.374477 1.818613 0.090672
v 2.368979 1.799974 0.092549
v 2.374477 1.796801 0.092600
v 2.368979 1.797487 0.095815
v 2.368979 1.817580 0.089424
v 2.371727 1.820648 0.085784
v 2.374477 1.819625 0.086997
v 2.368565 1.817113 0.095294
v 2.368494 1.813304 0.095276
v 2.371717 1.812638 0.089776
v 2.371717 1.812640 0.095272
v 2.368979 1.797433 0.089363
v 2.371727 1.801800 0.091230
v 2.374477 1.800345 0.090608
v 2.374477 1.797433 0.089363
v 2.371727 1.795976 0.088740
v 2.368979 1.815198 0.085288
v 2.371727 1.815343 0.083709
v 2.374477 1.814909 0.088448
v 2.364498 1.819238 0.095304
v 2.368494 1.813304 0.089778
v 2.362917 1.819098 0.092554
v 2.365031 1.813927 0.092529
v 2.367846 1.811855 0.092520
v 2.371714 1.811051 0.092516
v 2.375589 1.811841 0.092520
v 2.378414 1.813913 0.092529
v 2.374945 1.813293 0.095276
v 2.374887 1.817107 0.095294
v 2.380555 1.819083 0.092554
v 2.378975 1.819244 0.089807
v 2.368979 1.801257 0.089367
v 2.374477 1.803689 0.088404
v 2.368979 1.803367 0.085249
v 2.371727 1.803206 0.083671
v 2.374477 1.803367 0.085249
v 2.364498 1.831014 0.095359
v 2.367658 1.830722 0.095358
v 2.369238 1.830596 0.092608
v 2.364498 1.819252 0.089807
v 2.378975 1.819231 0.095304
v 2.375815 1.830766 0.089860
v 2.374235 1.830602 0.092608
v 2.366171 1.835424 0.095380
v 2.364947 1.836462 0.092636
v 2.366171 1.835477 0.089883
v 2.367658 1.830763 0.089860
v 2.375815 1.830724 0.095358
v 2.378505 1.836466 0.092636
v 2.377287 1.835422 0.095380
v 2.377287 1.835475 0.089883
v 2.369842 1.834433 0.095375
v 2.369842 1.834483 0.089878
v 2.373607 1.834422 0.095375
v 2.373607 1.834472 0.089878
v 2.371726 1.839639 0.092651
v 2.371723 1.838081 0.089895
v 2.371723 1.838022 0.095392
v 2.371715 1.833290 0.092621
vt 0.789246 0.786392
vt 0.789246 0.784668
vt 0.789551 0.784653
vt 0.789551 0.786484
vt 0.511963 0.850128
vt 0.511719 0.850098
vt 0.511719 0.848862
vt 0.511719 0.848373
vt 0.512085 0.848282
vt 0.769775 0.854370
vt 0.770081 0.854492
vt 0.770020 0.854858
vt 0.769714 0.854797
vt 0.855657 0.803406
vt 0.856095 0.803467
vt 0.856088 0.803833
vt 0.855803 0.803955
vt 0.855728 0.804932
vt 0.856095 0.804810
vt 0.855835 0.801559
vt 0.855835 0.801941
vt 0.855591 0.801956
vt 0.855591 0.801697
vt 0.852112 0.788574
vt 0.852051 0.788025
vt 0.852417 0.788071
vt 0.854897 0.834473
vt 0.854649 0.833557
vt 0.854984 0.833557
vt 0.855185 0.834290
vt 0.855522 0.803955
vt 0.855540 0.803589
vt 0.789551 0.784119
vt 0.789551 0.783905
vt 0.789856 0.784058
vt 0.789856 0.784668
vt 0.844017 0.852722
vt 0.844322 0.852783
vt 0.844170 0.853210
vt 0.843834 0.853088
vt 0.852417 0.790421
vt 0.851746 0.790100
vt 0.851868 0.789978
vt 0.852417 0.790237
vt 0.855554 0.805176
vt 0.769531 0.855957
vt 0.769470 0.855225
vt 0.769775 0.855225
vt 0.769775 0.855591
vt 0.769836 0.856079
vt 0.512329 0.848389
vt 0.512329 0.850113
vt 0.769470 0.854919
vt 0.853149 0.790054
vt 0.853027 0.789948
vt 0.851318 0.803604
vt 0.850708 0.803879
vt 0.850586 0.803772
vt 0.851318 0.803421
vt 0.514771 0.737244
vt 0.514771 0.735519
vt 0.515015 0.735428
vt 0.515015 0.737274
vt 0.854698 0.834351
vt 0.854498 0.833618
vt 0.852356 0.787888
vt 0.851685 0.789505
vt 0.851624 0.788269
vt 0.852051 0.787628
vt 0.852356 0.787552
vt 0.852722 0.787613
vt 0.853149 0.788223
vt 0.852844 0.789444
vt 0.852722 0.788010
vt 0.848389 0.502258
vt 0.848389 0.502563
vt 0.848083 0.502747
vt 0.848145 0.502563
vt 0.843689 0.851440
vt 0.843094 0.851379
vt 0.843315 0.851074
vt 0.843636 0.850891
vt 0.843819 0.851135
vt 0.856079 0.545288
vt 0.856079 0.546021
vt 0.855774 0.545898
vt 0.855774 0.545654
vt 0.855774 0.545288
vt 0.785645 0.821960
vt 0.785889 0.821777
vt 0.785889 0.822205
vt 0.511536 0.855667
vt 0.511780 0.855576
vt 0.511780 0.855957
vt 0.848694 0.502014
vt 0.848694 0.502380
vt 0.853882 0.831177
vt 0.854065 0.831726
vt 0.853760 0.831848
vt 0.853577 0.831177
vt 0.855164 0.825012
vt 0.854858 0.825134
vt 0.854736 0.824829
vt 0.854675 0.824524
vt 0.855042 0.824524
vt 0.854065 0.830566
vt 0.853760 0.830444
vt 0.511536 0.855331
vt 0.511230 0.855865
vt 0.511169 0.855408
vt 0.855621 0.742798
vt 0.856018 0.742432
vt 0.856018 0.742920
vt 0.855759 0.743042
vt 0.855957 0.510986
vt 0.856079 0.510742
vt 0.856110 0.511108
vt 0.856079 0.544556
vt 0.856384 0.544678
vt 0.856384 0.545288
vt 0.856079 0.544922
vt 0.855820 0.743408
vt 0.852661 0.843176
vt 0.853027 0.843067
vt 0.853271 0.843416
vt 0.852783 0.843464
vt 0.511536 0.854187
vt 0.511780 0.854034
vt 0.511780 0.854401
vt 0.770081 0.855530
vt 0.783569 0.812805
vt 0.783875 0.812500
vt 0.783875 0.812866
vt 0.851685 0.806213
vt 0.850952 0.806213
vt 0.850586 0.805588
vt 0.851318 0.803940
vt 0.851074 0.804138
vt 0.851074 0.804550
vt 0.851074 0.805817
vt 0.851318 0.805954
vt 0.851685 0.805817
vt 0.851562 0.804550
vt 0.851685 0.804092
vt 0.851685 0.803680
vt 0.852051 0.804337
vt 0.852173 0.805588
vt 0.515015 0.737808
vt 0.515381 0.737244
vt 0.515381 0.737854
vt 0.515015 0.738007
vt 0.514282 0.817780
vt 0.514038 0.817780
vt 0.514038 0.817322
vt 0.511230 0.854141
vt 0.852295 0.804306
vt 0.852295 0.805588
vt 0.515381 0.735535
vt 0.855804 0.510498
vt 0.856110 0.510376
vt 0.855835 0.803375
vt 0.855591 0.802841
vt 0.789856 0.786392
vt 0.854725 0.832336
vt 0.854877 0.831909
vt 0.855185 0.832031
vt 0.854736 0.824097
vt 0.854858 0.823730
vt 0.855164 0.823853
vt 0.855042 0.824219
vt 0.855835 0.503082
vt 0.855957 0.504349
vt 0.855713 0.504379
vt 0.856323 0.502930
vt 0.856323 0.504379
vt 0.512329 0.850708
vt 0.511963 0.850662
vt 0.856384 0.545898
vt 0.843262 0.851990
vt 0.842957 0.851929
vt 0.851990 0.789474
vt 0.852234 0.789856
vt 0.852600 0.789841
vt 0.854492 0.824402
vt 0.854553 0.824097
vt 0.813965 0.855469
vt 0.813782 0.855835
vt 0.813599 0.855469
vt 0.855225 0.801941
vt 0.855225 0.803329
vt 0.813660 0.855225
vt 0.813965 0.855225
vt 0.852661 0.843838
vt 0.852905 0.844826
vt 0.852905 0.845226
vt 0.853394 0.845335
vt 0.853638 0.844921
vt 0.853516 0.843742
vt 0.853271 0.843098
vt 0.853760 0.843674
vt 0.853760 0.845400
vt 0.853271 0.845734
vt 0.852661 0.845522
vt 0.852295 0.843843
vt 0.856079 0.504623
vt 0.855713 0.504761
vt 0.848145 0.502197
vt 0.844490 0.851562
vt 0.844490 0.853210
vt 0.844040 0.853638
vt 0.843552 0.853516
vt 0.843582 0.851746
vt 0.843636 0.853027
vt 0.843849 0.853333
vt 0.855652 0.510742
vt 0.848694 0.502747
vn -0.4862 0.3083 0.8176
vn -0.4989 -0.0029 0.8667
vn -0.4986 -0.0029 0.8668
vn -0.4797 0.3124 0.8199
vn -0.8669 -0.0024 0.4985
vn -0.8669 -0.0024 0.4986
vn -0.8189 0.3090 0.4836
vn -0.8196 0.3089 0.4825
vn -0.8159 0.3114 0.4873
vn 0.4919 0.6741 0.5510
vn 0.4905 0.8491 0.1961
vn 0.4905 0.8490 0.1963
vn 0.4908 0.8488 0.1967
vn 0.4736 -0.2731 -0.8373
vn 0.4898 -0.2901 -0.8221
vn 0.4883 -0.2903 -0.8229
vn 0.4726 -0.2734 -0.8378
vn 0.4988 0.0034 -0.8667
vn 0.5598 -0.6692 0.4886
vn 0.5599 -0.6691 0.4886
vn 0.1904 -0.8544 0.4835
vn 0.1883 -0.8544 0.4843
vn 0.8263 0.2757 0.4911
vn 0.8253 0.3071 0.4739
vn 0.8266 0.2754 0.4908
vn 0.4899 -0.7068 -0.5103
vn 0.4824 -0.3447 -0.8053
vn 0.4766 -0.3430 -0.8094
vn 0.4904 -0.7062 -0.5107
vn -0.4891 -0.2706 -0.8292
vn -0.4894 -0.2710 -0.8289
vn -0.4775 -0.2923 -0.8285
vn -0.4772 -0.2926 -0.8286
vn 0.4928 -0.6964 0.5217
vn 0.4925 -0.6964 0.5220
vn 0.4841 -0.3177 0.8153
vn 0.4850 -0.3165 0.8152
vn 0.4789 -0.3220 0.8167
vn 0.5729 -0.6493 -0.5001
vn 0.5609 -0.6641 -0.4943
vn 0.1898 -0.8465 -0.4975
vn 0.1896 -0.8472 -0.4962
vn -0.1919 0.8458 0.4978
vn -0.5475 0.6720 0.4986
vn -0.1923 0.8457 0.4979
vn -0.1916 0.8455 0.4984
vn -0.4989 0.0034 -0.8667
vn -0.4991 0.0035 -0.8665
vn -0.4993 0.0035 -0.8664
vn -0.4798 0.3167 -0.8182
vn -0.4910 0.6785 -0.5465
vn -0.4903 0.6801 -0.5451
vn -0.4843 0.3186 -0.8149
vn -0.4848 0.3185 -0.8146
vn -0.8193 0.3170 -0.4777
vn -0.8176 0.3128 -0.4834
vn -0.8668 0.0023 -0.4986
vn -0.4906 0.8500 -0.1919
vn 0.5448 0.6751 0.4974
vn 0.1947 0.8450 0.4981
vn 0.1943 0.8453 0.4977
vn 0.5463 0.6729 0.4988
vn -0.4897 0.8496 0.1959
vn -0.4924 0.6727 0.5523
vn -0.4922 0.6726 0.5526
vn -0.4906 0.8488 0.1970
vn 0.8670 0.0023 -0.4983
vn 0.8207 0.3158 -0.4761
vn 0.8162 0.3194 -0.4815
vn -0.4819 -0.3416 -0.8069
vn -0.4831 -0.3404 -0.8066
vn -0.4772 -0.3449 -0.8083
vn -0.4903 -0.7072 -0.5094
vn 0.0000 -0.0047 1.0000
vn 0.0001 -0.0050 1.0000
vn 0.0008 -0.0047 1.0000
vn -0.4927 0.8550 0.1619
vn -0.4902 0.8571 0.1586
vn -0.4900 0.8570 0.1596
vn -0.4925 0.8548 0.1634
vn 0.5164 -0.6998 -0.4936
vn 0.5155 -0.7011 -0.4927
vn 0.1734 -0.8530 -0.4923
vn 0.1741 -0.8525 -0.4928
vn 0.1739 -0.8527 -0.4927
vn 0.4909 -0.8520 0.1821
vn 0.4914 -0.8547 -0.1674
vn 0.4912 -0.8518 0.1819
vn 0.4910 -0.8520 0.1818
vn -0.1914 -0.8459 -0.4979
vn -0.1914 -0.8458 -0.4980
vn -0.1929 -0.8460 -0.4970
vn 0.4948 -0.6586 0.5669
vn 0.4890 -0.6723 0.5557
vn 0.4891 -0.6721 0.5560
vn 0.4917 0.2666 -0.8289
vn 0.4741 0.2983 -0.8284
vn 0.4741 0.2984 -0.8283
vn -0.5303 0.6909 0.4914
vn -0.5289 0.6917 0.4918
vn -0.5211 0.6957 0.4945
vn -0.1937 0.8543 -0.4824
vn -0.5516 0.6771 -0.4872
vn -0.5529 0.6776 -0.4850
vn -0.1938 0.8543 -0.4824
vn -0.8114 -0.3292 0.4830
vn -0.8127 -0.3341 0.4775
vn -0.5156 -0.7021 0.4911
vn -0.5153 -0.7027 0.4905
vn -0.8118 -0.3298 0.4820
vn 0.1958 0.8537 -0.4825
vn 0.1959 0.8537 -0.4825
vn 0.1958 0.8537 -0.4826
vn 0.5472 0.6809 -0.4868
vn -0.4714 -0.2829 0.8353
vn -0.4724 -0.2830 0.8347
vn -0.4883 -0.2993 0.8197
vn -0.4874 -0.2997 0.8202
vn 0.8178 0.3087 -0.4857
vn 0.8374 0.2832 -0.4675
vn 0.1666 0.8548 -0.4914
vn 0.1669 0.8554 -0.4904
vn -0.5034 -0.8428 -0.1908
vn -0.4846 -0.8617 -0.1506
vn -0.5035 -0.8427 -0.1908
vn -0.4848 -0.3210 0.8136
vn -0.4794 -0.3175 0.8181
vn -0.4929 -0.6958 0.5225
vn -0.4925 -0.6965 0.5218
vn -0.4836 -0.3213 0.8142
vn -0.5283 0.6919 -0.4922
vn -0.5270 0.6935 -0.4912
vn -0.5211 0.6996 -0.4888
vn 1.0000 -0.0000 0.0000
vn 1.0000 0.0003 -0.0001
vn 0.4888 0.6967 0.5251
vn 0.4874 0.6992 0.5230
vn 0.4907 0.7022 0.5159
vn 0.4904 0.8501 -0.1920
vn 0.4903 0.8501 -0.1920
vn 0.4933 0.6774 -0.5456
vn 0.4928 0.6778 -0.5457
vn -0.8354 0.2859 0.4694
vn -0.8165 0.3100 0.4870
vn -0.8348 0.2868 0.4700
vn -1.0000 -0.0004 0.0000
vn -1.0000 0.0001 0.0000
vn -1.0000 -0.0003 0.0000
vn -1.0000 -0.0001 0.0001
vn -1.0000 0.0002 -0.0000
vn -1.0000 0.0004 0.0001
vn -1.0000 -0.0006 0.0000
vn 0.8092 -0.3361 0.4818
vn 0.8087 -0.3369 0.4822
vn 0.8126 -0.3346 0.4773
vn 0.5155 -0.7026 0.4905
vn 0.5148 -0.7029 0.4909
vn -0.8240 0.2868 -0.4887
vn -0.8225 0.3158 -0.4730
vn -0.8228 0.3152 -0.4730
vn 0.4974 -0.0036 0.8675
vn 0.4980 -0.0036 0.8672
vn 0.4983 -0.0035 0.8670
vn -0.4981 -0.0036 0.8671
vn -0.4984 -0.0037 0.8669
vn -0.4975 0.0027 -0.8675
vn -0.4981 0.0028 -0.8671
vn -0.4978 0.0028 -0.8673
vn -0.4974 0.0026 -0.8675
vn 0.8670 -0.0024 0.4983
vn 0.8174 0.3146 0.4825
vn 0.8159 0.3114 0.4872
vn 0.4861 -0.8597 0.1571
vn 0.5017 -0.8439 0.1900
vn 0.4856 -0.8600 0.1571
vn 0.8669 -0.0024 0.4985
vn 0.8669 -0.0024 0.4986
vn 0.4988 -0.0029 0.8667
vn 0.4796 0.3082 0.8216
vn 0.4854 0.3106 0.8173
vn 0.4991 -0.0031 0.8665
vn 0.4807 0.3199 -0.8165
vn 0.4793 0.3197 -0.8174
vn 0.4848 0.3161 -0.8155
vn 0.4975 0.0028 -0.8675
vn 0.4979 0.0028 -0.8673
vn 0.1740 -0.8539 0.4905
vn 0.1734 -0.8542 0.4902
vn 0.1718 -0.8539 0.4912
vn -0.1753 -0.8531 0.4913
vn -0.1755 -0.8538 0.4902
vn -0.1770 -0.8533 0.4905
vn -0.8670 0.0022 -0.4983
vn -0.8670 -0.0025 0.4983
vn -0.8155 -0.3256 -0.4785
vn -0.8162 -0.3257 -0.4772
vn -0.8110 -0.3286 -0.4840
vn -0.8105 -0.3290 -0.4846
vn -0.4912 -0.8548 -0.1674
vn -0.4915 -0.8514 0.1832
vn -0.4916 -0.8517 0.1816
vn -0.4912 -0.8548 -0.1672
vn 0.7764 0.0513 -0.6282
vn 0.7762 -0.1661 -0.6082
vn 0.8124 -0.3330 -0.4787
vn 0.8123 -0.3341 -0.4781
vn -0.0001 -0.0047 1.0000
vn -0.5163 -0.6997 -0.4938
vn -0.1770 -0.8521 -0.4926
vn -0.1766 -0.8519 -0.4930
vn -0.1770 -0.8520 -0.4926
vn -0.5184 -0.6996 -0.4918
vn 0.1675 0.8542 0.4923
vn 0.1714 0.8524 0.4941
vn 0.1668 0.8545 0.4920
vn -0.1923 -0.8545 0.4824
vn -0.1937 -0.8534 0.4840
vn -0.1915 -0.8545 0.4828
vn -0.8274 -0.2793 0.4873
vn -0.8274 -0.3012 0.4740
vn -0.8271 -0.3012 0.4746
vn -0.8275 -0.2793 0.4870
vn 1.0000 0.0005 -0.0000
vn 1.0000 -0.0007 -0.0000
vn 1.0000 -0.0000 -0.0001
vn 1.0000 0.0007 0.0000
vn -0.8346 -0.2770 -0.4762
vn -0.8346 -0.2774 -0.4759
vn -0.8216 -0.2935 -0.4887
vn -0.8212 -0.2936 -0.4893
vn -0.4928 0.8530 -0.1718
vn -0.4912 0.8529 -0.1768
vn -0.4937 0.8526 -0.1711
vn 0.4767 -0.3015 0.8257
vn 0.4895 -0.2801 0.8258
vn 0.0001 0.0047 -1.0000
vn 0.0000 0.0046 -1.0000
vn 0.0002 0.0047 -1.0000
vn 0.0001 0.0048 -1.0000
vn -0.5055 -0.8490 0.1539
vn -0.5058 -0.8488 0.1537
vn -0.4899 -0.8505 0.1914
vn -0.4898 -0.8505 0.1915
vn 0.4905 0.8542 -0.1724
vn 0.4901 0.8562 0.1636
vn 0.4905 0.8561 0.1628
vn 0.4912 0.8541 -0.1710
usemtl Steel_-_Satin.001
s 1
f 1257/3220/4060 1265/3221/4061 1260/3222/4062 1255/3223/4063
f 1298/3224/4064 1296/3225/4065 1313/3226/4066 1320/3227/4067 1321/3228/4068
f 1255/3229/4069 1256/3230/4070 1267/3231/4071 1262/3232/4072
f 1274/3233/4073 1305/3234/4074 1304/3235/4075 1287/3236/4076
f 1261/3237/4077 1287/3236/4077 1304/3235/4077 1259/3238/4077
f 1328/3239/4078 1314/3240/4079 1315/3241/4080 1335/3242/4081
f 1263/3243/4082 1284/3244/4083 1274/3245/4084
f 1292/3246/4085 1311/3247/4086 1312/3248/4087 1291/3249/4088
f 1274/3233/4089 1287/3236/4090 1285/3250/4091 1284/3251/4092
f 1266/3252/4093 1273/3253/4094 1269/3254/4095 1258/3255/4096 1260/3222/4097
f 1315/3256/4098 1323/3257/4099 1329/3258/4100 1335/3259/4101
f 1332/3260/4102 1321/3261/4103 1320/3262/4104 1334/3263/4105
f 1285/3250/4106 1287/3236/4107 1261/3237/4108 1270/3264/4108
f 1293/3265/4109 1271/3266/4110 1272/3267/4111 1282/3268/4112 1294/3269/4113
f 1321/3228/4114 1322/3270/4115 1316/3271/4116 1298/3224/4116
f 1272/3267/4117 1271/3266/4117 1263/3272/4117 1262/3232/4117
f 1325/3273/4118 1332/3260/4119 1334/3263/4120 1326/3274/4121
f 1263/3275/4122 1257/3276/4123 1255/3277/4124 1262/3278/4125
f 1307/3279/4126 1327/3280/4127 1325/3281/4128 1306/3282/4126
f 1288/3283/4129 1310/3284/4130 1311/3247/4131 1292/3246/4132
f 1276/3285/4133 1284/3244/4133 1313/3286/4133 1296/3287/4133 1285/3288/4133 1287/3289/4134 1304/3290/4135 1317/3291/4133 1324/3292/4133 1305/3293/4133
f 1261/3294/4136 1289/3295/4137 1308/3296/4138 1278/3297/4139
f 1295/3298/4140 1303/3299/4141 1302/3300/4142 1301/3301/4143 1286/3302/4144
f 1273/3303/4145 1292/3304/4146 1291/3305/4146 1279/3306/4147 1269/3307/4148
f 1335/3308/4149 1329/3309/4150 1331/3310/4151
f 1275/3311/4152 1295/3312/4153 1277/3313/4154
f 1261/3294/4155 1259/3314/4156 1268/3315/4157
f 1274/3245/4158 1276/3285/4159 1305/3293/4160
f 1333/3316/4161 1322/3317/4162 1321/3318/4163 1332/3319/4164
f 1296/3320/4165 1298/3321/4166 1299/3322/4167 1300/3323/4168 1285/3324/4169
f 1327/3325/4170 1333/3316/4171 1332/3319/4172 1325/3326/4173
f 1286/3327/4174 1275/3311/4175 1281/3328/4176 1297/3329/4177
f 1281/3330/4178 1263/3331/4179 1274/3332/4180 1275/3333/4181
f 1264/3334/4182 1274/3335/4183 1284/3336/4184
f 1260/3337/4185 1265/3338/4186 1280/3339/4187 1273/3303/4188 1266/3340/4189
f 1274/3332/4190 1295/3341/4191 1275/3333/4192
f 1269/3342/4193 1279/3343/4193 1290/3344/4193 1268/3345/4194
f 1289/3346/4195 1290/3347/4196 1309/3348/4197
f 1272/3267/4198 1262/3232/4198 1267/3231/4199 1283/3349/4200 1282/3268/4201
f 1274/3350/4202 1305/3351/4203 1277/3352/4204
f 1288/3353/4205 1280/3354/4206 1265/3355/4206 1257/3276/4207 1264/3356/4208 1284/3357/4206 1285/3358/4206 1270/3359/4206 1278/3360/4206 1308/3361/4205 1297/3362/4206 1281/3363/4209 1271/3364/4210 1293/3365/4206 1310/3366/4211
f 1303/3367/4212 1306/3282/4213 1317/3368/4214 1304/3369/4215 1302/3370/4216
f 1274/3371/4217 1277/3372/4218 1295/3373/4219
f 1286/3327/4220 1289/3346/4221 1309/3348/4222 1295/3312/4221
f 1308/3374/4223 1289/3346/4223 1286/3327/4224 1297/3329/4223
f 1310/3366/4225 1293/3365/4226 1294/3375/4227 1311/3376/4228
f 1306/3282/4229 1325/3281/4230 1326/3377/4231 1317/3368/4229
f 1275/3378/4232 1277/3379/4233 1274/3335/4234
f 1314/3240/4235 1284/3380/4235 1263/3381/4236 1315/3241/4235
f 1258/3255/4237 1256/3382/4238 1255/3223/4239 1260/3222/4240
f 1294/3383/4241 1282/3384/4242 1283/3385/4243 1312/3248/4244 1311/3247/4245
f 1301/3386/4246 1302/3387/4247 1304/3388/4248 1287/3389/4249 1285/3324/4250 1300/3323/4251
f 1277/3390/4252 1319/3391/4252 1318/3392/4252
f 1305/3393/4253 1324/3394/4253 1319/3391/4253 1277/3390/4253
f 1316/3271/4254 1297/3395/4255 1299/3396/4256 1298/3224/4257
f 1292/3304/4258 1273/3303/4259 1280/3339/4260 1288/3397/4261
f 1295/3298/4262 1307/3398/4263 1306/3399/4264 1303/3299/4265
f 1320/3262/4266 1313/3286/4133 1284/3244/4133 1314/3400/4266 1328/3401/4266 1330/3402/4266 1324/3292/4133 1317/3291/4133 1326/3274/4266 1334/3263/4266
f 1299/3322/4267 1297/3403/4268 1286/3404/4269 1301/3386/4270 1300/3323/4271
f 1284/3244/4272 1276/3285/4273 1274/3245/4274
f 1330/3405/4275 1328/3406/4276 1335/3407/4277
f 1281/3363/4209 1264/3356/4208 1257/3276/4207 1263/3275/4211 1271/3364/4210
f 1323/3408/4126 1315/3241/4126 1263/3381/4126 1281/3409/4126
f 1319/3410/4278 1324/3411/4279 1330/3405/4280 1335/3407/4281
f 1269/3342/4193 1268/3345/4194 1259/3412/4282 1304/3413/4193 1305/3414/4193 1277/3415/4282 1295/3416/4193 1309/3417/4283 1290/3344/4193 1279/3343/4193 1291/3418/4283 1312/3419/4284 1283/3420/4193 1267/3421/4193 1256/3422/4285 1258/3423/4284
f 1319/3391/4286 1335/3424/4287 1331/3425/4288 1318/3392/4289
f 1278/3297/4290 1270/3426/4291 1261/3294/4292
f 1295/3312/4293 1275/3311/4294 1286/3327/4294
f 1323/3257/4295 1316/3427/4296 1322/3428/4297 1333/3429/4297 1327/3430/4297 1307/3398/4263 1295/3298/4262 1277/3431/4297 1318/3432/4298 1331/3433/4297 1329/3258/4297
f 1275/3378/4299 1274/3335/4300 1264/3334/4301 1281/3434/4302
f 1268/3315/4303 1290/3435/4304 1289/3295/4305 1261/3294/4306
o MeshBody4_(20)_MeshBody4_(20).001
v 2.371727 1.788260 0.099494
v 2.371727 1.783018 0.101600
v 2.374477 1.787240 0.098284
v 2.374477 1.771096 0.100189
v 2.374477 1.771337 0.097024
v 2.371727 1.790501 0.096663
v 2.368979 1.789071 0.095984
v 2.368979 1.782853 0.100021
v 2.371727 1.770976 0.101771
v 2.374477 1.785196 0.095865
v 2.371727 1.769948 0.094958
v 2.371727 1.791370 0.092671
v 2.368979 1.789783 0.092695
v 2.368979 1.786610 0.092746
v 2.371727 1.765783 0.099736
v 2.374477 1.789783 0.092695
v 2.374477 1.767970 0.094943
v 2.374477 1.765098 0.096288
v 2.368979 1.768906 0.096151
v 2.368979 1.788999 0.089426
v 2.371727 1.790420 0.088709
v 2.371727 1.784971 0.092759
v 2.371724 1.783352 0.090034
v 2.371724 1.783416 0.095530
v 2.374477 1.786160 0.090862
v 2.374477 1.764374 0.093079
v 2.368979 1.765098 0.096288
v 2.368979 1.764374 0.093079
v 2.371727 1.788131 0.085937
v 2.371727 1.762787 0.093117
v 2.374477 1.787124 0.087168
v 2.368565 1.784719 0.095511
v 2.368494 1.780910 0.095567
v 2.371717 1.780175 0.090078
v 2.368979 1.767895 0.091072
v 2.374477 1.767895 0.091072
v 2.368979 1.782678 0.085544
v 2.371727 1.782803 0.083961
v 2.374477 1.782429 0.088709
v 2.374477 1.782678 0.085544
v 2.364498 1.786844 0.095481
v 2.368565 1.784658 0.090014
v 2.362917 1.786669 0.092734
v 2.365031 1.781498 0.092809
v 2.367846 1.779427 0.092838
v 2.371714 1.778623 0.092850
v 2.375589 1.779413 0.092838
v 2.378414 1.781484 0.092809
v 2.374945 1.780899 0.095567
v 2.380555 1.786654 0.092734
v 2.378975 1.786780 0.089984
v 2.371727 1.765526 0.086356
v 2.368979 1.766615 0.087511
v 2.374477 1.766615 0.087511
v 2.374477 1.771213 0.088867
v 2.371727 1.771392 0.090445
v 2.368979 1.771213 0.088867
v 2.364498 1.798621 0.095313
v 2.367658 1.798329 0.095318
v 2.366210 1.782529 0.090045
v 2.364498 1.786787 0.089984
v 2.378975 1.786837 0.095481
v 2.380557 1.798745 0.092563
v 2.378975 1.798618 0.095313
v 2.378975 1.798585 0.089814
v 2.366171 1.803032 0.095250
v 2.364947 1.804030 0.092486
v 2.366171 1.803007 0.089752
v 2.367658 1.798295 0.089820
v 2.375815 1.798332 0.095318
v 2.374852 1.800969 0.089782
v 2.373633 1.799966 0.092545
v 2.370540 1.800602 0.092536
v 2.375700 1.806293 0.092494
v 2.375002 1.804878 0.095236
v 2.375002 1.804857 0.089739
v 2.371726 1.807208 0.092499
v 2.371723 1.805611 0.089742
v 2.371723 1.805630 0.095240
v 2.371718 1.802434 0.089760
v 2.371718 1.802459 0.095258
vt 0.856049 0.750000
vt 0.855774 0.750244
vt 0.855621 0.750000
vt 0.820923 0.850616
vt 0.821167 0.850861
vt 0.821045 0.850967
vt 0.820435 0.850677
vt 0.820435 0.850510
vt 0.854736 0.535645
vt 0.854858 0.536072
vt 0.854614 0.535889
vt 0.854492 0.535522
vt 0.854370 0.533936
vt 0.854614 0.533936
vt 0.514038 0.820679
vt 0.514282 0.820312
vt 0.514282 0.820740
vt 0.855225 0.548309
vt 0.855103 0.548782
vt 0.854736 0.548782
vt 0.854736 0.548233
vt 0.515320 0.628311
vt 0.515015 0.628296
vt 0.515015 0.627747
vt 0.515381 0.627670
vt 0.822083 0.854843
vt 0.822083 0.855232
vt 0.821838 0.854958
vt 0.514282 0.818237
vt 0.514038 0.818237
vt 0.514038 0.817780
vt 0.849670 0.552124
vt 0.850037 0.552185
vt 0.850037 0.552551
vt 0.849670 0.552429
vt 0.855591 0.851105
vt 0.855957 0.850876
vt 0.855957 0.851303
vt 0.856262 0.781860
vt 0.855957 0.781982
vt 0.855774 0.781555
vt 0.855774 0.781189
vt 0.856079 0.781250
vt 0.853760 0.554565
vt 0.854065 0.554932
vt 0.854065 0.555298
vt 0.853760 0.555359
vt 0.855957 0.814270
vt 0.855652 0.814331
vt 0.855530 0.813660
vt 0.855835 0.813660
vt 0.485596 0.855469
vt 0.485596 0.854248
vt 0.485840 0.854126
vt 0.485840 0.855286
vt 0.785889 0.829346
vt 0.785645 0.829285
vt 0.785889 0.829041
vt 0.821716 0.853699
vt 0.821472 0.853699
vt 0.821411 0.853348
vt 0.855103 0.550018
vt 0.855225 0.550690
vt 0.854858 0.550842
vt 0.854858 0.550049
vt 0.855713 0.505798
vt 0.855713 0.507507
vt 0.855713 0.507950
vt 0.855347 0.508072
vt 0.855347 0.507538
vt 0.855347 0.505692
vt 0.855804 0.750610
vt 0.821960 0.853310
vt 0.822021 0.853661
vt 0.855713 0.581360
vt 0.855774 0.581055
vt 0.856018 0.580933
vt 0.856018 0.581238
vt 0.855957 0.581665
vt 0.855713 0.581665
vt 0.785797 0.833618
vt 0.785797 0.833984
vt 0.785614 0.833862
vt 0.485718 0.855957
vt 0.485474 0.855713
vt 0.485840 0.855652
vt 0.851746 0.558151
vt 0.851379 0.558281
vt 0.850769 0.558102
vt 0.850525 0.557671
vt 0.850708 0.556152
vt 0.850830 0.557587
vt 0.851379 0.557953
vt 0.851685 0.557453
vt 0.851868 0.556202
vt 0.852051 0.557430
vt 0.855103 0.505798
vt 0.855103 0.507507
vt 0.855103 0.506271
vt 0.852051 0.779663
vt 0.851440 0.777863
vt 0.851807 0.777161
vt 0.852173 0.777039
vt 0.852539 0.777069
vt 0.853027 0.777679
vt 0.853027 0.779388
vt 0.852417 0.779694
vt 0.852539 0.779327
vt 0.852783 0.778931
vt 0.852539 0.777771
vt 0.852539 0.777557
vt 0.852173 0.777374
vt 0.851929 0.777618
vt 0.851929 0.778015
vt 0.852051 0.779266
vt 0.485229 0.855164
vt 0.485352 0.854187
vt 0.485229 0.855591
vt 0.853882 0.789307
vt 0.853577 0.789246
vt 0.853699 0.788940
vt 0.854065 0.789001
vt 0.821777 0.854622
vt 0.851746 0.555649
vt 0.852051 0.556152
vt 0.851318 0.555649
vt 0.851379 0.555477
vt 0.851318 0.556107
vt 0.851013 0.555965
vt 0.850342 0.556438
vt 0.850647 0.555756
vt 0.821228 0.854912
vt 0.821472 0.855118
vt 0.512329 0.853485
vt 0.512085 0.853249
vt 0.512329 0.853096
vt 0.856018 0.582520
vt 0.855774 0.582397
vt 0.856018 0.582031
vt 0.820068 0.851440
vt 0.819702 0.851395
vt 0.819946 0.850937
vt 0.820312 0.851044
vt 0.820190 0.852615
vt 0.820679 0.852783
vt 0.820679 0.852982
vt 0.820190 0.852982
vt 0.855347 0.850861
vt 0.855347 0.849426
vt 0.855591 0.849960
vt 0.851685 0.779633
vt 0.851440 0.779114
vt 0.851318 0.777863
vt 0.856323 0.817261
vt 0.856079 0.817749
vt 0.855774 0.817749
vt 0.855896 0.817261
vt 0.856079 0.817017
vt 0.854736 0.533325
vt 0.855103 0.533508
vt 0.854980 0.533997
vt 0.853516 0.555237
vt 0.853516 0.554871
vt 0.515137 0.630356
vt 0.514832 0.630203
vt 0.514771 0.629547
vt 0.515015 0.629562
vt 0.515076 0.630127
vt 0.850708 0.558220
vt 0.851440 0.558441
vt 0.854492 0.533447
vt 0.855835 0.780823
vt 0.855957 0.780457
vt 0.856262 0.780579
vt 0.856049 0.749634
vt 0.819824 0.853104
vt 0.819946 0.852615
vt 0.820923 0.852646
vt 0.820801 0.851624
vt 0.820801 0.851166
vt 0.821167 0.852676
vt 0.820801 0.853302
vt 0.820435 0.853363
vt 0.515381 0.630005
vt 0.492371 0.855591
vt 0.492371 0.856140
vt 0.492004 0.856049
vt 0.854614 0.550049
vt 0.854492 0.548813
vt 0.855347 0.851303
vt 0.856323 0.571014
vt 0.855957 0.569580
vt 0.856323 0.569458
vt 0.855713 0.571167
vt 0.855713 0.569763
vt 0.850220 0.526550
vt 0.850464 0.526062
vt 0.850464 0.526550
vt 0.855957 0.849426
vt 0.855103 0.535583
vt 0.785767 0.833618
vt 0.785614 0.833374
vt 0.785767 0.833252
vt 0.856323 0.581299
vt 0.856323 0.581970
vt 0.489273 0.855591
vt 0.489273 0.856079
vt 0.488937 0.855835
vt 0.853394 0.789368
vt 0.853394 0.790466
vt 0.853149 0.788940
vt 0.853638 0.788635
vt 0.854004 0.788696
vt 0.854553 0.789185
vt 0.854370 0.790466
vt 0.854614 0.550705
vt 0.851868 0.558281
vt 0.500366 0.855530
vt 0.500427 0.856079
vt 0.500061 0.856079
vt 0.500122 0.855774
vt 0.855652 0.813232
vt 0.855957 0.813354
vt 0.856018 0.818359
vt 0.855835 0.818115
vt 0.856323 0.818115
vn 0.1674 0.8474 -0.5038
vn 0.1675 0.8481 -0.5026
vn 0.1713 0.8482 -0.5013
vn 0.4917 0.6822 0.5411
vn 0.4924 0.6827 0.5399
vn 0.4895 0.8522 0.1846
vn 0.4901 0.8519 0.1845
vn 0.4903 0.8517 0.1850
vn 0.4806 0.3036 -0.8227
vn 0.4803 0.3051 -0.8224
vn 0.4845 0.3003 -0.8216
vn 0.4984 -0.0125 -0.8669
vn 0.4761 -0.3434 -0.8096
vn 0.4823 -0.3473 -0.8042
vn 0.4892 -0.8531 -0.1814
vn 0.4893 -0.8531 -0.1810
vn 0.5064 -0.8511 -0.1384
vn 0.8109 -0.3371 -0.4784
vn 0.8097 -0.3370 -0.4804
vn 0.8101 -0.3433 -0.4753
vn 0.8114 -0.3429 -0.4733
vn 0.4842 -0.3153 0.8162
vn 0.4781 -0.3194 0.8182
vn 0.4778 -0.3206 0.8179
vn 0.4829 -0.3163 0.8166
vn 0.4901 -0.6634 0.5654
vn 0.4900 -0.6632 0.5657
vn 0.4963 -0.6493 0.5763
vn -0.8249 0.2770 -0.4928
vn -0.8232 0.3072 -0.4774
vn -0.8233 0.3070 -0.4774
vn -0.4905 -0.8476 0.2026
vn -0.4901 -0.8478 0.2025
vn -0.5051 -0.8472 0.1649
vn -0.5053 -0.8470 0.1650
vn 0.5720 -0.6577 -0.4901
vn 0.5600 -0.6726 -0.4837
vn 0.5599 -0.6727 -0.4837
vn -0.8122 -0.3200 0.4878
vn -0.8140 -0.3246 0.4818
vn -0.5168 -0.6943 0.5009
vn -0.5165 -0.6948 0.5004
vn -0.8121 -0.3213 0.4871
vn -0.4921 -0.6914 0.5290
vn -0.4912 -0.8497 0.1917
vn -0.4927 -0.8488 0.1917
vn -0.4911 -0.8496 0.1926
vn -0.5505 0.6706 -0.4973
vn -0.5524 0.6703 -0.4955
vn -0.1926 0.8493 -0.4916
vn -0.1926 0.8493 -0.4915
vn -0.4985 -0.0124 -0.8668
vn 0.5015 -0.8414 0.2013
vn 0.4864 -0.8574 0.1682
vn 0.4863 -0.8574 0.1681
vn -0.4948 0.6981 0.5175
vn -0.4946 0.6998 0.5154
vn -0.4918 0.7057 0.5101
vn 0.8205 0.3072 -0.4822
vn 0.5505 0.6751 -0.4911
vn 0.5504 0.6738 -0.4930
vn 0.8164 0.3095 -0.4876
vn -0.8186 0.3034 -0.4877
vn -0.8144 -0.3348 -0.4740
vn -0.8151 -0.3347 -0.4729
vn -0.8100 -0.3378 -0.4793
vn -0.8667 -0.0072 -0.4987
vn -0.8197 0.3084 -0.4827
vn -0.5299 0.6833 -0.5023
vn -0.5279 0.6856 -0.5013
vn -0.5232 0.6908 -0.4991
vn 0.4873 0.3230 0.8113
vn 0.4869 0.3235 0.8114
vn 0.4685 0.3000 0.8310
vn -0.4897 0.8520 0.1851
vn -0.4894 0.8522 0.1848
vn -0.4891 0.8523 0.1853
vn -0.4910 0.8471 -0.2032
vn -0.4910 0.8471 -0.2033
vn -0.5298 0.6985 0.4811
vn -0.5272 0.6994 0.4827
vn -0.5190 0.7037 0.4852
vn -0.5033 -0.8452 -0.1795
vn -0.4843 -0.8637 -0.1396
vn -0.5033 -0.8452 -0.1797
vn -0.0010 0.0080 1.0000
vn -0.0015 0.0050 1.0000
vn 0.0001 0.0144 0.9999
vn -0.0001 0.0142 0.9999
vn -0.0003 0.0142 0.9999
vn -0.0012 0.0102 0.9999
vn 0.0017 0.0122 0.9999
vn 0.0002 0.0143 0.9999
vn -0.0002 0.0142 0.9999
vn 0.0002 0.0142 0.9999
vn -0.8194 0.3175 0.4774
vn -0.8153 0.3209 0.4819
vn -0.8669 0.0071 0.4984
vn -0.8183 0.3186 0.4784
vn -1.0000 0.0001 -0.0000
vn -1.0000 0.0000 -0.0000
vn -1.0000 0.0004 -0.0000
vn -1.0000 0.0005 -0.0000
vn -1.0000 0.0000 -0.0001
vn -1.0000 -0.0005 -0.0000
vn 0.4979 -0.0123 -0.8671
vn 0.4983 -0.0124 -0.8669
vn 0.4984 -0.0124 -0.8669
vn 0.4755 -0.2885 -0.8311
vn 0.4745 -0.2885 -0.8316
vn 0.4866 -0.3056 -0.8184
vn -0.5679 -0.6670 -0.4823
vn -0.5675 -0.6667 -0.4832
vn -0.5546 -0.6736 -0.4887
vn -0.5542 -0.6736 -0.4889
vn 0.4902 -0.2654 0.8302
vn 0.4769 -0.2868 0.8308
vn 0.4901 -0.2647 0.8305
vn 0.8099 -0.3277 0.4865
vn 0.8096 -0.3281 0.4867
vn 0.8131 -0.3270 0.4816
vn 0.5156 -0.6954 0.5006
vn -0.0003 0.0144 0.9999
vn -0.0005 0.0148 0.9999
vn -0.0006 0.0143 0.9999
vn 0.0003 0.0144 0.9999
vn -0.4880 -0.2847 0.8251
vn -0.4744 -0.2672 0.8388
vn -0.4747 -0.2674 0.8386
vn -0.4889 -0.2846 0.8246
vn 0.4732 0.2975 -0.8292
vn 0.4733 0.2976 -0.8291
vn 0.4897 0.2658 -0.8304
vn -0.4858 0.3037 -0.8197
vn -0.4806 0.3017 -0.8234
vn -0.4913 0.6698 -0.5568
vn -0.4938 0.6707 -0.5535
vn -0.4855 0.3027 -0.8202
vn 1.0000 -0.0000 0.0000
vn 1.0000 -0.0001 0.0000
vn 0.4910 0.8577 0.1526
vn 0.4901 0.8527 -0.1811
vn 0.4901 0.8524 -0.1822
vn 0.4910 0.8575 0.1536
vn 0.8668 0.0072 0.4987
vn 0.8670 0.0071 0.4983
vn -0.4985 0.0124 0.8668
vn -0.4772 -0.3167 0.8198
vn -0.4816 -0.3207 0.8156
vn -0.1767 -0.8590 -0.4806
vn -0.5173 -0.7072 -0.4819
vn -0.5156 -0.7073 -0.4836
vn -0.4918 -0.8564 -0.1574
vn -0.4934 -0.7097 -0.5029
vn -0.4919 -0.7112 -0.5023
vn 0.4920 -0.6912 0.5293
vn 0.4923 -0.8487 0.1931
vn 0.4909 -0.8497 0.1925
vn 0.4919 -0.6911 0.5295
vn -0.4898 0.6837 0.5410
vn -0.4837 0.3215 0.8140
vn -0.4859 0.3216 0.8127
vn -0.4800 0.3260 0.8144
vn -0.4921 0.6815 0.5417
vn -0.5507 0.6766 0.4888
vn -0.1939 0.8505 0.4889
vn -0.1938 0.8505 0.4889
vn 0.4917 -0.8565 -0.1574
vn 0.4930 -0.7111 -0.5012
vn 0.4916 -0.8565 -0.1574
vn 0.4982 0.0122 0.8670
vn -0.4984 0.0122 0.8669
vn -0.1773 -0.8459 0.5031
vn 0.1735 -0.8468 0.5028
vn 0.1745 -0.8469 0.5023
vn 0.1747 -0.8463 0.5033
vn -0.1761 -0.8466 0.5023
vn 0.8185 0.2996 -0.4901
vn 0.8377 0.2753 -0.4716
vn 0.8380 0.2749 -0.4713
vn 1.0000 0.0003 0.0000
vn 0.4786 0.3230 0.8165
vn 0.4852 0.3240 0.8122
vn 0.4983 0.0124 0.8669
vn 0.8259 0.2849 0.4866
vn 0.8243 0.3159 0.4698
vn 0.8262 0.2843 0.4863
vn 0.8670 -0.0072 -0.4983
vn 0.8669 0.0070 0.4984
vn 0.5799 -0.6501 0.4911
vn 0.5604 -0.6612 0.4987
vn 0.5608 -0.6608 0.4988
vn -0.8669 -0.0073 -0.4984
vn -0.8669 -0.0072 -0.4984
vn -0.8670 0.0070 0.4982
vn -0.8670 0.0070 0.4983
vn -0.4931 0.8510 -0.1806
vn -0.4932 0.8506 -0.1822
vn -0.4906 0.8511 -0.1867
vn 0.8669 -0.0071 -0.4985
vn -0.4834 -0.3427 -0.8055
vn -0.4982 -0.0124 -0.8670
vn -0.4979 -0.0124 -0.8671
vn -0.4768 -0.3483 -0.8071
vn 0.1672 0.8611 0.4802
vn 0.1713 0.8591 0.4823
vn 0.1662 0.8616 0.4797
vn 0.4908 0.8472 -0.2032
vn 0.4943 0.6688 -0.5553
vn 0.4943 0.6696 -0.5544
vn -0.4931 0.8565 0.1524
vn -0.4907 0.8586 0.1486
vn -0.4932 0.8562 0.1536
vn -0.4909 -0.2855 -0.8231
vn -0.4905 -0.2857 -0.8233
vn -0.4765 -0.3080 -0.8235
vn -0.4770 -0.3075 -0.8234
vn 0.0018 -0.0119 -0.9999
vn 0.0001 -0.0144 -0.9999
vn -0.0000 -0.0141 -0.9999
vn -0.0014 -0.0086 -1.0000
vn -0.0014 -0.0088 -1.0000
vn -0.0011 -0.0144 -0.9999
vn -0.0002 -0.0143 -0.9999
vn -0.0009 -0.0143 -0.9999
vn 0.0012 -0.0104 -0.9999
vn 0.8150 0.3194 0.4834
vn 0.8156 0.3240 0.4794
vn 0.5475 0.6786 0.4896
vn 0.8152 0.3203 0.4826
vn 0.1949 0.8504 0.4887
vn 0.1957 0.8502 0.4887
vn 0.1963 0.8496 0.4895
vn 0.1959 0.8500 0.4890
vn -0.5580 -0.6669 0.4939
vn -0.5582 -0.6670 0.4936
vn -0.5709 -0.6510 0.5002
vn -0.5703 -0.6517 0.5001
vn 0.1947 0.8488 -0.4916
vn 0.5152 -0.7081 -0.4828
vn 0.1734 -0.8597 -0.4805
vn 0.1737 -0.8594 -0.4808
vn 0.1729 -0.8600 -0.4802
vn 0.5157 -0.7071 -0.4837
usemtl Steel_-_Satin.001
s 1
f 1357/3436/4307 1358/3437/4308 1377/3438/4309
f 1341/3439/4310 1336/3440/4311 1338/3441/4312 1351/3442/4313 1347/3443/4314
f 1373/3444/4315 1364/3445/4316 1366/3446/4317 1375/3447/4318 1389/3448/4319 1387/3449/4320
f 1360/3450/4321 1345/3451/4322 1357/3452/4323
f 1374/3453/4324 1386/3454/4325 1385/3455/4326 1383/3456/4327
f 1339/3457/4328 1344/3458/4329 1350/3459/4330 1353/3460/4331
f 1374/3461/4332 1360/3462/4333 1358/3463/4334
f 1357/3464/4335 1360/3465/4336 1374/3466/4337
f 1349/3467/4338 1377/3468/4339 1358/3469/4340 1357/3470/4341
f 1408/3471/4342 1404/3472/4343 1415/3473/4344
f 1376/3474/4345 1378/3475/4346 1379/3476/4347 1380/3477/4348 1368/3478/4349
f 1350/3479/4350 1362/3480/4351 1363/3481/4352 1365/3482/4353
f 1403/3483/4354 1402/3484/4355 1412/3485/4356 1413/3486/4357
f 1359/3487/4358 1346/3488/4358 1354/3489/4358 1368/3490/4358
f 1360/3491/4359 1357/3492/4360 1358/3493/4361
f 1391/3494/4362 1392/3495/4363 1370/3496/4364
f 1400/3497/4365 1411/3498/4366 1409/3499/4367 1398/3500/4368
f 1403/3501/4369 1396/3502/4370 1395/3503/4371 1379/3504/4372 1378/3505/4373 1402/3506/4374
f 1357/3436/4375 1374/3507/4376 1358/3437/4377
f 1371/3508/4378 1390/3509/4379 1391/3494/4380
f 1348/3510/4381 1342/3511/4382 1341/3512/4383 1347/3513/4384 1356/3514/4385 1355/3515/4385
f 1357/3516/4386 1359/3517/4387 1345/3518/4388
f 1349/3519/4389 1357/3520/4390 1367/3521/4391
f 1410/3522/4392 1414/3523/4393 1401/3524/4394 1393/3525/4395 1367/3526/4396 1394/3527/4397 1416/3528/4398 1405/3529/4399 1397/3530/4400 1399/3531/4401
f 1401/3532/4402 1402/3506/4403 1378/3505/4404 1376/3533/4404 1393/3534/4405
f 1362/3535/4406 1343/3536/4407 1342/3537/4408 1348/3538/4407 1355/3539/4407 1372/3540/4407 1388/3541/4407 1363/3542/4409 1370/3543/4407 1392/3544/4407 1395/3545/4410 1377/3546/4407 1349/3547/4407 1367/3548/4411 1368/3549/4410 1354/3550/4407
f 1384/3551/4412 1340/3552/4413 1346/3488/4414 1359/3487/4415 1357/3520/4416 1345/3553/4417
f 1407/3554/4418 1408/3555/4419 1415/3556/4420 1406/3557/4421
f 1369/3558/4422 1374/3461/4423 1358/3463/4424
f 1383/3559/4425 1385/3560/4426 1397/3530/4427 1384/3561/4428 1382/3562/4428
f 1405/3529/4399 1345/3563/4429 1359/3564/4430 1367/3526/4396 1393/3525/4395 1376/3565/4431 1368/3566/4429 1384/3561/4432 1397/3530/4400
f 1395/3567/4433 1369/3558/4434 1358/3463/4435 1377/3568/4436
f 1340/3569/4437 1352/3570/4438 1346/3571/4439
f 1373/3572/4440 1372/3573/4441 1355/3515/4442 1356/3514/4443 1364/3574/4444
f 1374/3575/4445 1375/3576/4445 1366/3577/4446 1360/3578/4445
f 1391/3579/4447 1346/3580/4448 1352/3581/4449 1371/3582/4450
f 1394/3583/4451 1367/3584/4452 1348/3585/4452 1408/3471/4452
f 1343/3536/4453 1362/3535/4454 1350/3586/4455 1344/3587/4453 1337/3588/4453
f 1395/3589/4456 1369/3590/4456 1381/3591/4456 1380/3592/4457 1379/3593/4458
f 1365/3594/4459 1363/3595/4459 1388/3596/4460 1387/3449/4461
f 1350/3479/4462 1365/3482/4463 1361/3597/4464 1353/3598/4465
f 1341/3599/4466 1342/3600/4467 1343/3601/4468 1337/3602/4469 1336/3603/4470
f 1402/3604/4471 1401/3524/4472 1414/3523/4473 1412/3605/4473
f 1365/3594/4474 1387/3449/4475 1389/3448/4476 1361/3606/4476
f 1391/3494/4477 1390/3509/4477 1374/3461/4477 1369/3558/4477
f 1391/3494/4478 1369/3558/4478 1395/3567/4478 1392/3495/4478
f 1380/3477/4479 1381/3607/4480 1382/3608/4481 1384/3609/4482 1368/3478/4483
f 1377/3438/4484 1348/3610/4485 1357/3436/4486
f 1389/3611/4445 1375/3576/4445 1374/3575/4445 1390/3612/4445 1371/3582/4445 1352/3581/4445 1340/3613/4445 1384/3614/4445 1345/3615/4445 1360/3578/4445 1366/3577/4446 1351/3442/4445 1338/3441/4445 1339/3616/4445 1353/3617/4487 1361/3618/4445
f 1338/3619/4488 1336/3603/4489 1337/3602/4490 1344/3458/4490 1339/3457/4490
f 1348/3620/4491 1367/3621/4492 1357/3622/4493
f 1354/3550/4407 1370/3543/4407 1363/3542/4409 1362/3535/4406
f 1386/3454/4494 1400/3497/4494 1398/3500/4494 1385/3455/4494
f 1385/3455/4495 1398/3500/4495 1399/3623/4495 1397/3624/4495
f 1408/3471/4496 1416/3625/4497 1394/3583/4498
f 1360/3626/4499 1407/3627/4499 1406/3628/4500
f 1407/3627/4501 1360/3626/4501 1345/3629/4502 1405/3630/4501
f 1346/3631/4503 1370/3632/4504 1354/3633/4505
f 1404/3472/4506 1408/3471/4506 1348/3585/4506 1377/3634/4506
f 1388/3596/4507 1372/3635/4508 1373/3444/4509 1387/3449/4510
f 1367/3636/4511 1359/3637/4512 1357/3638/4513
f 1356/3514/4514 1347/3513/4514 1351/3639/4514 1366/3640/4515 1364/3574/4516
f 1346/3641/4517 1391/3642/4518 1370/3643/4519
f 1357/3520/4520 1359/3487/4521 1368/3490/4522 1367/3521/4523
f 1415/3556/4524 1404/3644/4525 1396/3645/4526 1403/3646/4527 1413/3647/4528 1411/3648/4529 1400/3649/4530 1360/3650/4531 1406/3557/4532
f 1399/3623/4533 1398/3500/4534 1409/3499/4535 1410/3651/4536
f 1410/3522/4537 1409/3652/4538 1412/3605/4539 1414/3523/4540
f 1405/3653/4541 1416/3654/4542 1408/3655/4543 1407/3656/4544
f 1409/3657/4545 1411/3658/4545 1413/3486/4545 1412/3485/4545
f 1383/3659/4546 1382/3660/4547 1381/3591/4548 1369/3590/4549 1374/3661/4550
o MeshBody4_(21)_MeshBody4_(21).001
v 2.374477 1.750513 0.100599
v 2.371727 1.755915 0.100033
v 2.371727 1.750696 0.102177
v 2.368979 1.754880 0.098832
v 2.371727 1.758122 0.097186
v 2.371727 1.738655 0.102437
v 2.374477 1.752807 0.096429
v 2.374477 1.756684 0.096519
v 2.374477 1.736519 0.096833
v 2.374477 1.734464 0.099234
v 2.371727 1.737548 0.095633
v 2.371727 1.758944 0.093188
v 2.368979 1.757358 0.093225
v 2.368979 1.738757 0.100854
v 2.371727 1.733438 0.100434
v 2.374477 1.757358 0.093225
v 2.368979 1.738961 0.097688
v 2.368979 1.735570 0.095632
v 2.370435 1.752797 0.093318
v 2.371724 1.750895 0.090610
v 2.371724 1.751024 0.096107
v 2.374477 1.753712 0.091418
v 2.374477 1.735124 0.093705
v 2.374477 1.731951 0.093780
v 2.368979 1.732713 0.096988
v 2.368979 1.731951 0.093780
v 2.368979 1.754632 0.087717
v 2.371727 1.755625 0.086478
v 2.371727 1.730365 0.093818
v 2.374477 1.754632 0.087717
v 2.368565 1.752327 0.096078
v 2.366210 1.750202 0.096125
v 2.371717 1.747718 0.090679
v 2.371717 1.747853 0.096174
v 2.368979 1.735450 0.091762
v 2.371727 1.736920 0.092373
v 2.374477 1.749956 0.089293
v 2.368565 1.752200 0.090581
v 2.368494 1.748384 0.090664
v 2.362917 1.754244 0.093287
v 2.365031 1.749074 0.093399
v 2.371714 1.746199 0.093461
v 2.378414 1.749059 0.093399
v 2.374945 1.748506 0.096161
v 2.380555 1.754229 0.093287
v 2.378975 1.754322 0.090536
v 2.371727 1.733025 0.087058
v 2.368979 1.734129 0.088211
v 2.374477 1.736332 0.090514
v 2.374477 1.734129 0.088211
v 2.368979 1.738742 0.089534
v 2.364498 1.766227 0.095778
v 2.367658 1.765935 0.095784
v 2.364498 1.754329 0.090536
v 2.378975 1.754444 0.096032
v 2.380557 1.766318 0.093026
v 2.378975 1.766224 0.095778
v 2.378975 1.766125 0.090281
v 2.366171 1.770638 0.095713
v 2.364947 1.771603 0.092951
v 2.366171 1.770548 0.090217
v 2.367658 1.765835 0.090287
v 2.375815 1.765937 0.095784
v 2.374852 1.768509 0.090245
v 2.373633 1.767538 0.093008
v 2.370540 1.768175 0.092999
v 2.375700 1.773866 0.092917
v 2.375002 1.772483 0.095688
v 2.375002 1.772397 0.090189
v 2.371726 1.774780 0.092904
v 2.371723 1.773151 0.090178
v 2.371723 1.773236 0.095676
v 2.371718 1.769974 0.090225
v 2.371718 1.770065 0.095721
vt 0.515015 0.641129
vt 0.515015 0.640579
vt 0.515381 0.640564
vt 0.515381 0.641190
vt 0.515076 0.643631
vt 0.515015 0.643066
vt 0.515320 0.643066
vt 0.515381 0.643723
vt 0.515076 0.643875
vt 0.512939 0.854126
vt 0.512573 0.854736
vt 0.512390 0.854736
vt 0.512695 0.854248
vt 0.515381 0.639313
vt 0.515015 0.639297
vt 0.515137 0.638504
vt 0.515381 0.638657
vt 0.513062 0.854492
vt 0.512939 0.854858
vt 0.856079 0.548950
vt 0.856140 0.548218
vt 0.856445 0.548340
vt 0.856384 0.548950
vt 0.855713 0.515930
vt 0.855347 0.515945
vt 0.855347 0.514114
vt 0.855713 0.514221
vt 0.845276 0.502563
vt 0.845337 0.502319
vt 0.845520 0.502319
vt 0.845520 0.502686
vt 0.500671 0.853989
vt 0.500427 0.855392
vt 0.500183 0.855202
vt 0.500061 0.853981
vt 0.845520 0.502075
vt 0.853714 0.532837
vt 0.853806 0.533264
vt 0.853424 0.533264
vt 0.853516 0.532959
vt 0.514771 0.639313
vt 0.514771 0.638657
vt 0.500549 0.853767
vt 0.500977 0.853851
vt 0.500916 0.854301
vt 0.500671 0.855545
vt 0.856323 0.609009
vt 0.856262 0.609497
vt 0.855896 0.609497
vt 0.856018 0.608887
vt 0.848511 0.552002
vt 0.848755 0.551819
vt 0.848755 0.552063
vt 0.855957 0.609863
vt 0.855713 0.609863
vt 0.855713 0.609497
vt 0.488403 0.853600
vt 0.488159 0.853821
vt 0.488037 0.853386
vt 0.513062 0.855225
vt 0.512512 0.855469
vt 0.785645 0.831390
vt 0.785889 0.831329
vt 0.785889 0.831635
vt 0.855713 0.516556
vt 0.855347 0.516495
vt 0.853882 0.806091
vt 0.854004 0.805664
vt 0.854248 0.806091
vt 0.856323 0.610107
vt 0.856018 0.610229
vt 0.512329 0.854980
vt 0.856201 0.508057
vt 0.856079 0.508438
vt 0.855835 0.508087
vt 0.856445 0.549316
vt 0.856140 0.549561
vt 0.855835 0.549194
vt 0.855835 0.548950
vt 0.855103 0.516373
vt 0.855103 0.514694
vt 0.855103 0.514221
vt 0.853638 0.782867
vt 0.853760 0.782990
vt 0.853027 0.783264
vt 0.853027 0.783112
vt 0.854248 0.541809
vt 0.854248 0.543976
vt 0.853638 0.544220
vt 0.853271 0.544144
vt 0.852905 0.543518
vt 0.853027 0.541809
vt 0.853638 0.541534
vt 0.848267 0.552429
vt 0.848755 0.552429
vt 0.500366 0.853798
vt 0.823425 0.855682
vt 0.822998 0.855576
vt 0.823181 0.855392
vt 0.823486 0.855301
vt 0.484680 0.853516
vt 0.484558 0.852280
vt 0.484863 0.852264
vt 0.485168 0.853638
vt 0.485474 0.853790
vt 0.485779 0.853622
vt 0.485718 0.852173
vt 0.486084 0.852112
vt 0.486084 0.853821
vt 0.485535 0.854126
vt 0.485168 0.854095
vt 0.855713 0.623230
vt 0.855713 0.622559
vt 0.855957 0.622498
vt 0.855957 0.623291
vt 0.515015 0.641800
vt 0.515076 0.641251
vt 0.515381 0.641373
vt 0.855957 0.623657
vt 0.856201 0.623230
vt 0.856323 0.623535
vt 0.853271 0.782745
vt 0.853516 0.782349
vt 0.853516 0.780914
vt 0.853149 0.780762
vt 0.852539 0.780640
vt 0.853149 0.780426
vt 0.853760 0.780701
vt 0.514771 0.641815
vt 0.514832 0.641190
vt 0.845093 0.502930
vt 0.844971 0.502563
vt 0.855835 0.548218
vt 0.823486 0.853851
vt 0.823181 0.855057
vt 0.823120 0.853912
vt 0.822815 0.855118
vt 0.822876 0.854111
vt 0.500122 0.855545
vt 0.856079 0.507767
vt 0.855713 0.507767
vt 0.514771 0.643524
vt 0.487915 0.851952
vt 0.488281 0.851982
vt 0.852661 0.783020
vt 0.852295 0.782318
vt 0.852783 0.780884
vt 0.852783 0.782166
vt 0.852661 0.782593
vt 0.855042 0.753113
vt 0.855347 0.753006
vt 0.855347 0.755402
vt 0.855042 0.755280
vt 0.514771 0.640564
vt 0.856323 0.567566
vt 0.855957 0.566132
vt 0.856323 0.566010
vt 0.856323 0.622620
vt 0.855652 0.753113
vt 0.855652 0.755280
vt 0.488525 0.851898
vt 0.488647 0.853333
vt 0.853760 0.842838
vt 0.854126 0.842531
vt 0.854126 0.843061
vt 0.855713 0.567719
vt 0.855713 0.566315
vt 0.855011 0.838196
vt 0.854523 0.838318
vt 0.854218 0.838501
vt 0.854279 0.839111
vt 0.855011 0.840149
vt 0.853790 0.838928
vt 0.853943 0.838318
vt 0.854218 0.838074
vt 0.512939 0.855713
vt 0.512634 0.855835
vt 0.822815 0.855530
vt 0.856201 0.507416
vt 0.856201 0.507858
vt 0.484924 0.851578
vt 0.485229 0.851456
vt 0.485840 0.851669
vt 0.485291 0.851791
vt 0.855713 0.623535
vt 0.488647 0.849976
vt 0.488525 0.850471
vt 0.488525 0.851494
vt 0.487915 0.851730
vt 0.487671 0.850555
vt 0.487915 0.850182
vt 0.488281 0.850143
vt 0.844971 0.502197
vn 0.8092 -0.3236 0.4904
vn 0.8087 -0.3243 0.4908
vn 0.8126 -0.3227 0.4854
vn 0.8135 -0.3218 0.4845
vn 0.4852 0.3316 0.8091
vn 0.4855 0.3321 0.8087
vn 0.4802 0.3300 0.8127
vn 0.4886 0.6881 0.5365
vn 0.4894 0.6888 0.5349
vn -0.5159 -0.6896 0.5082
vn -0.1763 -0.8407 0.5119
vn -0.1757 -0.8408 0.5119
vn -0.5158 -0.6897 0.5083
vn 0.8169 0.3197 0.4801
vn 0.8189 0.3222 0.4749
vn 0.5466 0.6861 0.4800
vn 0.8164 0.3215 0.4798
vn -0.5162 -0.7120 -0.4760
vn -0.1768 -0.8641 -0.4713
vn -0.1762 -0.8639 -0.4719
vn -0.1768 -0.8640 -0.4713
vn 0.4925 -0.8577 -0.1477
vn 0.4940 -0.7143 -0.4957
vn 0.4928 -0.8575 -0.1474
vn -0.8669 -0.0108 -0.4984
vn -0.8184 0.3078 -0.4853
vn -0.8165 0.3034 -0.4911
vn 0.4919 0.8588 0.1431
vn 0.4941 0.8583 0.1384
vn 0.4927 0.8590 0.1392
vn 0.4912 0.8591 0.1437
vn -0.4984 -0.0187 -0.8667
vn 0.4923 0.6776 -0.5464
vn 0.4913 0.6791 -0.5454
vn 0.4892 0.6846 -0.5404
vn -0.5242 0.6853 -0.5056
vn -0.5293 0.6788 -0.5090
vn -0.5275 0.6806 -0.5084
vn -0.5227 0.6861 -0.5061
vn 0.8148 0.3087 -0.4907
vn 0.8191 0.3060 -0.4853
vn 0.5481 0.6703 -0.5003
vn 0.5462 0.6713 -0.5010
vn 0.4738 -0.2952 -0.8297
vn 0.4881 -0.3117 -0.8152
vn 0.4982 -0.0187 -0.8669
vn 0.4981 -0.0187 -0.8669
vn 0.4986 -0.0186 -0.8667
vn 0.4729 -0.2951 -0.8302
vn -0.4907 0.8449 -0.2131
vn -0.4906 0.8449 -0.2131
vn -0.4931 0.6653 -0.5606
vn 0.1664 0.8666 0.4705
vn 0.1671 0.8657 0.4719
vn 0.1712 0.8643 0.4730
vn 0.4902 0.8538 0.1751
vn 0.4897 0.8541 0.1752
vn 0.4903 0.8539 0.1747
vn 0.5771 -0.6481 0.4969
vn 0.5584 -0.6581 0.5051
vn 0.5588 -0.6577 0.5052
vn 0.1737 -0.8647 -0.4713
vn 0.5163 -0.7120 -0.4759
vn 0.5150 -0.7130 -0.4759
vn -0.5054 -0.8450 0.1746
vn -0.4896 -0.8456 0.2127
vn -0.4899 -0.8455 0.2125
vn -0.8153 -0.3381 -0.4701
vn -0.8157 -0.3385 -0.4691
vn -0.8108 -0.3420 -0.4750
vn -0.8105 -0.3415 -0.4760
vn -1.0000 -0.0004 0.0000
vn -1.0000 -0.0002 0.0001
vn -1.0000 0.0003 0.0003
vn -0.4893 0.8544 0.1750
vn -0.4922 0.6865 0.5352
vn -0.4927 0.6865 0.5347
vn -0.4899 0.8540 0.1752
vn -0.4903 0.8537 0.1755
vn 0.1724 -0.8412 0.5124
vn 0.1727 -0.8415 0.5118
vn 0.5145 -0.6909 0.5078
vn 0.1729 -0.8412 0.5124
vn 0.5740 -0.6602 -0.4844
vn 0.5618 -0.6752 -0.4781
vn 0.5621 -0.6750 -0.4779
vn 0.4907 -0.6870 0.5359
vn 0.4910 -0.6874 0.5352
vn 0.4913 -0.8471 0.2026
vn 0.4900 -0.8480 0.2017
vn -0.4915 -0.8472 0.2014
vn -0.4917 -0.8472 0.2013
vn -0.4909 -0.8474 0.2022
vn -0.4907 -0.6878 0.5349
vn -0.8122 -0.3168 0.4900
vn -0.8198 0.3184 0.4760
vn -0.8205 0.3183 0.4748
vn -0.8167 0.3210 0.4795
vn -0.8129 -0.3214 0.4857
vn -0.8131 -0.3219 0.4850
vn 0.4939 0.6633 -0.5622
vn 0.4933 0.6649 -0.5608
vn 0.4905 0.8450 -0.2131
vn -1.0000 0.0000 0.0000
vn -1.0000 0.0003 -0.0000
vn -0.5226 0.7067 0.4769
vn -0.5312 0.7025 0.4736
vn -0.5286 0.7041 0.4742
vn -0.5207 0.7080 0.4770
vn -0.4899 -0.2922 -0.8213
vn -0.4902 -0.2921 -0.8212
vn -0.4778 -0.3138 -0.8205
vn -0.4776 -0.3143 -0.8204
vn 0.5018 -0.8389 0.2109
vn 0.4859 -0.8557 0.1781
vn 0.4947 -0.6442 0.5834
vn 0.4893 -0.6577 0.5728
vn 0.0001 0.0216 0.9998
vn 0.0012 0.0154 0.9999
vn 0.0005 0.0215 0.9998
vn 0.0002 0.0216 0.9998
vn -0.0002 0.0148 0.9999
vn -0.0011 0.0216 0.9998
vn -0.1932 0.8423 -0.5032
vn -0.5501 0.6661 -0.5036
vn -0.5511 0.6659 -0.5028
vn 0.4765 -0.3139 0.8213
vn 0.4760 -0.3150 0.8211
vn 0.4820 -0.3099 0.8195
vn 0.4984 0.0187 0.8667
vn 0.1952 0.8569 0.4772
vn 1.0000 0.0001 -0.0000
vn 1.0000 0.0000 -0.0000
vn -0.4771 -0.3104 0.8222
vn -0.4756 -0.3107 0.8229
vn -0.4822 -0.3130 0.8182
vn -0.4826 -0.3139 0.8177
vn -0.4949 0.7031 0.5106
vn -0.4951 0.7046 0.5083
vn -0.4919 0.7108 0.5029
vn -0.4926 -0.8576 -0.1477
vn -0.4942 -0.7137 -0.4964
vn -0.4942 -0.7138 -0.4963
vn -0.4933 -0.8572 -0.1479
vn 0.4981 0.0186 0.8669
vn 0.4984 0.0187 0.8668
vn 0.4985 0.0185 0.8667
vn -0.4981 0.0188 0.8669
vn -0.4983 0.0186 0.8668
vn -0.4979 0.0188 0.8670
vn -0.4915 0.6834 -0.5398
vn -0.4884 0.6790 -0.5481
vn -0.4897 0.6795 -0.5463
vn -0.5716 -0.6688 -0.4754
vn -0.5714 -0.6681 -0.4767
vn -0.5563 -0.6766 -0.4824
vn -0.5570 -0.6758 -0.4828
vn 0.4892 -0.2588 0.8329
vn 0.4764 -0.2803 0.8333
vn 0.4892 -0.2587 0.8329
vn -0.4861 0.3293 0.8095
vn -0.4987 0.0187 0.8666
vn -0.4810 0.3324 0.8113
vn -0.4803 0.3333 0.8113
vn 0.8670 0.0107 0.4983
vn 0.8669 0.0107 0.4983
vn 1.0000 0.0000 -0.0001
vn 1.0000 0.0006 -0.0001
vn -0.4794 0.2949 -0.8266
vn -0.4845 0.2968 -0.8229
vn -0.4788 -0.3535 -0.8036
vn -0.4844 -0.3491 -0.8022
vn 0.8666 0.0107 0.4989
vn 0.8670 -0.0109 -0.4983
vn -0.8670 -0.0109 -0.4983
vn -0.1932 0.8573 0.4772
vn -0.5487 0.6831 0.4819
vn -0.1932 0.8573 0.4771
vn -0.1930 0.8572 0.4774
vn 0.4798 0.2983 -0.8251
vn 0.4846 0.2945 -0.8237
vn 0.4781 -0.3495 -0.8058
vn 0.4840 -0.3515 -0.8014
vn 0.8673 -0.0107 -0.4977
vn 0.8669 -0.0108 -0.4983
vn 0.4895 -0.8550 -0.1714
vn 0.4892 -0.8552 -0.1713
vn 0.5067 -0.8525 -0.1283
vn -0.8670 0.0106 0.4982
vn -0.0008 -0.0217 -0.9998
vn 0.0005 -0.0146 -0.9999
vn -0.0003 -0.0147 -0.9999
vn -0.0005 -0.0215 -0.9998
vn -0.0003 -0.0211 -0.9998
vn -0.0004 -0.0148 -0.9999
vn -0.0004 -0.0149 -0.9999
vn -0.0005 -0.0154 -0.9999
vn 0.8110 -0.3411 -0.4753
vn 0.8104 -0.3407 -0.4766
vn 0.8117 -0.3460 -0.4706
vn 0.8121 -0.3465 -0.4696
vn -0.4730 -0.2614 0.8414
vn -0.4741 -0.2609 0.8409
vn -0.4886 -0.2784 0.8269
vn -0.4877 -0.2786 0.8273
vn -0.5687 -0.6486 0.5059
vn -0.5685 -0.6487 0.5060
vn -0.5565 -0.6633 0.5003
vn -0.5567 -0.6634 0.5000
vn -0.0001 0.0147 0.9999
vn 0.1952 0.8418 -0.5032
vn -1.0000 0.0000 -0.0001
vn -1.0000 -0.0000 0.0001
vn -1.0000 0.0003 0.0002
vn -0.4921 0.8493 -0.1914
vn -0.4901 0.8493 -0.1964
vn -0.4930 0.8582 0.1429
vn -0.4909 0.8601 0.1386
usemtl Steel_-_Satin.001
s 1
f 1459/3662/4551 1461/3663/4552 1471/3664/4553 1460/3665/4554
f 1418/3666/4555 1419/3667/4556 1417/3668/4557 1424/3669/4558 1421/3670/4559
f 1457/3671/4560 1458/3672/4561 1450/3673/4562 1448/3674/4563
f 1473/3675/4564 1472/3676/4565 1483/3677/4566 1484/3678/4567
f 1457/3671/4568 1455/3679/4569 1449/3680/4570 1458/3672/4571
f 1445/3681/4572 1463/3682/4573 1466/3683/4572 1440/3684/4574
f 1470/3685/4575 1456/3686/4575 1476/3687/4576 1477/3688/4577
f 1452/3689/4578 1427/3690/4579 1439/3691/4580 1465/3692/4581
f 1437/3693/4582 1427/3694/4582 1433/3695/4582 1448/3696/4582
f 1427/3690/4583 1425/3697/4584 1439/3691/4585
f 1435/3698/4586 1438/3699/4587 1453/3700/4588 1436/3701/4589
f 1472/3676/4590 1474/3702/4591 1485/3703/4592 1483/3677/4593
f 1435/3704/4594 1423/3705/4595 1460/3706/4596 1425/3707/4597 1427/3694/4598 1437/3693/4599
f 1443/3708/4600 1429/3709/4601 1428/3710/4600 1444/3711/4602
f 1435/3712/4603 1447/3713/4604 1437/3714/4605
f 1428/3710/4606 1421/3715/4607 1424/3716/4607 1432/3717/4608
f 1482/3718/4609 1490/3719/4610 1469/3720/4611
f 1449/3680/4612 1453/3721/4613 1459/3722/4614 1458/3672/4612
f 1436/3723/4615 1435/3724/4616 1454/3725/4617
f 1470/3685/4618 1455/3726/4619 1457/3727/4620 1456/3686/4621
f 1451/3728/4622 1467/3729/4623 1464/3730/4624
f 1429/3709/4625 1420/3731/4626 1418/3732/4627 1421/3715/4628 1428/3710/4629
f 1450/3673/4630 1458/3672/4631 1459/3722/4632 1460/3733/4633
f 1482/3734/4634 1478/3735/4635 1489/3736/4636
f 1426/3737/4637 1431/3738/4638 1445/3681/4639 1440/3684/4640
f 1441/3739/4641 1442/3740/4642 1445/3681/4643 1431/3738/4644
f 1448/3741/4645 1468/3742/4646 1475/3743/4647 1476/3687/4648 1456/3686/4649 1457/3727/4650
f 1446/3744/4651 1444/3745/4652 1428/3746/4653 1432/3747/4653
f 1443/3748/4654 1464/3749/4654 1442/3750/4654 1441/3751/4654 1430/3752/4654 1420/3753/4654 1429/3754/4655
f 1438/3755/4656 1435/3712/4657 1437/3714/4658 1423/3756/4659
f 1435/3704/4660 1437/3693/4661 1448/3696/4662 1447/3757/4663
f 1438/3758/4664 1435/3759/4665 1436/3760/4666 1453/3761/4667
f 1471/3762/4668 1473/3763/4669 1479/3764/4670 1423/3765/4671 1437/3766/4671 1447/3767/4671 1469/3768/4672 1468/3769/4673 1448/3770/4671 1450/3771/4671 1460/3772/4671
f 1487/3773/4674 1477/3774/4675 1476/3775/4676 1486/3776/4674
f 1422/3777/4677 1431/3778/4678 1426/3779/4679 1417/3668/4680 1419/3667/4680
f 1483/3780/4681 1486/3776/4681 1488/3781/4681 1484/3782/4681
f 1446/3744/4682 1438/3783/4683 1453/3784/4683 1465/3785/4683 1439/3786/4682 1426/3787/4683 1440/3788/4683 1466/3789/4683
f 1430/3790/4684 1441/3791/4685 1431/3778/4686 1422/3777/4687
f 1452/3689/4688 1467/3792/4689 1451/3793/4690
f 1442/3740/4691 1464/3794/4692 1463/3682/4693 1445/3681/4694
f 1465/3795/4695 1453/3761/4696 1449/3796/4695 1452/3797/4697
f 1452/3797/4698 1449/3796/4699 1455/3798/4699 1467/3799/4700
f 1433/3695/4701 1427/3694/4702 1434/3800/4703
f 1481/3801/4704 1482/3734/4705 1489/3736/4706 1480/3802/4707
f 1449/3796/4708 1453/3761/4709 1436/3760/4710
f 1420/3803/4711 1430/3790/4712 1422/3777/4712 1419/3667/4713 1418/3666/4714
f 1469/3720/4715 1447/3804/4716 1435/3805/4715 1482/3718/4716
f 1446/3744/4682 1432/3747/4717 1424/3806/4718 1417/3807/4683 1426/3787/4683 1439/3786/4682 1425/3808/4683 1460/3809/4683 1423/3810/4717 1438/3783/4683
f 1443/3811/4719 1444/3812/4720 1463/3813/4721 1464/3814/4722
f 1461/3663/4716 1472/3676/4723 1473/3675/4716 1471/3664/4716
f 1461/3663/4724 1462/3815/4724 1474/3702/4724 1472/3676/4724
f 1438/3816/4725 1481/3817/4725 1480/3818/4725
f 1486/3776/4726 1476/3775/4727 1475/3819/4728 1488/3781/4729
f 1444/3812/4730 1446/3820/4731 1466/3821/4732 1463/3813/4733
f 1482/3718/4734 1435/3805/4735 1454/3822/4735 1478/3823/4735
f 1438/3824/4736 1423/3825/4737 1435/3826/4738
f 1423/3827/4739 1479/3828/4739 1481/3817/4739 1438/3816/4739
f 1474/3829/4740 1480/3830/4741 1489/3831/4742 1478/3832/4743 1470/3833/4744 1477/3834/4745 1487/3835/4746 1485/3836/4747
f 1453/3721/4748 1462/3837/4749 1461/3838/4750 1459/3722/4751
f 1449/3796/4752 1436/3760/4753 1454/3839/4754 1455/3798/4755
f 1482/3734/4756 1481/3801/4757 1479/3840/4758 1490/3841/4759
f 1484/3842/4760 1488/3843/4760 1475/3844/4760 1468/3769/4673 1469/3768/4672 1490/3845/4760 1479/3764/4670 1473/3763/4669
f 1483/3780/4761 1485/3846/4761 1487/3773/4761 1486/3776/4761
f 1464/3847/4624 1467/3848/4623 1455/3849/4762 1454/3822/4763 1435/3805/4762 1447/3804/4764 1448/3850/4763 1433/3851/4763 1434/3852/4654 1451/3853/4622
f 1451/3793/4765 1434/3854/4766 1427/3690/4767 1452/3689/4768
o MeshBody4_(22)_MeshBody4_(22).001
v 2.374477 1.718180 0.101500
v 2.371727 1.723574 0.100830
v 2.371727 1.718382 0.103073
v 2.368979 1.722525 0.099648
v 2.374477 1.706598 0.098806
v 2.371727 1.725747 0.097940
v 2.374477 1.720425 0.097284
v 2.374477 1.724302 0.097300
v 2.371727 1.705161 0.096778
v 2.371727 1.726523 0.093927
v 2.368979 1.724937 0.093994
v 2.371727 1.701108 0.101659
v 2.374477 1.724937 0.093994
v 2.374477 1.703184 0.096814
v 2.374477 1.700344 0.098226
v 2.368979 1.706598 0.098806
v 2.368979 1.703184 0.096814
v 2.368979 1.702120 0.100438
v 2.370435 1.720379 0.094173
v 2.371724 1.718446 0.091501
v 2.371724 1.718638 0.096996
v 2.374477 1.699545 0.095031
v 2.368979 1.699545 0.095031
v 2.368979 1.722149 0.088538
v 2.371727 1.723127 0.087279
v 2.371727 1.697959 0.095098
v 2.374477 1.722149 0.088538
v 2.368565 1.719940 0.096942
v 2.366210 1.717817 0.097029
v 2.371717 1.715271 0.091630
v 2.374945 1.715925 0.091603
v 2.371717 1.715470 0.097124
v 2.374887 1.719745 0.091448
v 2.373711 1.720905 0.094151
v 2.368979 1.703019 0.092946
v 2.371727 1.704495 0.093531
v 2.374477 1.703019 0.092946
v 2.368565 1.719751 0.091448
v 2.368494 1.715936 0.091603
v 2.362917 1.721825 0.094115
v 2.365031 1.716658 0.094325
v 2.367846 1.714587 0.094409
v 2.371714 1.713785 0.094441
v 2.375589 1.714574 0.094409
v 2.378414 1.716643 0.094325
v 2.374945 1.716123 0.097097
v 2.380555 1.721810 0.094115
v 2.378975 1.721871 0.091363
v 2.371727 1.700541 0.088288
v 2.368979 1.701657 0.089419
v 2.374477 1.701657 0.089419
v 2.374477 1.706284 0.090655
v 2.368979 1.706284 0.090655
v 2.364498 1.733836 0.096478
v 2.367658 1.733544 0.096483
v 2.364498 1.721878 0.091361
v 2.380557 1.733895 0.093727
v 2.378975 1.733833 0.096478
v 2.378975 1.733670 0.090981
v 2.366171 1.738246 0.096382
v 2.364947 1.739180 0.093613
v 2.366171 1.738092 0.090886
v 2.367658 1.733381 0.090988
v 2.375815 1.733547 0.096483
v 2.374852 1.736054 0.090930
v 2.373633 1.735116 0.093700
v 2.370540 1.735752 0.093687
v 2.375700 1.741442 0.093563
v 2.375002 1.740092 0.096342
v 2.375002 1.739942 0.090846
v 2.371726 1.742356 0.093544
v 2.371723 1.740695 0.090830
v 2.371723 1.740844 0.096326
v 2.371718 1.737519 0.090899
v 2.371718 1.737674 0.096395
vt 0.515320 0.838501
vt 0.515442 0.839142
vt 0.515137 0.839294
vt 0.515015 0.838501
vt 0.854614 0.559235
vt 0.854370 0.558929
vt 0.854370 0.558563
vt 0.854614 0.557648
vt 0.854858 0.557709
vt 0.854614 0.558899
vt 0.855469 0.794937
vt 0.855469 0.795364
vt 0.855469 0.796448
vt 0.855225 0.796555
vt 0.855225 0.794830
vt 0.512085 0.851624
vt 0.512329 0.851379
vt 0.512329 0.851990
vt 0.855713 0.502472
vt 0.855347 0.502579
vt 0.855347 0.500748
vt 0.855347 0.500198
vt 0.855713 0.500305
vt 0.855713 0.501999
vt 0.856262 0.835083
vt 0.855957 0.835205
vt 0.855896 0.834839
vt 0.856201 0.834839
vt 0.839844 0.851257
vt 0.839905 0.850952
vt 0.840271 0.851135
vt 0.840576 0.851562
vt 0.840393 0.851746
vt 0.851440 0.738708
vt 0.851196 0.737976
vt 0.851562 0.737915
vt 0.851807 0.738525
vt 0.778564 0.854675
vt 0.778687 0.855042
vt 0.778320 0.854797
vt 0.854187 0.773407
vt 0.853577 0.773682
vt 0.853638 0.773254
vt 0.853882 0.773132
vt 0.853882 0.772736
vt 0.854004 0.771729
vt 0.853821 0.771362
vt 0.853394 0.771362
vt 0.853149 0.771729
vt 0.853271 0.772736
vt 0.853271 0.773193
vt 0.853271 0.773590
vt 0.852844 0.772919
vt 0.853271 0.771057
vt 0.853577 0.770996
vt 0.854187 0.771240
vt 0.854370 0.804321
vt 0.854004 0.804626
vt 0.854248 0.803894
vt 0.854492 0.804016
vt 0.855103 0.559021
vt 0.855103 0.557861
vt 0.855652 0.773438
vt 0.855469 0.773315
vt 0.855591 0.772705
vt 0.855774 0.772705
vt 0.854858 0.787354
vt 0.854492 0.787476
vt 0.854370 0.785400
vt 0.854614 0.785461
vt 0.515015 0.709290
vt 0.514893 0.708984
vt 0.515259 0.708862
vt 0.515381 0.709229
vt 0.515137 0.709412
vt 0.856140 0.773926
vt 0.855774 0.773926
vt 0.855713 0.773804
vt 0.855957 0.773438
vt 0.855835 0.794876
vt 0.855835 0.796265
vt 0.839172 0.851013
vt 0.839539 0.850891
vt 0.839478 0.851196
vt 0.839172 0.851257
vt 0.854858 0.559143
vt 0.855835 0.796692
vt 0.855469 0.796509
vt 0.514282 0.805420
vt 0.514282 0.806030
vt 0.514038 0.805847
vt 0.780151 0.853394
vt 0.780640 0.853394
vt 0.780396 0.853775
vt 0.779785 0.853531
vt 0.839539 0.851501
vt 0.839294 0.851624
vt 0.839233 0.852844
vt 0.838928 0.851807
vt 0.840332 0.852783
vt 0.839905 0.851562
vt 0.852539 0.738525
vt 0.852661 0.738281
vt 0.852661 0.737915
vt 0.852051 0.737061
vt 0.852783 0.737732
vt 0.852783 0.738403
vt 0.852661 0.738708
vt 0.851807 0.738220
vt 0.839844 0.852783
vt 0.840149 0.852844
vt 0.840027 0.853149
vt 0.839661 0.853027
vt 0.856140 0.772827
vt 0.515442 0.836609
vt 0.515320 0.837250
vt 0.515015 0.837250
vt 0.515076 0.836670
vt 0.515137 0.836456
vt 0.778076 0.854614
vt 0.778442 0.854370
vt 0.514771 0.708618
vt 0.514771 0.708252
vt 0.515137 0.708557
vt 0.781006 0.853531
vt 0.780762 0.853043
vt 0.780640 0.852036
vt 0.780640 0.851624
vt 0.780396 0.851578
vt 0.780151 0.851624
vt 0.780151 0.851852
vt 0.779907 0.853043
vt 0.779785 0.851364
vt 0.780396 0.851089
vt 0.781006 0.851364
vt 0.854492 0.805664
vt 0.854858 0.805603
vt 0.856201 0.799622
vt 0.855957 0.799683
vt 0.855835 0.798950
vt 0.856201 0.798950
vt 0.851562 0.737610
vt 0.851807 0.737122
vt 0.851929 0.737427
vt 0.851685 0.737671
vt 0.514282 0.821178
vt 0.514038 0.820923
vt 0.514282 0.820740
vt 0.855896 0.834473
vt 0.855957 0.833984
vt 0.856262 0.834106
vt 0.514038 0.824097
vt 0.514160 0.823730
vt 0.514282 0.824097
vt 0.488342 0.856079
vt 0.487976 0.856079
vt 0.487976 0.855713
vt 0.488342 0.855713
vt 0.778687 0.855469
vt 0.778320 0.855591
vt 0.780518 0.853241
vt 0.780640 0.852097
vt 0.854248 0.787292
vt 0.854126 0.785400
vt 0.855103 0.500763
vt 0.855103 0.502472
vt 0.851196 0.737549
vt 0.851440 0.736938
vt 0.852295 0.738098
vt 0.852295 0.738403
vt 0.785889 0.820892
vt 0.785889 0.821350
vt 0.785645 0.821014
vt 0.854614 0.803406
vt 0.854858 0.803650
vt 0.855896 0.562653
vt 0.855713 0.562408
vt 0.855713 0.560974
vt 0.855957 0.561035
vt 0.854614 0.784790
vt 0.854858 0.784973
vt 0.856262 0.562408
vt 0.856262 0.560974
vt 0.853882 0.804504
vt 0.854004 0.803894
vt 0.804810 0.855225
vt 0.804810 0.855591
vt 0.804443 0.855591
vt 0.804443 0.855347
vt 0.840576 0.853149
vt 0.840088 0.853455
vt 0.839783 0.853394
vt 0.514771 0.707764
vt 0.515137 0.707092
vt 0.515381 0.707214
vt 0.779663 0.853638
vt 0.779419 0.851822
vt 0.779663 0.851257
vt 0.785889 0.825562
vt 0.785889 0.825928
vt 0.785645 0.825684
vt 0.804626 0.855957
vt 0.855957 0.798584
vt 0.856201 0.798706
vt 0.778442 0.855774
vt 0.778076 0.855957
vt 0.778076 0.855774
vt 0.778687 0.855713
vn 0.8184 0.3029 -0.4884
vn 0.5468 0.6654 -0.5082
vn 0.5443 0.6662 -0.5099
vn 0.8142 0.3051 -0.4940
vn 0.4730 -0.3104 -0.8246
vn 0.4867 -0.3268 -0.8102
vn 0.4980 -0.0353 -0.8665
vn 0.4980 -0.0352 -0.8664
vn 0.4722 -0.3105 -0.8250
vn -0.8250 0.2649 -0.4992
vn -0.8669 -0.0162 -0.4981
vn -0.8669 -0.0162 -0.4982
vn -0.8237 0.2946 -0.4845
vn 0.5747 -0.6450 0.5037
vn 0.5573 -0.6540 0.5115
vn 0.5575 -0.6537 0.5118
vn -0.8211 0.3219 0.4715
vn -0.8172 0.3245 0.4763
vn -0.8150 -0.3106 0.4892
vn -0.8140 -0.3130 0.4894
vn -0.8123 -0.3089 0.4947
vn -0.8202 0.3228 0.4722
vn 0.4898 0.8562 0.1645
vn 0.4892 0.8564 0.1651
vn 0.4894 0.8563 0.1649
vn -0.5173 -0.7185 -0.4649
vn -0.5165 -0.7185 -0.4658
vn -0.8099 -0.3507 -0.4702
vn -0.8095 -0.3501 -0.4713
vn -0.8143 -0.3466 -0.4656
vn 0.8182 0.3278 0.4724
vn 0.5474 0.6905 0.4729
vn 0.8179 0.3236 0.4758
vn 0.8173 0.3231 0.4770
vn 0.4900 0.7143 0.4997
vn 0.4920 0.7178 0.4926
vn 0.4884 0.7138 0.5019
vn 1.0000 0.0001 0.0000
vn 1.0000 0.0007 -0.0000
vn 1.0000 0.0000 -0.0001
vn 1.0000 0.0004 0.0001
vn 1.0000 0.0004 0.0000
vn 0.4926 -0.6788 0.5446
vn 0.4904 -0.6800 0.5451
vn 0.4920 -0.8442 0.2127
vn 0.4907 -0.8452 0.2118
vn -0.4983 -0.0352 -0.8663
vn -0.4988 -0.0352 -0.8660
vn -0.4990 -0.0351 -0.8659
vn -0.4982 -0.0352 -0.8663
vn 0.4911 0.8420 -0.2231
vn 0.4945 0.6549 -0.5715
vn 0.4951 0.6556 -0.5702
vn -0.4800 0.2798 -0.8315
vn -0.4841 0.2839 -0.8277
vn -0.4777 -0.3679 -0.7977
vn -0.4831 -0.3634 -0.7966
vn -0.1776 -0.8334 0.5234
vn -0.1770 -0.8332 0.5238
vn -0.1765 -0.8343 0.5223
vn -0.5184 -0.6805 0.5178
vn -0.5173 -0.6817 0.5174
vn -0.4908 0.6948 0.5257
vn -0.4897 0.6962 0.5250
vn -0.4892 0.8564 0.1651
vn -0.4897 0.8560 0.1655
vn -0.4893 0.8564 0.1651
vn -0.8670 0.0160 0.4980
vn -0.8346 0.3064 0.4578
vn -0.8346 0.3063 0.4579
vn 0.1733 -0.8710 -0.4597
vn -0.1762 -0.8704 -0.4598
vn -0.1763 -0.8703 -0.4598
vn -0.1763 -0.8704 -0.4598
vn 0.1736 -0.8711 -0.4594
vn -0.4898 -0.3069 -0.8160
vn -0.4895 -0.3071 -0.8161
vn -0.4762 -0.3291 -0.8155
vn -0.4760 -0.3287 -0.8157
vn -0.5556 -0.6588 0.5073
vn -0.5555 -0.6587 0.5075
vn -0.5673 -0.6443 0.5129
vn -0.5670 -0.6446 0.5128
vn 0.5628 -0.6795 -0.4707
vn 0.5626 -0.6796 -0.4707
vn 0.5751 -0.6644 -0.4773
vn -1.0000 0.0001 0.0000
vn -1.0000 -0.0005 -0.0000
vn 0.0000 -0.0406 -0.9992
vn 0.0009 -0.0325 -0.9995
vn -0.0006 -0.0322 -0.9995
vn -0.0008 -0.0402 -0.9992
vn 0.0001 -0.0404 -0.9992
vn 0.0003 -0.0406 -0.9992
vn 0.0013 -0.0323 -0.9995
vn 0.0015 -0.0314 -0.9995
vn 0.0002 -0.0406 -0.9992
vn 0.0003 0.0406 0.9992
vn 0.0002 0.0403 0.9992
vn 0.0002 0.0323 0.9995
vn 0.0004 0.0324 0.9995
vn 0.0003 0.0404 0.9992
vn 0.0002 0.0404 0.9992
vn 0.0004 0.0404 0.9992
vn 0.0005 0.0218 0.9998
vn 0.0014 0.0314 0.9995
vn -0.5727 -0.6731 -0.4679
vn -0.5731 -0.6720 -0.4690
vn -0.5574 -0.6807 -0.4753
vn -0.5571 -0.6807 -0.4756
vn -0.4912 0.8420 -0.2231
vn -0.4945 0.6566 -0.5695
vn 0.8101 -0.3496 -0.4707
vn 0.8094 -0.3492 -0.4721
vn 0.8117 -0.3531 -0.4653
vn 0.5158 -0.7193 -0.4655
vn 0.5152 -0.7201 -0.4648
vn 0.4909 0.8610 0.1335
vn 0.4914 0.8607 0.1331
vn 0.4899 0.8484 -0.2007
vn 0.4903 0.8478 -0.2020
vn 0.1729 -0.8342 0.5237
vn 0.1736 -0.8345 0.5230
vn 0.5164 -0.6823 0.5175
vn 0.5151 -0.6830 0.5178
vn -1.0000 0.0001 -0.0001
vn -1.0000 0.0006 0.0000
vn -1.0000 0.0002 -0.0000
vn -1.0000 0.0005 -0.0000
vn -1.0000 -0.0006 0.0000
vn 0.4984 0.0352 0.8663
vn 0.4765 -0.3002 0.8264
vn 0.4834 -0.2956 0.8240
vn -0.5489 0.6617 -0.5108
vn -0.5482 0.6621 -0.5109
vn -0.1929 0.8371 -0.5119
vn -0.1924 0.8373 -0.5118
vn -0.0008 0.0216 0.9998
vn -0.0000 0.0218 0.9998
vn 0.0005 0.0217 0.9998
vn -0.0004 0.0216 0.9998
vn -0.0001 0.0215 0.9998
vn 0.4869 -0.6771 -0.5518
vn 0.4921 -0.6869 -0.5348
vn 0.4920 -0.6872 -0.5346
vn 0.4833 0.3476 0.8035
vn 0.4846 0.3468 0.8031
vn 0.4795 0.3445 0.8071
vn 0.4880 0.6962 0.5265
vn 0.4883 0.6961 0.5263
vn 1.0000 0.0000 -0.0000
vn 0.4902 0.2437 -0.8368
vn 0.4733 0.2757 -0.8366
vn 0.4733 0.2759 -0.8366
vn -0.5236 0.6777 -0.5163
vn -0.5285 0.6724 -0.5183
vn -0.5273 0.6729 -0.5188
vn -0.5218 0.6792 -0.5162
vn 0.4981 0.0350 0.8664
vn 0.4981 0.0351 0.8664
vn 0.4984 0.0350 0.8662
vn -0.4982 0.0350 0.8663
vn -0.4998 0.0349 0.8654
vn -0.4989 0.0350 0.8660
vn -0.4982 0.0350 0.8664
vn 0.4809 0.2833 -0.8297
vn 0.4854 0.2792 -0.8285
vn 0.4766 -0.3643 -0.8001
vn 0.4823 -0.3668 -0.7955
vn -0.8671 -0.0160 -0.4979
vn -0.8179 0.3040 -0.4885
vn -0.8163 0.2995 -0.4939
vn -0.1936 0.8622 0.4680
vn -0.5491 0.6877 0.4749
vn -0.1932 0.8620 0.4687
vn -0.5294 0.7101 0.4642
vn -0.5265 0.7115 0.4653
vn -0.5189 0.7156 0.4677
vn -0.5213 0.7134 0.4683
vn -0.4930 0.7113 0.5009
vn -0.4932 0.7127 0.4988
vn -0.4905 0.7187 0.4928
vn 0.4920 -0.8596 -0.1376
vn 0.4936 -0.7214 -0.4857
vn 0.4920 -0.8597 -0.1376
vn 0.8670 0.0160 0.4980
vn -0.4921 -0.8596 -0.1376
vn -0.4929 -0.7212 -0.4867
vn -0.4935 -0.7213 -0.4860
vn 0.8667 -0.0155 -0.4985
vn 0.8668 -0.0161 -0.4984
vn 0.8671 -0.0161 -0.4979
vn -0.4913 -0.6797 0.5446
vn -0.4920 -0.8444 0.2118
vn -0.4921 -0.8445 0.2115
vn -0.4924 -0.8441 0.2121
vn -0.4917 0.8472 -0.2014
vn -0.4908 0.8465 -0.2062
vn -0.4924 0.8602 0.1330
vn -0.4905 0.8619 0.1286
vn -0.0006 -0.0217 -0.9998
vn 0.0005 -0.0217 -0.9998
vn 0.0001 -0.0217 -0.9998
vn 0.0004 -0.0217 -0.9998
vn 0.8669 0.0159 0.4983
vn 0.8668 0.0159 0.4983
vn 0.8144 -0.3130 0.4887
vn 0.8101 -0.3147 0.4946
vn -0.4848 0.3440 0.8042
vn -0.4764 -0.2954 0.8281
vn -0.4797 -0.3012 0.8241
vn -0.4796 0.3468 0.8060
vn -0.4794 0.3478 0.8057
vn 0.1664 0.8724 0.4595
vn 0.1708 0.8707 0.4612
vn 0.1662 0.8728 0.4588
vn -0.5067 -0.8422 0.1843
vn -0.4905 -0.8426 0.2224
vn -0.4905 -0.8426 0.2225
vn -0.4676 0.2477 -0.8485
vn -0.4868 0.2739 -0.8294
vn -0.4865 0.2735 -0.8298
vn 0.1948 0.8366 -0.5121
vn 0.1953 0.8364 -0.5122
vn 0.1946 0.8365 -0.5123
vn 0.1944 0.8366 -0.5122
vn 0.1957 0.8617 0.4681
vn -0.4737 -0.2457 0.8457
vn -0.4890 -0.2630 0.8317
vn -0.4878 -0.2626 0.8325
vn 0.4907 -0.2429 0.8368
vn 0.4776 -0.2644 0.8378
vn 0.4781 -0.2648 0.8375
usemtl Steel_-_Satin.001
s 1
f 1549/3855/4769 1560/3856/4770 1558/3857/4771 1547/3858/4772
f 1509/3859/4773 1497/3860/4774 1536/3861/4775 1495/3862/4775 1499/3863/4776 1511/3864/4777
f 1524/3865/4778 1503/3866/4779 1556/3867/4780 1555/3868/4779 1523/3869/4781
f 1557/3870/4782 1565/3871/4783 1545/3872/4784
f 1550/3873/4785 1551/3874/4786 1530/3875/4787 1531/3876/4788 1519/3877/4789 1544/3878/4790
f 1503/3879/4791 1500/3880/4792 1496/3881/4792 1498/3882/4793
f 1529/3883/4794 1532/3884/4795 1531/3885/4796 1530/3886/4797 1546/3887/4798
f 1547/3888/4799 1558/3889/4800 1559/3890/4801 1548/3891/4802
f 1527/3892/4803 1542/3893/4804 1526/3894/4805
f 1517/3895/4806 1503/3896/4806 1524/3897/4807 1523/3898/4806 1521/3899/4806 1542/3900/4806 1527/3901/4806 1504/3902/4806 1495/3903/4806 1536/3904/4806 1497/3905/4806 1498/3906/4808 1491/3907/4806 1505/3908/4809 1512/3909/4807 1541/3910/4810
f 1505/3911/4811 1502/3912/4812 1516/3913/4813 1512/3914/4814
f 1519/3915/4815 1511/3864/4816 1499/3863/4817 1506/3916/4818
f 1500/3917/4819 1503/3918/4819 1517/3919/4820 1515/3920/4821
f 1514/3921/4822 1515/3922/4823 1539/3923/4824 1540/3924/4825
f 1532/3925/4826 1533/3926/4827 1522/3927/4828 1519/3928/4829 1531/3929/4830
f 1494/3930/4831 1492/3931/4832 1496/3932/4833 1500/3917/4834 1501/3933/4835
f 1497/3934/4836 1554/3935/4836 1556/3867/4836 1503/3866/4837 1524/3865/4838
f 1534/3936/4839 1533/3937/4840 1532/3884/4841 1529/3883/4842 1520/3938/4843 1521/3939/4839
f 1509/3859/4844 1511/3864/4845 1519/3915/4846 1518/3940/4847
f 1554/3935/4848 1565/3941/4849 1557/3942/4850 1556/3867/4851
f 1553/3943/4852 1564/3944/4853 1557/3945/4854
f 1507/3946/4855 1525/3947/4855 1513/3948/4856 1508/3949/4855
f 1510/3950/4857 1523/3951/4858 1549/3952/4859 1538/3953/4860 1521/3939/4861 1520/3938/4862 1529/3883/4862 1546/3887/4863 1553/3954/4864 1528/3955/4865
f 1497/3956/4866 1511/3957/4867 1518/3958/4868 1544/3959/4869 1519/3960/4870 1522/3961/4871 1536/3962/4872 1548/3891/4873 1554/3963/4874
f 1556/3964/4875 1557/3965/4876 1564/3966/4877 1555/3967/4878
f 1500/3917/4879 1515/3920/4880 1514/3968/4879 1501/3933/4879
f 1521/3969/4881 1538/3970/4882 1537/3971/4883 1535/3972/4884 1534/3973/4885
f 1527/3892/4886 1526/3894/4887 1499/3974/4888 1504/3975/4889
f 1522/3927/4890 1533/3926/4891 1534/3976/4892 1535/3977/4893 1536/3978/4891
f 1540/3979/4855 1513/3948/4856 1525/3947/4855 1543/3980/4855 1529/3981/4855 1528/3982/4894 1509/3983/4895 1518/3984/4896 1519/3985/4897 1506/3986/4855 1507/3946/4855 1508/3949/4855 1494/3987/4898 1501/3988/4855 1514/3989/4894
f 1493/3990/4899 1502/3912/4900 1505/3911/4901 1491/3991/4899
f 1552/3992/4902 1551/3993/4903 1561/3994/4904 1562/3995/4905
f 1559/3890/4906 1563/3996/4907 1550/3997/4908 1544/3959/4869 1518/3958/4868 1545/3998/4909 1565/3999/4910 1554/3963/4874 1548/3891/4873
f 1509/4000/4911 1524/4001/4912 1497/4002/4913
f 1492/4003/4914 1493/4004/4915 1491/4005/4916 1498/3882/4917 1496/3881/4918
f 1498/3906/4808 1497/3905/4806 1524/3897/4808 1503/3896/4919
f 1499/4006/4920 1495/4007/4921 1504/4008/4922
f 1509/4009/4923 1524/4010/4924 1523/4011/4925 1510/4012/4926
f 1526/3894/4927 1542/3893/4928 1521/4013/4899 1520/4014/4929
f 1526/4015/4930 1520/4016/4931 1529/3981/4932 1543/3980/4933
f 1515/3922/4934 1517/4017/4935 1541/4018/4936 1539/3923/4937
f 1546/4019/4938 1530/3875/4938 1551/3874/4939 1552/4020/4940
f 1561/4021/4941 1551/4022/4942 1550/3997/4941 1563/3996/4943
f 1509/4023/4944 1511/3957/4945 1497/3956/4946 1524/4024/4947
f 1526/4025/4948 1543/4026/4949 1525/4027/4950
f 1516/3913/4951 1539/4028/4952 1541/4029/4951 1512/3914/4953
f 1557/4030/4954 1545/4031/4954 1518/4032/4954 1509/4033/4954
f 1516/4034/4955 1513/4035/4955 1540/3924/4956 1539/3923/4957
f 1553/4036/4958 1557/4030/4959 1509/4033/4959 1528/4037/4959
f 1537/3971/4960 1538/3970/4960 1549/3855/4960 1547/3858/4960
f 1502/3912/4961 1508/4038/4962 1513/4039/4963 1516/3913/4964
f 1525/4040/4965 1507/4041/4966 1499/4042/4967 1526/4043/4968
f 1555/3967/4969 1564/3966/4970 1553/3954/4864 1546/3887/4863 1552/4044/4971 1562/4045/4972 1560/4046/4970 1549/3952/4859 1523/3951/4858
f 1537/4047/4973 1547/4048/4973 1548/4049/4974 1536/3978/4975 1535/3977/4976
f 1494/3987/4977 1508/3949/4978 1502/4050/4979 1493/4051/4980 1492/4052/4981
f 1518/3958/4982 1511/3957/4983 1509/4023/4984
f 1510/4053/4985 1509/4054/4986 1528/4055/4987
f 1499/4042/4988 1507/4041/4989 1506/4056/4990
f 1558/4057/4991 1560/4058/4992 1562/3995/4993 1561/3994/4994
f 1563/3996/4995 1559/3890/4995 1558/3889/4995 1561/4021/4995
f 1510/4059/4996 1528/4060/4997 1529/4061/4998 1520/4014/4999 1521/4013/5000 1523/4062/5001
o MeshBody4_(23)_MeshBody4_(23).001
v 2.374477 1.685863 0.102859
v 2.371727 1.691248 0.102143
v 2.371727 1.686082 0.104431
v 2.368979 1.690185 0.100969
v 2.371727 1.693388 0.099256
v 2.374477 1.688058 0.098624
v 2.374477 1.691935 0.098616
v 2.374477 1.671789 0.099486
v 2.374477 1.669792 0.101945
v 2.371727 1.672789 0.098258
v 2.371727 1.694118 0.095243
v 2.368979 1.692532 0.095310
v 2.371727 1.668795 0.103174
v 2.374477 1.692532 0.095310
v 2.368979 1.674250 0.100272
v 2.368979 1.670812 0.098312
v 2.368979 1.669792 0.101945
v 2.370435 1.687976 0.095515
v 2.371724 1.686011 0.092860
v 2.371724 1.686268 0.098352
v 2.374477 1.667152 0.096561
v 2.368979 1.667152 0.096561
v 2.368979 1.689680 0.089864
v 2.371727 1.690644 0.088599
v 2.371727 1.665567 0.096643
v 2.374477 1.689680 0.089864
v 2.368565 1.687569 0.098288
v 2.366210 1.685447 0.098392
v 2.371717 1.682838 0.093018
v 2.374945 1.683492 0.092986
v 2.371717 1.683101 0.098510
v 2.374887 1.687309 0.092795
v 2.373711 1.688501 0.095489
v 2.368979 1.670601 0.094446
v 2.371727 1.672084 0.095016
v 2.374477 1.670601 0.094446
v 2.368565 1.687315 0.092795
v 2.368494 1.683503 0.092985
v 2.362917 1.689421 0.095444
v 2.365031 1.684256 0.095699
v 2.367846 1.682187 0.095803
v 2.371714 1.681385 0.095842
v 2.375589 1.682174 0.095803
v 2.378414 1.684242 0.095701
v 2.374945 1.683754 0.098478
v 2.380555 1.689406 0.095444
v 2.378975 1.689435 0.092690
v 2.371727 1.668067 0.089812
v 2.368979 1.669196 0.090933
v 2.374477 1.669196 0.090933
v 2.374477 1.673839 0.092126
v 2.368979 1.673839 0.092126
v 2.364498 1.701460 0.097693
v 2.367658 1.701168 0.097705
v 2.364498 1.689442 0.092690
v 2.378975 1.689685 0.098183
v 2.380557 1.701487 0.094941
v 2.378975 1.701457 0.097693
v 2.378975 1.701231 0.092200
v 2.366171 1.705868 0.097515
v 2.364947 1.706769 0.094727
v 2.366171 1.705650 0.092020
v 2.367658 1.700941 0.092212
v 2.375815 1.701171 0.097705
v 2.374852 1.703613 0.092103
v 2.373633 1.702707 0.094892
v 2.370540 1.703344 0.094866
v 2.375700 1.709030 0.094635
v 2.375002 1.707713 0.097439
v 2.375002 1.707499 0.091946
v 2.371726 1.709944 0.094598
v 2.371723 1.708252 0.091915
v 2.371723 1.708465 0.097408
v 2.371718 1.705077 0.092044
v 2.371718 1.705296 0.097538
vt 0.487427 0.854919
vt 0.487427 0.855286
vt 0.487061 0.855347
vt 0.487061 0.854919
vt 0.514771 0.710175
vt 0.515015 0.710144
vt 0.515015 0.712006
vt 0.514771 0.711914
vt 0.853149 0.829956
vt 0.853394 0.830017
vt 0.853760 0.829895
vt 0.854004 0.830170
vt 0.853394 0.830444
vt 0.853027 0.830353
vt 0.852661 0.829712
vt 0.852905 0.828003
vt 0.853394 0.827759
vt 0.854004 0.828003
vt 0.853638 0.828125
vt 0.853149 0.828217
vt 0.853149 0.829498
vt 0.838318 0.854492
vt 0.838623 0.854614
vt 0.838501 0.854980
vt 0.838440 0.855347
vt 0.838135 0.855347
vt 0.838196 0.854858
vt 0.515381 0.711884
vt 0.515015 0.709625
vt 0.515381 0.709747
vt 0.515381 0.711426
vt 0.855835 0.772614
vt 0.855835 0.772186
vt 0.855835 0.771118
vt 0.856079 0.770996
vt 0.856079 0.772705
vt 0.855469 0.772675
vt 0.855469 0.772247
vt 0.842773 0.850220
vt 0.842163 0.850464
vt 0.841553 0.850143
vt 0.841675 0.847992
vt 0.842285 0.847778
vt 0.842041 0.848145
vt 0.841797 0.848480
vt 0.841919 0.849503
vt 0.841919 0.849899
vt 0.842163 0.849976
vt 0.515381 0.686127
vt 0.515076 0.686279
vt 0.515076 0.686050
vt 0.515015 0.685486
vt 0.515320 0.685471
vt 0.785400 0.855301
vt 0.785400 0.855652
vt 0.785156 0.855499
vt 0.785889 0.817497
vt 0.785645 0.817225
vt 0.785889 0.816967
vt 0.784851 0.855652
vt 0.784851 0.855301
vt 0.856079 0.730453
vt 0.855957 0.730164
vt 0.856079 0.729813
vt 0.856079 0.730240
vt 0.498901 0.855331
vt 0.498596 0.855499
vt 0.498657 0.855148
vt 0.499146 0.853928
vt 0.498535 0.853928
vt 0.853638 0.794342
vt 0.853882 0.794250
vt 0.853882 0.794617
vt 0.487549 0.855713
vt 0.487183 0.855835
vt 0.486938 0.855713
vt 0.486816 0.855286
vt 0.514771 0.709564
vt 0.515137 0.709412
vt 0.855835 0.734009
vt 0.855652 0.733887
vt 0.855591 0.733276
vt 0.855774 0.733154
vt 0.499023 0.853714
vt 0.499451 0.853790
vt 0.499390 0.854248
vt 0.499146 0.855499
vt 0.785889 0.831940
vt 0.785645 0.831940
vt 0.785767 0.831635
vt 0.856079 0.556152
vt 0.856140 0.556641
vt 0.855835 0.556519
vt 0.855835 0.556152
vt 0.487183 0.854126
vt 0.487549 0.854248
vt 0.852661 0.530151
vt 0.853027 0.530029
vt 0.853027 0.530518
vt 0.852661 0.530518
vt 0.785156 0.854019
vt 0.784790 0.853882
vt 0.784973 0.853760
vt 0.785278 0.853821
vt 0.856201 0.733887
vt 0.856140 0.733154
vt 0.856384 0.556152
vt 0.856445 0.556519
vt 0.509338 0.851471
vt 0.509644 0.851379
vt 0.510010 0.851410
vt 0.510498 0.851990
vt 0.510315 0.853241
vt 0.510071 0.851807
vt 0.509705 0.851715
vt 0.509399 0.851898
vt 0.508972 0.852142
vt 0.486816 0.854919
vt 0.856140 0.555420
vt 0.856445 0.555542
vt 0.856079 0.730835
vt 0.855713 0.730484
vt 0.842896 0.848068
vt 0.842407 0.849930
vt 0.842407 0.849701
vt 0.842651 0.848541
vt 0.842529 0.848175
vt 0.855652 0.752899
vt 0.855347 0.752991
vt 0.855347 0.750610
vt 0.855652 0.750732
vt 0.855042 0.752899
vt 0.855042 0.750732
vt 0.838135 0.855591
vt 0.838623 0.855835
vt 0.838318 0.855957
vt 0.784790 0.854279
vt 0.785156 0.854355
vt 0.853882 0.794800
vt 0.853638 0.794647
vt 0.785461 0.854279
vt 0.515076 0.683670
vt 0.515381 0.683777
vt 0.509583 0.853607
vt 0.509888 0.853729
vt 0.510498 0.853729
vt 0.509949 0.854065
vt 0.509583 0.854004
vt 0.509094 0.853394
vt 0.856201 0.509003
vt 0.856201 0.510437
vt 0.855835 0.510376
vt 0.855835 0.508759
vt 0.852478 0.530640
vt 0.852478 0.530151
vt 0.855835 0.732788
vt 0.856201 0.732910
vt 0.842896 0.850342
vt 0.842529 0.850571
vt 0.842163 0.850632
vt 0.853760 0.829498
vt 0.853882 0.828491
vt 0.515015 0.679047
vt 0.515015 0.678284
vt 0.515381 0.678436
vt 0.515381 0.679077
vt 0.514771 0.680328
vt 0.514771 0.679077
vt 0.515015 0.680328
vt 0.837952 0.855225
vt 0.838013 0.854858
vt 0.853516 0.555023
vt 0.853210 0.555252
vt 0.852844 0.555359
vt 0.852844 0.555191
vt 0.853394 0.554916
vt 0.515381 0.680328
vt 0.515381 0.680969
vt 0.515015 0.680878
vt 0.855835 0.555420
vt 0.855591 0.510437
vt 0.855591 0.509003
vt 0.514771 0.685928
vt 0.514771 0.683777
vt 0.855591 0.730179
vt 0.855469 0.771271
vt 0.498840 0.853745
vt 0.856201 0.508545
vt 0.852478 0.555130
vt 0.852051 0.554520
vt 0.852295 0.553299
vt 0.852539 0.554260
vt 0.852539 0.554672
vt 0.852844 0.554855
vt 0.853149 0.554703
vt 0.853516 0.553207
vt 0.851990 0.553284
vt 0.852356 0.552597
vt 0.852722 0.552505
vt 0.853333 0.552750
vt 0.853210 0.553253
vt 0.852722 0.552841
vt 0.785461 0.853882
vn 0.1956 0.8295 -0.5232
vn 0.1953 0.8294 -0.5234
vn -0.8670 -0.0207 -0.4980
vn -0.8670 -0.0208 -0.4980
vn -0.8188 0.2951 -0.4924
vn -0.8173 0.2904 -0.4978
vn 1.0000 -0.0000 -0.0000
vn 1.0000 0.0000 -0.0001
vn -0.1772 -0.8756 -0.4494
vn -0.1774 -0.8754 -0.4497
vn 0.1734 -0.8760 -0.4500
vn 0.1733 -0.8762 -0.4498
vn -0.1766 -0.8757 -0.4494
vn -0.8203 0.3303 0.4670
vn -0.8163 0.3330 0.4720
vn -0.8138 -0.3075 0.4932
vn -0.8137 -0.3085 0.4927
vn -0.8121 -0.3039 0.4982
vn -0.8194 0.3311 0.4679
vn -0.8249 0.2598 -0.5021
vn -0.8669 -0.0206 -0.4981
vn -0.8667 -0.0207 -0.4983
vn -0.8236 0.2897 -0.4876
vn -0.8344 0.3111 0.4549
vn -0.8161 0.3347 0.4710
vn -0.8157 0.3354 0.4713
vn -0.8346 0.3109 0.4548
vn -1.0000 0.0000 -0.0000
vn -1.0000 0.0001 -0.0000
vn -1.0000 0.0004 -0.0000
vn -1.0000 0.0007 -0.0000
vn -1.0000 -0.0000 -0.0001
vn -1.0000 0.0001 -0.0001
vn -1.0000 -0.0002 -0.0000
vn 0.4908 0.6994 0.5195
vn 0.4906 0.6998 0.5193
vn 0.4849 0.3530 0.8002
vn 0.4853 0.3537 0.7996
vn 0.4800 0.3523 0.8034
vn -0.4936 0.7177 0.4912
vn -0.4916 0.7232 0.4850
vn -0.4944 0.7158 0.4931
vn 0.4870 -0.6830 -0.5443
vn 0.4937 -0.6915 -0.5273
vn 0.4934 -0.6917 -0.5273
vn 0.4905 0.7177 0.4942
vn 0.4905 0.7195 0.4917
vn 0.4928 0.7228 0.4844
vn -0.5685 -0.6360 0.5217
vn -0.5685 -0.6365 0.5213
vn -0.5565 -0.6512 0.5160
vn -0.5564 -0.6511 0.5162
vn -0.4688 0.2391 -0.8503
vn -0.4878 0.2654 -0.8316
vn -0.4871 0.2656 -0.8320
vn -0.4983 -0.0430 -0.8659
vn -0.4984 -0.0430 -0.8659
vn 0.1664 0.8777 0.4494
vn 0.1674 0.8774 0.4496
vn 0.1711 0.8755 0.4518
vn -0.5510 0.6532 -0.5193
vn -0.5497 0.6541 -0.5195
vn -0.1930 0.8299 -0.5234
vn -0.1933 0.8300 -0.5231
vn -0.5482 0.6949 0.4653
vn -0.1930 0.8686 0.4565
vn -0.1925 0.8684 0.4569
vn -0.1930 0.8685 0.4565
vn -0.5174 -0.7236 -0.4568
vn -0.5174 -0.7231 -0.4576
vn -0.8102 -0.3543 -0.4669
vn -0.8099 -0.3542 -0.4675
vn -0.8146 -0.3511 -0.4617
vn -0.4927 0.6535 -0.5745
vn -0.4902 0.8400 -0.2326
vn -0.4895 0.8404 -0.2327
vn -0.4898 0.8402 -0.2326
vn 0.4738 -0.3180 -0.8212
vn 0.4889 -0.3343 -0.8057
vn 0.4984 -0.0430 -0.8659
vn 0.4726 -0.3182 -0.8218
vn -0.5058 -0.8404 0.1946
vn -0.4903 -0.8401 0.2322
vn -0.4899 -0.8402 0.2323
vn -0.4906 -0.8426 0.2223
vn -0.4909 -0.6743 0.5517
vn -0.4922 -0.8418 0.2217
vn -0.4920 -0.8420 0.2214
vn 0.8153 0.2960 -0.4977
vn 0.8194 0.2940 -0.4921
vn 0.5486 0.6572 -0.5169
vn 0.5459 0.6573 -0.5196
vn 0.4892 0.8463 -0.2107
vn 0.4899 0.8456 -0.2120
vn 0.4903 0.8628 0.1233
vn 0.4911 0.8625 0.1223
vn 0.4865 -0.8511 0.1975
vn 0.5022 -0.8336 0.2302
vn 0.5022 -0.8335 0.2303
vn 0.4867 -0.8509 0.1978
vn 0.4941 0.6500 -0.5774
vn 0.4936 0.6503 -0.5774
vn 0.4902 0.8400 -0.2326
vn 0.4902 -0.6744 0.5522
vn 0.4921 -0.8415 0.2229
vn 0.4912 -0.8419 0.2234
vn 0.4910 -0.6732 0.5529
vn -0.0003 -0.0494 -0.9988
vn -0.0005 -0.0496 -0.9988
vn -0.0003 -0.0498 -0.9988
vn 0.0018 -0.0421 -0.9991
vn 0.0007 -0.0412 -0.9991
vn -0.0002 -0.0498 -0.9988
vn 0.0017 -0.0422 -0.9991
vn 0.1947 0.8682 0.4564
vn 0.1951 0.8680 0.4567
vn 0.4928 -0.8608 -0.1273
vn 0.4915 -0.8615 -0.1274
vn 0.4933 -0.7270 -0.4775
vn 0.4927 -0.8609 -0.1271
vn 0.5609 -0.6871 -0.4619
vn 0.5606 -0.6875 -0.4616
vn 0.5738 -0.6721 -0.4681
vn -1.0000 0.0005 -0.0001
vn -0.4795 0.2720 -0.8343
vn -0.4851 0.2744 -0.8303
vn -0.4784 -0.3754 -0.7938
vn -0.4833 -0.3707 -0.7931
vn 0.4798 0.2760 -0.8329
vn 0.4853 0.2720 -0.8309
vn 0.4770 -0.3717 -0.7965
vn 0.4834 -0.3731 -0.7919
vn 0.5158 -0.7243 -0.4576
vn 0.5145 -0.7256 -0.4569
vn 0.8084 -0.3588 -0.4667
vn 0.8097 -0.3537 -0.4683
vn 0.8111 -0.3591 -0.4616
vn 0.4980 0.0430 0.8661
vn 0.4984 0.0430 0.8659
vn 0.4976 0.0430 0.8663
vn -0.5274 0.7165 0.4565
vn -0.5201 0.7201 0.4594
vn -0.5218 0.7185 0.4599
vn -0.5315 0.7143 0.4553
vn -0.4984 0.0430 0.8659
vn -0.4979 0.0430 0.8662
vn -0.4981 0.0430 0.8660
vn 0.4984 0.0431 0.8659
vn 0.4766 -0.2924 0.8291
vn 0.4825 -0.2872 0.8274
vn -0.0007 -0.0408 -0.9992
vn 0.0003 -0.0407 -0.9992
vn 0.0003 -0.0406 -0.9992
vn 0.0005 -0.0406 -0.9992
vn 0.0007 -0.0416 -0.9991
vn 0.8670 0.0205 0.4979
vn 0.8673 0.0205 0.4974
vn 0.8672 0.0205 0.4975
vn 0.8670 0.0206 0.4979
vn -0.4929 0.8615 0.1221
vn -0.4907 0.8633 0.1182
vn -0.4929 0.8439 -0.2117
vn -0.4904 0.8442 -0.2164
vn 0.4902 0.8576 0.1555
vn 0.4907 0.8574 0.1549
vn -0.4903 0.8576 0.1555
vn -0.4913 0.6993 0.5193
vn -0.4914 0.6993 0.5192
vn -0.4903 0.8575 0.1555
vn 1.0000 0.0000 0.0001
vn 0.8179 0.3359 0.4671
vn 0.5462 0.6979 0.4633
vn 0.8155 0.3372 0.4703
vn 0.8164 0.3318 0.4726
vn 0.8670 -0.0208 -0.4979
vn 0.5155 -0.6773 0.5249
vn 0.5152 -0.6773 0.5252
vn 0.1732 -0.8284 0.5327
vn 0.1719 -0.8285 0.5330
vn 0.1733 -0.8287 0.5322
vn -0.5164 -0.6764 0.5253
vn -0.1765 -0.8280 0.5323
vn -0.1766 -0.8279 0.5323
vn -0.5179 -0.6753 0.5251
vn 0.8671 0.0205 0.4978
vn 0.8669 0.0207 0.4981
vn 0.8669 0.0207 0.4980
vn 0.8134 -0.3085 0.4932
vn 0.8140 -0.3084 0.4923
vn 0.8102 -0.3091 0.4980
vn -0.4918 -0.8613 -0.1273
vn -0.4936 -0.7261 -0.4787
vn -0.4932 -0.7260 -0.4793
vn -0.4924 -0.8610 -0.1276
vn 0.8669 -0.0206 -0.4980
vn 0.8669 -0.0206 -0.4981
vn 0.8667 -0.0208 -0.4984
vn -0.4849 0.3512 0.8010
vn -0.4759 -0.2878 0.8311
vn -0.4827 -0.2901 0.8263
vn -0.4808 0.3546 0.8019
vn -0.4800 0.3552 0.8021
vn -0.5707 -0.6806 -0.4594
vn -0.5704 -0.6799 -0.4608
vn -0.5556 -0.6885 -0.4661
vn -0.5562 -0.6878 -0.4665
vn -0.8670 0.0204 0.4979
vn -0.4893 -0.3148 -0.8133
vn -0.4897 -0.3146 -0.8132
vn -0.4762 -0.3367 -0.8123
vn -0.4765 -0.3369 -0.8121
vn 0.5772 -0.6353 0.5130
vn 0.5593 -0.6455 0.5201
vn 0.5592 -0.6456 0.5201
vn -0.0006 0.0497 0.9988
vn -0.0005 0.0495 0.9988
vn -0.0002 0.0497 0.9988
vn -0.0008 0.0411 0.9992
vn 0.0002 0.0414 0.9991
vn 0.0002 0.0495 0.9988
vn -0.0001 0.0498 0.9988
vn -0.0006 0.0498 0.9988
vn 0.0020 0.0422 0.9991
vn 0.0005 0.0412 0.9992
vn 0.0007 0.0410 0.9992
vn 0.0004 0.0408 0.9992
vn 0.0006 0.0407 0.9992
vn 0.0008 0.0406 0.9992
vn 0.0001 0.0407 0.9992
vn 0.0003 0.0406 0.9992
vn -0.4880 -0.2552 0.8347
vn 0.4901 -0.2355 0.8393
vn 0.4782 -0.2567 0.8399
vn 0.4776 -0.2569 0.8402
vn -0.4738 -0.2375 0.8480
vn -0.4885 -0.2548 0.8345
usemtl Steel_-_Satin.001
s 1
f 1635/4063/5002 1637/4064/5003 1636/4065/5002 1633/4066/5002
f 1620/4067/5004 1604/4068/5005 1626/4069/5006 1627/4070/5007
f 1571/4071/5008 1598/4072/5008 1597/4073/5008 1591/4074/5008 1579/4075/5009 1572/4076/5009 1566/4077/5008 1574/4078/5008 1586/4079/5008 1615/4080/5008 1601/4081/5008 1573/4082/5008 1610/4083/5009
f 1606/4084/5010 1603/4085/5011 1594/4086/5012 1595/4087/5013 1608/4088/5012 1607/4089/5014
f 1625/4090/5015 1626/4069/5016 1604/4068/5017 1605/4091/5018 1593/4092/5019 1618/4093/5020
f 1598/4094/5021 1579/4095/5022 1631/4096/5023 1630/4097/5022 1597/4098/5024
f 1598/4094/5025 1571/4099/5026 1572/4100/5027 1579/4095/5028
f 1569/4101/5029 1577/4102/5030 1588/4103/5031 1614/4104/5032 1587/4105/5033 1599/4106/5030 1617/4107/5030 1603/4108/5034 1602/4109/5035 1583/4110/5030
f 1572/4111/5036 1570/4112/5037 1567/4113/5038 1568/4114/5039 1566/4115/5040
f 1617/4116/5041 1599/4117/5042 1600/4118/5043
f 1583/4119/5044 1598/4120/5045 1571/4121/5046
f 1600/4118/5047 1601/4122/5048 1616/4123/5049
f 1632/4124/5050 1631/4125/5051 1629/4126/5052 1640/4127/5053
f 1575/4128/5054 1581/4129/5055 1580/4130/5056
f 1585/4131/5057 1575/4128/5058 1580/4130/5057 1593/4132/5057
f 1583/4133/5059 1592/4134/5060 1585/4135/5061
f 1627/4136/5062 1626/4137/5063 1636/4065/5064 1637/4064/5065
f 1626/4137/5066 1625/4138/5067 1638/4139/5068 1636/4065/5069
f 1603/4140/5070 1606/4141/5071 1605/4091/5072 1604/4068/5073 1620/4067/5074
f 1589/4142/5075 1588/4143/5076 1577/4144/5077 1576/4145/5078
f 1583/4146/5079 1571/4147/5080 1610/4148/5081 1573/4149/5081 1575/4128/5081 1585/4131/5082
f 1584/4150/5083 1583/4151/5084 1602/4152/5085
f 1590/4153/5086 1578/4154/5087 1582/4155/5088 1587/4156/5089
f 1622/4157/5090 1624/4158/5091 1635/4063/5092 1633/4066/5093
f 1575/4159/5094 1573/4160/5095 1601/4161/5096 1600/4162/5097
f 1584/4163/5098 1597/4164/5099 1598/4165/5100 1583/4166/5101
f 1591/4167/5102 1589/4142/5103 1576/4145/5104 1579/4168/5104
f 1578/4154/5105 1590/4153/5106 1586/4169/5107 1574/4170/5108
f 1595/4171/5109 1594/4172/5110 1603/4173/5111 1620/4174/5112 1628/4175/5113 1602/4176/5114 1584/4177/5114 1597/4178/5115 1612/4179/5109
f 1633/4066/5116 1636/4065/5117 1638/4139/5117 1634/4180/5117
f 1586/4169/5118 1590/4153/5119 1613/4181/5120 1615/4182/5121
f 1628/4183/5122 1639/4184/5123 1632/4124/5124
f 1582/4185/5125 1569/4101/5029 1583/4110/5030 1592/4186/5033 1593/4187/5033 1580/4188/5033 1581/4189/5033 1599/4106/5030 1587/4105/5033
f 1588/4190/5126 1589/4191/5127 1613/4192/5128 1614/4193/5129
f 1589/4191/5130 1591/4194/5131 1615/4195/5132 1613/4192/5133
f 1609/4196/5134 1608/4088/5135 1595/4087/5136 1612/4197/5137 1611/4198/5138
f 1616/4123/5139 1595/4199/5140 1594/4200/5140 1600/4118/5141
f 1585/4135/5142 1571/4201/5143 1598/4202/5144 1583/4133/5145
f 1617/4116/5146 1600/4118/5146 1594/4200/5147 1603/4203/5148
f 1568/4114/5149 1578/4204/5150 1574/4205/5151 1566/4115/5149
f 1612/4179/5109 1597/4178/5115 1630/4206/5152 1639/4207/5153 1628/4175/5113 1620/4174/5112 1627/4208/5154 1637/4209/5155 1635/4210/5153 1624/4211/5156
f 1619/4212/5157 1592/4213/5158 1583/4214/5159 1632/4215/5160
f 1575/4159/5161 1600/4162/5162 1599/4216/5163 1581/4217/5164
f 1576/4145/5165 1570/4218/5165 1572/4219/5165 1579/4168/5166
f 1577/4102/5167 1569/4101/5168 1567/4220/5169 1570/4221/5170 1576/4222/5167
f 1597/4073/5008 1595/4223/5171 1616/4224/5171 1601/4081/5008 1615/4080/5008 1591/4074/5008
f 1622/4225/5172 1633/4226/5173 1634/4227/5174 1623/4228/5175
f 1612/4229/5176 1624/4230/5176 1622/4225/5176 1611/4231/5176
f 1608/4088/5177 1609/4196/5178 1610/4232/5179 1596/4233/5180 1607/4089/5181
f 1605/4234/5182 1606/4235/5183 1607/4236/5184 1596/4237/5183 1593/4238/5185
f 1611/4231/5186 1622/4225/5187 1623/4228/5188 1621/4239/5189 1610/4240/5190 1609/4241/5191
f 1587/4156/5192 1614/4242/5193 1613/4181/5194 1590/4153/5195
f 1632/4215/5196 1583/4214/5196 1602/4243/5197 1628/4244/5198
f 1569/4245/5199 1582/4246/5200 1578/4204/5201 1568/4114/5202 1567/4113/5203
f 1631/4125/5204 1632/4124/5205 1639/4184/5206 1630/4247/5207
f 1572/4100/5208 1629/4248/5208 1631/4096/5208 1579/4095/5208
f 1583/4146/5209 1585/4131/5210 1593/4132/5211 1592/4249/5212
f 1632/4215/5213 1640/4250/5214 1619/4212/5215
f 1593/4238/5216 1596/4237/5217 1610/4251/5218 1621/4252/5219 1629/4253/5220 1572/4254/5221 1571/4255/5222 1585/4256/5223 1592/4257/5224 1618/4258/5225
f 1629/4253/5220 1621/4252/5219 1623/4259/5226 1634/4260/5227 1638/4261/5228 1625/4262/5229 1618/4258/5225 1592/4257/5224 1619/4263/5230 1640/4264/5231
f 1603/4203/5232 1594/4200/5233 1595/4199/5234 1597/4164/5235 1584/4163/5236 1602/4265/5237
o MeshBody4_(24)_MeshBody4_(24).001
v 2.374477 1.653562 0.104466
v 2.371727 1.653801 0.106036
v 2.371727 1.661047 0.100842
v 2.368979 1.659586 0.100215
v 2.368979 1.653562 0.104466
v 2.374477 1.655707 0.100235
v 2.374477 1.659586 0.100215
v 2.374477 1.639454 0.101336
v 2.371727 1.640437 0.100089
v 2.371727 1.661728 0.096824
v 2.371727 1.636508 0.105077
v 2.374477 1.660143 0.096906
v 2.374477 1.635658 0.101665
v 2.368979 1.641923 0.102080
v 2.368979 1.638462 0.100179
v 2.368979 1.659204 0.093668
v 2.371727 1.660591 0.092900
v 2.368979 1.637489 0.103830
v 2.370435 1.655587 0.097127
v 2.371724 1.653589 0.094474
v 2.371724 1.653913 0.099962
v 2.374477 1.656434 0.095202
v 2.374477 1.637947 0.098273
v 2.374477 1.634781 0.098493
v 2.368979 1.634781 0.098493
v 2.368979 1.655329 0.094012
v 2.371727 1.658172 0.090213
v 2.371727 1.633197 0.098602
v 2.374477 1.657223 0.091478
v 2.368565 1.655214 0.099897
v 2.366210 1.653092 0.100002
v 2.371717 1.650418 0.094673
v 2.371717 1.650748 0.100162
v 2.371727 1.639692 0.096861
v 2.368979 1.652703 0.090014
v 2.371727 1.652753 0.088428
v 2.374477 1.652603 0.093185
v 2.368494 1.651082 0.094628
v 2.362917 1.657032 0.097054
v 2.365031 1.651868 0.097330
v 2.371714 1.649000 0.097524
v 2.378414 1.651854 0.097332
v 2.374945 1.651400 0.100118
v 2.380555 1.657017 0.097055
v 2.378975 1.657012 0.094303
v 2.371727 1.635608 0.091725
v 2.368979 1.636752 0.092826
v 2.368979 1.639038 0.095030
v 2.374477 1.639038 0.095030
v 2.374477 1.636752 0.092826
v 2.371727 1.640645 0.089241
v 2.374477 1.640900 0.090806
v 2.364498 1.669099 0.099207
v 2.367658 1.668808 0.099221
v 2.364498 1.657020 0.094303
v 2.378975 1.657329 0.099792
v 2.380557 1.669093 0.096454
v 2.378975 1.669096 0.099207
v 2.378975 1.668804 0.093716
v 2.366171 1.673505 0.098987
v 2.364947 1.674373 0.096191
v 2.366171 1.673221 0.093496
v 2.367658 1.668514 0.093731
v 2.375815 1.668810 0.099221
v 2.374852 1.671185 0.093597
v 2.373633 1.670312 0.096395
v 2.370540 1.670948 0.096362
v 2.375700 1.676632 0.096079
v 2.375002 1.675348 0.098895
v 2.375002 1.675069 0.093405
v 2.371726 1.677546 0.096034
v 2.371723 1.675822 0.093367
v 2.371723 1.676100 0.098858
v 2.371718 1.672649 0.093526
v 2.371718 1.672933 0.099016
vt 0.849854 0.520538
vt 0.850098 0.520416
vt 0.850098 0.520996
vt 0.849854 0.520996
vt 0.850525 0.522217
vt 0.850220 0.522278
vt 0.850403 0.520508
vt 0.793701 0.852621
vt 0.793457 0.852682
vt 0.793213 0.851431
vt 0.793335 0.850836
vt 0.793457 0.850906
vt 0.854126 0.731689
vt 0.854614 0.730896
vt 0.854858 0.731018
vt 0.854370 0.731812
vt 0.854370 0.732544
vt 0.854004 0.732239
vt 0.855835 0.557068
vt 0.856140 0.557129
vt 0.856262 0.557739
vt 0.855957 0.557861
vt 0.855713 0.616089
vt 0.855896 0.615234
vt 0.856201 0.615356
vt 0.856018 0.616089
vt 0.851135 0.843201
vt 0.851501 0.843567
vt 0.851257 0.843658
vt 0.851318 0.843872
vt 0.851257 0.845093
vt 0.851501 0.845398
vt 0.852051 0.845245
vt 0.852295 0.845459
vt 0.851746 0.845764
vt 0.851196 0.845581
vt 0.850830 0.843903
vt 0.855835 0.522583
vt 0.855774 0.522339
vt 0.856140 0.522461
vt 0.850586 0.843933
vt 0.851013 0.843079
vt 0.844116 0.541931
vt 0.844360 0.541763
vt 0.844482 0.542557
vt 0.844238 0.542587
vt 0.489258 0.854065
vt 0.489014 0.855469
vt 0.488770 0.855286
vt 0.488647 0.854065
vt 0.855652 0.533432
vt 0.855591 0.535126
vt 0.855652 0.535583
vt 0.855347 0.535690
vt 0.855286 0.533859
vt 0.855347 0.533310
vt 0.855713 0.767456
vt 0.855591 0.767029
vt 0.855957 0.767029
vt 0.856079 0.767639
vt 0.855835 0.767761
vt 0.489136 0.853821
vt 0.488892 0.853882
vt 0.842041 0.738739
vt 0.841797 0.738739
vt 0.841919 0.738434
vt 0.851685 0.733765
vt 0.851685 0.734253
vt 0.851257 0.734253
vt 0.851379 0.734009
vt 0.855469 0.812073
vt 0.855713 0.811523
vt 0.855957 0.811707
vt 0.855835 0.812134
vt 0.851013 0.845703
vt 0.851685 0.845947
vt 0.854736 0.733276
vt 0.854248 0.732971
vt 0.854492 0.732788
vt 0.854858 0.733093
vt 0.852417 0.526413
vt 0.852417 0.526169
vt 0.852539 0.526154
vt 0.852661 0.526489
vt 0.855713 0.813293
vt 0.855469 0.812500
vt 0.855835 0.812500
vt 0.855957 0.813110
vt 0.852051 0.526199
vt 0.846252 0.738525
vt 0.846436 0.738159
vt 0.846619 0.738281
vt 0.846619 0.738770
vt 0.851807 0.843140
vt 0.852295 0.843750
vt 0.851868 0.843994
vt 0.851868 0.843536
vt 0.850525 0.520172
vt 0.850220 0.520020
vt 0.854126 0.815369
vt 0.854248 0.814636
vt 0.854614 0.814758
vt 0.854492 0.815063
vt 0.514282 0.796783
vt 0.514282 0.797974
vt 0.514038 0.797729
vt 0.794067 0.850515
vt 0.794434 0.850925
vt 0.793945 0.850929
vt 0.793701 0.851362
vt 0.794189 0.852749
vt 0.794556 0.852812
vt 0.794922 0.852997
vt 0.794556 0.853140
vt 0.793945 0.853024
vt 0.856079 0.766296
vt 0.855591 0.766663
vt 0.855835 0.766174
vt 0.821594 0.855713
vt 0.821228 0.855591
vt 0.821289 0.855347
vt 0.821594 0.855225
vt 0.852173 0.525787
vt 0.852661 0.525909
vt 0.844604 0.544373
vt 0.844116 0.544312
vt 0.844360 0.543839
vt 0.844604 0.543839
vt 0.849121 0.854553
vt 0.848755 0.855164
vt 0.848572 0.854797
vt 0.848999 0.854370
vt 0.851074 0.855896
vt 0.851440 0.855637
vt 0.851318 0.856079
vt 0.854614 0.814331
vt 0.854858 0.814514
vt 0.851746 0.845245
vt 0.851807 0.844086
vt 0.852173 0.527206
vt 0.852539 0.527176
vt 0.489502 0.853943
vt 0.489502 0.854370
vt 0.489258 0.855621
vt 0.855774 0.616821
vt 0.855713 0.616455
vt 0.856079 0.616333
vt 0.856201 0.616821
vt 0.855896 0.616943
vt 0.854919 0.521729
vt 0.855164 0.520508
vt 0.855164 0.522217
vt 0.854614 0.522522
vt 0.854248 0.522461
vt 0.853760 0.521851
vt 0.854126 0.520508
vt 0.854187 0.522064
vt 0.854553 0.522186
vt 0.515015 0.850937
vt 0.515137 0.849899
vt 0.515381 0.849869
vt 0.515381 0.851089
vt 0.856140 0.522736
vt 0.856018 0.522797
vt 0.855713 0.523010
vt 0.855774 0.522552
vt 0.855042 0.533875
vt 0.855103 0.535583
vt 0.515381 0.851433
vt 0.856262 0.524261
vt 0.856262 0.522675
vt 0.846069 0.738159
vt 0.848816 0.855530
vt 0.848572 0.855530
vt 0.851074 0.854263
vt 0.851440 0.854248
vt 0.854370 0.521912
vt 0.854675 0.521942
vt 0.852539 0.525574
vt 0.855774 0.524384
vt 0.854614 0.816772
vt 0.854858 0.816650
vt 0.821350 0.855957
vt 0.794922 0.851082
vt 0.794800 0.852606
vt 0.794434 0.851376
vt 0.794312 0.850521
vt 0.856262 0.556824
vt 0.855957 0.556763
vt 0.855835 0.521973
vt 0.856140 0.522217
vt 0.849121 0.855713
vt 0.849121 0.856079
vn 0.4765 -0.3849 -0.7904
vn 0.4827 -0.3865 -0.7859
vn 0.4828 -0.3873 -0.7854
vn 0.4778 -0.3849 -0.7896
vn -0.4981 -0.0582 -0.8652
vn -0.4986 -0.0581 -0.8649
vn -0.4775 -0.3876 -0.7885
vn -0.4775 -0.3891 -0.7878
vn -0.4835 -0.3852 -0.7860
vn 0.4994 -0.0580 -0.8645
vn 0.4989 -0.0580 -0.8647
vn 0.4809 0.2750 -0.8325
vn 0.4790 0.2746 -0.8338
vn 0.4834 0.2700 -0.8327
vn 0.8670 0.0247 0.4976
vn 0.8668 0.0246 0.4981
vn 0.8104 -0.3079 0.4984
vn 0.8108 -0.3070 0.4984
vn 0.8088 -0.3077 0.5011
vn -0.1933 0.8241 -0.5324
vn -0.1932 0.8242 -0.5324
vn -0.5510 0.6475 -0.5264
vn -0.5502 0.6480 -0.5267
vn 0.4923 0.7042 0.5115
vn 0.4865 0.3552 0.7982
vn 0.4809 0.3535 0.8024
vn 0.4903 0.7042 0.5135
vn -1.0000 -0.0000 0.0000
vn -1.0000 -0.0004 0.0000
vn -1.0000 0.0000 0.0001
vn -1.0000 0.0003 0.0001
vn 0.4916 0.8419 -0.2225
vn 0.4928 0.8400 -0.2270
vn 0.4904 0.8428 -0.2219
vn -0.4814 0.3556 0.8011
vn -0.4914 0.7053 0.5109
vn -0.4865 0.3519 0.7997
vn -0.4871 0.3513 0.7996
vn 0.5495 0.6512 -0.5234
vn 0.5485 0.6508 -0.5250
vn 0.8148 0.2914 -0.5012
vn 0.8188 0.2898 -0.4955
vn -0.4983 -0.0584 -0.8650
vn -0.4984 -0.0584 -0.8650
vn -0.8106 -0.3027 0.5013
vn -0.8200 0.3349 0.4642
vn -0.8204 0.3351 0.4633
vn -0.8166 0.3381 0.4678
vn -0.8121 -0.3040 0.4981
vn -0.8115 -0.3056 0.4980
vn -0.4900 0.8373 -0.2426
vn -0.4902 0.8594 0.1450
vn -0.4905 0.8593 0.1452
vn -0.4908 -0.3173 -0.8115
vn -0.4905 -0.3172 -0.8117
vn -0.4781 -0.3376 -0.8108
vn -0.4781 -0.3377 -0.8108
vn 0.1650 0.8248 -0.5408
vn 0.1665 0.8251 -0.5399
vn 0.1714 0.8251 -0.5383
vn -0.5219 0.6687 -0.5295
vn -0.5273 0.6623 -0.5322
vn -0.5257 0.6644 -0.5312
vn -0.5214 0.6696 -0.5289
vn -0.1931 0.8736 0.4467
vn -0.5488 0.6997 0.4575
vn -0.4920 -0.6657 0.5611
vn -0.4915 -0.8394 0.2321
vn -0.4921 -0.8390 0.2321
vn -0.4928 -0.8384 0.2330
vn -0.5179 -0.6684 0.5339
vn -0.1777 -0.8201 0.5439
vn -0.1779 -0.8206 0.5431
vn -0.5179 -0.6680 0.5344
vn -0.4730 -0.2351 0.8491
vn -0.4733 -0.2349 0.8490
vn -0.4865 -0.2536 0.8360
vn -0.4872 -0.2538 0.8356
vn 0.8178 0.3408 0.4638
vn 0.5465 0.7026 0.4556
vn 0.8181 0.3363 0.4664
vn 0.8168 0.3364 0.4687
vn 0.4894 -0.2328 0.8404
vn 0.4759 -0.2554 0.8416
vn 0.4895 -0.2330 0.8403
vn -0.5326 0.7172 0.4493
vn -0.5292 0.7190 0.4506
vn -0.5216 0.7229 0.4531
vn -0.5241 0.7212 0.4529
vn 0.1739 -0.8213 0.5434
vn 0.5165 -0.6696 0.5338
vn 0.1731 -0.8209 0.5442
vn -1.0000 -0.0001 -0.0000
vn -0.4919 -0.8629 -0.1160
vn -0.4926 -0.7335 -0.4683
vn -0.4914 -0.7341 -0.4685
vn -0.4922 -0.8627 -0.1162
vn 0.4923 -0.6650 0.5616
vn 0.4920 -0.8387 0.2335
vn 0.4906 -0.8398 0.2326
vn 0.4923 -0.6647 0.5620
vn 0.0002 0.0498 0.9988
vn 0.0041 0.0521 0.9986
vn 0.0000 0.0498 0.9988
vn 1.0000 -0.0005 -0.0000
vn 1.0000 -0.0000 -0.0000
vn 1.0000 -0.0003 0.0000
vn 1.0000 0.0005 -0.0000
vn -0.4794 0.2715 -0.8346
vn -0.4891 0.6468 -0.5852
vn -0.4897 0.6466 -0.5849
vn -0.4830 0.2741 -0.8316
vn -0.4839 0.2738 -0.8312
vn -0.4925 0.8631 0.1120
vn -0.4916 0.8636 0.1116
vn -0.4904 0.8649 0.1072
vn -0.4910 0.8644 0.1079
vn -0.4987 0.0580 0.8648
vn -0.4773 -0.2734 0.8351
vn -0.4835 -0.2762 0.8307
vn 0.4934 -0.6256 0.6043
vn 0.4885 -0.6394 0.5938
vn 0.5012 -0.8313 0.2403
vn 0.4856 -0.8491 0.2079
vn 0.8135 -0.3618 -0.4553
vn 0.8146 -0.3539 -0.4596
vn 0.8113 -0.3543 -0.4650
vn 0.8133 -0.3613 -0.4561
vn -0.8170 -0.3528 -0.4561
vn -0.8182 -0.3518 -0.4548
vn -0.8114 -0.3566 -0.4631
vn -0.8110 -0.3565 -0.4638
vn 0.5743 -0.6765 -0.4610
vn 0.5619 -0.6917 -0.4537
vn 0.5614 -0.6921 -0.4536
vn 0.4919 -0.8629 -0.1161
vn 0.4926 -0.7342 -0.4672
vn 0.4923 -0.8627 -0.1157
vn -0.4984 0.0581 0.8650
vn -0.4984 0.0582 0.8650
vn 0.4984 0.0581 0.8650
vn 0.4984 0.0582 0.8650
vn 0.4745 -0.3204 -0.8199
vn 0.4896 -0.3355 -0.8048
vn 0.4985 -0.0583 -0.8649
vn 0.4985 -0.0583 -0.8650
vn 0.4744 -0.3202 -0.8200
vn 0.4901 0.8372 -0.2427
vn 0.4920 0.6456 -0.5842
vn 0.4921 0.6463 -0.5832
vn 0.0003 -0.0500 -0.9988
vn 0.0003 -0.0498 -0.9988
vn 0.0003 -0.0497 -0.9988
vn 0.0002 -0.0497 -0.9988
vn 0.0004 -0.0499 -0.9988
vn 0.0002 -0.0498 -0.9988
vn 0.8669 0.0247 0.4978
vn 0.8671 0.0245 0.4975
vn 0.8669 0.0248 0.4978
vn -0.5675 -0.6316 0.5283
vn -0.5674 -0.6317 0.5282
vn -0.5566 -0.6453 0.5233
vn -0.5560 -0.6459 0.5231
vn -0.8669 -0.0248 -0.4979
vn -0.8669 -0.0249 -0.4979
vn -0.8184 0.2904 -0.4959
vn -0.8167 0.2858 -0.5013
vn 0.5763 -0.6306 0.5198
vn 0.5598 -0.6392 0.5273
vn 0.5587 -0.6400 0.5274
vn 0.8670 -0.0249 -0.4977
vn -0.8670 -0.0249 -0.4977
vn -0.8667 -0.0249 -0.4981
vn 0.1673 0.8817 0.4411
vn 0.1696 0.8815 0.4406
vn 0.1723 0.8796 0.4434
vn -0.1761 -0.8815 -0.4381
vn -0.1761 -0.8815 -0.4382
vn -0.5153 -0.7308 -0.4477
vn 0.8670 -0.0248 -0.4977
vn 0.8670 -0.0248 -0.4978
vn -0.5714 -0.6853 -0.4516
vn -0.5713 -0.6845 -0.4528
vn -0.5569 -0.6924 -0.4587
vn -0.5571 -0.6923 -0.4587
vn 0.5067 -0.8565 -0.0985
vn 0.4900 -0.8603 -0.1410
vn 0.4894 -0.8606 -0.1409
vn -0.8670 0.0246 0.4977
vn 0.4985 0.0580 0.8650
vn 0.4774 -0.2781 0.8335
vn 0.4826 -0.2726 0.8323
vn 0.4985 0.0580 0.8649
vn -0.4876 0.2513 -0.8361
vn -0.4685 0.2253 -0.8543
vn -0.4878 0.2514 -0.8360
vn 1.0000 -0.0000 -0.0001
vn 0.4909 0.8591 0.1445
vn 0.4909 0.8590 0.1455
vn 0.4904 0.8593 0.1452
vn 0.1953 0.8236 -0.5325
vn 0.1947 0.8732 0.4468
vn 0.1953 0.8730 0.4468
vn 0.1955 0.8733 0.4462
vn 0.1949 0.8734 0.4463
vn 0.4929 0.8635 0.1070
vn 0.4925 0.8636 0.1079
vn 0.4907 0.8641 0.1122
vn 0.4910 0.8640 0.1115
vn 0.1735 -0.8818 -0.4386
vn 0.1724 -0.8823 -0.4380
vn 0.5142 -0.7308 -0.4489
vn 0.5135 -0.7315 -0.4487
usemtl Steel_-_Satin.001
s 1
f 1690/4266/5238 1686/4267/5239 1691/4268/5240 1692/4269/5241
f 1675/4270/5242 1676/4271/5243 1691/4268/5244 1686/4267/5245 1687/4272/5246
f 1692/4273/5247 1691/4274/5248 1676/4275/5249 1667/4276/5250 1669/4277/5251
f 1684/4278/5252 1697/4279/5252 1698/4280/5253 1696/4281/5254 1683/4282/5255 1682/4283/5256
f 1711/4284/5257 1712/4285/5258 1702/4286/5259 1701/4287/5260
f 1643/4288/5261 1642/4289/5262 1641/4290/5263 1647/4291/5264
f 1644/4292/5265 1659/4293/5266 1670/4294/5265 1671/4295/5265 1654/4296/5267 1655/4297/5265 1688/4298/5265 1687/4299/5265 1665/4300/5268 1658/4301/5267 1645/4302/5267
f 1648/4303/5269 1663/4304/5270 1649/4305/5271
f 1642/4306/5272 1643/4307/5273 1644/4292/5274 1645/4302/5275
f 1710/4308/5276 1708/4309/5277 1697/4310/5278 1699/4311/5279
f 1661/4312/5280 1649/4313/5281 1654/4314/5280 1671/4315/5280
f 1671/4316/5282 1693/4317/5283 1700/4318/5284 1701/4319/5285 1679/4320/5286 1680/4321/5287
f 1650/4322/5288 1657/4323/5288 1656/4324/5288 1644/4325/5289 1643/4326/5290
f 1659/4327/5291 1661/4312/5292 1671/4315/5293 1670/4328/5294
f 1659/4329/5295 1660/4330/5296 1666/4331/5297
f 1659/4332/5298 1662/4333/5299 1677/4334/5300 1660/4335/5301
f 1711/4336/5302 1701/4337/5303 1700/4338/5302 1713/4339/5302
f 1651/4340/5304 1658/4301/5305 1665/4300/5306 1668/4341/5307
f 1680/4342/5308 1681/4343/5309 1673/4344/5310 1671/4345/5311
f 1672/4346/5312 1660/4347/5313 1666/4348/5314 1678/4349/5315
f 1697/4350/5316 1708/4351/5317 1709/4352/5318 1698/4353/5319
f 1672/4346/5320 1677/4354/5321 1660/4347/5322
f 1659/4355/5323 1661/4356/5324 1646/4357/5325 1662/4358/5326
f 1681/4343/5327 1682/4283/5328 1683/4282/5327 1673/4344/5329
f 1656/4359/5330 1675/4360/5330 1687/4299/5265 1688/4298/5265 1678/4361/5330 1666/4362/5265 1659/4293/5266 1644/4292/5265
f 1665/4363/5331 1687/4272/5332 1686/4267/5333 1668/4364/5334
f 1651/4365/5335 1668/4366/5336 1664/4367/5337 1653/4368/5338
f 1693/4369/5339 1671/4370/5340 1670/4371/5341
f 1669/4277/5342 1652/4372/5343 1646/4373/5343 1662/4374/5342 1677/4375/5344 1689/4376/5343 1663/4377/5345 1653/4378/5343 1664/4379/5343 1690/4380/5342 1692/4273/5343
f 1675/4381/5346 1656/4324/5347 1657/4323/5348 1667/4382/5349 1676/4383/5350
f 1655/4384/5351 1649/4385/5352 1674/4386/5353 1688/4387/5354
f 1645/4302/5355 1658/4301/5356 1651/4340/5357 1642/4306/5355
f 1660/4347/5358 1677/4354/5359 1662/4388/5360 1659/4389/5361
f 1682/4390/5362 1677/4391/5363 1685/4392/5364 1684/4393/5365
f 1695/4394/5366 1678/4395/5367 1680/4396/5368 1679/4397/5369
f 1707/4398/5370 1703/4399/5371 1714/4400/5372
f 1668/4366/5373 1686/4401/5374 1690/4402/5373 1664/4367/5375
f 1674/4403/5376 1672/4404/5377 1678/4361/5377 1688/4298/5377
f 1689/4405/5378 1677/4354/5379 1672/4346/5378 1674/4406/5379
f 1659/4327/5380 1646/4407/5381 1683/4408/5382 1648/4409/5383 1649/4313/5383 1661/4312/5384
f 1657/4410/5385 1650/4411/5385 1652/4412/5385 1669/4413/5386 1667/4414/5387
f 1703/4415/5388 1695/4416/5389 1702/4417/5390 1712/4418/5391 1710/4419/5391 1699/4420/5391 1662/4421/5392 1705/4422/5393 1714/4423/5393
f 1694/4424/5394 1670/4425/5395 1659/4426/5396 1707/4427/5394
f 1707/4428/5397 1706/4429/5398 1704/4430/5399 1715/4431/5400
f 1695/4432/5401 1679/4320/5402 1701/4319/5403 1702/4433/5404
f 1707/4427/5405 1715/4434/5406 1694/4424/5407
f 1685/4392/5408 1699/4311/5408 1697/4310/5408 1684/4393/5408
f 1662/4435/5409 1706/4429/5410 1705/4436/5409
f 1659/4355/5411 1670/4437/5412 1661/4356/5413
f 1678/4395/5414 1672/4438/5415 1681/4439/5414 1680/4396/5416
f 1707/4398/5417 1659/4440/5418 1666/4441/5418 1703/4399/5418
f 1706/4442/5419 1707/4443/5420 1714/4423/5421 1705/4422/5422
f 1659/4389/5423 1662/4388/5424 1646/4444/5425
f 1646/4445/5426 1704/4430/5426 1706/4429/5426 1662/4435/5426
f 1642/4446/5427 1651/4365/5428 1653/4368/5429 1641/4447/5430
f 1654/4448/5431 1649/4385/5432 1655/4384/5433
f 1641/4449/5434 1653/4378/5343 1663/4377/5345 1648/4450/5434 1683/4451/5343 1646/4373/5343 1652/4372/5343 1647/4452/5434
f 1652/4412/5435 1650/4411/5436 1643/4288/5437 1647/4291/5437
f 1710/4453/5438 1712/4285/5438 1711/4284/5438 1708/4454/5438
f 1708/4351/5439 1711/4336/5440 1713/4339/5441 1709/4352/5442
f 1649/4305/5443 1663/4304/5444 1689/4455/5445 1674/4456/5446
f 1681/4439/5447 1672/4438/5448 1677/4457/5449 1682/4458/5450
o MeshBody4_(25)_MeshBody4_(25).001
v 2.374477 1.621300 0.106637
v 2.371727 1.621560 0.108203
v 2.371727 1.628733 0.102881
v 2.368979 1.627265 0.102280
v 2.368979 1.621300 0.106637
v 2.374477 1.623388 0.102367
v 2.374477 1.627265 0.102280
v 2.374477 1.607149 0.103629
v 2.371727 1.608115 0.102369
v 2.371727 1.629361 0.098850
v 2.371727 1.604256 0.107411
v 2.374477 1.627778 0.098959
v 2.374477 1.603359 0.104011
v 2.368979 1.609627 0.104339
v 2.368979 1.606141 0.102486
v 2.368979 1.626797 0.095738
v 2.371727 1.628173 0.094947
v 2.368979 1.605219 0.106152
v 2.370435 1.623226 0.099260
v 2.371724 1.621193 0.096642
v 2.371724 1.621590 0.102125
v 2.374477 1.624048 0.097322
v 2.374477 1.605600 0.100587
v 2.374477 1.602437 0.100851
v 2.368979 1.602437 0.100851
v 2.368979 1.622927 0.096150
v 2.371727 1.625720 0.092300
v 2.371727 1.600856 0.100983
v 2.374477 1.624788 0.093583
v 2.368565 1.622891 0.102038
v 2.366210 1.620771 0.102181
v 2.371717 1.618023 0.096856
v 2.371717 1.618427 0.102339
v 2.371727 1.607325 0.099151
v 2.368979 1.620248 0.092197
v 2.371727 1.620278 0.090611
v 2.374477 1.620191 0.095368
v 2.368494 1.618688 0.096811
v 2.362917 1.624670 0.099163
v 2.365031 1.619510 0.099511
v 2.371714 1.616641 0.099705
v 2.378414 1.619496 0.099512
v 2.374945 1.619079 0.102295
v 2.380555 1.624655 0.099164
v 2.378975 1.624614 0.096413
v 2.371727 1.603171 0.094072
v 2.368979 1.604331 0.095158
v 2.368979 1.606646 0.097328
v 2.374477 1.606646 0.097328
v 2.374477 1.604331 0.095158
v 2.371727 1.608174 0.091517
v 2.374477 1.608451 0.093080
v 2.364498 1.636761 0.101104
v 2.367658 1.636469 0.101123
v 2.364498 1.624622 0.096412
v 2.378975 1.625003 0.101896
v 2.380557 1.636720 0.098351
v 2.378975 1.636758 0.101104
v 2.378975 1.636395 0.095618
v 2.366171 1.641162 0.100807
v 2.364947 1.641994 0.097996
v 2.366171 1.640809 0.095320
v 2.367658 1.636106 0.095637
v 2.375815 1.636472 0.101123
v 2.374852 1.638775 0.095458
v 2.373633 1.637938 0.098269
v 2.370540 1.638573 0.098227
v 2.375700 1.644252 0.097843
v 2.375002 1.643004 0.100682
v 2.375002 1.642655 0.095197
v 2.371726 1.645164 0.097782
v 2.371723 1.643407 0.095145
v 2.371723 1.643754 0.100633
v 2.371718 1.640237 0.095359
v 2.371718 1.640591 0.100846
vt 0.824646 0.854492
vt 0.824646 0.854156
vt 0.824951 0.853973
vt 0.824951 0.854401
vt 0.820496 0.749207
vt 0.820679 0.749023
vt 0.820740 0.749390
vt 0.514771 0.662598
vt 0.514771 0.661926
vt 0.515076 0.661957
vt 0.515076 0.662750
vt 0.515320 0.742401
vt 0.515015 0.742432
vt 0.515076 0.741180
vt 0.515076 0.740601
vt 0.515381 0.740692
vt 0.495911 0.854797
vt 0.496155 0.854004
vt 0.496460 0.854187
vt 0.496277 0.854858
vt 0.496460 0.855591
vt 0.496155 0.855713
vt 0.495972 0.855225
vt 0.496277 0.855164
vt 0.514648 0.855469
vt 0.515198 0.855225
vt 0.515076 0.855713
vt 0.514771 0.855835
vt 0.515381 0.742981
vt 0.515076 0.743134
vt 0.515076 0.742950
vt 0.512817 0.762085
vt 0.512756 0.761749
vt 0.513123 0.761749
vt 0.781128 0.812866
vt 0.780823 0.812622
vt 0.781128 0.812500
vt 0.796539 0.856018
vt 0.796539 0.855591
vt 0.796875 0.855591
vt 0.796936 0.856262
vt 0.796631 0.856384
vt 0.856018 0.737061
vt 0.856018 0.736328
vt 0.856323 0.736450
vt 0.856262 0.737061
vt 0.852905 0.811996
vt 0.853149 0.813263
vt 0.853149 0.813705
vt 0.853638 0.813766
vt 0.854004 0.813828
vt 0.853516 0.814163
vt 0.853149 0.814117
vt 0.852661 0.813507
vt 0.852905 0.811600
vt 0.497070 0.854034
vt 0.496887 0.855438
vt 0.496582 0.855286
vt 0.496460 0.854065
vt 0.855591 0.747681
vt 0.855225 0.747681
vt 0.855225 0.745850
vt 0.855591 0.745941
vt 0.512939 0.762238
vt 0.513184 0.762115
vt 0.513367 0.762390
vt 0.496948 0.853790
vt 0.497375 0.853912
vt 0.497375 0.854340
vt 0.497131 0.855591
vt 0.514282 0.808594
vt 0.514282 0.809448
vt 0.514099 0.808838
vt 0.855713 0.737427
vt 0.855713 0.737061
vt 0.856018 0.737671
vt 0.804810 0.850800
vt 0.804688 0.850677
vt 0.805054 0.850525
vt 0.805542 0.850586
vt 0.805420 0.850739
vt 0.515076 0.854126
vt 0.515198 0.854492
vt 0.515076 0.854858
vt 0.514709 0.854736
vt 0.805908 0.853058
vt 0.805420 0.853363
vt 0.804810 0.853180
vt 0.804443 0.851532
vt 0.805908 0.851349
vt 0.515381 0.661926
vt 0.515381 0.662598
vt 0.514465 0.854980
vt 0.514526 0.854736
vt 0.853882 0.813354
vt 0.853638 0.811920
vt 0.853271 0.811829
vt 0.853271 0.811493
vt 0.853760 0.811676
vt 0.854004 0.812103
vt 0.853394 0.824905
vt 0.853149 0.825119
vt 0.853027 0.824677
vt 0.855225 0.748230
vt 0.854980 0.748108
vt 0.854980 0.746429
vt 0.854980 0.745941
vt 0.854614 0.843061
vt 0.854248 0.842836
vt 0.854614 0.842531
vt 0.513367 0.761871
vt 0.855896 0.833160
vt 0.856079 0.833214
vt 0.856079 0.833969
vt 0.855774 0.833733
vt 0.855713 0.736328
vt 0.856079 0.496521
vt 0.856079 0.496964
vt 0.856079 0.497162
vt 0.855957 0.496872
vt 0.824341 0.854248
vt 0.515015 0.650085
vt 0.515015 0.649292
vt 0.515381 0.649445
vt 0.515381 0.650116
vt 0.856323 0.737305
vt 0.515381 0.651978
vt 0.515015 0.651917
vt 0.515015 0.651367
vt 0.515381 0.651337
vt 0.796631 0.855225
vt 0.796936 0.855347
vt 0.486694 0.855652
vt 0.486786 0.856079
vt 0.486450 0.856079
vt 0.486542 0.855774
vt 0.824341 0.855682
vt 0.824646 0.855621
vt 0.824951 0.855682
vt 0.515076 0.660126
vt 0.515381 0.660065
vt 0.514771 0.660248
vt 0.514832 0.854248
vt 0.852905 0.823242
vt 0.853271 0.823273
vt 0.514771 0.742828
vt 0.514771 0.741150
vt 0.495728 0.855164
vt 0.495728 0.854797
vt 0.496582 0.855591
vt 0.824341 0.853851
vt 0.824768 0.853943
vt 0.514771 0.651337
vt 0.514771 0.650116
vt 0.855713 0.497192
vt 0.855591 0.496872
vt 0.856323 0.564240
vt 0.855957 0.562805
vt 0.856323 0.562683
vt 0.820923 0.749512
vt 0.820435 0.749512
vt 0.496704 0.853851
vt 0.853516 0.823242
vt 0.853638 0.824631
vt 0.843933 0.541158
vt 0.844116 0.541444
vt 0.844604 0.541759
vt 0.843994 0.541740
vt 0.843689 0.541514
vt 0.843628 0.540739
vt 0.844604 0.539778
vt 0.855713 0.564392
vt 0.855713 0.562988
vt 0.806335 0.850800
vt 0.806641 0.850677
vt 0.807251 0.850891
vt 0.807495 0.851334
vt 0.807190 0.852844
vt 0.807190 0.851410
vt 0.806702 0.851013
vt 0.806274 0.851501
vt 0.806091 0.852737
vt 0.805969 0.851501
vt 0.807373 0.850769
vt 0.806641 0.850510
vt 0.514771 0.740692
vt 0.807495 0.853043
vt 0.806946 0.853348
vt 0.806580 0.853317
vt 0.806580 0.852859
vt 0.806885 0.853012
vt 0.855957 0.497543
vt 0.852905 0.821472
vt 0.853638 0.821274
vt 0.853394 0.821518
vt 0.853516 0.822800
vt 0.852905 0.823029
vt 0.852661 0.821854
vn -0.4736 -0.2222 0.8523
vn -0.4736 -0.2224 0.8522
vn -0.4868 -0.2400 0.8399
vn -0.4875 -0.2399 0.8395
vn 0.1669 0.8880 0.4284
vn 0.1677 0.8874 0.4294
vn 0.1717 0.8859 0.4309
vn -0.4855 0.3654 0.7942
vn -0.4862 0.3648 0.7941
vn -0.4812 0.3695 0.7949
vn -0.4906 0.7133 0.5006
vn -0.4975 -0.0648 -0.8650
vn -0.4976 -0.0648 -0.8650
vn -0.4778 -0.3990 -0.7826
vn -0.4769 -0.3998 -0.7828
vn -0.4823 -0.3946 -0.7821
vn 0.5495 0.6433 -0.5331
vn 0.8154 0.2827 -0.5051
vn 0.8196 0.2811 -0.4993
vn 0.5494 0.6435 -0.5331
vn -0.5518 0.6393 -0.5356
vn -0.5523 0.6399 -0.5343
vn -0.1936 0.8167 -0.5437
vn 0.8125 -0.3676 -0.4524
vn 0.8099 -0.3657 -0.4586
vn 0.8108 -0.3620 -0.4600
vn 0.8124 -0.3671 -0.4530
vn -0.4845 0.2595 -0.8354
vn -0.4795 0.2572 -0.8390
vn -0.4889 0.6380 -0.5949
vn -0.4895 0.6386 -0.5938
vn -0.4830 0.2600 -0.8361
vn 0.4903 0.8398 -0.2330
vn 0.4903 0.8394 -0.2344
vn 0.4928 0.8368 -0.2385
vn 0.1661 0.8168 -0.5524
vn 0.1668 0.8169 -0.5521
vn 0.1714 0.8173 -0.5502
vn 0.4903 0.8338 -0.2539
vn 0.4902 0.8338 -0.2539
vn 0.4927 0.6365 -0.5934
vn 0.4899 0.6382 -0.5938
vn 0.4918 -0.8644 -0.1041
vn 0.4933 -0.7402 -0.4569
vn 0.4918 -0.8645 -0.1040
vn 0.4922 -0.8643 -0.1037
vn 1.0000 0.0002 -0.0000
vn 1.0000 -0.0000 -0.0001
vn 1.0000 -0.0004 0.0000
vn 1.0000 -0.0001 -0.0001
vn 1.0000 0.0004 -0.0000
vn -0.4987 -0.0646 -0.8643
vn -0.4987 -0.0646 -0.8644
vn -0.8669 -0.0336 -0.4974
vn -0.8192 0.2822 -0.4993
vn -0.8175 0.2772 -0.5048
vn -0.4925 0.8645 0.1001
vn -0.4919 0.8649 0.1000
vn -0.4893 0.8669 0.0954
vn -0.4900 0.8663 0.0974
vn 0.4736 -0.3330 -0.8153
vn 0.4885 -0.3488 -0.7999
vn 0.4979 -0.0647 -0.8648
vn 0.4984 -0.0646 -0.8645
vn 0.4985 -0.0646 -0.8645
vn 0.4739 -0.3328 -0.8153
vn -1.0000 0.0014 0.0014
vn -1.0000 -0.0001 -0.0001
vn -1.0000 -0.0048 -0.0007
vn -0.4922 -0.8354 0.2447
vn -0.4931 -0.8351 0.2437
vn -0.4916 -0.8357 0.2448
vn -0.4917 -0.6582 0.5701
vn -0.4894 0.8619 0.1331
vn -0.4908 0.8609 0.1338
vn -0.4904 0.8337 -0.2538
vn -0.5168 -0.7336 -0.4413
vn -0.1768 -0.8857 -0.4292
vn -0.1764 -0.8855 -0.4298
vn -0.1771 -0.8857 -0.4292
vn -1.0000 0.0003 0.0000
vn -1.0000 0.0000 0.0000
vn 0.4861 0.3688 0.7923
vn 0.4806 0.3674 0.7963
vn 0.4904 0.7119 0.5027
vn 0.4915 0.7122 0.5013
vn 0.1724 -0.8165 0.5511
vn 0.5142 -0.6656 0.5409
vn 0.1719 -0.8160 0.5519
vn 0.1720 -0.8157 0.5523
vn 1.0000 -0.0000 0.0000
vn 1.0000 0.0003 0.0000
vn 0.5763 -0.6229 0.5291
vn 0.5606 -0.6311 0.5361
vn 0.5601 -0.6314 0.5364
vn -0.8162 0.3459 0.4628
vn -0.8127 -0.2986 0.5004
vn -0.8128 -0.2992 0.4998
vn -0.8111 -0.2948 0.5051
vn -0.8193 0.3429 0.4595
vn -0.8200 0.3427 0.4583
vn 0.5075 -0.8573 -0.0868
vn 0.4897 -0.8622 -0.1297
vn 0.4897 -0.8622 -0.1295
vn 0.4933 0.8647 0.0950
vn 0.4928 0.8648 0.0961
vn 0.4906 0.8656 0.1003
vn 0.4913 0.8653 0.0997
vn -0.8107 -0.3631 -0.4592
vn -0.8157 -0.3594 -0.4533
vn -0.8163 -0.3594 -0.4522
vn -0.8112 -0.3635 -0.4581
vn -0.4920 -0.8644 -0.1041
vn -0.4919 -0.8644 -0.1040
vn -0.4934 -0.7393 -0.4582
vn -0.4930 -0.7398 -0.4579
vn -0.5581 -0.6367 0.5321
vn -0.5573 -0.6378 0.5317
vn -0.5694 -0.6225 0.5370
vn -0.5697 -0.6226 0.5365
vn 0.4894 -0.2202 0.8438
vn 0.4766 -0.2416 0.8453
vn 0.4892 -0.2198 0.8440
vn 0.8173 0.3486 0.4589
vn 0.5455 0.7096 0.4460
vn 0.8152 0.3492 0.4620
vn 0.8162 0.3444 0.4640
vn 0.4906 -0.6582 0.5710
vn 0.4921 -0.8353 0.2453
vn 0.4907 -0.8364 0.2443
vn 0.4916 -0.6577 0.5707
vn 0.8126 -0.2994 0.5000
vn 0.8086 -0.3011 0.5054
vn 0.8080 -0.3014 0.5063
vn 0.8124 -0.2991 0.5006
vn 0.4910 0.8610 0.1328
vn 0.4900 0.8614 0.1338
vn 0.4892 0.8617 0.1346
vn 0.4902 0.8615 0.1326
vn -0.5228 0.6604 -0.5391
vn -0.5285 0.6539 -0.5414
vn -0.5263 0.6559 -0.5412
vn -0.5215 0.6617 -0.5388
vn 0.4983 0.0646 0.8646
vn 0.4983 0.0645 0.8646
vn -0.4983 0.0646 0.8646
vn -0.4983 0.0645 0.8646
vn 0.4985 0.0646 0.8645
vn 0.4771 -0.2668 0.8374
vn 0.4830 -0.2657 0.8343
vn 0.4984 0.0647 0.8645
vn -0.4986 0.0647 0.8644
vn -0.4765 -0.2621 0.8392
vn -0.4831 -0.2650 0.8345
vn -0.4991 0.0644 0.8641
vn -0.5149 -0.6649 0.5411
vn -0.1762 -0.8148 0.5523
vn -0.1760 -0.8152 0.5518
vn -0.5161 -0.6641 0.5410
vn 0.8669 0.0335 0.4973
vn 0.4801 0.2598 -0.8379
vn 0.4794 0.2602 -0.8381
vn 0.4812 0.2587 -0.8376
vn 0.4982 -0.0647 -0.8647
vn 0.1949 0.8792 0.4348
vn 0.1946 0.8793 0.4348
vn -0.4690 0.2131 -0.8571
vn -0.4880 0.2399 -0.8393
vn -0.4872 0.2401 -0.8396
vn 0.5016 -0.8278 0.2513
vn 0.4858 -0.8460 0.2197
vn 0.4946 -0.6156 0.6136
vn 0.4884 -0.6303 0.6034
vn 0.8669 -0.0336 -0.4973
vn 0.8671 -0.0335 -0.4971
vn 0.8671 -0.0337 -0.4971
vn 0.8670 0.0334 0.4972
vn -0.5706 -0.6920 -0.4422
vn -0.5706 -0.6911 -0.4436
vn -0.5562 -0.6993 -0.4490
vn -0.5557 -0.6997 -0.4491
vn -0.8669 -0.0336 -0.4973
vn -0.5292 0.7254 0.4401
vn -0.5223 0.7291 0.4424
vn -0.5224 0.7295 0.4416
vn -0.5297 0.7256 0.4392
vn -0.4903 -0.3295 -0.8069
vn -0.4906 -0.3295 -0.8067
vn -0.4769 -0.3516 -0.8055
vn -0.4771 -0.3515 -0.8055
vn 0.8669 -0.0335 -0.4973
vn 0.0005 -0.0672 -0.9977
vn 0.0008 -0.0673 -0.9977
vn 0.0004 -0.0672 -0.9977
vn 0.0000 -0.0672 -0.9977
vn -0.8670 0.0334 0.4972
vn -0.8670 0.0333 0.4972
vn 0.0001 0.0673 0.9977
vn 0.0002 0.0672 0.9977
vn 0.0001 0.0672 0.9977
vn -0.5479 0.7067 0.4477
vn -0.1928 0.8798 0.4345
vn -0.1924 0.8797 0.4349
vn 0.4776 -0.3963 -0.7841
vn 0.4767 -0.3959 -0.7849
vn 0.4819 -0.3989 -0.7802
vn 0.4826 -0.3983 -0.7800
vn 0.1957 0.8160 -0.5439
vn 0.1961 0.8161 -0.5436
vn 0.0005 0.0675 0.9977
vn 0.5606 -0.6989 -0.4441
vn 0.5738 -0.6834 -0.4513
vn -1.0000 -0.0001 0.0000
vn -1.0000 -0.0001 -0.0002
vn -1.0000 -0.0001 0.0001
vn 0.1740 -0.8864 -0.4291
vn 0.5169 -0.7337 -0.4411
vn 0.5171 -0.7338 -0.4407
vn 0.1739 -0.8864 -0.4291
usemtl Steel_-_Satin.001
s 1
f 1747/4459/5451 1735/4460/5452 1741/4461/5453 1753/4462/5454
f 1734/4463/5455 1745/4464/5456 1736/4465/5457
f 1719/4466/5458 1720/4467/5459 1717/4468/5460 1718/4469/5461
f 1750/4470/5462 1751/4471/5463 1766/4472/5464 1761/4473/5465 1762/4474/5466
f 1783/4475/5467 1772/4476/5468 1774/4477/5469 1785/4478/5470
f 1777/4479/5471 1776/4480/5472 1786/4481/5473 1787/4482/5473
f 1757/4483/5474 1752/4484/5475 1760/4485/5476 1759/4486/5477
f 1751/4471/5478 1750/4470/5479 1731/4487/5480 1732/4488/5481 1742/4489/5482
f 1724/4490/5483 1723/4491/5484 1738/4492/5485
f 1734/4493/5486 1735/4494/5487 1741/4495/5488
f 1732/4496/5489 1725/4497/5490 1727/4498/5490 1744/4499/5491 1742/4500/5492
f 1743/4501/5493 1761/4502/5494 1765/4503/5495 1739/4504/5496
f 1723/4505/5497 1758/4506/5498 1721/4507/5498 1737/4508/5498 1744/4509/5499 1727/4510/5498 1722/4511/5500 1716/4512/5498 1728/4513/5501
f 1736/4514/5502 1724/4515/5502 1729/4516/5503 1746/4517/5502
f 1770/4518/5504 1754/4519/5504 1776/4520/5505 1777/4521/5506
f 1730/4522/5507 1724/4490/5508 1749/4523/5509 1763/4524/5510
f 1734/4525/5511 1721/4526/5512 1758/4527/5513 1723/4528/5514 1724/4515/5515 1736/4514/5516
f 1762/4529/5517 1730/4530/5518 1763/4531/5519
f 1733/4532/5520 1740/4533/5521 1743/4501/5522 1726/4534/5523
f 1719/4535/5524 1718/4536/5525 1725/4537/5526 1732/4538/5526 1731/4539/5526
f 1755/4540/5527 1753/4541/5528 1747/4542/5529 1756/4543/5530
f 1762/4544/5531 1740/4545/5532 1733/4546/5532 1720/4547/5532 1719/4535/5532 1731/4539/5532 1750/4548/5532
f 1717/4468/5533 1716/4549/5534 1722/4550/5535 1718/4469/5536
f 1756/4543/5537 1757/4483/5538 1758/4551/5539 1748/4552/5540
f 1737/4508/5498 1752/4553/5541 1764/4554/5541 1738/4555/5542 1723/4505/5497 1728/4513/5501 1739/4556/5541 1765/4557/5541 1767/4558/5541 1744/4509/5499
f 1782/4559/5543 1790/4560/5544 1769/4561/5545
f 1776/4520/5546 1754/4519/5547 1755/4562/5548 1746/4563/5549 1768/4564/5550 1775/4565/5551
f 1734/4566/5552 1737/4567/5553 1721/4568/5554
f 1724/4490/5555 1738/4492/5556 1764/4569/5557 1749/4523/5558
f 1754/4570/5559 1770/4571/5560 1753/4572/5561 1755/4573/5562
f 1743/4501/5563 1740/4533/5564 1762/4574/5565 1761/4502/5566
f 1779/4575/5567 1790/4576/5568 1782/4577/5569 1781/4578/5570
f 1747/4459/5571 1752/4579/5572 1735/4460/5573
f 1772/4580/5574 1783/4581/5575 1784/4582/5576 1773/4583/5577
f 1726/4534/5578 1743/4501/5579 1739/4504/5580 1728/4584/5581
f 1758/4585/5582 1757/4586/5583 1759/4587/5584 1771/4588/5585
f 1727/4498/5586 1725/4497/5587 1718/4589/5588 1722/4590/5589
f 1734/4591/5590 1737/4592/5591 1752/4593/5592 1735/4594/5593
f 1764/4595/5594 1752/4579/5594 1747/4459/5594 1749/4596/5595
f 1763/4597/5596 1749/4596/5596 1747/4459/5596 1753/4462/5597
f 1717/4468/5598 1726/4598/5599 1728/4599/5600 1716/4549/5601
f 1720/4467/5602 1733/4600/5603 1726/4598/5604 1717/4468/5605
f 1755/4540/5606 1756/4543/5607 1748/4552/5608 1746/4601/5609
f 1769/4561/5610 1745/4602/5610 1734/4603/5610 1782/4559/5610
f 1751/4471/5611 1742/4489/5612 1744/4604/5613 1767/4605/5614 1766/4472/5614
f 1783/4475/5615 1786/4481/5615 1788/4606/5616 1784/4607/5615
f 1724/4515/5617 1730/4608/5618 1729/4516/5619
f 1737/4609/5620 1734/4610/5621 1735/4460/5622 1752/4579/5623
f 1760/4611/5624 1774/4612/5625 1772/4580/5624 1759/4587/5626
f 1759/4587/5627 1772/4580/5627 1773/4583/5627 1771/4588/5627
f 1781/4578/5628 1782/4577/5629 1789/4613/5630 1780/4614/5631
f 1737/4615/5632 1781/4616/5632 1780/4617/5632
f 1736/4465/5633 1721/4618/5634 1737/4619/5635 1734/4463/5636
f 1734/4525/5637 1736/4514/5638 1746/4517/5639 1745/4620/5640
f 1782/4559/5641 1734/4603/5641 1741/4621/5641 1778/4622/5641
f 1780/4623/5642 1789/4624/5643 1777/4625/5644 1787/4626/5642 1785/4627/5645 1774/4628/5642 1737/4629/5644
f 1721/4630/5646 1779/4631/5647 1781/4616/5647 1737/4615/5646
f 1784/4632/5648 1788/4633/5648 1775/4634/5648 1768/4635/5649 1745/4636/5650 1769/4637/5648 1790/4638/5648 1779/4639/5650 1771/4640/5650 1773/4641/5648
f 1776/4642/5651 1775/4634/5652 1788/4633/5653 1786/4643/5652
f 1767/4605/5654 1765/4644/5655 1761/4473/5656 1766/4472/5657
f 1785/4478/5658 1787/4482/5658 1786/4481/5658 1783/4475/5659
f 1745/4636/5650 1768/4635/5649 1746/4645/5660 1748/4646/5650 1758/4647/5650 1771/4640/5650 1779/4639/5650 1721/4648/5650 1736/4649/5650
f 1778/4650/5661 1789/4613/5661 1782/4577/5662
f 1730/4651/5518 1762/4652/5517 1763/4653/5519 1753/4654/5663 1741/4621/5518 1734/4603/5664 1745/4602/5665 1746/4655/5518 1729/4656/5518
f 1747/4542/5666 1752/4484/5667 1757/4483/5668 1756/4543/5669
o MeshBody4_(26)_MeshBody4_(26).001
v 2.374477 1.589078 0.109182
v 2.371727 1.589361 0.110744
v 2.374477 1.588513 0.106057
v 2.374477 1.577368 0.106973
v 2.371727 1.596454 0.105323
v 2.368979 1.594977 0.104741
v 2.368979 1.589078 0.109182
v 2.374477 1.594977 0.104741
v 2.371727 1.575827 0.105033
v 2.371727 1.597024 0.101284
v 2.368979 1.595443 0.101415
v 2.371727 1.572047 0.110149
v 2.374477 1.595443 0.101415
v 2.374477 1.573856 0.105187
v 2.374477 1.571099 0.106764
v 2.368979 1.577368 0.106973
v 2.368979 1.573856 0.105187
v 2.368979 1.594417 0.098208
v 2.371727 1.595781 0.097397
v 2.368979 1.572990 0.108870
v 2.370435 1.590897 0.101780
v 2.371724 1.588826 0.099190
v 2.371724 1.589303 0.104667
v 2.374477 1.570129 0.103622
v 2.368979 1.570129 0.103622
v 2.368979 1.590552 0.098675
v 2.371727 1.593290 0.094786
v 2.371727 1.568550 0.103785
v 2.374477 1.592376 0.096082
v 2.368565 1.590601 0.104562
v 2.366210 1.588484 0.104734
v 2.371717 1.585659 0.099448
v 2.374945 1.586311 0.099395
v 2.371717 1.586143 0.104924
v 2.374887 1.590122 0.099085
v 2.373711 1.591421 0.101737
v 2.371727 1.574989 0.101828
v 2.368979 1.587816 0.094758
v 2.371727 1.587822 0.093173
v 2.368494 1.586323 0.099394
v 2.362917 1.592339 0.101662
v 2.365031 1.587185 0.102081
v 2.367846 1.585120 0.102250
v 2.371714 1.584320 0.102315
v 2.375589 1.585107 0.102251
v 2.378414 1.587171 0.102082
v 2.380555 1.592324 0.101663
v 2.378975 1.592243 0.098911
v 2.371727 1.570759 0.096828
v 2.368979 1.571935 0.097892
v 2.368979 1.574283 0.100019
v 2.374477 1.574283 0.100019
v 2.374477 1.571935 0.097892
v 2.371727 1.575724 0.094177
v 2.374477 1.576024 0.095735
v 2.364498 1.604453 0.103434
v 2.367658 1.604163 0.103457
v 2.364498 1.592251 0.098911
v 2.378975 1.592711 0.104390
v 2.380557 1.604374 0.100682
v 2.378975 1.604451 0.103434
v 2.378975 1.604012 0.097955
v 2.366171 1.608849 0.103076
v 2.364947 1.609643 0.100254
v 2.366171 1.608422 0.097595
v 2.367658 1.603724 0.097978
v 2.375815 1.604165 0.103457
v 2.374852 1.606389 0.097760
v 2.373633 1.605591 0.100584
v 2.370540 1.606226 0.100533
v 2.375700 1.611898 0.100070
v 2.375002 1.610688 0.102926
v 2.375002 1.610266 0.097445
v 2.371726 1.612809 0.099997
v 2.371723 1.611017 0.097384
v 2.371723 1.611438 0.102865
v 2.371718 1.607850 0.097642
v 2.371718 1.608279 0.103123
vt 0.854126 0.809692
vt 0.853882 0.809570
vt 0.854004 0.808960
vt 0.854248 0.808899
vt 0.493835 0.854004
vt 0.494141 0.854126
vt 0.493958 0.854858
vt 0.493591 0.854858
vt 0.851746 0.808624
vt 0.851440 0.808716
vt 0.851318 0.808563
vt 0.851746 0.808472
vt 0.852112 0.808533
vt 0.852112 0.808685
vt 0.515381 0.730042
vt 0.515015 0.730133
vt 0.515015 0.728302
vt 0.515015 0.727753
vt 0.515381 0.727875
vt 0.515381 0.729584
vt 0.853943 0.730835
vt 0.853943 0.730591
vt 0.854309 0.730469
vt 0.854309 0.730835
vt 0.514771 0.727692
vt 0.515015 0.727539
vt 0.514771 0.728333
vt 0.810547 0.854889
vt 0.810791 0.853729
vt 0.811096 0.853638
vt 0.810852 0.855026
vt 0.854492 0.810791
vt 0.854492 0.809387
vt 0.854858 0.810669
vt 0.854492 0.809021
vt 0.783691 0.855469
vt 0.783447 0.854675
vt 0.783691 0.854675
vt 0.783936 0.855347
vt 0.485229 0.854156
vt 0.485229 0.855438
vt 0.484924 0.855347
vt 0.484985 0.854187
vt 0.810852 0.853378
vt 0.855835 0.586975
vt 0.855713 0.586670
vt 0.856079 0.586609
vt 0.856201 0.587036
vt 0.855957 0.587158
vt 0.811340 0.853821
vt 0.811401 0.855057
vt 0.493408 0.855103
vt 0.493408 0.854858
vt 0.493652 0.855225
vt 0.493713 0.855591
vt 0.493469 0.855469
vt 0.854248 0.847534
vt 0.853760 0.847870
vt 0.853882 0.847183
vt 0.854248 0.847107
vt 0.514771 0.697632
vt 0.515076 0.697601
vt 0.515076 0.698883
vt 0.515076 0.699432
vt 0.514771 0.699310
vt 0.785767 0.832336
vt 0.785583 0.832031
vt 0.785767 0.831970
vt 0.494141 0.855591
vt 0.493835 0.855713
vt 0.493958 0.855225
vt 0.787537 0.851227
vt 0.787476 0.851868
vt 0.787170 0.851868
vt 0.787231 0.851074
vt 0.854248 0.846039
vt 0.854492 0.845932
vt 0.854492 0.847656
vt 0.800171 0.855713
vt 0.800110 0.855957
vt 0.799927 0.855957
vt 0.799805 0.855713
vt 0.783691 0.853760
vt 0.783936 0.853882
vt 0.783691 0.854309
vt 0.783447 0.854248
vt 0.810913 0.855255
vt 0.810608 0.855240
vt 0.515015 0.589691
vt 0.515381 0.589844
vt 0.515381 0.590485
vt 0.515015 0.590454
vt 0.515015 0.589905
vt 0.851074 0.848816
vt 0.850952 0.848999
vt 0.850708 0.849121
vt 0.850586 0.848877
vt 0.851440 0.529968
vt 0.851318 0.530334
vt 0.851074 0.530060
vt 0.851807 0.811493
vt 0.851868 0.811340
vt 0.852417 0.811035
vt 0.852539 0.811127
vt 0.514771 0.696960
vt 0.515076 0.696808
vt 0.515076 0.697052
vt 0.855713 0.586243
vt 0.855713 0.585876
vt 0.856201 0.586243
vt 0.515381 0.592377
vt 0.515015 0.592529
vt 0.515015 0.591736
vt 0.515381 0.591705
vt 0.514771 0.730042
vt 0.811096 0.855225
vt 0.811401 0.853485
vt 0.515320 0.698883
vt 0.515381 0.699310
vt 0.485229 0.855835
vt 0.484863 0.855682
vt 0.484558 0.855835
vt 0.484558 0.855408
vt 0.851074 0.849365
vt 0.850586 0.849426
vt 0.851440 0.530640
vt 0.850952 0.530334
vt 0.854004 0.849411
vt 0.853760 0.849060
vt 0.854492 0.848068
vt 0.854492 0.849335
vt 0.484680 0.854126
vt 0.787231 0.853699
vt 0.787537 0.853577
vt 0.851990 0.852142
vt 0.852600 0.852242
vt 0.852905 0.852638
vt 0.852905 0.854172
vt 0.852600 0.852760
vt 0.852051 0.852463
vt 0.851746 0.853004
vt 0.851807 0.854263
vt 0.851440 0.853065
vt 0.851685 0.852318
vt 0.515381 0.697144
vt 0.767578 0.855835
vt 0.767578 0.854401
vt 0.767822 0.854446
vt 0.767944 0.856079
vt 0.514771 0.590485
vt 0.514771 0.591705
vt 0.855957 0.585449
vt 0.856201 0.585632
vt 0.514252 0.816162
vt 0.514099 0.816162
vt 0.514099 0.815552
vt 0.514252 0.815430
vt 0.854614 0.808472
vt 0.854858 0.808655
vt 0.768188 0.854431
vt 0.768188 0.855820
vt 0.852051 0.809143
vt 0.851746 0.808960
vt 0.851440 0.809113
vt 0.851074 0.810608
vt 0.851013 0.809357
vt 0.852539 0.809296
vt 0.852234 0.810547
vt 0.851501 0.811249
vt 0.851501 0.810852
vt 0.851868 0.811005
vt 0.851624 0.810730
vt 0.851929 0.810791
vt 0.853882 0.846207
vt 0.488647 0.855713
vt 0.489014 0.855621
vt 0.489014 0.856110
vt 0.800171 0.855225
vt 0.514038 0.811707
vt 0.514282 0.811279
vt 0.514282 0.811890
vt 0.783203 0.854675
vt 0.783203 0.854370
vt 0.853882 0.505875
vt 0.854126 0.506302
vt 0.854126 0.508026
vt 0.853638 0.508362
vt 0.853271 0.508316
vt 0.852783 0.507706
vt 0.853027 0.505798
vt 0.853271 0.505692
vn -0.4924 -0.6480 0.5811
vn -0.4929 -0.8311 0.2575
vn -0.4934 -0.8311 0.2566
vn -0.4932 -0.8310 0.2573
vn 0.4858 0.3801 0.7871
vn 0.4811 0.3777 0.7911
vn 0.4906 0.7189 0.4925
vn 0.4930 0.7184 0.4908
vn 0.1748 -0.8925 -0.4158
vn 0.1738 -0.8928 -0.4156
vn 0.1742 -0.8925 -0.4161
vn -0.1770 -0.8919 -0.4161
vn -0.1770 -0.8919 -0.4162
vn -0.8199 0.3492 0.4537
vn -0.8162 0.3522 0.4580
vn -0.8137 -0.2902 0.5037
vn -0.8127 -0.2923 0.5040
vn -0.8108 -0.2883 0.5095
vn -0.8194 0.3494 0.4544
vn 0.5005 -0.8247 0.2633
vn 0.5009 -0.8246 0.2631
vn 0.4859 -0.8427 0.2319
vn 0.4858 -0.8428 0.2316
vn -0.5191 -0.7393 -0.4289
vn -0.5177 -0.7397 -0.4299
vn -0.8111 -0.3700 -0.4530
vn -0.8108 -0.3693 -0.4541
vn -0.8156 -0.3659 -0.4482
vn 0.4987 -0.0709 -0.8639
vn 0.4987 0.0714 0.8639
vn 0.4777 -0.2513 0.8418
vn 0.4774 -0.2468 0.8433
vn 0.4987 0.0714 0.8638
vn 0.4920 -0.6481 0.5812
vn 0.4925 -0.8311 0.2583
vn 0.4918 -0.8317 0.2577
vn 0.4924 -0.6475 0.5817
vn 0.8172 0.3550 0.4540
vn 0.5456 0.7155 0.4363
vn 0.8172 0.3535 0.4552
vn 0.8160 0.3509 0.4594
vn 0.4986 0.0709 0.8639
vn 0.4977 0.0709 0.8644
vn 0.4971 0.0708 0.8648
vn 0.4739 0.2258 -0.8511
vn 0.4740 0.2258 -0.8511
vn 0.4908 0.1937 -0.8495
vn -0.1757 -0.8072 0.5635
vn -0.1751 -0.8075 0.5634
vn -0.5150 -0.6571 0.5505
vn -0.5149 -0.6568 0.5510
vn -0.4987 -0.0708 -0.8638
vn -0.4987 -0.0709 -0.8638
vn -0.4988 -0.0709 -0.8638
vn -0.4894 0.8636 0.1210
vn -0.4894 0.8636 0.1209
vn -0.4894 0.8636 0.1211
vn -0.4903 0.8301 -0.2656
vn -0.8356 0.3251 0.4428
vn -0.8166 0.3507 0.4585
vn -0.8166 0.3504 0.4586
vn -0.8357 0.3251 0.4426
vn -0.4995 -0.0714 -0.8634
vn -0.4983 -0.0716 -0.8641
vn -0.4779 -0.4130 -0.7753
vn -0.4773 -0.4140 -0.7751
vn -0.4827 -0.4093 -0.7743
vn -0.4896 -0.8306 0.2652
vn -0.4891 -0.8309 0.2653
vn -0.5051 -0.8324 0.2278
vn 0.4928 0.6277 -0.6026
vn 0.4900 0.6302 -0.6023
vn 0.4902 0.8301 -0.2657
vn 0.4902 0.8302 -0.2657
vn -0.4862 0.3770 0.7883
vn -0.4869 0.3760 0.7884
vn -0.4809 0.3807 0.7898
vn -0.4909 0.7202 0.4903
vn -0.8240 0.2434 -0.5117
vn -0.8669 -0.0406 -0.4968
vn -0.8218 0.2739 -0.4995
vn -0.5688 -0.6154 0.5457
vn -0.5683 -0.6159 0.5456
vn -0.5571 -0.6302 0.5408
vn -0.5569 -0.6303 0.5409
vn -0.5477 0.7128 0.4381
vn -0.1934 0.8856 0.4223
vn -0.1924 0.8855 0.4230
vn -0.1933 0.8856 0.4223
vn 0.4869 -0.7026 -0.5190
vn 0.4949 -0.7098 -0.5012
vn 0.4887 -0.3603 -0.7946
vn 0.4743 -0.3444 -0.8102
vn 0.5161 -0.7414 -0.4289
vn 0.8095 -0.3735 -0.4530
vn 0.8108 -0.3686 -0.4547
vn 0.8124 -0.3735 -0.4477
vn 0.5173 -0.7396 -0.4306
vn -0.4923 0.8660 0.0870
vn -0.4925 0.8660 0.0864
vn -0.4903 0.8677 0.0821
vn -0.4932 0.8659 0.0835
vn 0.1681 0.8939 0.4156
vn 0.1721 0.8920 0.4180
vn 0.1670 0.8941 0.4155
vn -0.1936 0.8092 -0.5547
vn -0.5515 0.6321 -0.5444
vn -0.5493 0.6338 -0.5445
vn -0.4844 0.2477 -0.8390
vn -0.4792 0.2455 -0.8427
vn -0.4908 0.6286 -0.6033
vn -0.4898 0.6299 -0.6028
vn -0.4838 0.2473 -0.8395
vn 0.1723 -0.8073 0.5644
vn 0.5139 -0.6580 0.5504
vn 0.5142 -0.6576 0.5506
vn 0.1729 -0.8078 0.5636
vn 0.1724 -0.8076 0.5640
vn 0.5499 0.6361 -0.5412
vn 0.5495 0.6360 -0.5418
vn 0.8155 0.2756 -0.5090
vn 0.8195 0.2741 -0.5033
vn -0.8174 0.2702 -0.5088
vn -0.8669 -0.0405 -0.4969
vn -0.8669 -0.0404 -0.4969
vn -0.8191 0.2751 -0.5034
vn -0.4777 -0.3629 -0.8001
vn -0.4908 -0.3404 -0.8021
vn -0.4912 -0.3406 -0.8017
vn -0.4777 -0.3627 -0.8001
vn -0.4876 0.2237 -0.8439
vn -0.4678 0.1970 -0.8616
vn -0.4875 0.2241 -0.8439
vn 0.4822 -0.4121 -0.7731
vn 0.4826 -0.4126 -0.7726
vn 0.4774 -0.4104 -0.7770
vn 0.4766 -0.4103 -0.7775
vn 0.4765 -0.2293 0.8488
vn 0.4764 -0.2297 0.8487
vn -0.4732 -0.2103 0.8555
vn -0.4857 -0.2279 0.8439
vn -0.4866 -0.2282 0.8433
vn 0.4896 -0.2080 0.8468
vn 0.4924 0.8663 0.0837
vn 0.4904 0.8672 0.0871
vn 0.4914 0.8666 0.0868
vn 0.4922 0.8666 0.0817
vn 0.1944 0.8852 0.4226
vn 0.1948 0.8851 0.4228
vn 0.1946 0.8852 0.4226
vn -0.5293 0.7315 0.4298
vn -0.5218 0.7357 0.4318
vn -0.5229 0.7352 0.4313
vn -0.5313 0.7307 0.4287
vn 1.0000 0.0000 -0.0000
vn 1.0000 -0.0003 0.0000
vn 1.0000 0.0001 0.0001
vn 1.0000 0.0003 -0.0001
vn -0.4977 0.0709 0.8644
vn -0.4978 0.0709 0.8644
vn -0.4836 -0.2498 0.8389
vn -0.4984 0.0716 0.8640
vn -0.4988 0.0714 0.8638
vn -0.4772 -0.2464 0.8436
vn 0.0006 0.0812 0.9967
vn -0.0003 0.0811 0.9967
vn 0.0005 0.0812 0.9967
vn 0.0000 0.0812 0.9967
vn 0.4981 -0.0720 -0.8641
vn 0.4794 0.2479 -0.8419
vn 0.4794 0.2483 -0.8417
vn 0.4781 0.2472 -0.8428
vn 0.4975 -0.0715 -0.8645
vn 0.8669 0.0405 0.4968
vn 0.8669 0.0405 0.4969
vn 0.8669 0.0404 0.4968
vn 0.8670 0.0404 0.4967
vn 0.8129 -0.2923 0.5037
vn 0.8089 -0.2936 0.5094
vn 0.8083 -0.2943 0.5099
vn 0.8123 -0.2922 0.5047
vn 0.8669 -0.0405 -0.4968
vn -0.4918 -0.8660 -0.0906
vn -0.4923 -0.7474 -0.4461
vn -0.4925 -0.7473 -0.4460
vn 0.4920 -0.8659 -0.0903
vn 0.4919 -0.8659 -0.0906
vn 0.4921 -0.7483 -0.4449
vn 0.4916 -0.8661 -0.0906
vn 0.8670 -0.0404 -0.4967
vn -0.0005 -0.0811 -0.9967
vn -0.0004 -0.0811 -0.9967
vn 0.0002 -0.0811 -0.9967
vn 0.0007 -0.0811 -0.9967
vn 0.0001 -0.0811 -0.9967
vn -0.5706 -0.6981 -0.4325
vn -0.5700 -0.6978 -0.4338
vn -0.5559 -0.7057 -0.4393
vn -0.5559 -0.7059 -0.4390
vn -0.8670 0.0403 0.4968
vn -0.8670 0.0403 0.4967
vn -0.8669 0.0403 0.4968
vn -1.0000 0.0001 0.0000
vn 0.4894 0.8636 0.1215
vn 0.4894 0.8635 0.1220
vn 0.4901 0.8633 0.1206
vn 0.4900 0.8632 0.1214
vn 0.5768 -0.6155 0.5370
vn 0.5598 -0.6242 0.5450
vn 0.5599 -0.6245 0.5445
vn 0.5737 -0.6896 -0.4420
vn 0.5607 -0.7050 -0.4342
vn 0.5613 -0.7045 -0.4344
vn 0.1956 0.8086 -0.5549
vn 0.1961 0.8085 -0.5548
usemtl Steel_-_Satin.001
s 1
f 1802/4657/5670 1810/4658/5671 1815/4659/5672 1818/4660/5673
f 1792/4661/5674 1791/4662/5675 1798/4663/5676 1795/4664/5677
f 1822/4665/5678 1823/4666/5679 1835/4667/5680 1834/4668/5681 1833/4669/5682 1830/4670/5682
f 1853/4671/5683 1854/4672/5684 1831/4673/5685 1832/4674/5686 1821/4675/5687 1846/4676/5688
f 1825/4677/5689 1826/4678/5690 1811/4679/5691 1812/4680/5692
f 1830/4681/5693 1833/4682/5694 1832/4674/5695 1831/4673/5696 1848/4683/5697
f 1793/4684/5698 1794/4685/5698 1799/4686/5698 1813/4687/5698
f 1792/4688/5699 1802/4657/5700 1805/4689/5701 1791/4690/5702
f 1802/4657/5703 1818/4660/5704 1814/4691/5705 1805/4689/5706
f 1850/4692/5707 1861/4693/5708 1862/4694/5709 1851/4695/5710
f 1842/4696/5711 1823/4697/5712 1822/4698/5713 1827/4699/5712
f 1794/4685/5714 1804/4700/5715 1799/4686/5716
f 1833/4701/5717 1834/4702/5717 1824/4703/5718 1821/4704/5719 1832/4705/5720
f 1813/4687/5721 1799/4686/5722 1806/4706/5723 1821/4707/5723
f 1801/4708/5724 1796/4709/5725 1795/4664/5726 1800/4710/5727 1809/4711/5727 1808/4712/5727
f 1826/4713/5728 1793/4714/5729 1798/4715/5730 1803/4716/5731
f 1828/4717/5732 1829/4718/5733 1844/4719/5734 1839/4720/5735 1840/4721/5736
f 1811/4722/5737 1816/4723/5738 1812/4724/5739
f 1819/4725/5740 1817/4726/5741 1809/4711/5742 1800/4710/5743 1803/4727/5742
f 1796/4728/5744 1797/4729/5745 1792/4730/5746 1795/4731/5747
f 1826/4713/5748 1803/4716/5749 1859/4732/5749 1858/4733/5749 1825/4734/5750
f 1860/4735/5751 1859/4736/5752 1857/4737/5753 1868/4738/5754
f 1854/4739/5755 1853/4740/5756 1866/4741/5757 1864/4742/5758
f 1811/4743/5759 1826/4744/5760 1793/4684/5761 1813/4687/5762
f 1835/4745/5763 1823/4746/5764 1838/4747/5765 1837/4748/5766 1836/4749/5767
f 1807/4750/5768 1799/4751/5769 1827/4752/5770 1841/4753/5771
f 1820/4754/5772 1813/4755/5773 1811/4756/5774
f 1864/4757/5775 1865/4758/5775 1855/4759/5776 1854/4760/5777
f 1829/4718/5778 1828/4717/5779 1808/4761/5780 1809/4762/5781 1817/4763/5782
f 1834/4702/5783 1835/4764/5784 1836/4765/5785 1793/4766/5786 1824/4703/5787
f 1863/4767/5788 1861/4768/5789 1850/4769/5790 1852/4770/5791
f 1855/4771/5792 1848/4683/5793 1831/4673/5794 1854/4672/5795
f 1820/4772/5796 1811/4743/5797 1813/4687/5798 1821/4707/5799
f 1806/4706/5800 1799/4686/5801 1807/4773/5802
f 1839/4720/5803 1844/4719/5804 1845/4774/5805 1843/4775/5806
f 1823/4697/5807 1825/4776/5808 1812/4777/5809 1816/4778/5810 1830/4779/5811 1822/4698/5812
f 1804/4780/5813 1842/4781/5814 1827/4752/5815 1799/4751/5816
f 1862/4694/5817 1861/4693/5818 1864/4742/5818 1866/4741/5819
f 1813/4755/5820 1793/4782/5821 1826/4783/5822 1811/4756/5823
f 1804/4784/5824 1794/4785/5825 1793/4714/5824 1826/4713/5826 1825/4734/5824 1823/4786/5824 1842/4787/5827
f 1841/4788/5828 1827/4699/5829 1822/4698/5828 1830/4779/5828
f 1802/4789/5830 1792/4730/5831 1797/4729/5832 1810/4790/5833
f 1866/4791/5834 1853/4792/5834 1846/4793/5835 1820/4794/5836 1847/4795/5834 1868/4796/5834 1857/4797/5837 1849/4798/5836 1851/4799/5834 1862/4800/5834
f 1844/4719/5838 1829/4718/5839 1817/4763/5840 1819/4801/5841 1845/4774/5842
f 1847/4802/5843 1820/4803/5844 1811/4804/5845 1860/4805/5843
f 1849/4806/5846 1837/4748/5846 1850/4769/5846 1851/4807/5846
f 1793/4766/5847 1836/4765/5848 1837/4808/5849 1849/4809/5850
f 1838/4747/5851 1852/4770/5851 1850/4769/5851 1837/4748/5851
f 1818/4810/5852 1815/4811/5852 1840/4812/5853 1839/4813/5854
f 1814/4691/5855 1818/4660/5856 1839/4814/5857 1843/4815/5858
f 1860/4805/5859 1811/4804/5859 1816/4816/5859 1856/4817/5859
f 1816/4818/5860 1812/4819/5860 1825/4820/5861 1852/4821/5862 1838/4822/5860 1823/4666/5860 1822/4665/5860 1830/4670/5863 1848/4823/5861 1856/4824/5861
f 1848/4823/5861 1855/4759/5864 1865/4758/5864 1863/4825/5864 1852/4821/5862 1825/4820/5861 1858/4826/5864 1867/4827/5864 1856/4824/5861
f 1859/4828/5865 1860/4829/5866 1867/4827/5867 1858/4826/5868
f 1798/4715/5869 1857/4830/5870 1859/4732/5871 1803/4716/5869
f 1796/4831/5872 1801/4832/5872 1811/4833/5872
f 1800/4710/5873 1795/4664/5874 1798/4663/5875 1803/4727/5876
f 1860/4735/5877 1868/4738/5878 1847/4834/5879
f 1860/4835/5880 1856/4836/5881 1867/4837/5882
f 1863/4838/5883 1865/4839/5883 1864/4742/5883 1861/4693/5884
f 1843/4840/5824 1845/4841/5824 1819/4842/5824 1803/4843/5824 1798/4844/5824 1791/4845/5824 1805/4846/5824 1814/4847/5824
o MeshBody4_(27)_MeshBody4_(27).001
v 2.374477 1.556910 0.112208
v 2.371727 1.557217 0.113766
v 2.374477 1.556293 0.109095
v 2.374477 1.545169 0.110214
v 2.371727 1.564218 0.108210
v 2.368979 1.562734 0.107656
v 2.368979 1.556910 0.112208
v 2.374477 1.562734 0.107656
v 2.371727 1.543592 0.108276
v 2.371727 1.564725 0.104157
v 2.368979 1.563146 0.104321
v 2.371727 1.539894 0.113400
v 2.374477 1.563146 0.104321
v 2.374477 1.541621 0.108430
v 2.374477 1.538889 0.110034
v 2.368979 1.545169 0.110214
v 2.368979 1.541621 0.108430
v 2.368979 1.540815 0.112107
v 2.370435 1.558607 0.104771
v 2.371724 1.556495 0.102221
v 2.371724 1.557060 0.107690
v 2.374477 1.537866 0.106912
v 2.368979 1.537866 0.106912
v 2.368979 1.558212 0.101671
v 2.368979 1.559995 0.099045
v 2.371727 1.560888 0.097730
v 2.371727 1.536291 0.107108
v 2.374477 1.559995 0.099045
v 2.368565 1.558356 0.107559
v 2.366210 1.556243 0.107771
v 2.371717 1.553332 0.102539
v 2.374945 1.553983 0.102473
v 2.371717 1.553907 0.108006
v 2.374887 1.557789 0.102090
v 2.373711 1.559130 0.104718
v 2.374477 1.541183 0.104584
v 2.368494 1.553995 0.102472
v 2.362917 1.560046 0.104627
v 2.365031 1.554901 0.105145
v 2.367846 1.552839 0.105351
v 2.371714 1.552040 0.105433
v 2.375589 1.552826 0.105353
v 2.378414 1.554887 0.105145
v 2.380555 1.560032 0.104628
v 2.378975 1.559907 0.101877
v 2.371727 1.538379 0.100104
v 2.368979 1.539573 0.101149
v 2.368979 1.541961 0.103271
v 2.371727 1.543153 0.104333
v 2.374477 1.539573 0.101149
v 2.374477 1.544285 0.102105
v 2.367658 1.571894 0.106196
v 2.364498 1.559914 0.101876
v 2.378975 1.560463 0.107347
v 2.380557 1.572063 0.103417
v 2.378975 1.572181 0.106167
v 2.378975 1.571659 0.100695
v 2.366171 1.576572 0.105725
v 2.364947 1.577323 0.102887
v 2.366171 1.576062 0.100251
v 2.367658 1.571371 0.100724
v 2.375815 1.571896 0.106196
v 2.374852 1.574032 0.100455
v 2.373633 1.573278 0.103295
v 2.370540 1.573911 0.103231
v 2.375700 1.579577 0.102700
v 2.375002 1.578409 0.105554
v 2.375002 1.577905 0.100080
v 2.371726 1.580489 0.102627
v 2.371723 1.578656 0.100019
v 2.371723 1.579158 0.105494
v 2.371718 1.575491 0.100309
v 2.371718 1.576002 0.105783
vt 0.855347 0.748230
vt 0.855652 0.748352
vt 0.855652 0.750519
vt 0.855347 0.750610
vt 0.854248 0.552490
vt 0.854858 0.552551
vt 0.854858 0.552856
vt 0.854248 0.552795
vt 0.853943 0.546600
vt 0.853638 0.546509
vt 0.853516 0.546326
vt 0.853821 0.546234
vt 0.852295 0.796753
vt 0.852356 0.795532
vt 0.852844 0.794891
vt 0.853210 0.794830
vt 0.853760 0.795135
vt 0.853638 0.797302
vt 0.853027 0.797516
vt 0.852722 0.797241
vt 0.854858 0.794861
vt 0.855103 0.794983
vt 0.855225 0.795227
vt 0.855225 0.795532
vt 0.854980 0.795471
vt 0.854858 0.795105
vt 0.854004 0.547760
vt 0.853699 0.547913
vt 0.851807 0.824677
vt 0.851868 0.824554
vt 0.852234 0.824585
vt 0.852112 0.824799
vt 0.515076 0.625000
vt 0.515381 0.625153
vt 0.515320 0.625793
vt 0.515076 0.625793
vt 0.849976 0.502441
vt 0.849731 0.502686
vt 0.849396 0.502808
vt 0.849731 0.502441
vt 0.769165 0.854370
vt 0.769043 0.854797
vt 0.768799 0.854919
vt 0.768799 0.854553
vt 0.768799 0.855225
vt 0.769043 0.855225
vt 0.769165 0.856079
vt 0.768799 0.855957
vt 0.769409 0.854553
vt 0.769409 0.854919
vt 0.853455 0.547791
vt 0.853088 0.546631
vt 0.849609 0.502075
vt 0.849823 0.502075
vt 0.855042 0.748352
vt 0.855042 0.750519
vt 0.840820 0.535400
vt 0.840485 0.535278
vt 0.840576 0.534912
vt 0.840881 0.535034
vt 0.852051 0.770996
vt 0.852783 0.771332
vt 0.852661 0.771454
vt 0.852051 0.771179
vt 0.514771 0.732941
vt 0.515015 0.732849
vt 0.515015 0.734680
vt 0.515015 0.735229
vt 0.514771 0.735107
vt 0.511169 0.855408
vt 0.511169 0.855804
vt 0.510803 0.855652
vt 0.510559 0.855835
vt 0.510498 0.855377
vt 0.510864 0.855316
vt 0.853760 0.797424
vt 0.853455 0.797607
vt 0.853027 0.797668
vt 0.853638 0.786652
vt 0.854004 0.786285
vt 0.853882 0.786987
vt 0.853638 0.787079
vt 0.510864 0.854248
vt 0.511169 0.854034
vt 0.511169 0.854370
vt 0.853271 0.786530
vt 0.853638 0.788147
vt 0.853271 0.788269
vt 0.852417 0.772125
vt 0.852417 0.771667
vt 0.852661 0.773621
vt 0.852051 0.773865
vt 0.851929 0.773468
vt 0.852417 0.773376
vt 0.850067 0.502808
vt 0.854980 0.845642
vt 0.855347 0.845428
vt 0.855347 0.845886
vt 0.515381 0.734680
vt 0.515381 0.735291
vt 0.515015 0.735443
vt 0.854980 0.795837
vt 0.855225 0.796265
vt 0.854980 0.796387
vt 0.854004 0.548126
vt 0.854553 0.516968
vt 0.854187 0.516968
vt 0.854553 0.516479
vt 0.852417 0.771851
vt 0.852051 0.771637
vt 0.514771 0.625793
vt 0.514771 0.625153
vt 0.840576 0.536011
vt 0.840881 0.535889
vt 0.851685 0.771088
vt 0.851685 0.771240
vt 0.510559 0.854095
vt 0.515076 0.627594
vt 0.515381 0.627502
vt 0.852722 0.824799
vt 0.852173 0.825134
vt 0.851807 0.825073
vt 0.854492 0.795593
vt 0.854614 0.795227
vt 0.851196 0.823212
vt 0.851318 0.824463
vt 0.851135 0.824493
vt 0.851013 0.823212
vt 0.853638 0.788208
vt 0.853882 0.787964
vt 0.853882 0.788391
vt 0.851807 0.771698
vt 0.851807 0.771942
vt 0.851685 0.773132
vt 0.851562 0.773590
vt 0.851318 0.771912
vt 0.514832 0.627686
vt 0.515381 0.732941
vt 0.848328 0.533813
vt 0.848450 0.532379
vt 0.848633 0.532440
vt 0.848633 0.534058
vt 0.854858 0.797180
vt 0.854614 0.797058
vt 0.854614 0.796265
vt 0.851440 0.773712
vt 0.852051 0.774017
vt 0.853516 0.552795
vt 0.853882 0.552917
vt 0.854004 0.554565
vt 0.853516 0.554199
vt 0.854858 0.554260
vt 0.854370 0.554565
vt 0.852051 0.822968
vt 0.852234 0.822937
vt 0.852478 0.824310
vt 0.851929 0.773254
vt 0.852295 0.773254
vt 0.852722 0.823059
vt 0.851929 0.822784
vt 0.851624 0.822968
vt 0.851562 0.822540
vt 0.851868 0.822449
vt 0.852234 0.822479
vt 0.852783 0.773712
vt 0.853333 0.546387
vt 0.846558 0.738464
vt 0.846802 0.738098
vt 0.846802 0.738708
vt 0.769409 0.855225
vt 0.769409 0.855957
vt 0.853455 0.548157
vt 0.854004 0.544922
vt 0.853943 0.545898
vt 0.853149 0.544952
vt 0.853577 0.544495
vt 0.853760 0.784760
vt 0.854004 0.785126
vt 0.853271 0.786133
vt 0.853149 0.785126
vt 0.853394 0.784760
vt 0.855286 0.790039
vt 0.855652 0.790039
vt 0.855652 0.790405
vt 0.855286 0.790405
vn 0.4796 0.2322 -0.8462
vn 0.4833 0.2278 -0.8453
vn 0.4746 -0.4128 -0.7774
vn 0.4840 -0.4144 -0.7707
vn 0.4913 -0.8677 -0.0755
vn 0.4923 -0.7562 -0.4310
vn 0.4884 -0.3750 -0.7879
vn 0.4730 -0.3595 -0.8044
vn 0.4865 -0.7114 -0.5071
vn 0.4940 -0.7191 -0.4888
vn -0.0008 0.1001 0.9950
vn 0.0001 0.1000 0.9950
vn -0.0005 0.0929 0.9957
vn -0.0018 0.0937 0.9956
vn -0.0000 0.0996 0.9950
vn -0.0001 0.1004 0.9949
vn 0.0001 0.1003 0.9950
vn 0.0000 0.1000 0.9950
vn -0.1769 -0.8988 -0.4010
vn 0.1739 -0.8995 -0.4009
vn 0.1735 -0.8998 -0.4004
vn 0.4984 -0.0868 -0.8626
vn 0.4982 -0.0869 -0.8627
vn 0.4985 -0.0868 -0.8626
vn -0.5552 -0.7133 -0.4277
vn -0.5698 -0.7054 -0.4215
vn -0.5696 -0.7049 -0.4226
vn -0.5561 -0.7128 -0.4275
vn -0.4902 0.7288 0.4781
vn -0.4859 0.3925 0.7810
vn -0.4864 0.3909 0.7814
vn -0.4806 0.3952 0.7828
vn -0.5314 0.7380 0.4159
vn -0.5285 0.7395 0.4170
vn -0.5204 0.7438 0.4195
vn -0.5225 0.7423 0.4195
vn -0.5509 0.6244 -0.5538
vn -0.1924 0.8032 -0.5638
vn -0.5513 0.6237 -0.5541
vn 0.5498 0.6300 -0.5484
vn 0.5499 0.6296 -0.5488
vn 0.8160 0.2662 -0.5132
vn 0.8200 0.2653 -0.5072
vn -0.5511 0.7167 0.4273
vn -0.1940 0.8901 0.4124
vn -0.1935 0.8900 0.4129
vn -0.4984 -0.0868 -0.8626
vn -0.4985 -0.0868 -0.8626
vn -0.5229 0.6432 -0.5593
vn -0.5284 0.6373 -0.5610
vn -0.5267 0.6384 -0.5613
vn -0.5211 0.6447 -0.5594
vn -0.4794 0.2285 -0.8473
vn -0.4849 0.2306 -0.8436
vn -0.4760 -0.4181 -0.7737
vn -0.4839 -0.4112 -0.7725
vn 0.4906 0.8648 0.1069
vn 0.4897 0.8653 0.1076
vn 0.4890 0.8656 0.1080
vn -0.4908 0.8255 -0.2788
vn -0.4939 0.6185 -0.6112
vn -0.4909 0.8254 -0.2788
vn -0.4908 0.8254 -0.2788
vn -0.8192 0.3578 0.4483
vn -0.8155 0.3602 0.4530
vn -0.8136 -0.2808 0.5091
vn -0.8128 -0.2826 0.5095
vn -0.8116 -0.2777 0.5140
vn 0.4767 -0.2133 0.8528
vn 0.4767 -0.2131 0.8529
vn -0.4732 -0.1939 0.8594
vn -0.4879 -0.2117 0.8468
vn -0.4878 -0.2118 0.8469
vn 0.4894 -0.1920 0.8507
vn -0.5150 -0.6472 0.5620
vn -0.1770 -0.7972 0.5772
vn -0.1764 -0.7968 0.5779
vn -0.1759 -0.7973 0.5774
vn -0.5164 -0.6462 0.5619
vn -0.8352 0.3337 0.4372
vn -0.8162 0.3589 0.4528
vn -0.8162 0.3590 0.4528
vn -0.8352 0.3336 0.4372
vn 0.4699 0.3703 0.8013
vn 0.4866 0.3924 0.7806
vn 0.4871 0.3920 0.7804
vn -0.8228 0.2646 -0.5029
vn -0.8245 0.2339 -0.5153
vn -0.8671 -0.0500 -0.4957
vn -1.0000 -0.0000 -0.0001
vn -1.0000 -0.0001 -0.0000
vn -1.0000 0.0005 -0.0000
vn -1.0000 -0.0000 -0.0000
vn 0.1676 0.9008 0.4005
vn 0.1678 0.9007 0.4007
vn 0.1714 0.8990 0.4029
vn 1.0000 0.0003 -0.0001
vn 1.0000 0.0001 0.0001
vn 1.0000 -0.0002 0.0002
vn -0.8153 -0.3740 -0.4420
vn -0.5188 -0.7467 -0.4162
vn -0.5176 -0.7477 -0.4160
vn -0.8108 -0.3781 -0.4468
vn -0.8101 -0.3781 -0.4480
vn 0.5171 -0.7470 -0.4179
vn 0.5157 -0.7489 -0.4161
vn 0.8110 -0.3778 -0.4467
vn 0.8105 -0.3769 -0.4484
vn 0.8120 -0.3820 -0.4412
vn 0.4707 0.2249 -0.8532
vn 0.4713 0.2254 -0.8527
vn 0.4888 0.1933 -0.8507
vn 0.5785 -0.6055 0.5465
vn 0.5611 -0.6146 0.5545
vn 0.5602 -0.6151 0.5548
vn -0.5055 -0.8285 0.2411
vn -0.4901 -0.8260 0.2784
vn -0.4901 -0.8260 0.2785
vn 0.4923 0.7272 0.4783
vn 0.4859 0.3949 0.7797
vn 0.4806 0.3926 0.7841
vn 0.4904 0.7273 0.4803
vn 0.4933 0.6170 -0.6131
vn 0.4907 0.8255 -0.2788
vn 0.4904 0.8257 -0.2788
vn 0.4937 0.6167 -0.6131
vn -0.4898 0.8652 0.1076
vn -0.4894 0.8654 0.1073
vn 0.4985 0.0868 0.8625
vn 0.4981 0.0868 0.8628
vn -0.4982 0.0867 0.8627
vn -0.4803 -0.2475 0.8415
vn -0.4983 0.0868 0.8627
vn -0.4777 -0.2443 0.8438
vn 0.0024 -0.0980 -0.9952
vn -0.0021 -0.0935 -0.9956
vn 0.0012 -0.0993 -0.9951
vn 0.0014 -0.0962 -0.9954
vn 0.0022 -0.0977 -0.9952
vn 0.1716 -0.7981 0.5775
vn 0.5144 -0.6481 0.5616
vn 0.5140 -0.6481 0.5619
vn 0.1732 -0.7984 0.5766
vn 0.1718 -0.7977 0.5780
vn 0.8670 -0.0500 -0.4958
vn -0.5698 -0.6057 0.5554
vn -0.5693 -0.6063 0.5553
vn -0.5580 -0.6209 0.5505
vn -0.5580 -0.6207 0.5508
vn -1.0000 -0.0001 0.0001
vn 0.4982 0.0868 0.8627
vn 0.4789 -0.2468 0.8425
vn 0.4804 -0.2482 0.8412
vn -0.8186 0.2598 -0.5122
vn -0.8669 -0.0500 -0.4960
vn -0.8196 0.2656 -0.5077
vn 0.8670 0.0499 0.4958
vn 0.8670 0.0499 0.4959
vn 0.8669 0.0498 0.4959
vn 0.8668 0.0499 0.4962
vn 0.8672 0.0499 0.4955
vn -0.8669 0.0497 0.4959
vn -0.8669 0.0498 0.4959
vn -0.8670 0.0498 0.4959
vn -0.4931 -0.6374 0.5921
vn -0.4920 -0.8270 0.2721
vn -0.4930 -0.8268 0.2709
vn -0.4932 -0.8264 0.2717
vn 0.4923 -0.6376 0.5926
vn 0.4923 -0.8267 0.2723
vn 0.4916 -0.8273 0.2718
vn 0.4923 -0.6376 0.5925
vn 1.0000 0.0000 0.0000
vn 0.8669 -0.0499 -0.4960
vn -0.4936 0.8667 0.0728
vn -0.4927 0.8672 0.0726
vn -0.4909 0.8686 0.0678
vn -0.4914 0.8682 0.0696
vn -0.0006 -0.1002 -0.9950
vn -0.0006 -0.1001 -0.9950
vn 0.0011 -0.1001 -0.9950
vn -0.0000 -0.1002 -0.9950
vn -0.0000 -0.1001 -0.9950
vn 0.0005 -0.1000 -0.9950
vn -0.0004 -0.1002 -0.9950
vn -0.4923 -0.7549 -0.4334
vn -0.4930 -0.7548 -0.4327
vn -0.4914 -0.8676 -0.0755
vn -0.4914 -0.8677 -0.0755
vn 0.8090 -0.2844 0.5144
vn 0.8087 -0.2847 0.5147
vn 0.8126 -0.2827 0.5097
vn 0.8133 -0.2827 0.5086
vn -0.4905 -0.3558 -0.7955
vn -0.4898 -0.3557 -0.7960
vn -0.4774 -0.3775 -0.7935
vn -0.4773 -0.3778 -0.7934
vn 0.5727 -0.6977 -0.4304
vn 0.5600 -0.7124 -0.4230
vn 0.5596 -0.7125 -0.4233
vn 0.8173 0.3626 0.4478
vn 0.5478 0.7186 0.4283
vn 0.8166 0.3621 0.4494
vn 0.8159 0.3592 0.4530
vn -0.4671 0.1960 -0.8622
vn -0.4855 0.2231 -0.8453
vn 0.1961 0.8895 0.4126
vn 0.1957 0.8897 0.4124
vn 0.1945 0.8025 -0.5640
vn 0.1948 0.8022 -0.5644
vn 0.0000 0.1002 0.9950
vn -0.0006 0.1001 0.9950
vn 0.0003 0.1002 0.9950
vn -0.0002 0.1003 0.9950
vn -0.0001 0.1002 0.9950
vn 0.0013 0.0963 0.9954
vn 0.0018 0.0970 0.9953
vn 1.0000 -0.0000 -0.0001
vn 1.0000 -0.0001 -0.0001
vn 1.0000 0.0007 -0.0000
vn 0.4889 0.8328 -0.2598
vn 0.4890 0.8323 -0.2611
vn 0.4916 0.8678 0.0729
vn 0.4915 0.8679 0.0724
usemtl Steel_-_Satin.001
s 1
f 1894/4848/5885 1896/4849/5886 1918/4850/5887 1914/4851/5888
f 1895/4852/5889 1914/4853/5890 1918/4854/5889 1890/4855/5889
f 1871/4856/5891 1889/4857/5892 1887/4858/5893 1903/4859/5894
f 1922/4860/5895 1924/4861/5896 1935/4862/5897 1939/4863/5898 1926/4864/5899 1898/4865/5900 1901/4866/5901 1871/4867/5902
f 1908/4868/5903 1905/4869/5903 1899/4870/5904 1900/4871/5905 1910/4872/5904 1909/4873/5903
f 1889/4857/5906 1871/4856/5907 1872/4874/5908 1877/4875/5908
f 1931/4876/5909 1932/4877/5910 1933/4878/5911 1940/4879/5912
f 1873/4880/5913 1874/4881/5914 1875/4882/5915 1870/4883/5916
f 1887/4884/5917 1889/4885/5918 1871/4886/5919 1903/4887/5920
f 1927/4888/5921 1937/4889/5922 1938/4890/5922 1928/4891/5923
f 1936/4892/5924 1934/4893/5925 1923/4894/5926 1925/4895/5927
f 1927/4888/5928 1926/4896/5929 1939/4897/5930 1937/4889/5929
f 1889/4857/5931 1877/4875/5931 1884/4898/5931 1898/4899/5932
f 1887/4884/5933 1903/4887/5934 1902/4900/5935 1888/4901/5936
f 1893/4902/5937 1894/4848/5938 1914/4851/5939 1915/4903/5940
f 1881/4904/5941 1878/4905/5942 1873/4906/5943 1876/4907/5942
f 1878/4908/5944 1894/4909/5945 1893/4910/5946 1879/4911/5947
f 1926/4912/5948 1927/4913/5949 1906/4914/5950 1907/4915/5951 1898/4916/5952
f 1900/4917/5953 1902/4918/5954 1888/4919/5955 1892/4920/5956 1905/4921/5957 1899/4922/5958
f 1907/4923/5959 1908/4924/5960 1909/4925/5961 1901/4866/5962 1898/4865/5963
f 1903/4926/5964 1871/4927/5965 1876/4928/5966 1881/4929/5967
f 1917/4930/5968 1904/4931/5969 1919/4932/5970
f 1902/4933/5971 1903/4926/5972 1881/4929/5973 1932/4934/5973 1931/4935/5973
f 1905/4936/5974 1892/4937/5975 1893/4910/5975 1915/4938/5976 1891/4939/5977 1885/4940/5975 1916/4941/5974
f 1887/4884/5978 1897/4942/5979 1889/4885/5980
f 1871/4943/5981 1903/4944/5982 1876/4945/5983
f 1921/4946/5984 1905/4947/5985 1908/4948/5986 1907/4915/5987 1906/4914/5988
f 1911/4949/5989 1910/4872/5990 1900/4871/5991 1913/4950/5992 1912/4951/5993
f 1872/4874/5994 1882/4952/5995 1877/4875/5996
f 1933/4953/5997 1941/4954/5998 1920/4955/5999
f 1888/4956/6000 1887/4957/6001 1892/4937/6002
f 1873/4880/6003 1870/4883/6004 1869/4958/6005 1876/4959/6006
f 1894/4960/6007 1878/4905/6008 1881/4904/6009 1896/4961/6010
f 1873/4962/6011 1878/4908/6011 1879/4911/6011 1874/4963/6012
f 1919/4932/6013 1900/4917/6014 1899/4922/6014 1917/4930/6014
f 1917/4930/6015 1899/4922/6015 1905/4921/6015 1916/4964/6015
f 1880/4965/6016 1870/4883/6017 1875/4882/6017 1886/4966/6018
f 1928/4967/6019 1938/4968/6020 1936/4969/6021 1931/4876/6022 1940/4879/6023
f 1909/4873/6024 1910/4872/6025 1911/4949/6026 1871/4970/6027 1901/4971/6028
f 1913/4972/6029 1925/4973/6029 1923/4974/6029 1912/4975/6029
f 1933/4976/6030 1932/4934/6031 1930/4977/6032 1941/4978/6033
f 1892/4937/5975 1887/4957/5975 1897/4979/5975 1898/4980/6034 1884/4981/5975 1885/4940/5975 1891/4939/5977 1886/4982/5975 1875/4983/5975 1874/4963/5975 1879/4911/5975 1893/4910/5975
f 1870/4883/6035 1880/4965/6036 1883/4984/6037 1869/4958/6035
f 1928/4985/6038 1921/4946/6039 1906/4914/6039 1927/4913/6040
f 1920/4986/6041 1897/4987/6041 1887/4988/6041 1933/4989/6042
f 1912/4951/6043 1923/4990/6044 1924/4991/6043 1922/4992/6045
f 1876/4928/6046 1930/4977/6047 1932/4934/6047 1881/4929/6048
f 1880/4993/6049 1886/4982/6050 1891/4939/6051 1895/4994/6052
f 1880/4995/6053 1895/4852/6054 1890/4855/6055 1883/4996/6056
f 1876/4997/6057 1869/4998/6057 1883/4996/6057 1890/4855/6057 1918/4854/6057 1896/4999/6057 1881/5000/6057
f 1933/4878/6058 1887/5001/6058 1892/5002/6058 1929/5003/6058
f 1885/4940/6059 1877/5004/6060 1917/5005/6061 1916/4941/6062
f 1921/5006/6063 1928/4967/6019 1940/4879/6023 1929/5003/6064 1892/5002/6065 1888/5007/6066 1902/5008/6067 1931/4876/6022 1936/4969/6021 1925/4973/6067 1913/4972/6066 1900/5009/6068 1899/5010/6067 1905/5011/6069
f 1915/4938/6070 1914/5012/6071 1895/4994/6072 1891/4939/6073
f 1911/4949/6074 1912/4951/6075 1922/4992/6076 1871/4970/6077
f 1887/4858/6078 1889/4857/6079 1898/4899/6080 1897/5013/6081
f 1933/5014/6082 1929/5015/6083 1940/5016/6084
f 1923/4894/6085 1934/4893/6086 1935/5017/6087 1924/5018/6088
f 1877/4875/6089 1885/5019/6090 1884/4898/6090
f 1935/5017/6091 1934/4893/6091 1937/4889/6091 1939/4897/6092
f 1934/4893/6093 1936/4892/6094 1938/4890/6093 1937/4889/6093
f 1930/5020/6095 1876/5021/6096 1871/4856/6097 1889/4857/6098 1897/5013/6099 1920/5022/6100 1941/5023/6101
f 1882/5024/6102 1872/5025/6057 1871/4927/6103 1876/4928/5983 1903/4926/5982 1902/4933/6104 1900/5026/6057 1919/5027/6057 1904/5028/6102
f 1877/5029/6105 1882/5030/6106 1904/5031/6107 1917/5032/6108
o MeshBody4_(28)_MeshBody4_(28).001
v 2.374477 1.524817 0.115783
v 2.371727 1.525154 0.117334
v 2.371727 1.532042 0.111627
v 2.368979 1.530549 0.111105
v 2.368979 1.524817 0.115783
v 2.374477 1.526687 0.111403
v 2.374477 1.530549 0.111105
v 2.374477 1.510538 0.113433
v 2.371727 1.511439 0.112135
v 2.371727 1.532476 0.107565
v 2.368979 1.530901 0.107759
v 2.371727 1.507847 0.117322
v 2.374477 1.530901 0.107759
v 2.374477 1.506771 0.113966
v 2.368979 1.513053 0.114038
v 2.368979 1.509472 0.112331
v 2.368979 1.508743 0.116026
v 2.370435 1.526374 0.108308
v 2.371724 1.524216 0.105803
v 2.371724 1.524883 0.111260
v 2.374477 1.527099 0.106326
v 2.374477 1.505683 0.110852
v 2.368979 1.505683 0.110852
v 2.368979 1.525922 0.105216
v 2.368979 1.527656 0.102551
v 2.371727 1.528525 0.101217
v 2.371727 1.504108 0.111048
v 2.374477 1.527656 0.102551
v 2.368565 1.526175 0.111101
v 2.366210 1.524068 0.111360
v 2.371717 1.521060 0.106189
v 2.371717 1.521738 0.111645
v 2.374477 1.508957 0.108495
v 2.368979 1.523052 0.101413
v 2.374477 1.523151 0.104585
v 2.368494 1.521721 0.106109
v 2.362917 1.527810 0.108132
v 2.365031 1.522677 0.108760
v 2.371714 1.519824 0.109110
v 2.378414 1.522664 0.108763
v 2.374945 1.522386 0.111566
v 2.380555 1.527795 0.108133
v 2.378975 1.527620 0.105386
v 2.371727 1.506060 0.104060
v 2.368979 1.507277 0.105096
v 2.368979 1.509708 0.107165
v 2.371727 1.510921 0.108202
v 2.374477 1.507277 0.105096
v 2.374477 1.512008 0.105948
v 2.364498 1.539963 0.109414
v 2.367658 1.539673 0.109449
v 2.364498 1.539347 0.103951
v 2.364498 1.527627 0.105385
v 2.378975 1.528275 0.110845
v 2.380557 1.539795 0.106666
v 2.378975 1.539960 0.109414
v 2.378975 1.539345 0.103951
v 2.366171 1.544349 0.108969
v 2.364947 1.545054 0.106135
v 2.366171 1.543747 0.103503
v 2.367658 1.539057 0.103986
v 2.375815 1.539676 0.109449
v 2.374852 1.541718 0.103707
v 2.373633 1.541009 0.106542
v 2.370540 1.541643 0.106479
v 2.375700 1.547305 0.105908
v 2.375002 1.546186 0.108783
v 2.375002 1.545588 0.103318
v 2.371725 1.548216 0.105817
v 2.371723 1.546339 0.103242
v 2.371723 1.546934 0.108708
v 2.371718 1.543176 0.103561
v 2.371718 1.543780 0.109026
vt 0.830872 0.855469
vt 0.830688 0.854736
vt 0.830994 0.854736
vt 0.831116 0.855347
vt 0.853760 0.840820
vt 0.853760 0.842560
vt 0.853271 0.842834
vt 0.852661 0.842651
vt 0.852295 0.841003
vt 0.852661 0.840302
vt 0.853027 0.840179
vt 0.853638 0.840393
vt 0.853394 0.840637
vt 0.853027 0.840668
vt 0.852783 0.840759
vt 0.852783 0.840973
vt 0.852783 0.842163
vt 0.853027 0.842499
vt 0.853516 0.842346
vt 0.853394 0.841095
vt 0.515076 0.648529
vt 0.515381 0.648499
vt 0.515381 0.649170
vt 0.515076 0.649323
vt 0.854614 0.508240
vt 0.854736 0.508545
vt 0.854370 0.508362
vt 0.854248 0.508118
vt 0.785645 0.832584
vt 0.785767 0.832291
vt 0.785889 0.832584
vt 0.788574 0.854004
vt 0.788574 0.855103
vt 0.788208 0.855164
vt 0.788269 0.853882
vt 0.855713 0.550781
vt 0.855957 0.550598
vt 0.855957 0.551025
vt 0.855347 0.495209
vt 0.855347 0.494659
vt 0.855713 0.494781
vt 0.855713 0.496460
vt 0.855713 0.496918
vt 0.855347 0.497040
vt 0.839539 0.853622
vt 0.839294 0.855026
vt 0.839050 0.854843
vt 0.838928 0.853622
vt 0.854370 0.512177
vt 0.854370 0.511505
vt 0.854736 0.511353
vt 0.854614 0.512146
vt 0.856018 0.770264
vt 0.856018 0.769531
vt 0.856323 0.769653
vt 0.856262 0.770264
vt 0.514771 0.648499
vt 0.514771 0.646820
vt 0.515076 0.646698
vt 0.830688 0.854370
vt 0.830994 0.854370
vt 0.855957 0.555435
vt 0.855713 0.555084
vt 0.856079 0.555054
vt 0.855713 0.769531
vt 0.855713 0.770264
vt 0.855103 0.496460
vt 0.855103 0.495209
vt 0.855103 0.496948
vt 0.846924 0.552002
vt 0.847168 0.552124
vt 0.847168 0.552429
vt 0.846680 0.552429
vt 0.854431 0.773560
vt 0.854553 0.773987
vt 0.854156 0.773987
vt 0.854248 0.773682
vt 0.854370 0.513428
vt 0.854736 0.513428
vt 0.821289 0.749531
vt 0.820923 0.749306
vt 0.821289 0.749001
vt 0.788818 0.854156
vt 0.788818 0.855316
vt 0.506287 0.854858
vt 0.506409 0.855225
vt 0.506287 0.855591
vt 0.505920 0.855469
vt 0.854736 0.513977
vt 0.854248 0.513885
vt 0.854248 0.507812
vt 0.854736 0.507935
vt 0.847168 0.551819
vt 0.856018 0.770752
vt 0.856323 0.770508
vt 0.854980 0.511505
vt 0.854980 0.512177
vt 0.839417 0.853409
vt 0.839233 0.853439
vt 0.853760 0.800262
vt 0.853027 0.800537
vt 0.853027 0.800385
vt 0.853638 0.800140
vt 0.838989 0.855194
vt 0.515381 0.646637
vt 0.788574 0.855438
vt 0.788818 0.855713
vt 0.788391 0.855621
vt 0.830872 0.853760
vt 0.831116 0.853882
vt 0.855957 0.544128
vt 0.855957 0.544495
vt 0.855713 0.544373
vt 0.855713 0.544067
vt 0.855713 0.770630
vt 0.854919 0.814941
vt 0.854919 0.814484
vt 0.855225 0.814362
vt 0.855225 0.816742
vt 0.854919 0.816650
vt 0.855713 0.543396
vt 0.855957 0.543335
vt 0.839844 0.853485
vt 0.839783 0.853943
vt 0.839539 0.855194
vt 0.852417 0.837494
vt 0.852295 0.836258
vt 0.852600 0.836243
vt 0.852905 0.837616
vt 0.853210 0.837769
vt 0.853516 0.837601
vt 0.853516 0.836151
vt 0.853821 0.836090
vt 0.853821 0.837784
vt 0.853271 0.838104
vt 0.852905 0.838074
vt 0.855957 0.552460
vt 0.855713 0.552429
vt 0.855347 0.552429
vt 0.855347 0.551025
vt 0.788818 0.853790
vt 0.506042 0.854980
vt 0.505737 0.855469
vt 0.854980 0.513397
vt 0.854248 0.537964
vt 0.854492 0.539429
vt 0.854126 0.539551
vt 0.855530 0.814484
vt 0.855530 0.816650
vt 0.852661 0.835556
vt 0.852966 0.835434
vt 0.853577 0.835648
vt 0.853027 0.835770
vt 0.856323 0.543457
vt 0.856201 0.544067
vt 0.505859 0.856201
vt 0.505676 0.855713
vt 0.833405 0.855103
vt 0.833374 0.855408
vt 0.832916 0.855225
vt 0.832642 0.854614
vt 0.832733 0.854309
vt 0.833405 0.853882
vt 0.833130 0.854309
vt 0.832977 0.854614
vt 0.855957 0.554749
vt 0.855591 0.554764
vt 0.788269 0.855621
vt 0.830444 0.854736
vt 0.830444 0.854370
vt 0.854980 0.514038
vt 0.855103 0.494598
vt 0.854736 0.537872
vt 0.854736 0.539246
vt 0.856201 0.554413
vt 0.856201 0.554855
vt 0.856323 0.544373
vt 0.506409 0.855957
vt 0.854004 0.537567
vt 0.854004 0.536407
vt 0.854248 0.536041
vt 0.854736 0.536133
vt 0.854736 0.537415
vt 0.852661 0.800293
vt 0.852295 0.799591
vt 0.852783 0.797760
vt 0.853149 0.797699
vt 0.853760 0.797974
vn -0.4803 0.4123 0.7742
vn -0.4892 0.7387 0.4637
vn -0.4855 0.4086 0.7729
vn -0.4860 0.4079 0.7729
vn -1.0000 0.0001 0.0000
vn -1.0000 -0.0002 0.0000
vn 0.4852 0.4117 0.7714
vn 0.4800 0.4100 0.7756
vn 0.4895 0.7372 0.4658
vn 0.4892 0.7374 0.4658
vn 0.4887 0.8274 -0.2765
vn 0.4896 0.8266 -0.2774
vn 0.4913 0.8693 0.0550
vn 0.4924 0.8687 0.0547
vn -0.4910 -0.8202 0.2936
vn -0.4904 -0.8204 0.2940
vn -0.5056 -0.8238 0.2565
vn -0.4984 0.1052 0.8605
vn -0.4987 0.1051 0.8604
vn 0.5750 -0.6014 0.5547
vn 0.5576 -0.6103 0.5627
vn 0.5573 -0.6102 0.5631
vn -0.8137 -0.2707 0.5145
vn -0.8133 -0.2722 0.5143
vn -0.8115 -0.2678 0.5193
vn -0.8207 0.3591 0.4445
vn -0.8213 0.3583 0.4439
vn -0.8179 0.3613 0.4478
vn -0.4982 -0.1053 -0.8606
vn -0.4980 -0.1057 -0.8607
vn 0.8182 0.2628 -0.5113
vn 0.5468 0.6227 -0.5597
vn 0.5448 0.6239 -0.5603
vn 0.8136 0.2648 -0.5176
vn 0.4928 -0.8682 -0.0584
vn 0.4950 -0.7606 -0.4201
vn -0.4984 0.1053 0.8605
vn -0.4749 -0.2270 0.8503
vn -0.4809 -0.2314 0.8457
vn -0.4900 0.8668 0.0925
vn -0.4901 0.8668 0.0920
vn -0.4887 0.8677 0.0913
vn -0.4895 0.8671 0.0925
vn 0.5636 -0.7147 -0.4142
vn 0.5634 -0.7147 -0.4143
vn 0.5752 -0.7009 -0.4218
vn -0.4954 -0.7595 -0.4216
vn -0.4954 -0.7598 -0.4210
vn -0.4930 -0.8681 -0.0584
vn -0.8668 -0.0606 -0.4949
vn -0.8669 -0.0606 -0.4949
vn -0.8175 0.2644 -0.5117
vn -0.8159 0.2588 -0.5171
vn -0.5307 0.7464 0.4016
vn -0.5274 0.7478 0.4033
vn -0.5200 0.7521 0.4049
vn -0.5217 0.7513 0.4041
vn -0.5233 0.6319 -0.5717
vn -0.5295 0.6250 -0.5736
vn -0.5269 0.6275 -0.5732
vn -0.5214 0.6336 -0.5715
vn 0.8670 -0.0606 -0.4947
vn 0.5064 -0.8612 -0.0444
vn 0.4894 -0.8677 -0.0871
vn 0.4890 -0.8679 -0.0871
vn 0.4984 0.1053 0.8605
vn 0.4984 0.1052 0.8605
vn -0.5161 -0.7556 -0.4034
vn -0.1768 -0.9065 -0.3833
vn -0.1765 -0.9065 -0.3836
vn 0.8118 -0.3919 -0.4329
vn 0.8136 -0.3867 -0.4341
vn 0.8103 -0.3863 -0.4407
vn 0.8115 -0.3916 -0.4338
vn -0.4911 0.8696 0.0523
vn -0.4930 0.8683 0.0552
vn -0.4929 0.8684 0.0547
vn -0.4913 0.8696 0.0500
vn 0.1676 0.9084 0.3831
vn 0.1710 0.9068 0.3854
vn 0.1664 0.9087 0.3828
vn 0.4897 -0.6303 0.6025
vn 0.4906 -0.8222 0.2887
vn 0.4903 -0.8224 0.2885
vn 0.4899 -0.6296 0.6030
vn 0.8194 0.3631 0.4435
vn 0.5487 0.7255 0.4155
vn 0.8187 0.3627 0.4451
vn 0.8178 0.3603 0.4487
vn -0.4909 -0.3726 -0.7875
vn -0.4905 -0.3726 -0.7878
vn -0.4770 -0.3947 -0.7853
vn -0.4770 -0.3948 -0.7852
vn 0.4929 0.6061 -0.6243
vn 0.4908 0.8203 -0.2937
vn 0.4908 0.8203 -0.2936
vn 0.4940 0.6047 -0.6247
vn -0.4668 0.1775 -0.8664
vn -0.4852 0.2052 -0.8500
vn -0.4857 0.2048 -0.8498
vn 0.4755 -0.2321 0.8486
vn 0.4793 -0.2258 0.8481
vn 0.4954 -0.5832 0.6438
vn 0.4884 -0.5987 0.6348
vn 0.5022 -0.8142 0.2913
vn 0.4866 -0.8338 0.2609
vn -0.4910 0.8202 -0.2936
vn -0.4939 0.6064 -0.6231
vn -0.4907 0.8203 -0.2940
vn 0.1948 0.7926 -0.5778
vn -0.4899 -0.6304 0.6021
vn -0.4913 -0.8220 0.2880
vn -0.4911 -0.8222 0.2876
vn -0.4904 -0.8224 0.2885
vn -0.4799 0.2113 -0.8515
vn -0.4795 0.2105 -0.8519
vn -0.4842 0.2137 -0.8485
vn -0.4790 -0.4316 -0.7644
vn -0.4842 -0.4271 -0.7636
vn -0.1927 0.7932 -0.5777
vn -0.5494 0.6180 -0.5624
vn -0.5499 0.6181 -0.5617
vn 0.4745 -0.3765 -0.7957
vn 0.4887 -0.3919 -0.7795
vn 0.4986 -0.1053 -0.8604
vn 0.4986 -0.1052 -0.8604
vn 0.4746 -0.3766 -0.7956
vn -0.0002 0.1215 0.9926
vn 0.0004 0.1215 0.9926
vn 0.8669 0.0606 0.4947
vn 0.8669 0.0606 0.4948
vn 0.8671 -0.0605 -0.4945
vn 0.4913 0.7530 0.4378
vn 0.4927 0.7534 0.4354
vn 0.4957 0.7561 0.4273
vn -0.5163 -0.6355 0.5741
vn -0.5159 -0.6359 0.5740
vn -0.1769 -0.7853 0.5933
vn -0.1757 -0.7865 0.5920
vn 0.8670 0.0605 0.4947
vn 0.8671 0.0605 0.4944
vn -0.8669 -0.0607 -0.4947
vn 0.4801 0.2143 -0.8506
vn 0.4802 0.2105 -0.8515
vn 0.4783 -0.4280 -0.7668
vn 0.4844 -0.4294 -0.7623
vn 0.0001 0.1005 0.9949
vn 0.0001 0.1003 0.9950
vn 0.0021 0.1023 0.9948
vn -0.0019 0.1017 0.9948
vn 0.0007 0.0999 0.9950
vn 0.0001 0.1004 0.9949
vn 0.0019 0.1047 0.9945
vn -0.0015 0.1027 0.9947
vn -0.5507 0.7228 0.4175
vn -0.1938 0.8973 0.3966
vn -0.1936 0.8971 0.3972
vn -0.1938 0.8972 0.3969
vn 0.1732 -0.7865 0.5928
vn 0.5147 -0.6372 0.5737
vn 0.1720 -0.7864 0.5933
vn 0.0018 -0.1043 -0.9945
vn 0.0026 -0.1035 -0.9946
vn 0.0004 -0.1010 -0.9949
vn 0.0008 -0.1032 -0.9947
vn -0.0020 -0.1018 -0.9948
vn 0.0004 -0.1007 -0.9949
vn -0.5726 -0.7089 -0.4119
vn -0.5727 -0.7078 -0.4136
vn -0.5597 -0.7151 -0.4189
vn -0.5587 -0.7157 -0.4190
vn 0.4771 -0.1953 0.8569
vn 0.4898 -0.1744 0.8542
vn 0.4899 -0.1743 0.8542
vn -0.4736 -0.1755 0.8631
vn -0.4733 -0.1758 0.8632
vn -0.4872 -0.1938 0.8515
vn -0.4874 -0.1938 0.8514
vn 0.4890 0.8674 0.0921
vn 0.4893 0.8673 0.0920
vn 0.4882 0.8678 0.0922
vn 0.4901 0.8669 0.0911
vn 0.8137 -0.2719 0.5137
vn 0.8096 -0.2732 0.5195
vn 0.8091 -0.2738 0.5199
vn 0.8130 -0.2723 0.5147
vn -0.8149 -0.3837 -0.4344
vn -0.8157 -0.3832 -0.4333
vn -0.8104 -0.3876 -0.4393
vn -0.8099 -0.3875 -0.4403
vn -0.8670 0.0604 0.4947
vn -0.5660 -0.6017 0.5636
vn -0.5662 -0.6014 0.5637
vn -0.5556 -0.6157 0.5587
vn -0.5560 -0.6152 0.5589
vn 0.1958 0.8966 0.3973
vn 0.1955 0.8968 0.3968
vn 0.5167 -0.7554 -0.4029
vn 0.1739 -0.9070 -0.3835
vn 0.1737 -0.9072 -0.3832
vn 0.5166 -0.7554 -0.4031
vn 1.0000 0.0003 0.0000
vn 1.0000 -0.0000 0.0000
vn 1.0000 0.0000 0.0001
vn 1.0000 -0.0005 0.0000
vn 1.0000 0.0005 -0.0000
usemtl Steel_-_Satin.001
s 1
f 1943/5033/6109 1944/5034/6110 1945/5035/6111 1946/5036/6112
f 1975/5037/6113 1986/5038/6113 1964/5039/6113 1958/5040/6113 1946/5041/6113 1945/5042/6113 1952/5043/6113 1966/5044/6114 1965/5045/6113 1959/5046/6113 1970/5047/6113 1971/5048/6113 1956/5049/6113 1957/5050/6113 1987/5051/6113 1977/5052/6113
f 1943/5053/6115 1942/5054/6116 1948/5055/6117 1944/5056/6118
f 1950/5057/6119 1949/5058/6120 1974/5059/6121 1988/5060/6122
f 1959/5061/6123 1965/5062/6124 1960/5063/6125
f 1988/5064/6126 1972/5065/6127 1977/5066/6126 1987/5067/6126
f 2006/5068/6128 2014/5069/6129 1992/5070/6130
f 1978/5071/6131 1979/5072/6132 1971/5073/6133 1991/5074/6134 1999/5075/6135 2000/5076/6136
f 1977/5052/6113 1965/5045/6113 1966/5044/6114 1975/5037/6113
f 1961/5077/6137 1950/5078/6137 1956/5079/6137 1971/5080/6138
f 1998/5081/6139 2009/5082/6140 2007/5083/6141 1996/5084/6142
f 1968/5085/6143 1985/5086/6144 1989/5087/6143 1963/5088/6143
f 1946/5089/6145 1958/5090/6146 1953/5091/6147 1943/5053/6145
f 1951/5092/6148 1952/5093/6149 1945/5035/6150 1944/5034/6151
f 2002/5094/6152 2013/5095/6153 2006/5096/6154
f 1986/5097/6155 1985/5086/6156 1968/5085/6157 1964/5098/6157
f 1993/5099/6158 1994/5100/6158 1978/5071/6159 2000/5076/6160 2001/5101/6161
f 1959/5102/6162 1961/5103/6163 1947/5104/6164 1962/5105/6165
f 1959/5106/6166 1962/5107/6167 1976/5108/6168 1960/5109/6169
f 1984/5110/6170 1998/5081/6170 1996/5084/6170 1983/5111/6170
f 1959/5112/6171 1962/5113/6172 1947/5114/6173
f 1990/5115/6174 1976/5116/6175 1972/5065/6174 1988/5064/6175
f 1979/5117/6176 1977/5118/6177 1972/5119/6178 1980/5120/6177
f 1981/5121/6179 1976/5122/6180 1984/5110/6181 1983/5111/6182
f 1987/5123/6183 1957/5124/6184 1950/5057/6185 1988/5060/6186
f 1970/5125/6187 1961/5103/6188 1959/5102/6189
f 1953/5126/6190 1968/5085/6191 1963/5088/6192 1955/5127/6193
f 1996/5084/6194 2007/5083/6195 2008/5128/6196 1997/5129/6197
f 1959/5130/6198 1961/5077/6199 1971/5080/6200 1970/5131/6201
f 1967/5132/6202 1951/5133/6203 1954/5134/6204 1969/5135/6205
f 1950/5078/6206 1957/5136/6207 1956/5079/6208
f 1943/5053/6174 1953/5091/6209 1955/5137/6210 1942/5054/6174
f 1960/5138/6211 1976/5116/6212 1962/5139/6213 1959/5140/6214
f 1951/5092/6215 1967/5141/6216 1966/5142/6215 1952/5093/6217
f 2010/5143/6218 2007/5144/6218 2009/5145/6218 2011/5146/6218
f 1953/5126/6219 1958/5147/6220 1964/5098/6221 1968/5085/6222
f 1975/5148/6223 1966/5149/6224 1967/5150/6225 1985/5151/6226 1986/5152/6227
f 2011/5146/6228 2001/5153/6229 2000/5154/6230 2010/5143/6228
f 1959/5130/6231 1947/5155/6232 1982/5156/6233 1949/5157/6234 1950/5078/6233 1961/5077/6235
f 1995/5158/6236 1997/5159/6236 2003/5160/6236 1947/5161/6236 1961/5162/6237 1970/5163/6236 1992/5164/6236 1991/5165/6236 1971/5166/6236 1973/5167/6236 1982/5168/6236
f 1992/5070/6238 1970/5169/6239 1959/5170/6238 2006/5068/6238
f 1965/5171/6240 2002/5172/6240 2006/5068/6240 1959/5170/6240
f 1988/5064/6241 1974/5173/6242 1990/5115/6243
f 1971/5174/6244 1979/5117/6245 1980/5120/6246 1973/5175/6247
f 1983/5111/6248 1996/5084/6248 1997/5129/6248 1995/5176/6249
f 1962/5177/6250 2005/5178/6250 2004/5179/6250
f 1967/5150/6251 1969/5180/6252 1989/5181/6253 1985/5151/6254
f 2008/5182/6255 2012/5183/6256 1999/5184/6257 1991/5165/6258 1992/5164/6259 2014/5185/6260 2003/5160/6261 1997/5159/6262
f 2000/5154/6263 1999/5186/6264 2012/5187/6265 2010/5143/6266
f 1980/5120/6267 1981/5188/6268 1982/5189/6267 1973/5175/6269
f 2002/5190/6270 1993/5191/6271 2001/5192/6272 2011/5193/6272 2009/5194/6273 1998/5195/6274 2004/5196/6272 2013/5197/6275
f 2005/5198/6276 2006/5096/6277 2013/5095/6278 2004/5199/6279
f 1976/5116/6280 1960/5138/6281 1972/5065/6282
f 1972/5065/6283 1960/5138/6284 1965/5200/6285 1977/5066/6286
f 1951/5092/6287 1944/5034/6288 1948/5201/6289 1954/5202/6290
f 1982/5203/6291 1981/5121/6292 1983/5111/6293 1995/5176/6294
f 1994/5100/6295 1977/5204/6296 1979/5072/6297 1978/5071/6298
f 2005/5178/6299 1962/5177/6299 1947/5205/6299 2003/5206/6299
f 2006/5096/6300 2005/5198/6301 2003/5207/6302 2014/5208/6303
f 2012/5187/6304 2008/5209/6305 2007/5144/6304 2010/5143/6304
f 1981/5188/6306 1980/5120/6307 1972/5119/6308 1976/5210/6309
f 1976/5211/6310 1990/5212/6311 1974/5213/6312 1949/5214/6312 1982/5215/6311 1947/5205/6312 1962/5177/6311
f 1969/5135/6311 1954/5134/6313 1948/5216/6311 1942/5217/6311 1955/5218/6314 1963/5219/6311 1989/5220/6311
o MeshBody4_(29)_MeshBody4_(29).001
v 2.374477 1.492817 0.119932
v 2.371727 1.498097 0.118715
v 2.371727 1.493187 0.121476
v 2.368979 1.496930 0.117647
v 2.374477 1.481211 0.121611
v 2.374477 1.481020 0.118445
v 2.371727 1.499948 0.115619
v 2.371727 1.481307 0.123194
v 2.374477 1.494591 0.115512
v 2.374477 1.498445 0.115129
v 2.371727 1.479363 0.116577
v 2.371727 1.500298 0.111548
v 2.368979 1.498727 0.111777
v 2.371727 1.475892 0.121840
v 2.374477 1.498727 0.111777
v 2.374477 1.477401 0.116817
v 2.374477 1.474738 0.118508
v 2.368979 1.478492 0.117893
v 2.368979 1.476757 0.120525
v 2.371727 1.473409 0.119354
v 2.370435 1.494212 0.112425
v 2.371724 1.492000 0.109967
v 2.371724 1.492785 0.115409
v 2.368979 1.476717 0.114960
v 2.368979 1.473576 0.115420
v 2.368979 1.495372 0.106640
v 2.371727 1.496214 0.105287
v 2.371727 1.472006 0.115651
v 2.374477 1.495372 0.106640
v 2.368565 1.494073 0.115222
v 2.368494 1.490307 0.115767
v 2.371717 1.488852 0.110422
v 2.374945 1.489500 0.110329
v 2.374887 1.493288 0.109780
v 2.373711 1.494733 0.112349
v 2.374477 1.476796 0.112992
v 2.374477 1.473719 0.112138
v 2.371727 1.472179 0.111711
v 2.364498 1.496174 0.114919
v 2.368565 1.493294 0.109780
v 2.368494 1.489512 0.110328
v 2.362917 1.495644 0.112217
v 2.365031 1.490525 0.112958
v 2.367846 1.488475 0.113255
v 2.375589 1.488462 0.113256
v 2.378414 1.490511 0.112961
v 2.374945 1.490295 0.115768
v 2.380555 1.495629 0.112220
v 2.378975 1.495396 0.109475
v 2.371727 1.473794 0.108624
v 2.368979 1.475037 0.109632
v 2.368979 1.477517 0.111649
v 2.371727 1.478754 0.112657
v 2.374477 1.479790 0.110380
v 2.368979 1.479005 0.107303
v 2.371727 1.478612 0.105763
v 2.374477 1.479005 0.107303
v 2.364498 1.507835 0.113347
v 2.367658 1.507545 0.113382
v 2.364498 1.507108 0.107897
v 2.364498 1.495403 0.109475
v 2.378975 1.496167 0.114920
v 2.380557 1.507611 0.110604
v 2.378975 1.507832 0.113347
v 2.378975 1.507105 0.107897
v 2.366171 1.512209 0.112811
v 2.364947 1.512857 0.109962
v 2.366171 1.511498 0.107360
v 2.367658 1.506818 0.107932
v 2.375815 1.507548 0.113381
v 2.374852 1.509473 0.107608
v 2.373633 1.508822 0.110456
v 2.370540 1.509454 0.110378
v 2.375700 1.515102 0.109688
v 2.375002 1.514040 0.112587
v 2.375002 1.513335 0.107135
v 2.371725 1.516010 0.109576
v 2.371723 1.514084 0.107043
v 2.371723 1.514786 0.112496
v 2.371718 1.510928 0.107430
v 2.371718 1.511642 0.112881
vt 0.772888 0.854370
vt 0.773193 0.854492
vt 0.773071 0.855164
vt 0.772705 0.855164
vt 0.834473 0.851562
vt 0.834778 0.851501
vt 0.834900 0.851929
vt 0.834595 0.852051
vt 0.834473 0.851868
vt 0.797241 0.855591
vt 0.797363 0.856262
vt 0.796997 0.856384
vt 0.796936 0.855591
vt 0.514771 0.740021
vt 0.514771 0.738770
vt 0.515015 0.738739
vt 0.515015 0.740601
vt 0.514771 0.740479
vt 0.845825 0.846802
vt 0.845459 0.846680
vt 0.845581 0.846008
vt 0.845947 0.846130
vt 0.515381 0.715363
vt 0.515381 0.717072
vt 0.515076 0.717194
vt 0.515076 0.715363
vt 0.515076 0.714813
vt 0.515381 0.714905
vt 0.764160 0.855591
vt 0.764160 0.854523
vt 0.764404 0.854401
vt 0.764404 0.856140
vt 0.764160 0.856018
vt 0.854797 0.802856
vt 0.855164 0.802856
vt 0.855286 0.803345
vt 0.854919 0.803467
vt 0.854858 0.803223
vt 0.514771 0.714722
vt 0.515076 0.714569
vt 0.514771 0.715363
vt 0.855591 0.808655
vt 0.855957 0.808472
vt 0.855957 0.808899
vt 0.514771 0.569977
vt 0.515137 0.569824
vt 0.515015 0.570618
vt 0.514771 0.570648
vt 0.763794 0.856079
vt 0.763794 0.854675
vt 0.835999 0.855347
vt 0.835938 0.853943
vt 0.836243 0.853821
vt 0.836304 0.855072
vt 0.848633 0.529785
vt 0.848999 0.530029
vt 0.849487 0.529785
vt 0.849792 0.529785
vt 0.849304 0.530151
vt 0.848938 0.530151
vt 0.848450 0.530029
vt 0.848328 0.529785
vt 0.848999 0.529053
vt 0.515015 0.572449
vt 0.515015 0.571899
vt 0.515381 0.571869
vt 0.515381 0.572510
vt 0.515015 0.572662
vt 0.849365 0.530396
vt 0.848938 0.530518
vt 0.835693 0.854065
vt 0.835632 0.853729
vt 0.515381 0.738770
vt 0.515381 0.740021
vt 0.515381 0.740479
vt 0.854950 0.520142
vt 0.854950 0.520508
vt 0.854645 0.520386
vt 0.852539 0.732971
vt 0.852173 0.733490
vt 0.851929 0.733673
vt 0.851807 0.733490
vt 0.852295 0.732941
vt 0.777710 0.854919
vt 0.777954 0.854675
vt 0.778076 0.855042
vt 0.851196 0.733429
vt 0.851440 0.733704
vt 0.851074 0.733551
vt 0.514771 0.572510
vt 0.514771 0.571899
vt 0.852539 0.538284
vt 0.852661 0.537003
vt 0.852661 0.536606
vt 0.852417 0.536514
vt 0.852051 0.536545
vt 0.852051 0.536942
vt 0.851929 0.538208
vt 0.852173 0.538376
vt 0.852783 0.538528
vt 0.852173 0.538712
vt 0.851562 0.538391
vt 0.851807 0.536255
vt 0.852417 0.536041
vt 0.853027 0.536377
vt 0.853027 0.538101
vt 0.845459 0.847168
vt 0.845825 0.847473
vt 0.845459 0.847534
vt 0.777588 0.854614
vt 0.777832 0.854370
vt 0.849243 0.529297
vt 0.849365 0.528931
vt 0.849609 0.529053
vt 0.849548 0.529297
vt 0.850037 0.530029
vt 0.772583 0.854736
vt 0.772644 0.854492
vt 0.772522 0.855103
vt 0.796021 0.855896
vt 0.796082 0.855591
vt 0.796326 0.855347
vt 0.796387 0.855896
vt 0.848328 0.530396
vt 0.854736 0.497559
vt 0.854675 0.497314
vt 0.855042 0.497070
vt 0.855042 0.497437
vt 0.514771 0.717072
vt 0.836304 0.855469
vt 0.836121 0.855560
vt 0.851440 0.538483
vt 0.851318 0.537918
vt 0.851440 0.536652
vt 0.851685 0.536133
vt 0.796997 0.855225
vt 0.797363 0.855347
vt 0.514771 0.738159
vt 0.515137 0.738007
vt 0.515015 0.738220
vt 0.854614 0.802734
vt 0.854736 0.802124
vt 0.854919 0.802124
vt 0.773193 0.855774
vt 0.772888 0.855896
vt 0.772705 0.855469
vt 0.855530 0.819458
vt 0.855164 0.819458
vt 0.855164 0.819092
vt 0.855530 0.819092
vt 0.855286 0.802246
vt 0.783142 0.853149
vt 0.783508 0.853210
vt 0.783386 0.853424
vt 0.783020 0.853271
vt 0.778076 0.855469
vt 0.777832 0.855591
vt 0.777466 0.855042
vt 0.777466 0.855713
vt 0.783936 0.853485
vt 0.783386 0.853760
vt 0.783020 0.853668
vt 0.782593 0.853027
vt 0.783020 0.851532
vt 0.783813 0.852997
vt 0.784119 0.853027
vt 0.855957 0.810333
vt 0.855591 0.810303
vt 0.834473 0.851135
vt 0.834595 0.850769
vt 0.834900 0.850891
vt 0.850830 0.732727
vt 0.851196 0.731049
vt 0.851807 0.730865
vt 0.852173 0.730988
vt 0.852539 0.731689
vt 0.515381 0.570648
vt 0.835693 0.855530
vt 0.835632 0.855072
vt 0.845581 0.847961
vt 0.845947 0.847839
vt 0.855347 0.808899
vt 0.855347 0.810364
vt 0.848511 0.529175
vt 0.849060 0.528809
vt 0.849731 0.528809
vt 0.850037 0.529175
vt 0.854736 0.496948
vt 0.855347 0.808472
vt 0.785767 0.824284
vt 0.785645 0.824005
vt 0.785767 0.823746
vt 0.783691 0.851562
vt 0.783386 0.851410
vt 0.782593 0.851776
vt 0.783020 0.851135
vt 0.783386 0.851074
vt 0.783691 0.851135
vt 0.784119 0.851776
vt 0.778076 0.855713
vt 0.777832 0.855774
vt 0.777466 0.855957
vn 0.1732 -0.7734 0.6098
vn -0.1757 -0.7737 0.6087
vn -0.1756 -0.7731 0.6095
vn -0.4932 -0.8691 -0.0379
vn -0.4928 -0.8693 -0.0380
vn -0.4958 -0.7686 -0.4042
vn -0.4960 -0.7688 -0.4037
vn -0.4932 -0.8691 -0.0380
vn -0.1925 0.7815 -0.5935
vn -0.5495 0.6061 -0.5750
vn -0.5506 0.6080 -0.5720
vn -0.1923 0.7813 -0.5938
vn -0.8669 -0.0666 -0.4940
vn -0.8174 0.2539 -0.5171
vn -0.8159 0.2482 -0.5221
vn 0.4984 0.1241 0.8580
vn 0.4980 0.1241 0.8582
vn -0.4982 -0.1243 -0.8581
vn -0.4799 0.1916 -0.8562
vn -0.4830 0.1959 -0.8534
vn -0.4806 -0.4480 -0.7539
vn -0.4792 -0.4482 -0.7546
vn -0.4847 -0.4435 -0.7539
vn -0.8668 -0.0667 -0.4941
vn -0.8668 -0.0667 -0.4942
vn -0.8231 0.2424 -0.5135
vn -0.8246 0.2118 -0.5246
vn -0.4902 0.8684 0.0746
vn -0.4886 0.8693 0.0745
vn -0.4918 0.7459 0.4491
vn -0.4910 0.7463 0.4493
vn -0.4900 0.8685 0.0744
vn 0.4941 -0.7696 -0.4044
vn 0.4955 -0.7695 -0.4031
vn 0.4839 -0.4466 -0.7526
vn 0.4847 -0.4465 -0.7521
vn 0.4789 -0.4454 -0.7565
vn 0.5745 -0.5900 0.5673
vn 0.5579 -0.5984 0.5751
vn 0.5574 -0.5986 0.5753
vn 0.5476 0.6108 -0.5719
vn 0.5456 0.6122 -0.5723
vn 0.8142 0.2537 -0.5222
vn 0.8183 0.2519 -0.5166
vn -0.8349 0.3521 0.4231
vn -0.8670 0.0665 0.4938
vn -0.8346 0.3524 0.4234
vn -0.4984 -0.1241 -0.8580
vn 0.0002 0.1216 0.9926
vn 0.0005 0.1217 0.9926
vn 0.0012 0.1330 0.9911
vn -0.0000 0.1217 0.9926
vn 0.0009 0.1215 0.9926
vn 0.0004 0.1214 0.9926
vn 0.0001 0.1213 0.9926
vn 0.0020 0.1338 0.9910
vn 0.0023 0.1340 0.9910
vn 0.8095 -0.2623 0.5252
vn 0.8090 -0.2625 0.5260
vn 0.8129 -0.2609 0.5207
vn 0.5151 -0.6242 0.5875
vn 0.5152 -0.6240 0.5876
vn 0.1956 0.9045 0.3788
vn 0.1960 0.9043 0.3792
vn 0.4913 0.6053 -0.6262
vn 0.4907 0.6068 -0.6253
vn 0.4884 0.6129 -0.6212
vn -0.8668 0.0665 0.4942
vn -0.8205 0.3675 0.4379
vn -0.8213 0.3676 0.4363
vn -0.8180 0.3688 0.4414
vn -0.5057 -0.8180 0.2740
vn -0.4904 -0.8142 0.3107
vn -0.4900 -0.8144 0.3110
vn 0.4759 -0.2131 0.8533
vn 0.4885 -0.6164 0.6176
vn 0.4882 -0.6174 0.6168
vn 0.4815 -0.2097 0.8510
vn 0.4828 -0.2073 0.8509
vn 0.4917 0.7626 0.4204
vn 0.4921 0.7634 0.4183
vn 0.4951 0.7657 0.4106
vn 0.4930 -0.8692 -0.0379
vn 0.4884 -0.8168 0.3071
vn 0.4889 -0.8163 0.3078
vn 0.4930 -0.8692 -0.0380
vn 0.5144 -0.7658 -0.3859
vn 0.5153 -0.7658 -0.3848
vn 0.8110 -0.3963 -0.4303
vn 0.8100 -0.3959 -0.4325
vn 0.8121 -0.4002 -0.4246
vn -1.0000 -0.0001 0.0000
vn -1.0000 0.0000 -0.0002
vn -1.0000 -0.0000 0.0000
vn -1.0000 -0.0000 -0.0001
vn -1.0000 -0.0006 -0.0000
vn 0.4844 0.4291 0.7624
vn 0.4858 0.4286 0.7618
vn 0.4800 0.4269 0.7664
vn 0.4890 0.7474 0.4497
vn 0.4911 0.7464 0.4491
vn 0.4890 0.8207 -0.2954
vn 0.4911 0.8193 -0.2959
vn 0.4921 0.8698 0.0350
vn 0.4920 0.8699 0.0346
vn -0.5303 0.7549 0.3858
vn -0.5275 0.7564 0.3868
vn -0.5195 0.7608 0.3891
vn -0.5216 0.7593 0.3890
vn 0.8185 0.3734 0.4366
vn 0.5475 0.7345 0.4009
vn 0.8198 0.3691 0.4379
vn 0.8176 0.3696 0.4415
vn 0.1737 -0.9153 -0.3634
vn 0.1734 -0.9155 -0.3630
vn 0.1740 -0.9153 -0.3633
vn -0.1769 -0.9146 -0.3635
vn -0.1772 -0.9147 -0.3631
vn -0.5669 -0.5896 0.5753
vn -0.5671 -0.5898 0.5749
vn -0.5550 -0.6045 0.5715
vn -0.5542 -0.6049 0.5718
vn -0.1936 0.9051 0.3786
vn -0.1930 0.9051 0.3790
vn -0.5498 0.7319 0.4025
vn -0.4924 0.8698 0.0312
vn -0.4933 0.8692 0.0350
vn -0.4931 0.8693 0.0346
vn -0.4910 0.8706 0.0302
vn 0.1682 0.9165 0.3629
vn 0.1711 0.9148 0.3659
vn 0.1662 0.9168 0.3631
vn 0.4983 -0.1243 -0.8581
vn 0.4983 -0.1243 -0.8580
vn 0.4805 0.1951 -0.8550
vn 0.4823 0.1905 -0.8550
vn -0.4774 -0.4115 -0.7764
vn -0.4914 -0.3888 -0.7793
vn -0.4911 -0.3894 -0.7792
vn -0.4773 -0.4116 -0.7764
vn -0.4852 0.4257 0.7638
vn -0.4751 -0.2084 0.8549
vn -0.4814 -0.2121 0.8504
vn -0.4986 0.1240 0.8579
vn -0.4800 0.4291 0.7652
vn -0.4798 0.4299 0.7648
vn 0.1948 0.7807 -0.5938
vn 0.1935 0.7810 -0.5938
vn -0.5186 -0.7633 -0.3852
vn -0.5171 -0.7632 -0.3874
vn -0.8105 -0.3977 -0.4299
vn -0.8099 -0.3969 -0.4320
vn -0.8151 -0.3926 -0.4260
vn 0.4912 0.8138 -0.3107
vn 0.4911 0.8138 -0.3107
vn 0.4943 0.5907 -0.6377
vn 0.4947 0.5926 -0.6357
vn -0.8119 -0.2549 0.5253
vn -0.8125 -0.2607 0.5214
vn -0.5162 -0.6230 0.5877
vn -0.5161 -0.6232 0.5875
vn -0.8119 -0.2559 0.5247
vn -0.5238 0.6191 -0.5851
vn -0.5294 0.6127 -0.5868
vn -0.5276 0.6144 -0.5866
vn -0.5227 0.6201 -0.5850
vn -0.4938 0.5929 -0.6361
vn -0.4912 0.8138 -0.3106
vn -0.4910 0.8138 -0.3108
vn -0.4913 0.8138 -0.3106
vn -0.5723 -0.7173 -0.3974
vn -0.5720 -0.7166 -0.3993
vn -0.5579 -0.7248 -0.4042
vn 0.4982 0.1240 0.8582
vn 0.4978 0.1240 0.8584
vn -0.4981 0.1240 0.8582
vn -0.4982 0.1240 0.8582
vn -0.4974 0.1240 0.8586
vn -0.0003 -0.1215 -0.9926
vn -0.0003 -0.1213 -0.9926
vn -0.0002 -0.1217 -0.9926
vn 0.0001 -0.1339 -0.9910
vn 0.0012 -0.1338 -0.9910
vn -0.0005 -0.1216 -0.9926
vn -0.0003 -0.1214 -0.9926
vn -0.0018 -0.1334 -0.9911
vn -0.0007 -0.1218 -0.9926
vn 0.8671 0.0666 0.4937
vn 0.8673 0.0665 0.4933
vn -0.4880 -0.6172 0.6172
vn -0.4887 -0.6170 0.6168
vn -0.4896 -0.8162 0.3069
vn -0.4914 -0.8152 0.3067
vn -0.4917 -0.8146 0.3078
vn 1.0000 0.0000 0.0000
vn 0.8669 0.0665 0.4941
vn 0.8671 -0.0666 -0.4936
vn 0.4747 -0.3937 -0.7872
vn 0.4883 -0.4088 -0.7710
vn 0.4984 -0.1241 -0.8580
vn 0.4746 -0.3939 -0.7871
vn 0.4887 0.8692 0.0749
vn 0.4884 0.8694 0.0747
vn 0.4880 0.8696 0.0746
vn 0.4901 0.8686 0.0730
vn 0.8669 -0.0666 -0.4940
vn 0.8669 -0.0667 -0.4940
vn -0.0003 0.1428 0.9898
vn -0.0001 0.1429 0.9897
vn 0.0007 0.1430 0.9897
vn -0.0025 0.1337 0.9910
vn 0.0001 0.1430 0.9897
vn -0.0005 0.1431 0.9897
vn -0.4921 0.8190 -0.2950
vn -0.4930 0.8180 -0.2965
vn -0.4896 0.8182 -0.3013
vn 0.5752 -0.7094 -0.4073
vn 0.5633 -0.7234 -0.3992
vn 0.5634 -0.7231 -0.3997
vn 0.4866 -0.7317 -0.4773
vn 0.4921 -0.7397 -0.4590
vn 0.4929 -0.7392 -0.4588
vn 0.0012 -0.1431 -0.9897
vn -0.0005 -0.1431 -0.9897
vn 0.0001 -0.1429 -0.9897
vn -0.0001 -0.1434 -0.9897
vn -0.0002 -0.1433 -0.9897
vn 0.0004 -0.1431 -0.9897
vn -0.0005 -0.1332 -0.9911
vn 0.4773 -0.1765 0.8608
vn 0.4773 -0.1761 0.8609
vn -0.4738 -0.1563 0.8666
vn -0.4886 -0.1747 0.8548
vn -0.4880 -0.1750 0.8551
vn 0.4899 -0.1551 0.8579
usemtl Steel_-_Satin.001
s 1
f 2059/5221/6315 2061/5222/6315 2045/5223/6316 2058/5224/6317
f 2042/5225/6318 2039/5226/6319 2065/5227/6320 2064/5228/6321 2052/5229/6322
f 2092/5230/6323 2082/5231/6324 2081/5232/6325 2091/5233/6326
f 2074/5234/6327 2075/5235/6327 2056/5236/6327 2081/5237/6328 2082/5238/6329
f 2015/5239/6330 2017/5240/6330 2022/5241/6331 2019/5242/6330
f 2069/5243/6332 2040/5244/6333 2041/5245/6334 2070/5246/6335 2064/5247/6336 2065/5248/6337
f 2029/5249/6338 2086/5250/6339 2085/5251/6338 2048/5252/6340 2049/5253/6341
f 2026/5254/6342 2027/5255/6343 2018/5256/6344 2016/5257/6345 2021/5258/6346
f 2051/5259/6347 2052/5260/6348 2064/5247/6349 2070/5246/6350 2071/5261/6351
f 2087/5262/6352 2095/5263/6353 2073/5264/6354
f 2090/5265/6355 2088/5266/6356 2077/5267/6357 2079/5268/6358
f 2049/5253/6359 2023/5269/6360 2084/5270/6360 2086/5250/6360 2029/5249/6361
f 2037/5271/6362 2025/5272/6362 2032/5273/6362 2045/5274/6362
f 2073/5275/6363 2095/5276/6364 2084/5277/6365 2078/5278/6366 2089/5279/6367 2093/5280/6368 2080/5281/6369 2072/5282/6370 2044/5283/6371
f 2060/5284/6372 2062/5285/6373 2076/5286/6374 2061/5287/6375 2059/5288/6376
f 2088/5289/6377 2091/5290/6378 2093/5280/6377 2089/5279/6377
f 2025/5272/6379 2020/5291/6380 2030/5292/6381
f 2056/5236/6382 2053/5293/6382 2072/5294/6383 2080/5295/6384 2081/5237/6385
f 2036/5296/6386 2035/5297/6387 2054/5298/6388
f 2022/5299/6389 2028/5300/6390 2034/5301/6391 2031/5302/6392 2019/5303/6393
f 2067/5304/6394 2050/5305/6395 2068/5306/6396
f 2051/5307/6397 2031/5302/6398 2034/5301/6399 2042/5308/6400 2052/5309/6400
f 2060/5284/6401 2059/5288/6402 2047/5310/6403 2063/5311/6404 2062/5285/6405
f 2066/5312/6406 2055/5313/6407 2054/5314/6408 2035/5315/6408 2044/5316/6408 2045/5317/6408 2032/5318/6408 2038/5319/6408 2065/5320/6406 2039/5321/6408 2033/5322/6409 2018/5323/6408 2027/5324/6408 2040/5325/6410 2069/5326/6408
f 2016/5327/6411 2017/5240/6412 2015/5239/6413 2024/5328/6414 2021/5329/6415
f 2025/5330/6416 2030/5331/6417 2050/5305/6418 2067/5304/6419
f 2035/5332/6420 2037/5333/6421 2023/5334/6422 2049/5335/6423
f 2077/5336/6424 2088/5289/6425 2089/5279/6426 2078/5278/6427
f 2046/5337/6428 2047/5338/6429 2059/5221/6430 2058/5224/6431 2055/5339/6432
f 2087/5340/6433 2086/5341/6434 2084/5342/6435 2095/5343/6436
f 2080/5281/6437 2093/5280/6438 2091/5290/6437 2081/5344/6439
f 2066/5345/6440 2038/5346/6441 2025/5347/6442 2067/5348/6443
f 2044/5283/6444 2037/5333/6445 2035/5332/6446
f 2071/5261/6447 2070/5246/6448 2041/5245/6449 2043/5349/6450
f 2044/5350/6451 2035/5351/6452 2037/5271/6453 2045/5274/6454
f 2018/5323/6455 2033/5322/6456 2028/5352/6457 2022/5353/6458 2017/5354/6459 2016/5355/6460
f 2091/5233/6461 2088/5356/6461 2090/5357/6461 2092/5230/6462
f 2055/5358/6463 2058/5359/6464 2057/5360/6465 2056/5236/6466 2075/5235/6467
f 2026/5254/6468 2029/5361/6469 2043/5362/6470 2041/5363/6471
f 2053/5364/6472 2056/5365/6473 2057/5366/6474 2058/5224/6475 2045/5223/6476
f 2035/5367/6477 2049/5368/6478 2048/5369/6479 2036/5370/6480
f 2041/5363/6481 2040/5371/6482 2027/5255/6483 2026/5254/6484
f 2086/5372/6485 2087/5373/6486 2094/5374/6487 2085/5375/6487
f 2068/5306/6488 2047/5376/6488 2046/5377/6489 2067/5304/6488
f 2066/5378/6490 2067/5304/6491 2046/5377/6492 2055/5379/6491
f 2082/5380/6493 2092/5381/6494 2090/5382/6495 2079/5383/6496 2048/5384/6497 2085/5375/6498 2094/5374/6499 2083/5385/6500 2074/5386/6501
f 2073/5264/6502 2044/5387/6503 2035/5388/6502 2087/5262/6502
f 2034/5389/6504 2028/5390/6505 2033/5391/6506 2039/5226/6507 2042/5225/6508
f 2031/5302/6509 2051/5307/6509 2071/5392/6509 2043/5393/6509 2029/5394/6509 2024/5395/6509 2015/5396/6509 2019/5303/6509
f 2066/5312/6406 2069/5326/6408 2065/5320/6406 2038/5319/6408
f 2062/5285/6510 2077/5267/6510 2078/5397/6510 2076/5286/6510
f 2063/5311/6511 2079/5268/6511 2077/5267/6511 2062/5285/6511
f 2035/5351/6512 2023/5398/6513 2061/5399/6514 2020/5291/6514 2025/5272/6514 2037/5271/6515
f 2026/5400/6516 2021/5329/6517 2024/5328/6518 2029/5401/6519
f 2083/5402/6520 2087/5262/6520 2035/5388/6520 2054/5403/6521
f 2053/5404/6522 2045/5405/6523 2061/5406/6524 2076/5407/6525 2078/5278/6366 2084/5277/6365 2023/5334/6526 2037/5333/6527 2044/5283/6371 2072/5282/6370
f 2025/5347/6528 2038/5346/6529 2032/5408/6530
f 2087/5262/6531 2083/5402/6532 2094/5409/6533
f 2035/5410/6534 2049/5411/6535 2023/5412/6536
f 2054/5413/6537 2036/5414/6538 2048/5384/6497 2079/5383/6496 2063/5415/6539 2047/5416/6540 2046/5417/6541 2055/5418/6542 2075/5419/6543 2074/5386/6501 2083/5385/6500
f 2047/5376/6544 2048/5420/6545 2036/5421/6546 2054/5422/6547 2055/5379/6548 2046/5377/6549
o MeshBody4_(30)_MeshBody4_(30).001
v 2.374477 1.460936 0.124745
v 2.371727 1.461344 0.126276
v 2.374477 1.449432 0.126866
v 2.374477 1.449149 0.123705
v 2.371727 1.467945 0.120247
v 2.368979 1.466426 0.119761
v 2.368979 1.460936 0.124745
v 2.371727 1.449574 0.128448
v 2.374477 1.462589 0.120251
v 2.374477 1.466426 0.119761
v 2.371727 1.447443 0.121900
v 2.371727 1.468200 0.116189
v 2.368979 1.466630 0.116419
v 2.371727 1.444143 0.127300
v 2.374477 1.466630 0.116419
v 2.374477 1.442891 0.124010
v 2.368979 1.449149 0.123705
v 2.368979 1.444964 0.125950
v 2.371727 1.441593 0.124907
v 2.370435 1.462133 0.117172
v 2.371724 1.459865 0.114795
v 2.371724 1.460787 0.120215
v 2.368979 1.444757 0.120382
v 2.374477 1.444757 0.120382
v 2.368979 1.441638 0.120963
v 2.368979 1.463147 0.111333
v 2.371727 1.463955 0.109954
v 2.371727 1.440078 0.121254
v 2.374477 1.463147 0.111333
v 2.368565 1.462066 0.119980
v 2.368494 1.458327 0.120669
v 2.374945 1.457380 0.115254
v 2.374887 1.461145 0.114559
v 2.373711 1.462650 0.117077
v 2.374477 1.441680 0.117672
v 2.371727 1.440128 0.117305
v 2.364498 1.464151 0.119595
v 2.368565 1.461151 0.114558
v 2.368494 1.457392 0.115252
v 2.362917 1.463555 0.116909
v 2.365031 1.458472 0.117846
v 2.367846 1.456435 0.118223
v 2.375589 1.456422 0.118225
v 2.378414 1.458458 0.117850
v 2.374945 1.458316 0.120671
v 2.380555 1.463541 0.116913
v 2.378975 1.463241 0.114173
v 2.371727 1.441648 0.114152
v 2.368979 1.442920 0.115112
v 2.368979 1.445457 0.117035
v 2.371727 1.446721 0.117998
v 2.374477 1.445457 0.117035
v 2.371727 1.446380 0.111102
v 2.374477 1.446817 0.112627
v 2.367658 1.475498 0.117908
v 2.364498 1.463248 0.114171
v 2.378975 1.464144 0.119596
v 2.380557 1.475499 0.115130
v 2.378975 1.475784 0.117867
v 2.378975 1.474930 0.112435
v 2.366171 1.480149 0.117236
v 2.364947 1.480731 0.114374
v 2.366171 1.479313 0.111802
v 2.367658 1.474643 0.112477
v 2.375815 1.475501 0.117908
v 2.374852 1.477292 0.112094
v 2.373633 1.476708 0.114956
v 2.370540 1.477338 0.114864
v 2.375700 1.482970 0.114051
v 2.375002 1.481974 0.116972
v 2.375002 1.481145 0.111537
v 2.371725 1.483876 0.113920
v 2.371723 1.481892 0.111428
v 2.371723 1.482718 0.116864
v 2.371718 1.478744 0.111884
v 2.371718 1.479583 0.117318
vt 0.854553 0.812256
vt 0.854248 0.812134
vt 0.854553 0.811523
vt 0.854858 0.811646
vt 0.854492 0.783661
vt 0.854248 0.783905
vt 0.854248 0.782288
vt 0.854492 0.782227
vt 0.514771 0.694275
vt 0.515076 0.694153
vt 0.515076 0.695984
vt 0.515076 0.696533
vt 0.514771 0.696442
vt 0.772522 0.854919
vt 0.772461 0.855530
vt 0.772156 0.855591
vt 0.772156 0.855164
vt 0.772217 0.854797
vt 0.786133 0.853760
vt 0.786377 0.853943
vt 0.786133 0.854370
vt 0.785889 0.854309
vt 0.851074 0.812469
vt 0.851440 0.814148
vt 0.851318 0.814240
vt 0.851074 0.813721
vt 0.850952 0.812439
vt 0.515015 0.547546
vt 0.515015 0.547333
vt 0.515015 0.546814
vt 0.515381 0.546783
vt 0.515381 0.547394
vt 0.494507 0.855621
vt 0.494812 0.855499
vt 0.494812 0.855865
vt 0.855957 0.836548
vt 0.855591 0.836670
vt 0.855591 0.835999
vt 0.855591 0.835754
vt 0.855835 0.835693
vt 0.856201 0.835449
vt 0.856201 0.835693
vt 0.856079 0.836365
vt 0.854309 0.813354
vt 0.854614 0.813354
vt 0.854858 0.813721
vt 0.854553 0.813843
vt 0.854492 0.530273
vt 0.854431 0.530640
vt 0.854126 0.530640
vt 0.854126 0.530334
vt 0.853882 0.784119
vt 0.853882 0.783661
vt 0.494568 0.854218
vt 0.494385 0.854004
vt 0.494812 0.854034
vt 0.494873 0.854492
vt 0.772278 0.854370
vt 0.771912 0.855164
vt 0.771973 0.854492
vt 0.494263 0.855499
vt 0.494202 0.854492
vt 0.851135 0.838623
vt 0.851624 0.838501
vt 0.851685 0.838867
vt 0.851379 0.838867
vt 0.514771 0.558441
vt 0.514771 0.557800
vt 0.515015 0.557831
vt 0.515015 0.558380
vt 0.515137 0.558594
vt 0.514771 0.555908
vt 0.515137 0.555756
vt 0.515015 0.556549
vt 0.514771 0.556580
vt 0.856201 0.835693
vt 0.765381 0.854523
vt 0.765381 0.855591
vt 0.765381 0.856018
vt 0.765015 0.856079
vt 0.765015 0.854675
vt 0.515015 0.544952
vt 0.515015 0.544586
vt 0.515381 0.544769
vt 0.515381 0.545074
vt 0.500732 0.855835
vt 0.500366 0.855774
vt 0.500366 0.855530
vt 0.500732 0.855530
vt 0.786133 0.855530
vt 0.785889 0.854736
vt 0.786133 0.854736
vt 0.786377 0.855347
vt 0.772522 0.855957
vt 0.772217 0.856079
vt 0.772156 0.855896
vt 0.851929 0.839905
vt 0.851562 0.839966
vt 0.851562 0.839600
vt 0.852112 0.839417
vt 0.852234 0.839722
vt 0.515381 0.694275
vt 0.515320 0.695984
vt 0.828125 0.853546
vt 0.828613 0.853149
vt 0.828491 0.852142
vt 0.828491 0.851685
vt 0.828125 0.851624
vt 0.827881 0.851746
vt 0.827515 0.851471
vt 0.828125 0.851196
vt 0.828491 0.851288
vt 0.828979 0.851959
vt 0.828979 0.853180
vt 0.828491 0.853821
vt 0.850769 0.839783
vt 0.850891 0.839478
vt 0.850830 0.840027
vt 0.851501 0.840149
vt 0.514099 0.810181
vt 0.514374 0.809937
vt 0.514374 0.810303
vt 0.514221 0.810425
vt 0.500488 0.856079
vt 0.771912 0.855774
vt 0.765625 0.854401
vt 0.765625 0.856110
vt 0.851624 0.839417
vt 0.850586 0.839111
vt 0.851013 0.839294
vt 0.851257 0.839417
vt 0.854553 0.812988
vt 0.854248 0.812988
vt 0.854004 0.812988
vt 0.854004 0.812378
vt 0.827759 0.853821
vt 0.827393 0.853180
vt 0.827881 0.852142
vt 0.827881 0.853394
vt 0.854492 0.784119
vt 0.515381 0.558441
vt 0.515381 0.557800
vt 0.831543 0.853394
vt 0.831970 0.853180
vt 0.831543 0.853790
vt 0.830872 0.853790
vt 0.830444 0.853180
vt 0.830872 0.853394
vt 0.831238 0.853546
vt 0.514771 0.546783
vt 0.514771 0.545044
vt 0.515076 0.696777
vt 0.515381 0.696625
vt 0.853882 0.782227
vt 0.851807 0.811493
vt 0.852539 0.811768
vt 0.852417 0.811890
vt 0.851807 0.811676
vt 0.515381 0.556580
vt 0.830750 0.851959
vt 0.830627 0.851471
vt 0.831177 0.851196
vt 0.831543 0.851288
vt 0.831970 0.851929
vt 0.831543 0.851685
vt 0.831177 0.851532
vt 0.850830 0.838562
vt 0.851318 0.838318
vt 0.851685 0.838318
vt 0.852234 0.838562
vt 0.851990 0.838806
vt 0.494263 0.855865
vt 0.831421 0.851807
vt 0.831116 0.851746
vt 0.854065 0.813354
vt 0.855835 0.836975
vt 0.856201 0.836792
vt 0.494202 0.854095
vt 0.854004 0.530090
vt 0.785645 0.854736
vt 0.785645 0.854370
vt 0.854492 0.780548
vt 0.854492 0.781830
vt 0.853882 0.781830
vt 0.853760 0.780823
vt 0.854126 0.780426
vt 0.851440 0.811768
vt 0.852539 0.814087
vt 0.852051 0.814362
vn 0.4990 0.1572 0.8522
vn 0.4983 0.1572 0.8527
vn 0.4985 0.1571 0.8525
vn 0.8667 -0.0728 -0.4935
vn -0.4801 0.1596 -0.8626
vn -0.4872 0.1623 -0.8581
vn -0.4786 -0.4746 -0.7387
vn -0.4781 -0.4758 -0.7383
vn -0.4836 -0.4716 -0.7374
vn -0.4892 -0.8066 0.3317
vn -0.4916 -0.8053 0.3314
vn -0.4905 -0.8055 0.3326
vn -0.4901 -0.5962 0.6359
vn -0.4905 -0.5966 0.6352
vn -0.5501 0.7405 0.3859
vn -0.1933 0.9134 0.3581
vn -0.1931 0.9132 0.3589
vn -0.1937 0.9135 0.3578
vn -0.4986 0.1573 0.8525
vn -0.4758 -0.1768 0.8616
vn -0.4834 -0.1800 0.8567
vn -0.4986 0.1573 0.8524
vn -0.5158 -0.7764 -0.3623
vn -0.8084 -0.4145 -0.4179
vn -0.8079 -0.4135 -0.4200
vn -0.8133 -0.4090 -0.4139
vn -0.5163 -0.7760 -0.3623
vn 0.4935 0.5841 -0.6444
vn 0.4925 0.5857 -0.6437
vn 0.4899 0.5917 -0.6403
vn 0.4986 0.1571 0.8525
vn 0.4984 0.1571 0.8526
vn 0.4781 -0.1444 0.8664
vn 0.4779 -0.1438 0.8666
vn -0.4757 -0.1243 0.8708
vn -0.4883 -0.1433 0.8608
vn -0.4987 0.1570 0.8525
vn -0.4978 0.1573 0.8529
vn 0.4891 0.8075 -0.3296
vn 0.4947 0.5771 -0.6497
vn 0.4925 0.5767 -0.6518
vn 0.4872 -0.8206 0.2988
vn 0.4871 -0.8206 0.2987
vn 0.5030 -0.7994 0.3286
vn 0.5034 -0.7992 0.3286
vn 0.5749 -0.5770 0.5801
vn 0.5570 -0.5855 0.5890
vn 0.5571 -0.5856 0.5889
vn 0.4981 -0.1572 -0.8528
vn 0.4975 -0.1573 -0.8531
vn 0.4717 -0.4239 -0.7732
vn 0.4720 -0.4236 -0.7732
vn 0.4861 -0.4381 -0.7561
vn 0.4977 -0.1573 -0.8530
vn 0.4767 -0.1813 0.8602
vn 0.4897 -0.5962 0.6362
vn 0.4895 -0.5966 0.6359
vn 0.4793 -0.1799 0.8590
vn 0.4839 -0.1760 0.8572
vn -0.4984 -0.1572 -0.8526
vn -0.4978 -0.1573 -0.8529
vn -0.4977 -0.1573 -0.8529
vn -0.4980 -0.1572 -0.8528
vn -0.5546 -0.5921 0.5847
vn -0.5549 -0.5918 0.5846
vn -0.5665 -0.5759 0.5894
vn -0.5662 -0.5766 0.5890
vn 0.8071 -0.4160 -0.4191
vn 0.8082 -0.4121 -0.4208
vn 0.8099 -0.4168 -0.4127
vn 0.5133 -0.7769 -0.3647
vn 0.5124 -0.7786 -0.3622
vn 0.5476 0.5977 -0.5855
vn 0.5476 0.5963 -0.5870
vn 0.8137 0.2424 -0.5283
vn 0.8181 0.2408 -0.5222
vn 0.1662 0.7571 -0.6318
vn 0.1683 0.7571 -0.6312
vn 0.1732 0.7578 -0.6291
vn -0.8672 0.0725 0.4926
vn -0.8332 0.3685 0.4122
vn -0.8332 0.3685 0.4123
vn -0.8670 0.0727 0.4929
vn -0.5507 0.5938 -0.5866
vn -0.1929 0.7677 -0.6110
vn -0.1932 0.7679 -0.6108
vn -0.5496 0.5929 -0.5885
vn -0.5275 0.7678 0.3638
vn -0.5254 0.7687 0.3647
vn -0.5169 0.7736 0.3666
vn -0.5190 0.7724 0.3660
vn 0.8188 0.3826 0.4280
vn 0.5482 0.7428 0.3845
vn 0.8174 0.3815 0.4317
vn 0.8176 0.3793 0.4332
vn -0.4925 -0.8702 -0.0111
vn -0.4942 -0.7825 -0.3789
vn -0.4936 -0.7831 -0.3783
vn -0.5183 -0.6046 0.6049
vn -0.5182 -0.6047 0.6048
vn -0.8136 -0.2371 0.5309
vn -0.8137 -0.2359 0.5312
vn -0.8149 -0.2413 0.5271
vn 0.4805 0.1643 -0.8615
vn 0.4868 0.1623 -0.8583
vn 0.4982 -0.1573 -0.8527
vn 0.4981 -0.1573 -0.8527
vn 1.0000 0.0000 0.0000
vn 1.0000 -0.0001 -0.0000
vn 1.0000 -0.0004 -0.0000
vn -0.1764 -0.7554 0.6311
vn -0.1758 -0.7549 0.6318
vn 0.1750 -0.7558 0.6310
vn 0.1727 -0.7554 0.6321
vn -0.8175 0.2421 -0.5226
vn -0.8162 0.2360 -0.5273
vn -0.8670 -0.0733 -0.4928
vn -0.8670 -0.0734 -0.4928
vn 0.1724 -0.9260 -0.3360
vn 0.1725 -0.9259 -0.3361
vn -0.1764 -0.9251 -0.3363
vn -0.1760 -0.9251 -0.3366
vn -0.4931 0.8699 0.0089
vn -0.4924 0.8703 0.0086
vn -0.4907 0.8713 0.0045
vn -0.4916 0.8708 0.0056
vn 0.1651 0.9271 0.3366
vn 0.1663 0.9266 0.3373
vn 0.1704 0.9252 0.3391
vn 0.4924 -0.8703 -0.0111
vn 0.4894 -0.8064 0.3320
vn 0.4905 -0.8054 0.3327
vn 0.4925 -0.8703 -0.0111
vn -0.8667 -0.0729 -0.4935
vn -0.8667 -0.0728 -0.4935
vn -0.8246 0.2241 -0.5195
vn -0.8262 0.1923 -0.5295
vn -0.0002 0.1813 0.9834
vn -0.0002 0.1812 0.9834
vn 0.4842 0.4564 0.7465
vn 0.4792 0.4558 0.7500
vn 0.4933 0.7546 0.4327
vn 0.4924 0.7553 0.4325
vn -0.4799 0.4575 0.7486
vn -0.4932 0.7529 0.4357
vn -0.4837 0.4547 0.7479
vn -0.4838 0.4537 0.7484
vn 1.0000 0.0001 0.0001
vn 1.0000 0.0002 0.0001
vn 0.5752 -0.7187 -0.3907
vn 0.5635 -0.7319 -0.3833
vn 0.5633 -0.7322 -0.3829
vn 0.5169 -0.6057 0.6049
vn 0.8116 -0.2426 0.5315
vn 0.8109 -0.2435 0.5321
vn 0.8145 -0.2423 0.5271
vn 0.0001 -0.1816 -0.9834
vn -0.8666 0.0734 0.4935
vn -0.8212 0.3774 0.4281
vn -0.8178 0.3798 0.4324
vn 0.4910 0.8695 0.0539
vn 0.4904 0.8698 0.0545
vn 0.4905 0.8698 0.0542
vn 0.4918 0.8691 0.0532
vn 0.4938 -0.7825 -0.3793
vn 0.4816 -0.4757 -0.7360
vn 0.4829 -0.4745 -0.7360
vn 0.4783 -0.4727 -0.7401
vn 0.4924 -0.7833 -0.3793
vn 0.8672 0.0727 0.4927
vn 0.8674 0.0727 0.4923
vn -0.4888 0.8077 -0.3296
vn -0.4948 0.5833 -0.6441
vn -0.4893 0.8075 -0.3296
vn -0.4890 0.8076 -0.3297
vn 0.8667 0.0733 0.4933
vn 0.8675 -0.0736 -0.4919
vn 0.8672 -0.0734 -0.4925
vn 0.0017 -0.1459 -0.9893
vn -0.0025 -0.1460 -0.9893
vn -0.0005 -0.1466 -0.9892
vn 0.0002 -0.1431 -0.9897
vn 0.0002 -0.1434 -0.9897
vn 0.0010 -0.1434 -0.9897
vn 0.0032 -0.1456 -0.9893
vn 0.0032 -0.1470 -0.9891
vn 0.0011 -0.1461 -0.9893
vn 0.0000 -0.1434 -0.9897
vn 0.0001 -0.1436 -0.9896
vn 0.0005 0.1436 0.9896
vn 0.0001 0.1434 0.9897
vn -0.0000 0.1434 0.9897
vn 0.0004 0.1431 0.9897
vn 0.0031 0.1469 0.9891
vn 0.0015 0.1458 0.9893
vn 0.0004 0.1432 0.9897
vn 0.0001 0.1435 0.9897
vn -0.0017 0.1466 0.9892
vn -0.0036 0.1461 0.9893
vn -0.0009 0.1469 0.9892
vn -0.4894 0.5854 -0.6464
vn -0.4907 0.5864 -0.6445
vn -0.4923 0.5911 -0.6389
vn -0.5731 -0.7256 -0.3809
vn -0.5727 -0.7250 -0.3825
vn -0.5591 -0.7329 -0.3876
vn -0.5584 -0.7334 -0.3877
vn -0.4915 0.8692 0.0542
vn -0.4921 0.8689 0.0544
vn -0.4904 0.8698 0.0532
vn -0.4919 0.8690 0.0543
vn 0.4905 0.8714 0.0057
vn 0.4906 0.8714 0.0090
vn 0.4912 0.8710 0.0085
vn 0.4930 0.8700 0.0044
vn -0.4887 -0.4193 -0.7651
vn -0.4891 -0.4193 -0.7648
vn -0.4760 -0.4407 -0.7610
vn -0.4757 -0.4410 -0.7611
vn 0.1957 0.9128 0.3586
vn 0.4841 -0.7475 -0.4548
vn 0.4904 -0.7543 -0.4365
vn 0.4897 -0.7544 -0.4370
vn 0.1949 0.7673 -0.6110
vn 0.1943 0.7671 -0.6113
vn -1.0000 -0.0004 0.0000
vn -1.0000 -0.0000 0.0000
vn -1.0000 -0.0001 0.0000
vn -1.0000 0.0001 0.0000
usemtl Steel_-_Satin.001
s 1
f 2096/5423/6550 2097/5424/6551 2103/5425/6551 2098/5426/6552
f 2159/5427/6553 2163/5428/6553 2115/5429/6553 2133/5430/6553
f 2121/5431/6554 2122/5432/6555 2148/5433/6556 2143/5434/6557 2144/5435/6558
f 2113/5436/6559 2120/5437/6560 2123/5438/6561 2114/5439/6562 2109/5440/6563
f 2157/5441/6564 2156/5442/6565 2169/5443/6566 2167/5444/6567
f 2102/5445/6568 2113/5446/6569 2109/5447/6570 2103/5448/6568 2097/5449/6571
f 2137/5450/6572 2136/5451/6573 2135/5452/6574 2151/5453/6575 2134/5454/6576
f 2106/5455/6577 2099/5456/6578 2119/5457/6579
f 2146/5458/6580 2147/5459/6581 2127/5460/6582 2128/5461/6583 2116/5462/6584 2133/5463/6585 2134/5464/6586 2145/5465/6587
f 2107/5466/6588 2110/5467/6588 2124/5468/6589 2122/5469/6590
f 2115/5470/6591 2116/5471/6592 2128/5472/6593 2129/5473/6594
f 2163/5428/6595 2171/5474/6596 2150/5475/6597
f 2099/5456/6598 2106/5455/6599 2117/5476/6600 2115/5477/6601 2104/5478/6602 2140/5479/6603
f 2103/5480/6604 2109/5440/6605 2114/5439/6606 2111/5481/6607 2098/5482/6608
f 2117/5476/6609 2106/5455/6610 2112/5483/6611 2126/5484/6612
f 2160/5485/6613 2171/5486/6614 2163/5487/6615 2162/5488/6616
f 2127/5489/6617 2142/5490/6618 2141/5491/6619 2139/5492/6620 2138/5493/6621
f 2166/5494/6622 2164/5495/6623 2153/5496/6624 2155/5497/6625
f 2115/5498/6626 2116/5462/6627 2133/5463/6628
f 2162/5499/6629 2110/5500/6630 2129/5501/6631 2104/5502/6629 2160/5503/6632
f 2157/5504/6633 2167/5505/6634 2168/5506/6635 2158/5507/6636
f 2115/5508/6637 2117/5509/6638 2104/5510/6639 2129/5511/6640
f 2153/5512/6641 2164/5513/6642 2165/5514/6643 2154/5515/6644
f 2123/5438/6645 2120/5437/6645 2144/5516/6646 2143/5517/6647 2131/5518/6645
f 2136/5519/6648 2137/5520/6649 2126/5521/6650 2132/5522/6651 2135/5523/6652
f 2122/5432/6653 2124/5524/6654 2149/5525/6655 2148/5433/6656
f 2119/5526/6657 2099/5527/6658 2140/5528/6658 2104/5529/6658 2129/5530/6658 2128/5531/6657 2124/5532/6659 2110/5533/6658 2105/5534/6658 2096/5535/6658 2098/5536/6658 2111/5537/6657
f 2126/5521/6660 2137/5520/6661 2138/5538/6662 2140/5539/6663
f 2157/5504/6664 2158/5507/6665 2151/5453/6666 2135/5452/6667
f 2127/5540/6668 2138/5538/6669 2137/5520/6670 2134/5541/6671
f 2118/5542/6672 2106/5543/6673 2146/5544/6674 2145/5545/6675
f 2115/5508/6676 2125/5546/6677 2117/5509/6678
f 2130/5547/6679 2111/5481/6680 2114/5439/6681 2123/5438/6682 2131/5518/6682
f 2110/5500/6683 2162/5499/6683 2161/5548/6684 2128/5549/6685 2129/5501/6686
f 2125/5550/6687 2132/5522/6687 2126/5521/6687 2140/5539/6688 2152/5551/6688 2104/5552/6687 2117/5553/6687
f 2097/5424/6689 2096/5423/6690 2105/5554/6691 2100/5555/6692
f 2097/5424/6693 2100/5555/6694 2101/5556/6695 2102/5557/6696
f 2130/5558/6697 2149/5559/6698 2124/5532/6659 2128/5531/6657 2127/5560/6697 2147/5561/6697 2119/5526/6657 2111/5537/6657
f 2163/5428/6699 2159/5427/6700 2170/5562/6701
f 2140/5563/6702 2138/5493/6702 2139/5492/6703 2141/5491/6704 2152/5564/6705
f 2128/5565/6706 2142/5566/6706 2127/5567/6706 2134/5568/6706 2151/5569/6706 2133/5570/6706 2116/5571/6706
f 2135/5452/6707 2132/5572/6707 2156/5573/6708 2157/5504/6709
f 2107/5466/6710 2100/5555/6711 2105/5554/6712 2110/5467/6713
f 2131/5574/6714 2143/5434/6715 2148/5433/6716 2149/5525/6717 2130/5575/6718
f 2163/5428/6719 2150/5475/6719 2125/5576/6720 2115/5429/6719
f 2107/5577/6721 2122/5578/6722 2121/5579/6723 2108/5580/6724
f 2152/5564/6725 2141/5491/6725 2153/5496/6725 2154/5581/6725
f 2141/5491/6726 2142/5490/6727 2155/5497/6727 2153/5496/6727
f 2159/5582/6728 2133/5570/6729 2151/5569/6730 2158/5583/6731 2168/5584/6732 2166/5585/6733 2155/5586/6734 2142/5566/6735 2128/5565/6736 2161/5587/6737 2170/5588/6738
f 2154/5589/6739 2165/5590/6740 2169/5591/6741 2156/5592/6742 2132/5522/6743 2125/5550/6744 2150/5593/6745 2171/5486/6746 2160/5485/6747 2104/5552/6748 2152/5551/6749
f 2106/5455/6750 2118/5594/6751 2112/5483/6752
f 2162/5595/6753 2163/5596/6754 2170/5588/6755 2161/5587/6756
f 2107/5466/6757 2108/5597/6758 2101/5556/6759 2100/5555/6760
f 2119/5598/6761 2147/5459/6762 2146/5458/6763 2106/5599/6764
f 2115/5477/6765 2117/5476/6766 2126/5484/6767 2125/5600/6768
f 2164/5513/6769 2167/5444/6769 2169/5443/6769 2165/5514/6769
f 2115/5470/6770 2129/5473/6771 2104/5601/6772
f 2166/5602/6773 2168/5603/6773 2167/5444/6773 2164/5513/6774
f 2145/5604/6775 2134/5605/6776 2133/5430/6777 2115/5429/6778 2125/5576/6777 2126/5606/6776 2112/5607/6777 2118/5608/6777
f 2113/5446/6776 2102/5445/6776 2101/5609/6776 2108/5580/6776 2121/5579/6776 2144/5610/6776 2120/5611/6776
o MeshBody4_(31)_MeshBody4_(31).001
v 2.374477 1.429289 0.130580
v 2.371727 1.434497 0.129164
v 2.371727 1.429749 0.132102
v 2.368979 1.433270 0.128146
v 2.374477 1.417841 0.132946
v 2.374477 1.417450 0.129800
v 2.371727 1.436175 0.126009
v 2.371727 1.418037 0.134520
v 2.374477 1.430809 0.126111
v 2.374477 1.434644 0.125580
v 2.371727 1.415679 0.128037
v 2.371727 1.436297 0.121940
v 2.368979 1.434738 0.122231
v 2.368979 1.417841 0.132946
v 2.374477 1.434738 0.122231
v 2.374477 1.413736 0.128394
v 2.374477 1.411190 0.130243
v 2.368979 1.414894 0.129402
v 2.368979 1.433360 0.119149
v 2.371727 1.434631 0.118206
v 2.371727 1.409920 0.131166
v 2.370435 1.430253 0.123052
v 2.371724 1.427896 0.120691
v 2.371724 1.428995 0.126078
v 2.368979 1.412933 0.126583
v 2.368979 1.411190 0.130243
v 2.368979 1.429558 0.120004
v 2.371727 1.431855 0.115866
v 2.374477 1.429558 0.120004
v 2.374477 1.431087 0.117245
v 2.368565 1.430274 0.125842
v 2.368494 1.426543 0.126569
v 2.371717 1.424775 0.121320
v 2.374945 1.425417 0.121187
v 2.373711 1.430770 0.122957
v 2.368979 1.409754 0.123952
v 2.374477 1.412886 0.124617
v 2.374477 1.409754 0.123952
v 2.371727 1.408184 0.123621
v 2.368979 1.426382 0.116397
v 2.371727 1.426207 0.114822
v 2.364498 1.432360 0.125458
v 2.368494 1.425428 0.121184
v 2.362917 1.431675 0.122789
v 2.365031 1.426596 0.123751
v 2.367846 1.424567 0.124170
v 2.375589 1.424554 0.124172
v 2.374945 1.426532 0.126570
v 2.380555 1.431661 0.122792
v 2.378975 1.431271 0.120069
v 2.371727 1.409600 0.120443
v 2.368979 1.413520 0.123233
v 2.371727 1.414821 0.124163
v 2.374477 1.415713 0.121829
v 2.368979 1.414734 0.118807
v 2.371727 1.414244 0.117295
v 2.374477 1.414734 0.118807
v 2.367658 1.443630 0.123381
v 2.364498 1.431279 0.120068
v 2.378975 1.432352 0.125460
v 2.380557 1.443547 0.120600
v 2.378975 1.443914 0.123328
v 2.378975 1.442898 0.117924
v 2.374235 1.442983 0.120704
v 2.366171 1.448246 0.122528
v 2.364947 1.448743 0.119641
v 2.366171 1.447254 0.117121
v 2.367658 1.442612 0.117977
v 2.374852 1.446249 0.122897
v 2.374852 1.445246 0.117492
v 2.370540 1.445373 0.120263
v 2.375700 1.450968 0.119231
v 2.375002 1.450057 0.122195
v 2.375002 1.449075 0.116785
v 2.371725 1.451867 0.119065
v 2.371723 1.449818 0.116648
v 2.371723 1.450796 0.122058
v 2.371718 1.446689 0.117226
v 2.371718 1.447684 0.122632
vt 0.515381 0.581024
vt 0.515015 0.581177
vt 0.515015 0.580414
vt 0.515381 0.580383
vt 0.789917 0.811554
vt 0.790161 0.811523
vt 0.790161 0.813354
vt 0.789917 0.813263
vt 0.841003 0.851532
vt 0.841370 0.851379
vt 0.841431 0.851562
vt 0.841064 0.851807
vt 0.856277 0.565796
vt 0.856300 0.566040
vt 0.856018 0.565796
vt 0.856018 0.576904
vt 0.856262 0.576904
vt 0.856323 0.577515
vt 0.856018 0.577759
vt 0.856018 0.577271
vt 0.851318 0.834839
vt 0.851685 0.834656
vt 0.851440 0.833801
vt 0.851440 0.833557
vt 0.851868 0.834045
vt 0.851868 0.835022
vt 0.851349 0.835022
vt 0.851013 0.834900
vt 0.850586 0.834351
vt 0.850922 0.833618
vt 0.850983 0.834656
vt 0.855736 0.565491
vt 0.855721 0.565063
vt 0.856087 0.564941
vt 0.855743 0.565796
vt 0.514771 0.581024
vt 0.514771 0.580383
vt 0.855713 0.577515
vt 0.855713 0.576904
vt 0.854797 0.788818
vt 0.854889 0.788452
vt 0.855194 0.788574
vt 0.855072 0.789185
vt 0.854736 0.789185
vt 0.851257 0.835327
vt 0.851868 0.835327
vt 0.826904 0.853790
vt 0.826172 0.853821
vt 0.826172 0.853149
vt 0.826416 0.853516
vt 0.826782 0.853516
vt 0.793823 0.855835
vt 0.793457 0.855896
vt 0.793457 0.855347
vt 0.793823 0.855225
vt 0.515015 0.579132
vt 0.515381 0.579132
vt 0.855469 0.540833
vt 0.855591 0.540710
vt 0.855835 0.541504
vt 0.855591 0.541504
vt 0.855011 0.788147
vt 0.855286 0.788330
vt 0.785645 0.823364
vt 0.785828 0.822998
vt 0.785889 0.823364
vt 0.850800 0.833374
vt 0.851105 0.833435
vt 0.851135 0.833618
vt 0.850464 0.833618
vt 0.515076 0.536163
vt 0.514771 0.536041
vt 0.514771 0.534363
vt 0.515015 0.534332
vt 0.515015 0.535614
vt 0.852051 0.855927
vt 0.852051 0.854248
vt 0.852295 0.854553
vt 0.852661 0.854248
vt 0.852661 0.855927
vt 0.852417 0.855865
vt 0.856018 0.576172
vt 0.856323 0.576294
vt 0.514771 0.519135
vt 0.514771 0.518677
vt 0.515137 0.518951
vt 0.852295 0.497406
vt 0.852783 0.498016
vt 0.852661 0.499725
vt 0.852051 0.500031
vt 0.851685 0.499939
vt 0.851318 0.499298
vt 0.851196 0.498047
vt 0.851685 0.497406
vt 0.855843 0.564697
vt 0.856056 0.564392
vt 0.856300 0.564636
vt 0.842041 0.851196
vt 0.841919 0.851318
vt 0.841370 0.851044
vt 0.841309 0.850861
vt 0.850861 0.835144
vt 0.850311 0.834534
vt 0.514771 0.579163
vt 0.790527 0.813263
vt 0.790527 0.811554
vt 0.841675 0.853638
vt 0.841003 0.853638
vt 0.841064 0.853180
vt 0.841309 0.853363
vt 0.841675 0.853241
vt 0.854553 0.788818
vt 0.854645 0.788513
vt 0.851166 0.833984
vt 0.514099 0.808350
vt 0.514374 0.808105
vt 0.514374 0.808472
vt 0.514221 0.808594
vt 0.855713 0.576294
vt 0.855957 0.540710
vt 0.856079 0.541077
vt 0.856079 0.541382
vt 0.515015 0.578339
vt 0.515381 0.578491
vt 0.515320 0.535583
vt 0.515381 0.536255
vt 0.515076 0.536407
vt 0.785889 0.818960
vt 0.785645 0.818697
vt 0.785889 0.818451
vt 0.851685 0.500122
vt 0.851318 0.499878
vt 0.851074 0.499329
vt 0.515076 0.533569
vt 0.515381 0.533722
vt 0.515320 0.534363
vt 0.855713 0.540405
vt 0.855835 0.540100
vt 0.856079 0.540222
vt 0.788208 0.853790
vt 0.788208 0.854156
vt 0.787903 0.854004
vt 0.515381 0.518707
vt 0.515381 0.519135
vt 0.787659 0.853851
vt 0.787903 0.855072
vt 0.787537 0.855133
vt 0.788208 0.855164
vt 0.850861 0.833923
vt 0.851074 0.498047
vt 0.515137 0.517303
vt 0.515381 0.517303
vt 0.514771 0.517242
vt 0.855286 0.790344
vt 0.854980 0.790405
vt 0.854767 0.789734
vt 0.790527 0.810944
vt 0.790161 0.811005
vt 0.790161 0.810791
vt 0.514832 0.533722
vt 0.841125 0.853119
vt 0.841431 0.853180
vt 0.827026 0.853149
vt 0.826904 0.852142
vt 0.826904 0.851685
vt 0.826538 0.851624
vt 0.826294 0.851685
vt 0.826294 0.852142
vt 0.825806 0.853180
vt 0.826050 0.851471
vt 0.826538 0.851196
vt 0.826904 0.851288
vt 0.827393 0.851929
vt 0.827393 0.853180
vt 0.854126 0.532867
vt 0.854126 0.533295
vt 0.853760 0.533264
vt 0.853760 0.532928
vt 0.840576 0.851776
vt 0.841003 0.851105
vt 0.842102 0.853027
vt 0.841797 0.851807
vt 0.840576 0.853027
vt 0.793579 0.856262
vt 0.793823 0.856018
vt 0.840881 0.850952
vt 0.852539 0.500092
vt 0.852051 0.500214
vt 0.852783 0.499847
vt 0.514771 0.516846
vt 0.514771 0.515594
vt 0.515137 0.515442
vt 0.515381 0.515564
vt 0.515381 0.516846
vt 0.788147 0.855621
vt 0.787842 0.855408
vt 0.787598 0.855591
vn 0.5150 -0.5882 0.6235
vn 0.5149 -0.5883 0.6235
vn 0.8075 -0.2382 0.5396
vn 0.8086 -0.2376 0.5382
vn -0.8668 -0.0905 -0.4903
vn -0.8187 0.2225 -0.5293
vn -0.8166 0.2172 -0.5349
vn -0.5561 -0.5716 0.6033
vn -0.5564 -0.5713 0.6033
vn -0.5681 -0.5557 0.6070
vn -0.5685 -0.5552 0.6071
vn 0.1679 0.9346 0.3137
vn 0.1686 0.9342 0.3144
vn 0.1725 0.9328 0.3164
vn -0.4966 -0.7929 -0.3532
vn -0.4849 -0.4877 -0.7260
vn -0.4866 -0.4868 -0.7255
vn -0.4810 -0.4920 -0.7257
vn -0.4963 -0.7927 -0.3538
vn -0.0000 -0.1814 -0.9834
vn 0.0004 -0.1938 -0.9810
vn -0.0005 -0.1821 -0.9833
vn -0.0001 -0.1817 -0.9834
vn -0.0000 -0.1815 -0.9834
vn 0.4980 -0.1758 -0.8491
vn 0.4980 -0.1759 -0.8491
vn 0.4981 -0.1758 -0.8491
vn 0.4766 -0.4271 -0.7684
vn 0.4758 -0.4276 -0.7686
vn 0.4895 -0.4403 -0.7527
vn 0.5150 -0.7874 -0.3387
vn 0.8116 -0.4160 -0.4102
vn 0.8121 -0.4125 -0.4127
vn 0.8141 -0.4196 -0.4015
vn 0.4849 -0.4900 -0.7244
vn 0.4852 -0.4905 -0.7239
vn 0.4802 -0.4893 -0.7280
vn 0.4953 -0.7928 -0.3550
vn 0.4973 -0.7922 -0.3538
vn 0.4895 0.7962 -0.3555
vn 0.4895 0.7962 -0.3556
vn 0.4910 0.5593 -0.6679
vn 0.4885 0.5605 -0.6687
vn -0.1938 0.7484 -0.6343
vn -0.1937 0.7484 -0.6343
vn -0.5517 0.5723 -0.6067
vn -0.5527 0.5735 -0.6046
vn 1.0000 -0.0001 0.0000
vn 1.0000 -0.0000 0.0000
vn 1.0000 -0.0003 -0.0000
vn 1.0000 -0.0006 0.0000
vn -0.4984 -0.1758 -0.8489
vn -0.4985 -0.1758 -0.8489
vn 0.8667 0.0900 0.4906
vn 0.8670 0.0903 0.4901
vn -0.1761 -0.7356 0.6541
vn -0.1772 -0.7350 0.6545
vn 0.1735 -0.7359 0.6545
vn 0.1721 -0.7358 0.6550
vn 0.4894 0.8717 0.0260
vn 0.4894 0.8716 0.0263
vn 0.4895 0.8716 0.0259
vn 0.4913 0.8707 0.0244
vn -0.4925 0.7985 -0.3460
vn -0.4913 0.7986 -0.3477
vn -0.4891 0.7974 -0.3534
vn 0.0015 -0.1951 -0.9808
vn -0.0003 -0.1944 -0.9809
vn -0.0001 -0.1822 -0.9833
vn 0.0004 -0.1958 -0.9806
vn 0.0007 -0.1815 -0.9834
vn -0.4817 0.4612 0.7452
vn -0.4868 0.4556 0.7453
vn -0.4990 0.1752 0.8487
vn -0.4832 0.4609 0.7444
vn -0.8670 0.0903 0.4900
vn -0.8670 0.0903 0.4901
vn -0.8670 -0.0905 -0.4900
vn -0.8210 0.2205 -0.5266
vn -0.8369 0.3684 0.4049
vn -0.4884 -0.7938 0.3624
vn -0.4911 -0.7932 0.3601
vn -0.4939 -0.8693 0.0194
vn 0.5591 -0.5653 0.6066
vn 0.5587 -0.5656 0.6066
vn 0.5768 -0.5564 0.5980
vn -1.0000 0.0003 0.0000
vn -1.0000 0.0000 0.0000
vn 0.4921 0.8702 -0.0243
vn 0.4922 0.8702 -0.0211
vn 0.4927 0.8699 -0.0214
vn 0.4940 0.8691 -0.0253
vn -0.5482 0.7538 0.3623
vn -0.1927 0.9241 0.3299
vn -0.1920 0.9240 0.3306
vn -0.1929 0.9243 0.3293
vn 0.5501 0.5775 -0.6032
vn 0.5482 0.5790 -0.6035
vn 0.8148 0.2226 -0.5353
vn 0.8194 0.2206 -0.5291
vn 0.8670 -0.0905 -0.4901
vn -0.8199 0.3937 0.4156
vn -0.8166 0.3965 0.4194
vn -0.8668 0.0904 0.4903
vn 0.0004 0.1938 0.9810
vn 0.0005 0.1815 0.9834
vn -0.0007 0.1939 0.9810
vn 0.0020 0.1948 0.9808
vn -0.0028 0.1963 0.9805
vn -0.4903 0.7960 -0.3548
vn -0.4898 0.7961 -0.3555
vn 0.1658 0.7414 -0.6503
vn 0.1666 0.7410 -0.6506
vn 0.1705 0.7421 -0.6482
vn -0.4937 0.8693 -0.0212
vn -0.4940 0.8692 -0.0215
vn -0.4919 0.8703 -0.0253
vn -0.4920 0.8703 -0.0238
vn 0.4881 -0.7950 0.3601
vn 0.4903 -0.7928 0.3620
vn 0.4937 -0.8694 0.0194
vn 0.4938 -0.8694 0.0194
vn 0.1737 -0.9353 -0.3083
vn -0.1768 -0.9347 -0.3084
vn 0.1737 -0.9354 -0.3079
vn 0.8180 0.3986 0.4148
vn 0.5460 0.7560 0.3611
vn 0.8159 0.4002 0.4173
vn 0.8167 0.3959 0.4199
vn 0.4857 0.4607 0.7429
vn 0.4870 0.4598 0.7426
vn 0.4814 0.4584 0.7471
vn 0.4915 0.7679 0.4109
vn 0.4910 0.7686 0.4100
vn 0.4898 -0.7534 -0.4388
vn 0.4960 -0.7598 -0.4203
vn 0.4963 -0.7595 -0.4205
vn -0.4880 0.5603 -0.6692
vn -0.4880 0.5613 -0.6685
vn -0.4823 0.1584 -0.8616
vn -0.4828 0.1591 -0.8612
vn -0.4782 0.1562 -0.8642
vn 0.4756 -0.1619 0.8646
vn 0.4872 -0.5777 0.6549
vn 0.4731 -0.1596 0.8664
vn 0.4819 -0.1562 0.8622
vn -0.5184 -0.7851 -0.3389
vn -0.5156 -0.7867 -0.3395
vn -0.8111 -0.4163 -0.4110
vn -0.8116 -0.4155 -0.4107
vn -0.8198 -0.4089 -0.4009
vn 0.4928 0.7876 0.3698
vn 0.4965 0.7892 0.3615
vn 0.4918 0.7870 0.3725
vn 0.5737 -0.7318 -0.3679
vn 0.5623 -0.7448 -0.3592
vn 0.5622 -0.7450 -0.3591
vn -0.4983 0.1756 0.8490
vn -0.4983 0.1757 0.8490
vn 0.4983 0.1757 0.8490
vn 0.4982 0.1757 0.8491
vn 0.4983 0.1756 0.8490
vn -0.5204 0.5897 -0.6176
vn -0.5263 0.5829 -0.6190
vn -0.5238 0.5855 -0.6187
vn -0.5190 0.5912 -0.6173
vn -0.4980 -0.1756 -0.8492
vn -0.4986 -0.1755 -0.8489
vn 0.8670 -0.0903 -0.4900
vn 0.8670 -0.0904 -0.4900
vn 0.8670 0.0903 0.4900
vn 0.4983 -0.1756 -0.8491
vn 0.4981 -0.1755 -0.8492
vn 0.4783 0.1591 -0.8636
vn 0.4777 0.1596 -0.8639
vn 0.4825 0.1579 -0.8615
vn -0.8089 -0.2342 0.5393
vn -0.8094 -0.2327 0.5391
vn -0.8106 -0.2342 0.5367
vn -0.5163 -0.5873 0.6233
vn -0.5160 -0.5871 0.6238
vn -0.4873 -0.5773 0.6552
vn -0.4874 -0.5772 0.6552
vn -0.4817 -0.1612 0.8614
vn -0.4760 -0.1564 0.8654
vn -0.5311 0.7735 0.3458
vn -0.5229 0.7781 0.3481
vn -0.5246 0.7769 0.3480
vn -0.5336 0.7720 0.3453
vn 1.0000 0.0001 -0.0000
vn -0.5718 -0.7374 -0.3596
vn -0.5714 -0.7378 -0.3594
vn -0.5565 -0.7467 -0.3644
vn -0.5566 -0.7468 -0.3640
vn 0.4988 0.1753 0.8488
vn -0.0002 0.1814 0.9834
vn 0.0004 0.1813 0.9834
vn -0.0011 0.1938 0.9810
vn 0.0002 0.1814 0.9834
vn 0.0001 0.1814 0.9834
vn 0.4903 0.5669 -0.6620
vn 0.4880 0.5727 -0.6586
vn 0.4896 0.5659 -0.6634
vn -0.4914 -0.4229 -0.7614
vn -0.4797 -0.4434 -0.7571
vn -0.4793 -0.4434 -0.7574
vn 0.1942 0.9237 0.3303
vn 0.1947 0.9236 0.3301
vn 0.1942 0.9239 0.3296
vn -0.4914 0.8705 0.0264
vn -0.4914 0.8705 0.0262
vn -0.4913 0.8706 0.0261
vn -0.4940 0.7667 0.4101
vn -0.4939 0.7664 0.4106
vn 0.1958 0.7480 -0.6342
vn -1.0000 -0.0003 -0.0000
vn -1.0000 0.0001 -0.0000
vn 0.4754 -0.1403 0.8685
vn 0.4746 -0.1400 0.8690
vn -0.4724 -0.1191 0.8733
vn -0.4864 -0.1392 0.8626
vn -0.4862 -0.1391 0.8627
vn 0.4885 -0.1183 0.8645
usemtl Steel_-_Satin.001
s 1
f 2219/5612/6779 2218/5613/6780 2220/5614/6781 2231/5615/6782
f 2230/5616/6783 2215/5617/6783 2237/5618/6784 2238/5619/6785
f 2240/5620/6786 2250/5621/6787 2242/5622/6788 2235/5623/6789
f 2193/5624/6790 2202/5625/6791 2195/5626/6792
f 2210/5627/6793 2207/5628/6794 2226/5629/6795 2227/5630/6796 2222/5631/6797
f 2249/5632/6798 2239/5633/6798 2198/5634/6799 2214/5635/6800 2230/5636/6798 2238/5637/6798 2247/5638/6798 2245/5639/6798 2234/5640/6801 2200/5641/6802 2241/5642/6798
f 2219/5643/6803 2177/5644/6804 2182/5645/6805 2195/5626/6806 2193/5624/6807 2180/5646/6808
f 2218/5613/6809 2205/5647/6810 2221/5648/6811 2220/5614/6812
f 2222/5631/6813 2227/5630/6814 2228/5649/6815 2209/5650/6816 2210/5627/6817
f 2191/5651/6818 2183/5652/6819 2186/5653/6819 2201/5654/6820 2199/5655/6821
f 2246/5656/6822 2247/5638/6823 2238/5637/6824 2237/5657/6825
f 2188/5658/6826 2209/5659/6826 2225/5660/6827 2208/5661/6828 2187/5662/6829
f 2203/5663/6830 2195/5664/6831 2182/5665/6830 2189/5666/6830
f 2232/5667/6832 2233/5668/6833 2231/5615/6833 2220/5614/6833
f 2203/5669/6834 2217/5670/6835 2218/5671/6836 2219/5672/6837
f 2183/5652/6838 2178/5673/6839 2181/5674/6840 2186/5653/6841
f 2182/5675/6842 2196/5676/6843 2189/5677/6844
f 2205/5678/6845 2204/5679/6846 2214/5635/6847 2198/5634/6848 2194/5680/6798 2200/5641/6802 2234/5640/6801 2221/5681/6849
f 2173/5682/6850 2175/5683/6851 2185/5684/6852 2179/5685/6852 2174/5686/6853
f 2180/5687/6854 2240/5688/6855 2235/5689/6856 2241/5690/6856 2200/5691/6857 2206/5692/6858
f 2192/5693/6859 2197/5694/6860 2207/5628/6861 2210/5627/6861
f 2250/5695/6862 2229/5696/6863 2242/5697/6864
f 2197/5698/6865 2185/5699/6866 2175/5700/6866 2184/5701/6866 2190/5702/6866 2211/5703/6866 2226/5704/6866 2207/5705/6866
f 2187/5706/6867 2208/5707/6868 2224/5708/6869 2182/5645/6870
f 2237/5709/6871 2236/5710/6872 2248/5711/6873 2246/5712/6874
f 2245/5639/6875 2243/5713/6876 2232/5714/6877 2234/5640/6878
f 2220/5614/6879 2221/5648/6879 2234/5715/6879 2232/5667/6879
f 2236/5716/6880 2237/5618/6881 2215/5617/6882 2213/5717/6882
f 2203/5718/6883 2219/5719/6884 2180/5720/6885 2195/5721/6886 2202/5722/6887
f 2191/5651/6888 2190/5723/6889 2184/5724/6889 2183/5652/6889
f 2193/5725/6890 2194/5680/6891 2198/5634/6892
f 2196/5726/6893 2182/5727/6894 2224/5728/6895 2223/5729/6896
f 2188/5730/6897 2192/5693/6898 2210/5627/6899 2209/5650/6900
f 2218/5671/6901 2217/5670/6902 2214/5731/6902 2204/5732/6903 2205/5733/6901
f 2232/5667/6904 2243/5734/6905 2244/5735/6906 2233/5668/6907
f 2173/5682/6908 2174/5686/6909 2172/5736/6910 2181/5737/6911 2178/5738/6912
f 2193/5739/6913 2206/5740/6914 2180/5741/6915
f 2190/5702/6916 2191/5742/6917 2199/5743/6918 2212/5744/6919 2211/5703/6920
f 2179/5685/6921 2192/5745/6922 2188/5746/6923 2176/5747/6924
f 2214/5731/6925 2217/5670/6926 2216/5748/6927 2215/5749/6928 2230/5750/6929
f 2208/5751/6930 2225/5752/6931 2224/5753/6932
f 2242/5697/6933 2239/5754/6934 2249/5755/6935
f 2223/5756/6936 2224/5753/6937 2204/5757/6937 2214/5758/6937
f 2225/5752/6938 2205/5759/6939 2204/5757/6939 2224/5753/6940
f 2193/5725/6941 2206/5760/6942 2200/5641/6943 2194/5680/6944
f 2227/5761/6945 2226/5704/6946 2211/5703/6945 2212/5744/6945
f 2242/5697/6947 2193/5762/6947 2198/5763/6947 2239/5754/6948
f 2229/5696/6833 2202/5764/6833 2193/5762/6949 2242/5697/6833
f 2228/5765/6950 2227/5766/6951 2212/5767/6952 2199/5655/6953 2201/5654/6954
f 2203/5768/6955 2213/5717/6956 2215/5617/6957 2216/5769/6958 2217/5770/6959
f 2197/5771/6960 2192/5745/6961 2179/5685/6962 2185/5684/6963
f 2195/5721/6964 2180/5720/6965 2206/5772/6966 2193/5773/6967
f 2177/5774/6968 2219/5775/6968 2180/5776/6827 2206/5777/6827 2200/5778/6827 2205/5779/6968 2225/5660/6827 2209/5659/6826 2228/5780/6968 2201/5781/6827 2186/5782/6968 2181/5783/6968 2172/5784/6827 2176/5785/6968 2188/5658/6826 2187/5662/6829
f 2235/5786/6969 2242/5787/6970 2249/5788/6971 2241/5789/6972
f 2172/5736/6973 2174/5686/6973 2179/5685/6973 2176/5747/6973
f 2233/5790/6974 2244/5791/6974 2248/5711/6974 2236/5710/6974 2213/5792/6974 2203/5718/6974 2202/5722/6974 2229/5793/6974 2250/5621/6974 2240/5620/6975 2180/5720/6976 2219/5719/6977 2231/5794/6978
f 2177/5644/6979 2187/5706/6980 2182/5645/6981
f 2193/5795/6982 2195/5664/6982 2203/5663/6983 2202/5796/6984
f 2243/5797/6985 2246/5712/6986 2248/5711/6986 2244/5791/6987
f 2178/5798/6988 2183/5799/6989 2184/5701/6990 2175/5700/6991 2173/5800/6992
f 2243/5713/6993 2245/5639/6993 2247/5638/6993 2246/5656/6993
f 2203/5801/6994 2189/5802/6866 2196/5803/6866 2223/5804/6866 2214/5805/6995 2198/5763/6866 2193/5762/6995 2202/5764/6866
f 2205/5759/6996 2200/5806/6997 2194/5807/6998 2198/5808/6999 2214/5758/7000 2204/5757/7001
o MeshBody4_(32)_MeshBody4_(32).001
v 2.374477 1.397798 0.137093
v 2.371727 1.402964 0.135566
v 2.371727 1.398315 0.138597
v 2.368979 1.401697 0.134578
v 2.374477 1.385985 0.136817
v 2.371727 1.404530 0.132384
v 2.371727 1.386784 0.141522
v 2.374477 1.399155 0.132607
v 2.374477 1.402980 0.131992
v 2.371727 1.384157 0.135184
v 2.371727 1.404507 0.128326
v 2.368979 1.402953 0.128652
v 2.368979 1.386516 0.139954
v 2.371727 1.381353 0.140932
v 2.374477 1.402953 0.128652
v 2.374477 1.379837 0.137770
v 2.368979 1.385985 0.136817
v 2.368979 1.401460 0.125612
v 2.371727 1.402701 0.124642
v 2.370435 1.398485 0.129571
v 2.371724 1.396033 0.127274
v 2.371724 1.397336 0.132614
v 2.374477 1.398983 0.127549
v 2.368979 1.381376 0.133945
v 2.374477 1.381376 0.133945
v 2.374477 1.378336 0.134853
v 2.368979 1.379837 0.137770
v 2.368979 1.378336 0.134853
v 2.371727 1.399831 0.122374
v 2.371727 1.376815 0.135308
v 2.374477 1.399110 0.123766
v 2.368565 1.398609 0.132350
v 2.368494 1.394887 0.133121
v 2.371717 1.392915 0.127919
v 2.368979 1.394356 0.123029
v 2.371727 1.394122 0.121464
v 2.374477 1.394825 0.126158
v 2.364498 1.400686 0.131921
v 2.368565 1.397315 0.127007
v 2.368494 1.393569 0.127784
v 2.362917 1.399902 0.129277
v 2.365031 1.394838 0.130326
v 2.367846 1.392809 0.130746
v 2.371714 1.392022 0.130908
v 2.375589 1.392796 0.130749
v 2.378414 1.394824 0.130328
v 2.374945 1.394876 0.133122
v 2.380555 1.399887 0.129280
v 2.378975 1.399397 0.126576
v 2.371727 1.377771 0.128037
v 2.368979 1.379118 0.128865
v 2.374477 1.379118 0.128865
v 2.374477 1.383907 0.128927
v 2.371727 1.384459 0.130410
v 2.368979 1.383907 0.128927
v 2.371727 1.382246 0.124480
v 2.374477 1.382800 0.125962
v 2.364498 1.412194 0.129539
v 2.367658 1.411909 0.129598
v 2.364498 1.399405 0.126574
v 2.378975 1.400679 0.131923
v 2.380557 1.411728 0.126829
v 2.378975 1.412191 0.129540
v 2.378975 1.410984 0.124176
v 2.374235 1.411167 0.126945
v 2.366171 1.416505 0.128647
v 2.364947 1.416905 0.125757
v 2.366171 1.415325 0.123277
v 2.367658 1.410700 0.124235
v 2.374852 1.414516 0.129058
v 2.374852 1.413324 0.123692
v 2.370540 1.413547 0.126451
v 2.375700 1.419120 0.125299
v 2.375002 1.418308 0.128273
v 2.375002 1.417141 0.122901
v 2.371725 1.420016 0.125113
v 2.371723 1.417880 0.122748
v 2.371723 1.419044 0.128121
v 2.371718 1.414762 0.123394
v 2.371718 1.415945 0.128762
vt 0.844421 0.558899
vt 0.844116 0.559021
vt 0.843811 0.558777
vt 0.843750 0.558411
vt 0.844116 0.558411
vt 0.786377 0.853821
vt 0.786560 0.853760
vt 0.786743 0.853943
vt 0.786743 0.855408
vt 0.786438 0.855225
vt 0.786377 0.854248
vt 0.856323 0.587830
vt 0.856323 0.588196
vt 0.855896 0.588318
vt 0.856079 0.587952
vt 0.854736 0.530640
vt 0.855225 0.530701
vt 0.855103 0.531189
vt 0.854736 0.531189
vt 0.856537 0.539368
vt 0.856354 0.539795
vt 0.856171 0.539490
vt 0.856140 0.539062
vt 0.856323 0.539062
vt 0.848511 0.530701
vt 0.848511 0.532410
vt 0.848389 0.532410
vt 0.848267 0.531128
vt 0.848389 0.530579
vt 0.854370 0.518524
vt 0.853882 0.518646
vt 0.853760 0.516998
vt 0.854126 0.517273
vt 0.854370 0.516968
vt 0.771606 0.855591
vt 0.771912 0.855530
vt 0.771912 0.855896
vt 0.771606 0.856018
vt 0.855896 0.754761
vt 0.855896 0.755371
vt 0.855591 0.754761
vt 0.500977 0.845642
vt 0.501099 0.846008
vt 0.500732 0.845825
vt 0.771606 0.854858
vt 0.771851 0.855164
vt 0.855713 0.588074
vt 0.855042 0.544434
vt 0.854736 0.544312
vt 0.855042 0.543945
vt 0.786438 0.855652
vt 0.853149 0.546814
vt 0.852539 0.547150
vt 0.852173 0.547119
vt 0.851807 0.546509
vt 0.851929 0.544617
vt 0.852295 0.544495
vt 0.852905 0.544647
vt 0.853149 0.545074
vt 0.856323 0.588623
vt 0.514343 0.810059
vt 0.514099 0.809570
vt 0.514343 0.809448
vt 0.502502 0.854980
vt 0.502502 0.855469
vt 0.502258 0.855347
vt 0.502258 0.854736
vt 0.502502 0.854614
vt 0.851440 0.545288
vt 0.851562 0.544739
vt 0.851562 0.546539
vt 0.771362 0.855896
vt 0.771301 0.855469
vt 0.771301 0.855164
vt 0.515015 0.558960
vt 0.515015 0.560791
vt 0.514771 0.560760
vt 0.514771 0.559540
vt 0.514771 0.559052
vt 0.514771 0.727417
vt 0.514771 0.725708
vt 0.515076 0.725647
vt 0.515076 0.726990
vt 0.515076 0.727539
vt 0.500977 0.846252
vt 0.500488 0.846252
vt 0.854858 0.532471
vt 0.854614 0.532471
vt 0.854492 0.531219
vt 0.845032 0.558411
vt 0.844910 0.557983
vt 0.845337 0.557983
vt 0.845398 0.558350
vt 0.855835 0.514313
vt 0.856201 0.514099
vt 0.856201 0.514526
vt 0.853516 0.854187
vt 0.853943 0.854370
vt 0.853821 0.854614
vt 0.853516 0.854492
vt 0.502563 0.855835
vt 0.502808 0.855347
vt 0.502930 0.855835
vt 0.502625 0.855957
vt 0.853516 0.854919
vt 0.853027 0.854309
vt 0.853394 0.852966
vt 0.854187 0.854126
vt 0.854431 0.852905
vt 0.854431 0.854614
vt 0.853882 0.854980
vt 0.854248 0.788696
vt 0.854492 0.788086
vt 0.854614 0.788574
vt 0.855591 0.514557
vt 0.855591 0.514099
vt 0.856079 0.587769
vt 0.855713 0.587830
vt 0.495361 0.854004
vt 0.495605 0.854187
vt 0.495361 0.854675
vt 0.495117 0.854614
vt 0.502808 0.855103
vt 0.502625 0.854248
vt 0.502930 0.854370
vt 0.844177 0.557739
vt 0.843872 0.557617
vt 0.843994 0.557373
vt 0.844360 0.557190
vt 0.844543 0.557373
vt 0.771606 0.854370
vt 0.771912 0.854492
vt 0.855103 0.532410
vt 0.854126 0.788086
vt 0.515381 0.560791
vt 0.515381 0.559052
vt 0.854248 0.787476
vt 0.854614 0.787598
vt 0.855835 0.587158
vt 0.856140 0.587341
vt 0.855225 0.533081
vt 0.854858 0.533264
vt 0.514771 0.725098
vt 0.515076 0.724915
vt 0.515076 0.725159
vt 0.856537 0.538391
vt 0.856445 0.538757
vt 0.856293 0.538635
vt 0.515137 0.558594
vt 0.515381 0.558777
vt 0.843750 0.558044
vt 0.856201 0.515961
vt 0.855835 0.515930
vt 0.844299 0.558411
vt 0.845093 0.559021
vt 0.844421 0.557800
vt 0.844299 0.558105
vt 0.515381 0.561401
vt 0.515015 0.561340
vt 0.845581 0.558044
vt 0.845581 0.558350
vt 0.845398 0.558899
vt 0.845093 0.558716
vt 0.845276 0.557495
vt 0.786987 0.855225
vt 0.786987 0.855652
vt 0.497925 0.855652
vt 0.498047 0.856079
vt 0.497681 0.856079
vt 0.497742 0.855774
vt 0.502319 0.855591
vt 0.855591 0.515991
vt 0.495361 0.855713
vt 0.495117 0.855042
vt 0.495361 0.854980
vt 0.495605 0.855591
vt 0.515381 0.725220
vt 0.515381 0.726990
vt 0.515381 0.727417
vt 0.494873 0.854980
vt 0.494873 0.854614
vt 0.853882 0.519104
vt 0.854614 0.518921
vt 0.854614 0.520111
vt 0.854126 0.520508
vt 0.853760 0.520111
vt 0.786987 0.853760
vt 0.787048 0.854248
vn -0.8072 -0.2193 0.5480
vn -0.8081 -0.2247 0.5445
vn -0.5098 -0.5737 0.6410
vn -0.5099 -0.5733 0.6413
vn -0.8074 -0.2202 0.5473
vn -0.4801 -0.4605 -0.7466
vn -0.4945 -0.4380 -0.7508
vn -0.5000 -0.2130 -0.8394
vn -0.5000 -0.2131 -0.8394
vn -0.5001 -0.2130 -0.8394
vn -0.4802 -0.4601 -0.7468
vn 0.4831 -0.5321 0.6954
vn 0.4993 -0.7771 0.3832
vn 0.4843 -0.7994 0.3556
vn 0.4893 -0.5164 0.7028
vn 0.8163 -0.4260 -0.3901
vn 0.8154 -0.4213 -0.3971
vn 0.8144 -0.4209 -0.3995
vn 0.8165 -0.4251 -0.3905
vn 0.5229 -0.7900 -0.3200
vn 0.5210 -0.7914 -0.3198
vn 0.1765 -0.9433 -0.2811
vn 0.1762 -0.9433 -0.2813
vn 0.1763 -0.9433 -0.2813
vn -0.4890 0.4730 0.7329
vn -0.4998 0.2130 0.8395
vn -0.4999 0.2130 0.8395
vn -0.4851 0.4784 0.7320
vn -0.4838 0.4781 0.7330
vn -0.8670 0.1009 0.4881
vn -0.8670 0.1010 0.4881
vn -0.8670 0.1009 0.4880
vn -0.8670 -0.1012 -0.4880
vn -0.4914 -0.8686 0.0639
vn -0.4911 -0.8687 0.0644
vn -0.4918 -0.8143 -0.3085
vn -0.4915 -0.8144 -0.3085
vn -1.0000 -0.0001 0.0000
vn 0.1701 0.9442 0.2821
vn 0.1734 0.9428 0.2847
vn 0.1687 0.9445 0.2818
vn -0.4940 -0.7717 0.4006
vn -0.4927 -0.5363 0.6853
vn -0.4925 -0.7740 0.3979
vn -0.4935 -0.7734 0.3978
vn -0.4884 -0.7827 0.3858
vn -0.5030 -0.7900 0.3504
vn -0.4879 -0.7829 0.3859
vn -0.4909 0.8690 -0.0624
vn -0.4901 0.8694 -0.0629
vn -0.4888 0.8699 -0.0656
vn -0.4941 0.5244 -0.6935
vn -0.4932 0.5265 -0.6925
vn -0.4958 0.5308 -0.6873
vn 1.0000 0.0000 0.0000
vn 1.0000 0.0003 0.0000
vn 0.5088 -0.8591 0.0550
vn 0.4915 -0.8708 0.0125
vn -0.4866 0.8143 0.3163
vn -0.4910 0.8078 0.3260
vn -0.4888 0.8101 0.3238
vn -0.4923 0.8704 -0.0052
vn -0.4924 0.8703 -0.0050
vn -0.4927 0.8702 -0.0053
vn -0.4963 0.7780 0.3853
vn -0.4949 0.7784 0.3863
vn 0.4799 -0.0949 0.8722
vn 0.4789 -0.0950 0.8727
vn 0.4773 -0.0935 0.8737
vn 0.5000 0.2130 0.8394
vn 0.4920 -0.8682 0.0642
vn 0.4912 -0.8153 -0.3065
vn 0.4918 -0.8683 0.0640
vn 0.4910 -0.8689 0.0630
vn 0.4926 -0.5363 0.6854
vn 0.4932 -0.7718 0.4013
vn 0.4909 -0.7749 0.3982
vn -0.8182 0.4055 0.4075
vn -0.8668 0.1010 0.4883
vn -0.8207 0.4025 0.4055
vn -0.8216 0.4025 0.4038
vn -0.4802 -0.5434 -0.6886
vn -0.4971 -0.2135 -0.8410
vn -0.4762 -0.5470 -0.6885
vn -0.4755 -0.5474 -0.6886
vn -0.5369 0.7808 0.3194
vn -0.5337 0.7827 0.3204
vn -0.5255 0.7874 0.3222
vn -0.5277 0.7863 0.3214
vn 0.8669 0.1009 0.4881
vn -0.5658 -0.5385 0.6244
vn -0.5657 -0.5387 0.6243
vn -0.5537 -0.5542 0.6215
vn -0.5535 -0.5545 0.6214
vn 0.5738 -0.5398 0.6159
vn 0.5557 -0.5478 0.6254
vn 0.5549 -0.5482 0.6258
vn -0.5737 -0.7468 -0.3364
vn -0.5735 -0.7469 -0.3364
vn -0.5592 -0.7558 -0.3405
vn -0.5594 -0.7558 -0.3405
vn 0.4885 0.7834 -0.3843
vn 0.4877 0.7840 -0.3841
vn 0.4885 0.7833 -0.3843
vn 0.4883 0.5391 -0.6862
vn 0.4859 0.5408 -0.6866
vn -0.0004 -0.2028 -0.9792
vn -0.0001 -0.2029 -0.9792
vn -0.0001 -0.2028 -0.9792
vn 0.4896 0.8697 -0.0625
vn 0.4897 0.8696 -0.0631
vn 0.4911 0.8686 -0.0656
vn 0.5764 -0.7409 -0.3449
vn 0.5642 -0.7541 -0.3361
vn 0.5646 -0.7539 -0.3361
vn -0.4697 -0.1006 0.8771
vn -0.4697 -0.1007 0.8771
vn -0.4834 -0.1196 0.8672
vn -0.5509 0.7627 0.3387
vn -0.1931 0.9341 0.3004
vn -0.1931 0.9337 0.3016
vn -0.1940 0.9339 0.3003
vn 0.4949 0.7786 0.3859
vn 0.4954 0.7788 0.3848
vn 0.4892 0.4758 0.7309
vn 0.4894 0.4763 0.7305
vn 0.4838 0.4749 0.7352
vn 0.5088 -0.5747 0.6410
vn 0.5079 -0.5750 0.6414
vn 0.8049 -0.2258 0.5488
vn 0.8044 -0.2266 0.5492
vn 0.8079 -0.2254 0.5445
vn -0.4856 -0.0944 0.8691
vn -0.4867 -0.0946 0.8684
vn -0.4796 -0.0903 0.8728
vn -0.4787 -0.0893 0.8734
vn 0.4912 0.8710 -0.0048
vn 0.4905 0.8715 -0.0049
vn 0.4906 0.8714 -0.0048
vn 0.4925 0.8703 -0.0070
vn 0.8669 -0.1012 -0.4882
vn 0.4868 0.8101 0.3267
vn 0.4866 0.8112 0.3243
vn 0.4895 0.8128 0.3158
vn -0.8668 -0.1011 -0.4882
vn -0.8172 0.2097 -0.5369
vn -0.8159 0.2029 -0.5415
vn 0.4968 0.2133 0.8412
vn 0.4969 0.2133 0.8412
vn -0.4969 0.2133 0.8412
vn -0.4969 0.2134 0.8412
vn 0.5471 0.5602 -0.6220
vn 0.5475 0.5599 -0.6218
vn 0.8133 0.2092 -0.5429
vn 0.8180 0.2078 -0.5364
vn -0.4811 0.1380 -0.8657
vn -0.4767 0.1354 -0.8686
vn -0.4857 0.5403 -0.6872
vn -0.4860 0.5406 -0.6867
vn -0.4808 0.1373 -0.8660
vn -0.5222 -0.7907 -0.3194
vn -0.1796 -0.9426 -0.2815
vn -0.5246 -0.7899 -0.3176
vn -0.5491 0.5552 -0.6247
vn -0.1926 0.7282 -0.6577
vn -0.5490 0.5551 -0.6249
vn -0.1727 -0.7160 0.6764
vn 0.1691 -0.7173 0.6760
vn 0.1710 -0.7177 0.6750
vn 0.1693 -0.7174 0.6758
vn -0.1729 -0.7174 0.6749
vn 0.8669 0.1011 0.4881
vn 0.8669 0.1011 0.4882
vn -0.0003 0.2026 0.9793
vn -0.0001 0.2027 0.9793
vn 0.0005 0.2027 0.9792
vn -0.8142 -0.4223 -0.3983
vn -0.8191 -0.4168 -0.3942
vn -0.8203 -0.4172 -0.3912
vn -0.8146 -0.4219 -0.3979
vn -0.0001 0.2026 0.9793
vn 0.4980 0.5234 -0.6914
vn 0.4952 0.5255 -0.6919
vn 0.4936 0.5313 -0.6885
vn -0.5185 0.5704 -0.6370
vn -0.5235 0.5636 -0.6390
vn -0.5208 0.5662 -0.6389
vn -0.5165 0.5715 -0.6377
vn -0.4888 0.7832 -0.3843
vn -0.4885 0.7832 -0.3846
vn 0.8668 -0.1011 -0.4882
vn 0.8194 0.4073 0.4033
vn 0.5481 0.7653 0.3375
vn 0.8178 0.4066 0.4072
vn 0.8183 0.4050 0.4079
vn 0.1958 0.9333 0.3012
vn 0.1960 0.9331 0.3016
vn 0.4762 0.1379 -0.8684
vn 0.4762 0.1383 -0.8684
vn 0.4750 0.1367 -0.8693
vn 0.4967 -0.2136 -0.8412
vn 0.4971 -0.2136 -0.8410
vn 0.4739 -0.5450 -0.6917
vn 0.4786 -0.5472 -0.6867
vn 0.4802 -0.5458 -0.6867
vn 0.4760 -0.5444 -0.6907
vn 0.4725 -0.1205 0.8730
vn 0.4863 -0.0996 0.8681
vn 0.1947 0.7278 -0.6576
vn 1.0000 0.0001 0.0001
vn 1.0000 0.0006 0.0001
vn 1.0000 -0.0003 0.0001
vn 1.0000 -0.0003 0.0000
vn 0.4770 -0.4425 -0.7594
vn 0.4917 -0.4570 -0.7412
vn 0.4999 -0.2131 -0.8394
vn 0.4999 -0.2131 -0.8395
vn 0.4769 -0.4424 -0.7595
usemtl Steel_-_Satin.001
s 1
f 2288/5809/7002 2291/5810/7003 2292/5811/7004 2293/5812/7005 2283/5813/7006
f 2282/5814/7007 2270/5815/7008 2272/5816/7009 2260/5817/7010 2267/5818/7011 2283/5819/7012
f 2287/5820/7013 2273/5821/7014 2270/5822/7015 2271/5823/7016
f 2296/5824/7017 2287/5825/7018 2299/5826/7019 2298/5827/7020
f 2287/5828/7021 2296/5829/7022 2295/5830/7023 2294/5831/7024 2284/5832/7025
f 2254/5833/7026 2263/5834/7027 2257/5835/7028 2253/5836/7029 2252/5837/7030
f 2273/5838/7031 2258/5839/7032 2320/5840/7033 2315/5841/7034 2321/5842/7034
f 2280/5843/7035 2278/5844/7036 2301/5845/7037 2300/5846/7038
f 2274/5847/7039 2301/5848/7039 2278/5849/7039
f 2282/5850/7040 2272/5851/7041 2270/5852/7042
f 2280/5843/7043 2264/5853/7044 2277/5854/7045 2278/5844/7046
f 2289/5855/7047 2271/5823/7048 2270/5822/7049
f 2274/5856/7050 2260/5857/7051 2304/5858/7052
f 2260/5817/7053 2274/5859/7054 2267/5818/7055
f 2281/5860/7056 2265/5861/7056 2259/5862/7056 2251/5863/7056 2266/5864/7056 2276/5865/7056 2302/5866/7056 2307/5867/7057
f 2270/5822/7058 2273/5821/7059 2258/5868/7059
f 2274/5869/7060 2304/5870/7061 2305/5871/7062
f 2256/5872/7063 2261/5873/7064 2262/5874/7065 2254/5875/7066 2252/5876/7067
f 2257/5877/7068 2264/5878/7069 2266/5864/7070 2251/5863/7071 2253/5879/7071
f 2280/5843/7072 2300/5846/7073 2302/5880/7074 2276/5881/7075
f 2264/5853/7076 2280/5843/7077 2276/5881/7078 2266/5882/7076
f 2317/5883/7079 2291/5884/7080 2288/5885/7080 2308/5886/7081 2316/5887/7082
f 2301/5888/7083 2285/5889/7084 2286/5890/7084 2306/5891/7085 2300/5892/7086
f 2270/5852/7087 2272/5851/7088 2258/5893/7089 2273/5894/7090
f 2312/5895/7091 2313/5896/7091 2311/5897/7091 2298/5827/7091
f 2322/5898/7092 2315/5899/7093 2320/5900/7094 2330/5901/7095
f 2322/5902/7096 2330/5903/7097 2309/5904/7098
f 2315/5905/7099 2322/5906/7100 2329/5907/7101 2321/5908/7102
f 2269/5909/7103 2261/5873/7104 2265/5910/7105 2281/5911/7106 2279/5912/7107
f 2325/5913/7108 2314/5914/7108 2273/5915/7109 2321/5908/7108 2329/5907/7108 2319/5916/7108 2310/5917/7110 2318/5918/7108 2327/5919/7108
f 2275/5920/7111 2304/5921/7112 2260/5922/7113
f 2322/5902/7114 2319/5923/7115 2329/5924/7116
f 2284/5925/7117 2271/5823/7118 2289/5855/7119 2290/5926/7119
f 2317/5927/7120 2316/5928/7121 2328/5929/7122 2326/5930/7123
f 2259/5931/7124 2256/5872/7125 2252/5876/7126 2253/5932/7127 2251/5933/7128
f 2297/5934/7129 2295/5935/7130 2296/5936/7131 2298/5937/7132 2311/5938/7133
f 2264/5853/7134 2257/5939/7135 2263/5940/7136 2277/5854/7137
f 2261/5873/7138 2256/5872/7139 2259/5931/7140 2265/5910/7141
f 2298/5827/7142 2299/5826/7142 2314/5941/7142 2312/5895/7142
f 2304/5921/7143 2275/5920/7144 2303/5942/7145
f 2310/5943/7146 2291/5884/7146 2317/5883/7147 2318/5944/7148
f 2303/5942/7149 2287/5945/7149 2284/5946/7149 2304/5921/7150
f 2305/5947/7151 2304/5948/7151 2284/5925/7152 2290/5926/7151
f 2325/5949/7153 2323/5950/7154 2312/5895/7155 2314/5941/7156
f 2286/5890/7157 2285/5889/7158 2268/5951/7159 2269/5952/7160 2279/5953/7161
f 2292/5954/7162 2290/5955/7163 2284/5832/7163 2294/5831/7163 2293/5956/7164
f 2317/5883/7165 2326/5957/7166 2327/5958/7166 2318/5944/7167
f 2293/5812/7168 2294/5959/7169 2295/5935/7170 2297/5934/7171 2283/5813/7172
f 2309/5904/7173 2282/5960/7174 2270/5961/7173 2322/5902/7174
f 2282/5962/7175 2308/5963/7176 2288/5809/7175 2283/5813/7175 2297/5934/7175 2311/5938/7175 2320/5900/7176 2258/5964/7175 2272/5965/7177
f 2291/5884/7178 2310/5943/7179 2290/5966/7180 2292/5967/7181
f 2324/5968/7182 2328/5969/7182 2316/5970/7182 2308/5963/7176 2282/5962/7175 2309/5971/7182 2330/5901/7182 2320/5900/7176 2311/5938/7175 2313/5972/7182
f 2260/5817/7183 2255/5973/7184 2275/5974/7185
f 2270/5975/7186 2273/5976/7187 2287/5977/7188 2271/5978/7189
f 2268/5979/7190 2262/5874/7191 2261/5873/7190 2269/5909/7190
f 2319/5923/7192 2322/5902/7192 2270/5961/7192 2289/5980/7192
f 2312/5981/7193 2323/5982/7194 2324/5983/7195 2313/5984/7196
f 2323/5982/7197 2326/5930/7198 2328/5929/7197 2324/5983/7197
f 2286/5890/7199 2279/5953/7200 2281/5985/7201 2307/5986/7202 2306/5891/7203
f 2302/5987/7204 2300/5892/7205 2306/5891/7206 2307/5986/7207
f 2287/5820/7208 2271/5823/7209 2284/5925/7209
f 2323/5982/7210 2325/5988/7210 2327/5989/7210 2326/5930/7210
f 2297/5990/7056 2258/5839/7211 2273/5838/7212 2287/5991/7213 2303/5992/7211 2275/5993/7056 2255/5994/7214
f 2270/5815/7215 2258/5995/7216 2297/5996/7217 2255/5973/7218 2260/5817/7217 2272/5816/7219
o MeshBody4_(33)_MeshBody4_(33).001
v 2.374477 1.367027 0.145739
v 2.371727 1.367633 0.147207
v 2.374477 1.355175 0.145992
v 2.371727 1.373381 0.140467
v 2.368979 1.371827 0.140198
v 2.368979 1.367027 0.145739
v 2.374477 1.371827 0.140198
v 2.371727 1.353249 0.144487
v 2.371727 1.373128 0.136391
v 2.368979 1.371608 0.136845
v 2.371727 1.350884 0.150403
v 2.374477 1.371608 0.136845
v 2.374477 1.351398 0.145133
v 2.374477 1.349145 0.147357
v 2.368979 1.355175 0.145992
v 2.368979 1.351398 0.145133
v 2.370435 1.367235 0.138136
v 2.369788 1.366656 0.141174
v 2.371724 1.364660 0.136033
v 2.374477 1.347434 0.144556
v 2.368979 1.349145 0.147357
v 2.368979 1.347434 0.144556
v 2.368979 1.367510 0.132255
v 2.371727 1.368148 0.130796
v 2.374477 1.366249 0.135171
v 2.371727 1.345952 0.145113
v 2.374477 1.367510 0.132255
v 2.366210 1.365501 0.141518
v 2.374945 1.362231 0.136753
v 2.371717 1.363260 0.142181
v 2.373659 1.366648 0.141177
v 2.373711 1.367739 0.137986
v 2.368979 1.350115 0.141481
v 2.374477 1.350115 0.141481
v 2.368565 1.365917 0.135659
v 2.368494 1.362242 0.136749
v 2.362917 1.368621 0.137725
v 2.365031 1.363665 0.139194
v 2.367846 1.361679 0.139784
v 2.371714 1.360909 0.140013
v 2.375589 1.361666 0.139788
v 2.378414 1.363651 0.139199
v 2.374945 1.363883 0.141997
v 2.380555 1.368607 0.137729
v 2.378975 1.367961 0.135053
v 2.371727 1.346372 0.137804
v 2.368979 1.347781 0.138533
v 2.371727 1.351962 0.140734
v 2.374477 1.347781 0.138533
v 2.374477 1.352575 0.138261
v 2.368979 1.352575 0.138261
v 2.368979 1.351271 0.135376
v 2.371727 1.350617 0.133935
v 2.374477 1.351271 0.135376
v 2.367658 1.380513 0.137063
v 2.369238 1.379642 0.134455
v 2.364498 1.367968 0.135052
v 2.378975 1.369549 0.140316
v 2.380557 1.380196 0.134291
v 2.378975 1.380789 0.136981
v 2.378975 1.379329 0.131681
v 2.374235 1.379647 0.134454
v 2.366171 1.385000 0.135732
v 2.364947 1.385263 0.132787
v 2.366171 1.383588 0.130418
v 2.367658 1.379050 0.131764
v 2.375815 1.380516 0.137062
v 2.374852 1.381624 0.131000
v 2.369842 1.384054 0.136012
v 2.369842 1.382631 0.130702
v 2.375700 1.387432 0.132144
v 2.375002 1.386762 0.135209
v 2.373607 1.384044 0.136015
v 2.375002 1.385369 0.129890
v 2.371725 1.388308 0.131884
v 2.371723 1.386095 0.129674
v 2.371723 1.387479 0.134995
v 2.371715 1.382224 0.133689
vt 0.852844 0.774353
vt 0.852722 0.774475
vt 0.852173 0.774200
vt 0.852112 0.774017
vt 0.496948 0.852966
vt 0.497192 0.853180
vt 0.497559 0.853088
vt 0.497803 0.853302
vt 0.497192 0.853607
vt 0.496948 0.853516
vt 0.496460 0.852875
vt 0.496826 0.851013
vt 0.496948 0.851318
vt 0.496704 0.851685
vt 0.852539 0.832916
vt 0.852905 0.832947
vt 0.853271 0.832611
vt 0.853149 0.831604
vt 0.853149 0.831177
vt 0.852783 0.830627
vt 0.853394 0.830933
vt 0.853516 0.832672
vt 0.853271 0.833130
vt 0.852661 0.833313
vt 0.852417 0.833221
vt 0.852051 0.831360
vt 0.852539 0.830719
vt 0.852783 0.831116
vt 0.852539 0.831268
vt 0.852539 0.831390
vt 0.852417 0.832581
vt 0.855286 0.830231
vt 0.855591 0.830109
vt 0.855591 0.830505
vt 0.855530 0.831543
vt 0.855286 0.831665
vt 0.515076 0.694153
vt 0.515076 0.693390
vt 0.515381 0.693359
vt 0.515381 0.694000
vt 0.785889 0.827820
vt 0.785645 0.827576
vt 0.785889 0.827515
vt 0.856201 0.823853
vt 0.855835 0.823853
vt 0.855835 0.823547
vt 0.855957 0.823181
vt 0.856323 0.823303
vt 0.497192 0.853790
vt 0.496826 0.853699
vt 0.514771 0.587677
vt 0.514771 0.587006
vt 0.515015 0.586853
vt 0.515015 0.587677
vt 0.514771 0.694000
vt 0.514771 0.693359
vt 0.854980 0.837738
vt 0.854980 0.837311
vt 0.855286 0.837311
vt 0.855286 0.837860
vt 0.846252 0.855591
vt 0.846313 0.856323
vt 0.846008 0.856323
vt 0.846008 0.855713
vt 0.851746 0.776947
vt 0.851440 0.776733
vt 0.851807 0.776794
vt 0.852173 0.776855
vt 0.852173 0.777039
vt 0.854858 0.782990
vt 0.854980 0.784454
vt 0.854736 0.784271
vt 0.854492 0.783081
vt 0.856323 0.824524
vt 0.855957 0.824646
vt 0.855835 0.824280
vt 0.841431 0.855011
vt 0.841553 0.854034
vt 0.841797 0.854034
vt 0.841797 0.855347
vt 0.841431 0.855560
vt 0.812866 0.855835
vt 0.812622 0.855530
vt 0.812866 0.855286
vt 0.846619 0.856323
vt 0.846558 0.855591
vt 0.854675 0.784637
vt 0.854980 0.835541
vt 0.855286 0.835449
vt 0.788818 0.854340
vt 0.789185 0.853943
vt 0.789185 0.855316
vt 0.788818 0.855316
vt 0.846008 0.855347
vt 0.846313 0.855103
vt 0.788818 0.853790
vt 0.854919 0.830505
vt 0.854980 0.830048
vt 0.854980 0.831543
vt 0.818604 0.853333
vt 0.818176 0.852692
vt 0.818481 0.851471
vt 0.818604 0.852905
vt 0.818970 0.853058
vt 0.819214 0.852875
vt 0.819275 0.851166
vt 0.818726 0.851074
vt 0.818359 0.850952
vt 0.818909 0.850677
vt 0.819275 0.850769
vt 0.819702 0.851440
vt 0.819702 0.852692
vt 0.819275 0.853333
vt 0.851807 0.774261
vt 0.851746 0.774109
vt 0.855225 0.767181
vt 0.855225 0.769012
vt 0.855225 0.769562
vt 0.854980 0.769440
vt 0.854980 0.767303
vt 0.852783 0.830475
vt 0.852417 0.830566
vt 0.818909 0.850525
vt 0.818237 0.850861
vt 0.497925 0.853424
vt 0.515076 0.691589
vt 0.514771 0.691498
vt 0.812500 0.855835
vt 0.496948 0.851532
vt 0.497314 0.851288
vt 0.497437 0.851501
vt 0.819336 0.850616
vt 0.852600 0.774963
vt 0.852356 0.774567
vt 0.851929 0.774567
vt 0.851685 0.774963
vt 0.851379 0.776184
vt 0.851379 0.774933
vt 0.852722 0.776611
vt 0.852356 0.776489
vt 0.852417 0.775940
vt 0.789429 0.855347
vt 0.789429 0.853882
vt 0.851868 0.775940
vt 0.851929 0.776489
vt 0.515381 0.587006
vt 0.515381 0.587677
vt 0.515381 0.691498
vt 0.852539 0.832733
vt 0.853027 0.832764
vt 0.855408 0.830048
vt 0.855042 0.829987
vt 0.846619 0.855347
vt 0.855591 0.835541
vt 0.855591 0.837311
vt 0.788818 0.855713
vt 0.789185 0.855591
vt 0.855591 0.769012
vt 0.855591 0.767273
vt 0.789429 0.855713
vt 0.515381 0.588928
vt 0.515015 0.588959
vt 0.852844 0.776733
vt 0.852539 0.776947
vt 0.853516 0.830841
vt 0.842041 0.853760
vt 0.842041 0.855438
vt 0.855591 0.837738
vt 0.514771 0.589539
vt 0.514771 0.588928
vt 0.515015 0.589478
vt 0.515015 0.589691
vt 0.855530 0.831879
vt 0.515381 0.589539
vt 0.854980 0.831879
vt 0.841553 0.853638
vt 0.841797 0.853760
vt 0.497681 0.851624
vt 0.497070 0.850922
vt 0.497681 0.851135
vt 0.497925 0.851562
vt 0.497559 0.852631
vt 0.855286 0.783020
vt 0.855286 0.784332
vt 0.855286 0.784698
vt 0.785675 0.812866
vt 0.785400 0.812744
vt 0.785675 0.812500
vt 0.854248 0.730896
vt 0.854248 0.730469
vt 0.854614 0.730530
vt 0.854614 0.730896
vn -0.5431 0.7859 0.2957
vn -0.1901 0.9492 0.2507
vn -0.1890 0.9489 0.2527
vn -0.1907 0.9489 0.2513
vn 1.0000 0.0001 -0.0000
vn 1.0000 -0.0004 -0.0000
vn 1.0000 0.0000 0.0000
vn 1.0000 -0.0005 -0.0000
vn 1.0000 0.0001 -0.0001
vn -1.0000 -0.0001 -0.0000
vn -1.0000 -0.0000 0.0000
vn -1.0000 -0.0000 0.0001
vn -1.0000 0.0004 0.0000
vn -1.0000 -0.0007 -0.0000
vn -0.4728 -0.0282 0.8807
vn -0.4858 -0.0478 0.8728
vn -0.4967 0.2492 0.8314
vn -0.4962 0.2495 0.8316
vn -0.4975 0.2488 0.8310
vn 0.4883 0.8073 0.3316
vn 0.4869 0.5368 0.6890
vn 0.4803 0.5358 0.6944
vn 0.4888 0.8067 0.3322
vn -0.4896 -0.7576 0.4316
vn -0.5047 -0.7665 0.3971
vn -0.4900 -0.7573 0.4316
vn -0.5220 -0.8117 -0.2621
vn -0.5221 -0.8113 -0.2632
vn -0.8113 -0.4547 -0.3675
vn -0.8109 -0.4549 -0.3681
vn -0.8165 -0.4491 -0.3627
vn 0.4873 0.8716 -0.0544
vn 0.4875 0.8714 -0.0544
vn 0.4884 0.8710 -0.0532
vn 0.4901 0.8698 -0.0568
vn 0.8229 0.1661 -0.5433
vn 0.5564 0.5209 -0.6474
vn 0.5515 0.5232 -0.6497
vn 0.8177 0.1672 -0.5508
vn -0.4826 0.5391 0.6903
vn -0.4887 0.8075 0.3303
vn -0.4861 0.5337 0.6920
vn -0.4873 0.5325 0.6921
vn -0.4802 -0.5891 -0.6499
vn -0.4809 -0.5882 -0.6503
vn -0.4764 -0.5921 -0.6500
vn -0.4759 -0.5924 -0.6500
vn 0.4902 -0.8623 0.1268
vn 0.4929 -0.8340 -0.2479
vn 0.4904 -0.8622 0.1273
vn 0.4901 -0.8624 0.1268
vn 0.5116 -0.5278 0.6780
vn 0.5121 -0.5281 0.6774
vn 0.1722 -0.6685 0.7235
vn 0.1706 -0.6685 0.7239
vn 0.1701 -0.6692 0.7233
vn -0.4995 -0.2484 -0.8299
vn -0.5010 -0.2478 -0.8292
vn -0.4996 -0.2485 -0.8299
vn -0.4980 -0.2491 -0.8306
vn -0.1783 -0.9599 -0.2162
vn 0.1751 -0.9606 -0.2160
vn -0.8670 0.1417 0.4778
vn -0.8360 0.4093 0.3654
vn -0.8159 0.4389 0.3764
vn -0.1926 -0.9497 -0.2469
vn -0.1889 -0.9501 -0.2484
vn -0.1898 -0.9501 -0.2474
vn -0.4933 -0.8331 -0.2501
vn -0.4935 -0.8333 -0.2493
vn -0.4909 -0.8616 0.1292
vn -0.4933 -0.8605 0.1275
vn -0.4896 0.0076 -0.8719
vn -0.4708 -0.0247 -0.8819
vn -0.4887 0.0078 -0.8724
vn -0.4789 0.0624 -0.8756
vn -0.4831 0.0660 -0.8731
vn -0.4957 -0.2520 -0.8311
vn -0.4978 -0.2513 -0.8301
vn 0.8670 0.1418 0.4777
vn 0.8668 0.1417 0.4782
vn 0.8670 0.1417 0.4778
vn 0.4867 -0.7445 0.4569
vn 0.4909 -0.4882 0.7216
vn 0.4902 -0.4888 0.7217
vn 0.4918 -0.7406 0.4579
vn 0.8269 0.4057 0.3894
vn 0.8252 0.4325 0.3633
vn 0.8253 0.4323 0.3633
vn 0.4763 -0.0479 0.8780
vn 0.4761 -0.0479 0.8781
vn 0.4968 0.2490 0.8314
vn 0.4957 0.2487 0.8321
vn 0.4971 0.2490 0.8312
vn 0.0002 -0.2844 -0.9587
vn 0.0001 -0.2844 -0.9587
vn 0.0004 -0.2845 -0.9587
vn -0.0007 -0.2846 -0.9587
vn -0.0002 -0.2845 -0.9587
vn 0.0000 -0.2844 -0.9587
vn -0.0004 -0.2845 -0.9587
vn 0.1913 0.9489 0.2510
vn 0.1908 0.9488 0.2519
vn 0.1925 0.9482 0.2526
vn 0.1929 0.9483 0.2519
vn -0.8134 0.4395 0.3810
vn -0.8117 -0.1805 0.5554
vn -0.8119 -0.1810 0.5551
vn -0.8111 -0.1770 0.5575
vn -0.8159 0.4373 0.3782
vn -0.4901 0.8700 -0.0540
vn -0.4901 0.8700 -0.0543
vn -0.4871 0.8715 -0.0570
vn -0.4900 0.8701 -0.0541
vn -0.1960 0.6927 -0.6940
vn -0.1963 0.6925 -0.6942
vn -0.5569 0.5143 -0.6522
vn -0.5538 0.5169 -0.6528
vn 0.4947 0.4881 -0.7190
vn 0.4915 0.4900 -0.7200
vn 0.4904 0.7599 -0.4266
vn 0.4910 0.7586 -0.4283
vn -0.4829 -0.0390 0.8748
vn -0.4989 0.2506 0.8297
vn -0.5000 0.2502 0.8291
vn -0.4776 -0.0312 0.8780
vn -0.8191 -0.4224 -0.3882
vn -0.8323 -0.4038 -0.3798
vn -0.8323 -0.4038 -0.3799
vn 0.4896 0.8628 -0.1259
vn 0.4906 0.8624 -0.1249
vn 0.4895 0.8631 -0.1244
vn 0.4897 0.8629 -0.1248
vn 0.1987 0.6913 -0.6947
vn 0.1992 0.6916 -0.6942
vn 0.1982 0.6923 -0.6939
vn 0.1981 0.6919 -0.6943
vn 0.0003 0.2844 0.9587
vn 0.0002 0.2844 0.9587
vn 0.0004 0.2844 0.9587
vn -0.0006 0.2845 0.9587
vn 0.0000 0.2842 0.9588
vn 0.8668 -0.1418 -0.4780
vn 0.8669 -0.1418 -0.4780
vn 0.0004 0.2843 0.9587
vn 0.0001 0.2844 0.9587
vn 0.8145 0.4405 0.3774
vn 0.5404 0.7879 0.2952
vn 0.8136 0.4398 0.3802
vn 0.8135 0.4395 0.3810
vn 0.4985 0.2501 0.8300
vn 0.4994 0.2503 0.8294
vn 0.4784 -0.0376 0.8773
vn 0.4859 -0.0345 0.8733
vn -0.4894 0.8630 -0.1255
vn -0.4900 0.8628 -0.1243
vn -0.4893 0.8632 -0.1243
vn -0.4886 0.8634 -0.1261
vn 0.4865 -0.7753 0.4028
vn 0.4857 -0.7758 0.4029
vn 0.5011 -0.7521 0.4281
vn 0.5011 -0.7521 0.4280
vn -0.4927 -0.7418 0.4550
vn -0.4922 -0.7428 0.4539
vn -0.4869 -0.7442 0.4572
vn -0.4903 -0.4887 0.7216
vn 0.4798 0.0659 -0.8749
vn 0.4834 0.0638 -0.8731
vn 0.4967 -0.2515 -0.8307
vn 0.4972 -0.2515 -0.8304
vn 0.5620 -0.5078 0.6529
vn 0.5616 -0.5080 0.6531
vn 0.1903 -0.6906 0.6977
vn 0.1889 -0.6904 0.6983
vn -0.8668 -0.1419 -0.4780
vn -0.8221 0.1684 -0.5439
vn -0.8207 0.1604 -0.5484
vn 0.5691 -0.7647 -0.3022
vn 0.5581 -0.7762 -0.2934
vn 0.1890 -0.9501 -0.2481
vn 0.1886 -0.9504 -0.2475
vn 0.8669 0.1417 0.4779
vn -0.5124 -0.5275 0.6776
vn -0.5126 -0.5269 0.6780
vn -0.1751 -0.6695 0.7218
vn -0.1749 -0.6676 0.7237
vn -0.1731 -0.6686 0.7232
vn -0.4915 0.7589 -0.4272
vn -0.4946 0.4905 -0.7175
vn -0.4909 0.7588 -0.4281
vn -0.4891 0.7597 -0.4286
vn -0.8670 -0.1418 -0.4777
vn 0.4795 -0.5912 -0.6485
vn 0.4804 -0.5909 -0.6481
vn 0.4765 -0.5897 -0.6521
vn 0.4752 -0.5902 -0.6526
vn -1.0000 -0.0006 0.0001
vn 0.8113 -0.4543 -0.3679
vn 0.8113 -0.4532 -0.3694
vn 0.8135 -0.4570 -0.3597
vn 0.5205 -0.8118 -0.2647
vn 0.5178 -0.8146 -0.2613
vn -0.4901 0.8290 0.2695
vn -0.4882 0.8308 0.2674
vn -0.4865 0.8344 0.2591
vn 0.8112 -0.1825 0.5556
vn 0.8084 -0.1832 0.5593
vn 0.8082 -0.1830 0.5597
vn 0.8106 -0.1829 0.5563
vn 0.8670 -0.1418 -0.4778
vn 0.4854 0.8316 0.2698
vn 0.4865 0.8317 0.2676
vn 0.4889 0.8330 0.2590
vn -0.8285 -0.1284 0.5451
vn -0.8290 -0.1549 0.5374
vn -0.8290 -0.1543 0.5375
vn -0.8286 -0.1276 0.5450
vn 1.0000 -0.0001 0.0000
vn 1.0000 -0.0001 0.0001
vn 0.4985 -0.2483 -0.8306
vn 0.4995 -0.2485 -0.8299
vn 0.5012 -0.2485 -0.8289
vn 0.4763 0.0077 -0.8793
vn 0.4757 0.0076 -0.8796
vn 0.4928 -0.0244 -0.8698
vn -0.1941 -0.6901 0.6972
vn -0.1953 -0.6897 0.6973
vn -0.1953 -0.6894 0.6975
vn 0.4895 -0.5174 -0.7019
vn 0.4751 -0.5042 -0.7211
vn 0.5062 -0.8558 0.1068
vn 0.4885 -0.8702 0.0647
usemtl Steel_-_Satin.001
s 1
f 2394/5997/7220 2393/5998/7221 2407/5999/7222 2405/6000/7223
f 2361/6001/7224 2362/6002/7224 2355/6003/7225 2357/6004/7226 2342/6005/7227 2337/6006/7224 2331/6007/7228 2344/6008/7226 2343/6009/7226 2333/6010/7224
f 2346/6011/7229 2363/6012/7229 2381/6013/7230 2366/6014/7230 2365/6015/7230 2340/6016/7231 2353/6017/7232 2382/6018/7230 2377/6019/7229 2352/6020/7229 2351/6021/7229 2336/6022/7229 2335/6023/7229 2347/6024/7233 2348/6025/7229 2358/6026/7229 2345/6027/7229
f 2349/6028/7234 2365/6029/7235 2366/6030/7236 2381/6031/7237 2378/6032/7238
f 2334/6033/7239 2332/6034/7240 2331/6035/7241 2337/6036/7242
f 2365/6037/7243 2349/6038/7244 2347/6039/7245
f 2366/6040/7246 2369/6041/7247 2368/6042/7248 2367/6043/7249 2387/6044/7250
f 2339/6045/7251 2334/6046/7252 2337/6006/7253 2342/6005/7254
f 2391/6047/7255 2404/6048/7256 2401/6049/7257 2389/6050/7258
f 2332/6034/7259 2334/6033/7260 2335/6051/7261 2336/6052/7262
f 2377/6053/7263 2382/6054/7264 2383/6055/7265 2376/6056/7266
f 2356/6057/7267 2376/6058/7268 2379/6059/7269 2350/6060/7270
f 2371/6061/7271 2372/6062/7272 2373/6063/7273 2360/6064/7274 2370/6065/7275
f 2348/6066/7276 2338/6067/7277 2345/6068/7278 2358/6069/7279
f 2369/6041/7280 2366/6040/7280 2359/6070/7281 2371/6071/7281 2370/6072/7280
f 2337/6073/7282 2397/6074/7282 2392/6075/7282 2362/6076/7283 2361/6077/7284
f 2398/6078/7285 2408/6079/7286 2400/6080/7287
f 2377/6081/7288 2376/6058/7289 2356/6057/7290 2352/6082/7291
f 2345/6068/7292 2338/6067/7293 2346/6083/7294
f 2353/6084/7295 2354/6085/7296 2383/6055/7297 2382/6054/7298
f 2335/6086/7299 2347/6087/7300 2386/6088/7301 2385/6089/7299
f 2350/6060/7302 2344/6090/7303 2341/6091/7304 2356/6057/7305
f 2347/6087/7306 2335/6086/7307 2348/6092/7308
f 2359/6093/7309 2355/6094/7310 2349/6028/7311 2378/6032/7312 2380/6095/7313
f 2366/6096/7314 2387/6097/7315 2396/6098/7316 2365/6099/7317 2349/6100/7314 2355/6101/7314 2398/6102/7314 2400/6103/7318 2395/6104/7319 2406/6105/7314 2404/6106/7314 2391/6107/7314 2375/6108/7314 2359/6109/7320
f 2402/6110/7321 2401/6111/7322 2405/6000/7323 2407/5999/7324
f 2394/6112/7325 2367/6113/7326 2368/6114/7327 2358/6115/7328 2393/6116/7329
f 2339/6117/7330 2340/6016/7331 2335/6023/7332 2334/6118/7333
f 2405/6119/7334 2406/6105/7335 2395/6104/7336 2394/6120/7337
f 2357/6004/7338 2354/6121/7339 2339/6045/7340 2342/6005/7341
f 2341/6122/7342 2332/6034/7343 2336/6052/7344 2351/6123/7345
f 2398/6078/7346 2392/6124/7347 2408/6079/7348
f 2338/6125/7349 2343/6009/7350 2364/6126/7351 2378/6127/7352
f 2401/6128/7353 2404/6106/7354 2406/6105/7355 2405/6119/7356
f 2385/6129/7357 2399/6130/7357 2403/6131/7357 2397/6132/7358 2388/6133/7359 2390/6134/7358 2402/6110/7357 2407/5999/7358 2393/5998/7360 2358/6135/7357 2348/6136/7357 2335/6137/7361
f 2396/6138/7362 2386/6088/7363 2347/6087/7363 2365/6139/7362
f 2397/6132/7358 2337/6140/7364 2361/6141/7365 2348/6136/7357 2358/6135/7358 2360/6064/7364 2373/6063/7364 2388/6133/7359
f 2389/6050/7366 2401/6049/7367 2402/6142/7368 2390/6143/7369
f 2331/6035/7370 2332/6034/7371 2341/6122/7372 2344/6144/7373
f 2363/6012/7374 2346/6011/7375 2338/6145/7376 2378/6146/7377
f 2347/6147/7378 2349/6028/7379 2355/6094/7380 2362/6148/7381
f 2351/6149/7382 2352/6082/7383 2356/6057/7384 2341/6091/7385
f 2354/6085/7386 2357/6150/7387 2384/6151/7388 2383/6055/7389
f 2399/6152/7390 2385/6089/7391 2386/6088/7392 2408/6153/7393
f 2387/6154/7394 2367/6113/7394 2394/6112/7395 2395/6155/7396
f 2386/6088/7397 2396/6138/7398 2400/6156/7399 2408/6153/7400
f 2388/6157/7401 2374/6158/7401 2389/6050/7401 2390/6143/7401
f 2358/6135/7402 2368/6159/7403 2369/6160/7404 2370/6065/7405 2360/6064/7406
f 2339/6117/7407 2354/6161/7408 2353/6017/7409 2340/6016/7410
f 2362/6076/7411 2392/6075/7411 2398/6162/7411 2355/6163/7411
f 2376/6056/7412 2383/6055/7413 2384/6151/7414 2379/6164/7415
f 2340/6016/7231 2365/6015/7230 2347/6024/7416 2335/6023/7231
f 2359/6165/7417 2375/6166/7418 2374/6158/7419 2372/6167/7420 2371/6168/7421
f 2378/6032/7422 2381/6031/7423 2363/6169/7424
f 2400/6103/7318 2396/6098/7316 2387/6097/7315 2395/6104/7319
f 2373/6170/7425 2372/6167/7426 2374/6158/7427 2388/6157/7428
f 2391/6047/7429 2389/6050/7429 2374/6158/7429 2375/6166/7429
f 2378/6032/7430 2364/6171/7431 2380/6095/7432
f 2392/6075/7433 2397/6074/7434 2403/6172/7435 2408/6173/7436
f 2380/6174/7437 2364/6126/7437 2343/6009/7226 2344/6008/7226 2350/6175/7437 2379/6176/7437 2384/6177/7437 2357/6004/7226 2355/6003/7225 2359/6178/7438
f 2348/6066/7439 2361/6179/7440 2333/6180/7441 2338/6067/7440
f 2333/6180/7442 2343/6181/7443 2338/6067/7444
f 2408/6182/7445 2403/6183/7446 2399/6184/7447
f 2361/6185/7448 2348/6186/7449 2347/6187/7450 2362/6188/7451
o MeshBody4_(34)_MeshBody4_(34).001
v 2.371727 1.341864 0.153865
v 2.374477 1.340490 0.153072
v 2.368979 1.340490 0.153072
v 2.374477 1.325264 0.157169
v 2.371727 1.326826 0.161633
v 2.374477 1.321687 0.160044
v 2.371727 1.323142 0.155741
v 2.371727 1.342358 0.146445
v 2.368979 1.340876 0.147002
v 2.368979 1.326304 0.160147
v 2.371727 1.321267 0.161551
v 2.374477 1.340876 0.147002
v 2.374477 1.321286 0.156387
v 2.371727 1.318276 0.159964
v 2.370435 1.336614 0.148590
v 2.369788 1.336299 0.151642
v 2.371724 1.333855 0.146688
v 2.374477 1.317255 0.156123
v 2.368979 1.319238 0.158715
v 2.368979 1.317255 0.156123
v 2.368979 1.335374 0.145720
v 2.368979 1.336397 0.142737
v 2.371727 1.336919 0.141240
v 2.374477 1.335374 0.145720
v 2.371727 1.315864 0.156870
v 2.374477 1.336397 0.142737
v 2.366210 1.335176 0.152061
v 2.374945 1.331480 0.147577
v 2.371717 1.332998 0.152875
v 2.373659 1.336291 0.151645
v 2.373711 1.337105 0.148406
v 2.368979 1.319641 0.152883
v 2.367658 1.339388 0.150487
v 2.368494 1.331491 0.147573
v 2.362917 1.337965 0.148085
v 2.365031 1.333135 0.149892
v 2.367846 1.331199 0.150614
v 2.371714 1.330449 0.150895
v 2.375589 1.331187 0.150620
v 2.378414 1.333121 0.149897
v 2.374945 1.333604 0.152648
v 2.380555 1.337951 0.148089
v 2.378975 1.337081 0.145481
v 2.371727 1.315485 0.149483
v 2.368979 1.316972 0.150072
v 2.374477 1.319986 0.151445
v 2.374477 1.316972 0.150072
v 2.371727 1.322695 0.151123
v 2.368979 1.321897 0.149739
v 2.368979 1.320297 0.146973
v 2.371727 1.319494 0.145591
v 2.374477 1.320297 0.146973
v 2.364498 1.350035 0.146506
v 2.362916 1.349251 0.143865
v 2.369238 1.348706 0.144069
v 2.364498 1.337087 0.145479
v 2.378975 1.339110 0.150591
v 2.375816 1.339395 0.150485
v 2.380557 1.349246 0.143867
v 2.378975 1.350032 0.146506
v 2.374235 1.348710 0.144067
v 2.364947 1.354184 0.142020
v 2.368618 1.352252 0.145677
v 2.366171 1.352356 0.139771
v 2.368618 1.350451 0.140482
v 2.378505 1.354188 0.142018
v 2.374852 1.352238 0.145681
v 2.374852 1.350436 0.140488
v 2.367746 1.356357 0.141362
v 2.368445 1.355862 0.144375
v 2.375700 1.356348 0.141365
v 2.375002 1.355853 0.144378
v 2.375002 1.354111 0.139164
v 2.371725 1.357225 0.141105
v 2.371723 1.354837 0.138948
v 2.371718 1.351816 0.139972
v 2.371718 1.353593 0.145175
v 2.371715 1.351222 0.143127
vt 0.800781 0.852661
vt 0.801071 0.852592
vt 0.801285 0.852844
vt 0.800781 0.852974
vt 0.800491 0.852821
vt 0.800507 0.852455
vt 0.853760 0.493958
vt 0.854126 0.494080
vt 0.854004 0.494263
vt 0.853638 0.494263
vt 0.790579 0.808533
vt 0.790265 0.809631
vt 0.789933 0.809631
vt 0.790282 0.808472
vt 0.855347 0.783386
vt 0.855530 0.783005
vt 0.855728 0.783295
vt 0.853859 0.825439
vt 0.854179 0.825500
vt 0.854179 0.826416
vt 0.854012 0.826904
vt 0.853722 0.826721
vt 0.853638 0.851318
vt 0.853882 0.851074
vt 0.853882 0.851440
vt 0.790407 0.810303
vt 0.790101 0.810486
vt 0.789982 0.810120
vt 0.847046 0.738647
vt 0.847046 0.738281
vt 0.847351 0.738281
vt 0.847351 0.738770
vt 0.512299 0.853882
vt 0.512024 0.853760
vt 0.512299 0.853516
vt 0.512329 0.852417
vt 0.512024 0.852539
vt 0.512024 0.852051
vt 0.512329 0.851929
vt 0.856018 0.550903
vt 0.856262 0.550659
vt 0.856506 0.550781
vt 0.856323 0.551270
vt 0.856018 0.551270
vt 0.828613 0.855621
vt 0.828369 0.855316
vt 0.828369 0.853943
vt 0.828613 0.853943
vt 0.828003 0.854187
vt 0.828003 0.853821
vt 0.856140 0.533203
vt 0.856079 0.532471
vt 0.856384 0.532471
vt 0.856445 0.533081
vt 0.855637 0.784683
vt 0.855957 0.782997
vt 0.855957 0.784706
vt 0.790405 0.845337
vt 0.790100 0.845337
vt 0.790161 0.844971
vt 0.790283 0.844604
vt 0.790588 0.844727
vt 0.514038 0.815247
vt 0.514282 0.815002
vt 0.514282 0.815460
vt 0.853790 0.827209
vt 0.853485 0.827454
vt 0.853287 0.827148
vt 0.515381 0.842896
vt 0.515015 0.842896
vt 0.515015 0.842285
vt 0.515137 0.842041
vt 0.515381 0.842224
vt 0.514099 0.821777
vt 0.514252 0.821533
vt 0.514252 0.822144
vt 0.852539 0.533173
vt 0.852783 0.532745
vt 0.853027 0.532806
vt 0.852661 0.533295
vt 0.855362 0.738735
vt 0.855148 0.736961
vt 0.855484 0.737015
vt 0.855682 0.738651
vt 0.846924 0.737915
vt 0.847046 0.737671
vt 0.847351 0.737549
vt 0.790579 0.810608
vt 0.790307 0.810791
vt 0.853043 0.825745
vt 0.853287 0.825500
vt 0.853485 0.825745
vt 0.853279 0.826050
vt 0.851074 0.492798
vt 0.851196 0.492249
vt 0.851440 0.492310
vt 0.851685 0.494415
vt 0.851440 0.494537
vt 0.837524 0.849670
vt 0.837891 0.849670
vt 0.837891 0.850281
vt 0.837646 0.850403
vt 0.837524 0.850220
vt 0.856262 0.552124
vt 0.856079 0.551636
vt 0.856506 0.551880
vt 0.855301 0.784538
vt 0.853172 0.827576
vt 0.852951 0.827576
vt 0.853035 0.827271
vt 0.828003 0.855621
vt 0.847656 0.737671
vt 0.847656 0.738281
vt 0.855919 0.831238
vt 0.855675 0.831482
vt 0.855659 0.831177
vt 0.855606 0.830383
vt 0.855934 0.830322
vt 0.856110 0.829956
vt 0.856110 0.831238
vt 0.851440 0.491974
vt 0.851807 0.491821
vt 0.851929 0.491974
vt 0.851807 0.492371
vt 0.800735 0.851151
vt 0.800446 0.851128
vt 0.800537 0.850922
vt 0.800766 0.850830
vt 0.856140 0.531982
vt 0.856445 0.532104
vt 0.800629 0.853226
vt 0.801254 0.853065
vt 0.800995 0.853226
vt 0.801041 0.851044
vt 0.800110 0.850998
vt 0.800018 0.852760
vt 0.799835 0.852211
vt 0.799820 0.851059
vt 0.850220 0.526886
vt 0.850464 0.526596
vt 0.850464 0.527069
vt 0.800278 0.853050
vt 0.855408 0.736328
vt 0.855682 0.736492
vt 0.851929 0.533295
vt 0.851685 0.533173
vt 0.852173 0.532959
vt 0.852783 0.492523
vt 0.852783 0.494293
vt 0.852173 0.494629
vt 0.852539 0.492096
vt 0.852783 0.530975
vt 0.853027 0.530914
vt 0.855835 0.532471
vt 0.855896 0.533081
vt 0.851807 0.531342
vt 0.851318 0.532471
vt 0.851685 0.530823
vt 0.851929 0.530884
vt 0.852295 0.530640
vt 0.852539 0.532654
vt 0.852417 0.531616
vt 0.852539 0.531158
vt 0.852295 0.531128
vt 0.851929 0.531219
vt 0.837524 0.848389
vt 0.837646 0.847839
vt 0.837891 0.847961
vt 0.515381 0.844116
vt 0.515015 0.844116
vt 0.853638 0.852600
vt 0.853394 0.852905
vt 0.853271 0.851257
vt 0.854004 0.852905
vt 0.852966 0.826843
vt 0.853134 0.826965
vt 0.853439 0.826782
vt 0.853607 0.826416
vt 0.853531 0.825439
vt 0.853546 0.825134
vt 0.852715 0.827026
vt 0.852715 0.826111
vt 0.853027 0.825439
vt 0.800476 0.850517
vt 0.801056 0.850662
vt 0.801422 0.851318
vt 0.515015 0.844666
vt 0.515381 0.844727
vt 0.854126 0.494568
vt 0.853760 0.494568
vt 0.828125 0.855743
vt 0.828369 0.855591
vt 0.790588 0.845947
vt 0.790283 0.846069
vt 0.790100 0.845703
vt 0.853027 0.851440
vt 0.853149 0.849487
vt 0.853760 0.849426
vt 0.854004 0.849792
vt 0.851929 0.532684
vt 0.852417 0.532623
vn -0.0030 -0.3364 -0.9417
vn 0.0039 -0.3328 -0.9430
vn 0.0094 -0.3212 -0.9470
vn -0.0111 -0.3297 -0.9440
vn -0.0094 -0.3387 -0.9408
vn 0.0106 -0.3394 -0.9406
vn -0.8198 -0.4476 -0.3572
vn -0.8321 -0.4296 -0.3507
vn -0.5648 -0.7897 -0.2393
vn -0.5534 -0.7970 -0.2418
vn -0.4879 0.5828 0.6498
vn -0.4977 0.3027 0.8128
vn -0.4816 0.5885 0.6494
vn 0.4623 -0.0029 -0.8867
vn 0.4626 -0.0033 -0.8865
vn 0.4809 -0.0338 -0.8761
vn -0.8669 0.1746 0.4668
vn -0.8669 0.1747 0.4668
vn -0.8094 -0.1380 0.5709
vn -0.8087 -0.1398 0.5714
vn -0.8082 -0.1376 0.5726
vn -0.8377 0.4337 0.3320
vn -0.8177 0.4643 0.3404
vn -0.8177 0.4642 0.3404
vn -0.4923 -0.4150 0.7651
vn -0.4916 -0.4156 0.7652
vn -0.4741 -0.0150 0.8803
vn -0.4737 -0.0131 0.8806
vn -0.4816 -0.0178 0.8762
vn -0.4919 0.7209 -0.4882
vn -0.4887 0.7222 -0.4895
vn -0.4904 0.7225 -0.4873
vn -0.4932 0.4331 -0.7544
vn -0.5074 0.8350 0.2130
vn -0.5066 0.8361 0.2106
vn -0.5040 0.8397 0.2019
vn 0.4961 0.8429 -0.2084
vn 0.4958 0.8432 -0.2076
vn 0.4957 0.8434 -0.2072
vn -0.8138 0.4650 0.3486
vn -0.8136 0.4652 0.3488
vn -0.8148 0.4634 0.3485
vn -0.5428 0.7995 0.2572
vn -0.5575 0.7927 0.2468
vn 0.8669 -0.1746 -0.4669
vn 0.8669 -0.1746 -0.4670
vn 0.8270 0.4571 0.3273
vn 0.8272 0.4566 0.3275
vn 0.8283 0.4316 0.3571
vn 0.4901 -0.8433 0.2204
vn 0.4954 -0.8549 -0.1542
vn 0.4873 -0.8455 0.2186
vn 0.4871 -0.8457 0.2180
vn -0.4975 -0.3035 -0.8127
vn -0.4738 0.4355 -0.7654
vn -0.7883 0.4897 -0.3726
vn -0.9747 0.1148 -0.1920
vn 0.1766 -0.9755 -0.1314
vn 0.1765 -0.9755 -0.1314
vn -0.1798 -0.9749 -0.1317
vn -0.1797 -0.9749 -0.1317
vn 0.4890 -0.8612 0.1385
vn 0.4893 -0.8610 0.1386
vn 0.5071 -0.8427 0.1807
vn -0.5071 -0.4729 0.7206
vn -0.5075 -0.4727 0.7204
vn -0.1739 -0.6042 0.7776
vn -0.1734 -0.6041 0.7779
vn -0.1706 -0.6056 0.7773
vn 0.8133 0.4660 0.3485
vn 0.8142 0.4662 0.3460
vn 0.5508 0.7937 0.2581
vn 0.8134 0.4664 0.3476
vn 1.0000 0.0002 0.0001
vn 1.0000 -0.0000 0.0001
vn -0.4935 -0.5932 -0.6361
vn -0.4931 -0.5933 -0.6363
vn -0.4693 -0.6151 -0.6336
vn -0.4694 -0.6150 -0.6336
vn 0.4977 -0.3048 -0.8120
vn 0.4784 0.0010 -0.8782
vn 0.4776 -0.0005 -0.8786
vn 0.4977 -0.3049 -0.8120
vn -0.4886 0.8629 -0.1294
vn -0.4915 0.8299 0.2640
vn -0.4919 0.8293 0.2650
vn -0.4913 0.8297 0.2650
vn -0.4904 0.8626 -0.1241
vn -0.4931 -0.6903 0.5294
vn -0.4931 -0.6909 0.5287
vn -0.4843 -0.6923 0.5350
vn -0.4854 -0.6898 0.5372
vn -0.5586 -0.4703 0.6833
vn -0.5594 -0.4698 0.6829
vn -0.8285 -0.0901 0.5527
vn -0.8287 -0.0899 0.5525
vn 0.4817 -0.0135 0.8762
vn 0.4825 -0.0130 0.8758
vn 0.4779 -0.0207 0.8782
vn 0.4808 0.5852 0.6530
vn 0.4876 0.5862 0.6470
vn -0.8126 -0.4796 -0.3312
vn -0.8193 -0.4727 -0.3245
vn -0.5261 -0.8285 -0.1918
vn -0.5252 -0.8293 -0.1907
vn -0.8133 -0.4796 -0.3295
vn 0.1974 0.9588 0.2042
vn -0.1957 0.9593 0.2035
vn -0.1959 0.9593 0.2033
vn -0.1958 0.9593 0.2033
vn 0.4980 -0.3033 -0.8124
vn 0.4980 -0.3032 -0.8124
vn 0.1674 -0.6059 0.7777
vn 0.5073 -0.4709 0.7217
vn 0.5070 -0.4725 0.7209
vn 0.1673 -0.6055 0.7780
vn 0.1674 -0.6048 0.7786
vn 0.8669 0.1746 0.4669
vn 0.8669 0.1746 0.4670
vn 0.4878 0.8642 -0.1234
vn 0.4915 0.8302 0.2631
vn 0.4903 0.8621 -0.1278
vn 0.4905 0.8619 -0.1284
vn -0.4700 0.0351 0.8820
vn -0.4837 0.0157 0.8751
vn -0.4977 0.3041 0.8123
vn -0.4973 0.3042 0.8125
vn 0.4972 0.3041 0.8126
vn 0.4979 0.3040 0.8122
vn 0.4834 -0.6919 0.5363
vn 0.4925 -0.6864 0.5350
vn 0.4853 -0.6941 0.5317
vn 0.4841 -0.4128 0.7715
vn 0.4853 -0.4169 0.7685
vn 0.4868 -0.4173 0.7674
vn -0.5192 0.4680 -0.7151
vn -0.5220 0.4645 -0.7153
vn -0.5220 0.4648 -0.7152
vn -0.5187 0.4691 -0.7148
vn 0.4665 -0.6030 -0.6471
vn 0.4912 -0.6067 -0.6250
vn 0.4912 -0.6068 -0.6249
vn 0.4655 -0.6034 -0.6474
vn -0.1899 0.6581 -0.7286
vn -0.1901 0.6580 -0.7286
vn -0.5523 0.4746 -0.6854
vn -0.5439 0.4965 -0.6764
vn -0.1910 0.6583 -0.7282
vn 0.1648 0.6110 -0.7743
vn 0.1716 0.6116 -0.7723
vn 0.1644 0.6103 -0.7750
vn 0.8671 -0.1745 -0.4666
vn 0.8246 0.1284 -0.5510
vn 0.8180 0.1292 -0.5604
vn 0.8671 -0.1746 -0.4665
vn 0.8671 -0.1745 -0.4665
vn -0.1655 0.9765 0.1383
vn -0.1687 0.9761 0.1369
vn -0.1641 0.9766 0.1388
vn 0.1923 0.6574 -0.7286
vn 0.5364 0.4881 -0.6885
vn 0.5363 0.4875 -0.6890
vn 0.1931 0.6572 -0.7286
vn 0.1932 0.6577 -0.7281
vn 0.4931 0.4303 -0.7561
vn 0.4901 0.4316 -0.7573
vn 0.4894 0.7236 -0.4867
vn 0.4921 0.7210 -0.4878
vn -1.0000 0.0001 -0.0000
vn -1.0000 0.0000 0.0000
vn 1.0000 -0.0000 0.0000
vn -0.4979 -0.3048 -0.8119
vn -0.4781 -0.0017 -0.8783
vn -0.4819 0.0008 -0.8762
vn -0.4961 -0.8527 -0.1640
vn -0.4877 -0.8591 -0.1551
vn -0.4878 -0.8440 0.2232
vn -0.4932 -0.8422 0.2179
vn -1.0000 0.0003 0.0000
vn -0.8667 -0.1748 -0.4672
vn -0.8217 0.1300 -0.5548
vn -0.8219 0.1311 -0.5543
vn -0.8198 0.1218 -0.5596
vn 0.8672 0.1745 0.4665
vn 0.8669 0.1745 0.4669
vn -0.8669 -0.1746 -0.4668
vn -0.8669 -0.1747 -0.4668
vn -0.8670 0.1745 0.4668
vn -0.8670 0.1744 0.4668
vn 0.0004 0.3502 0.9367
vn 0.0003 0.3498 0.9368
vn -0.0002 0.3499 0.9368
vn 0.0001 0.3502 0.9367
vn 0.0003 0.3501 0.9367
vn 0.0100 0.3394 0.9406
vn 0.0003 0.3497 0.9369
vn 0.0002 0.3502 0.9367
vn 0.0001 0.3501 0.9367
vn 0.0003 0.3500 0.9368
vn 0.0003 0.3503 0.9366
vn 0.0003 0.3504 0.9366
vn -0.0005 -0.3504 -0.9366
vn -0.0000 -0.3504 -0.9366
vn -0.0008 -0.3505 -0.9366
vn -0.0008 -0.3500 -0.9367
vn -0.0005 -0.3503 -0.9366
vn -0.0000 -0.3502 -0.9367
vn 0.0035 0.3333 0.9428
vn 0.0090 0.3212 0.9470
vn -0.0108 0.3299 0.9439
vn 0.0054 0.3210 0.9471
vn 0.8061 -0.1419 0.5745
vn 0.8058 -0.1423 0.5749
vn 0.8075 -0.1415 0.5726
vn 0.8084 -0.1415 0.5714
vn 0.1879 -0.9653 -0.1811
vn 0.1842 -0.9666 -0.1784
vn 0.1855 -0.9663 -0.1787
vn 0.1891 -0.9651 -0.1814
vn 0.1894 -0.6414 0.7435
vn 0.1906 -0.6423 0.7424
vn 0.1910 -0.6420 0.7426
vn 0.1898 -0.6421 0.7428
vn 0.5211 -0.8320 -0.1905
vn 0.8143 -0.4769 -0.3310
vn 0.8133 -0.4770 -0.3332
vn 0.8158 -0.4806 -0.3217
vn 1.0000 -0.0001 -0.0000
vn 1.0000 -0.0004 -0.0000
vn -0.4850 0.7104 -0.5100
vn -0.4821 0.7074 -0.5169
vn -0.4959 0.8432 -0.2076
vn -0.4956 0.8432 -0.2086
usemtl Steel_-_Satin.001
s 1
f 2484/6189/7452 2473/6190/7453 2472/6191/7454 2483/6192/7455 2481/6193/7456 2476/6194/7457
f 2476/6195/7458 2469/6196/7459 2486/6197/7460 2484/6198/7461
f 2411/6199/7462 2418/6200/7463 2413/6201/7463 2409/6202/7464
f 2412/6203/7465 2421/6204/7466 2415/6205/7467
f 2461/6206/7468 2462/6207/7469 2443/6208/7470 2444/6209/7471 2435/6210/7472
f 2439/6211/7473 2438/6212/7474 2466/6213/7475
f 2427/6214/7476 2422/6215/7477 2419/6216/7478 2413/6201/7479 2418/6200/7480
f 2430/6217/7481 2417/6218/7482 2416/6219/7483 2431/6220/7484
f 2456/6221/7485 2457/6222/7486 2440/6223/7487
f 2415/6224/7488 2421/6225/7489 2454/6226/7490 2456/6227/7489
f 2470/6228/7491 2462/6229/7492 2461/6230/7493 2478/6231/7494 2477/6232/7495
f 2473/6233/7496 2463/6234/7497 2423/6235/7496 2429/6236/7497
f 2441/6237/7498 2424/6238/7499 2423/6235/7500
f 2433/6239/7501 2452/6240/7502 2455/6241/7503 2426/6242/7504
f 2424/6243/7505 2415/6205/7506 2427/6244/7507 2435/6245/7508
f 2436/6246/7509 2447/6247/7510 2446/6248/7511 2445/6249/7512 2442/6250/7511
f 2439/6251/7513 2438/6252/7514 2423/6253/7515
f 2435/6210/7516 2444/6209/7517 2445/6254/7518 2446/6255/7519 2437/6256/7520
f 2468/6257/7521 2467/6258/7522 2474/6259/7523 2479/6260/7523 2480/6261/7524
f 2432/6262/7525 2434/6263/7526 2439/6264/7526
f 2453/6265/7527 2458/6266/7528 2459/6267/7529 2452/6268/7530
f 2459/6269/7531 2431/6270/7532 2434/6271/7533 2460/6272/7534
f 2417/6218/7535 2441/6273/7536 2411/6274/7537 2409/6275/7538 2416/6219/7539
f 2427/6214/7540 2428/6276/7541 2433/6277/7542 2422/6215/7543
f 2475/6278/7544 2485/6279/7545 2486/6280/7546 2469/6281/7547
f 2413/6282/7548 2419/6283/7549 2414/6284/7550 2410/6285/7551 2409/6286/7552
f 2443/6287/7553 2464/6288/7554 2442/6289/7555 2445/6290/7556 2444/6291/7557
f 2479/6292/7558 2482/6293/7559 2477/6232/7560 2478/6231/7561 2480/6294/7558
f 2424/6243/7562 2438/6295/7563 2412/6203/7563 2415/6205/7562
f 2446/6255/7564 2447/6296/7565 2448/6297/7566 2449/6298/7567 2437/6256/7568
f 2463/6234/7569 2471/6299/7570 2441/6237/7569 2423/6235/7570
f 2416/6219/7571 2409/6275/7572 2410/6300/7573 2420/6301/7574
f 2425/6302/7575 2429/6303/7576 2442/6304/7577 2457/6305/7578 2456/6306/7579 2454/6307/7580 2432/6308/7580
f 2422/6309/7581 2433/6310/7582 2426/6311/7583 2421/6312/7584 2414/6284/7585 2419/6283/7586
f 2423/6313/7587 2439/6314/7588 2432/6315/7589 2425/6316/7590
f 2455/6241/7591 2452/6240/7592 2459/6317/7593 2460/6318/7594
f 2482/6319/7595 2483/6192/7596 2472/6191/7597 2470/6320/7598 2477/6321/7599
f 2425/6316/7600 2429/6322/7601 2423/6313/7602
f 2451/6323/7603 2481/6193/7604 2474/6324/7605 2467/6325/7606 2450/6326/7607
f 2424/6327/7608 2438/6328/7609 2423/6329/7610
f 2482/6319/7611 2479/6330/7612 2474/6324/7613 2481/6193/7614 2483/6192/7615
f 2434/6271/7616 2431/6270/7617 2416/6331/7618 2420/6332/7619
f 2428/6333/7620 2427/6334/7621 2440/6335/7621
f 2460/6336/7622 2434/6337/7622 2420/6338/7622 2410/6285/7622 2414/6284/7622 2421/6312/7622 2426/6311/7622 2455/6339/7622
f 2458/6266/7623 2430/6340/7624 2431/6341/7625 2459/6267/7623
f 2453/6342/7626 2452/6240/7627 2433/6239/7628 2428/6343/7629
f 2435/6344/7508 2427/6334/7507 2418/6345/7621 2411/6346/7621 2441/6347/7621 2417/6348/7621 2430/6340/7621 2458/6266/7621 2453/6265/7621 2428/6333/7620 2440/6335/7621 2457/6349/7630 2442/6350/7621 2429/6351/7621 2423/6352/7621 2424/6353/7621
f 2443/6287/7631 2462/6354/7632 2470/6355/7633 2472/6356/7634 2464/6288/7631
f 2465/6357/7635 2450/6358/7636 2467/6258/7636 2468/6257/7636
f 2439/6211/7637 2469/6359/7638 2476/6360/7637 2432/6361/7638
f 2466/6213/7639 2475/6362/7640 2469/6359/7640 2439/6211/7640
f 2475/6278/7641 2466/6363/7642 2438/6364/7643 2424/6365/7644 2441/6366/7645 2471/6367/7646 2478/6368/7647 2461/6206/7648 2435/6210/7649 2437/6256/7645 2449/6298/7647 2465/6369/7642 2468/6370/7650 2480/6371/7651 2485/6279/7652
f 2473/6190/7653 2429/6322/7654 2425/6316/7655 2432/6315/7653 2476/6194/7656 2481/6193/7653 2451/6323/7653 2436/6372/7657 2442/6373/7657 2464/6374/7657 2472/6191/7658
f 2485/6279/7659 2480/6371/7660 2478/6368/7661 2471/6367/7662
f 2448/6375/7663 2450/6358/7664 2465/6357/7665 2449/6376/7666
f 2486/6197/7667 2463/6377/7668 2473/6378/7669 2484/6198/7670
f 2485/6379/7671 2471/6299/7672 2463/6234/7673 2486/6380/7674
f 2447/6247/7675 2436/6246/7676 2451/6381/7677 2450/6382/7678 2448/6383/7675
f 2434/6384/7526 2432/6361/7525 2454/6385/7679 2421/6386/7680 2412/6387/7679 2438/6212/7622 2439/6211/7526
f 2440/6335/7681 2427/6334/7682 2415/6388/7683 2456/6389/7684
o MeshBody4_(35)_MeshBody4_(35).001
v 2.371727 1.312953 0.166101
v 2.371727 1.309519 0.170234
v 2.374477 1.311507 0.165487
v 2.374477 1.298655 0.174214
v 2.374477 1.297133 0.171465
v 2.371727 1.313559 0.162604
v 2.368979 1.312004 0.162643
v 2.368979 1.308598 0.168935
v 2.371727 1.299420 0.175588
v 2.374477 1.308577 0.164278
v 2.371727 1.294788 0.170365
v 2.371727 1.312488 0.158664
v 2.368979 1.311097 0.159410
v 2.371727 1.293853 0.176155
v 2.374477 1.311097 0.159410
v 2.374477 1.291289 0.173633
v 2.368979 1.297133 0.171465
v 2.368979 1.293045 0.171244
v 2.368979 1.294070 0.174720
v 2.370435 1.307093 0.161546
v 2.371724 1.304098 0.160033
v 2.371724 1.306863 0.164784
v 2.374477 1.288810 0.171338
v 2.368979 1.288810 0.171338
v 2.368979 1.305481 0.158868
v 2.368979 1.306116 0.155765
v 2.371727 1.306452 0.154203
v 2.374477 1.305481 0.158868
v 2.371727 1.287419 0.172085
v 2.374477 1.306116 0.155765
v 2.368565 1.307990 0.164183
v 2.366210 1.306153 0.165164
v 2.371717 1.301272 0.161547
v 2.374945 1.301854 0.161234
v 2.371717 1.304121 0.166249
v 2.373711 1.307555 0.161299
v 2.368979 1.290811 0.168081
v 2.374477 1.290811 0.168081
v 2.368494 1.301864 0.161229
v 2.362917 1.308362 0.160867
v 2.365031 1.303826 0.163294
v 2.367846 1.302009 0.164266
v 2.375589 1.301997 0.164271
v 2.378414 1.303814 0.163300
v 2.371727 1.286007 0.165312
v 2.368979 1.287657 0.165745
v 2.374477 1.287657 0.165745
v 2.374477 1.292573 0.164701
v 2.371727 1.293594 0.165937
v 2.368979 1.292573 0.164701
v 2.368979 1.290524 0.162235
v 2.374477 1.290524 0.162235
v 2.364498 1.320010 0.157750
v 2.369238 1.318448 0.155473
v 2.364498 1.317654 0.152783
v 2.364498 1.307153 0.158396
v 2.377238 1.306143 0.165169
v 2.380557 1.318956 0.155200
v 2.378975 1.320008 0.157752
v 2.378975 1.317652 0.152784
v 2.374235 1.318453 0.155470
v 2.366171 1.324089 0.156201
v 2.364947 1.323890 0.153347
v 2.368618 1.322216 0.156899
v 2.366171 1.321804 0.151200
v 2.368618 1.319900 0.151915
v 2.378505 1.323895 0.153346
v 2.374852 1.322202 0.156906
v 2.374852 1.319885 0.151919
v 2.367746 1.326012 0.152554
v 2.375002 1.325800 0.155561
v 2.375002 1.323545 0.150548
v 2.371725 1.326858 0.152238
v 2.371723 1.324254 0.150282
v 2.371718 1.323558 0.156399
v 2.371715 1.320928 0.154456
vt 0.763733 0.855560
vt 0.763733 0.855957
vt 0.763489 0.856110
vt 0.763428 0.855957
vt 0.763428 0.855652
vt 0.766235 0.856079
vt 0.765991 0.855774
vt 0.765991 0.854431
vt 0.766235 0.854370
vt 0.855896 0.584778
vt 0.855927 0.584351
vt 0.856049 0.584045
vt 0.856354 0.584167
vt 0.856232 0.584778
vt 0.492065 0.847351
vt 0.491760 0.847351
vt 0.491760 0.847595
vt 0.491516 0.848694
vt 0.491699 0.849121
vt 0.491272 0.849121
vt 0.491272 0.847473
vt 0.491760 0.846924
vt 0.492126 0.846863
vt 0.492676 0.847168
vt 0.492676 0.848999
vt 0.492432 0.849426
vt 0.492065 0.849182
vt 0.492310 0.848877
vt 0.492310 0.847839
vt 0.492371 0.847351
vt 0.845856 0.738464
vt 0.846039 0.738708
vt 0.845612 0.738770
vt 0.845520 0.738464
vt 0.832764 0.851501
vt 0.832275 0.851318
vt 0.832642 0.851196
vt 0.833130 0.851318
vt 0.833374 0.851746
vt 0.833374 0.853516
vt 0.832886 0.853882
vt 0.832275 0.853638
vt 0.831909 0.852051
vt 0.832275 0.851990
vt 0.832520 0.853149
vt 0.832520 0.853394
vt 0.832764 0.853455
vt 0.833130 0.853333
vt 0.833130 0.851807
vt 0.491821 0.849487
vt 0.514771 0.701294
vt 0.514832 0.700012
vt 0.515076 0.700012
vt 0.515137 0.701843
vt 0.514832 0.701782
vt 0.855652 0.534271
vt 0.855652 0.533875
vt 0.855896 0.533783
vt 0.855957 0.534576
vt 0.855652 0.534546
vt 0.504883 0.854614
vt 0.505188 0.854614
vt 0.505188 0.855896
vt 0.504883 0.856079
vt 0.504822 0.855591
vt 0.856201 0.533875
vt 0.856201 0.534210
vt 0.845612 0.738098
vt 0.846039 0.738159
vt 0.855164 0.811096
vt 0.854858 0.811157
vt 0.854736 0.810913
vt 0.789551 0.786743
vt 0.789551 0.786499
vt 0.789856 0.786621
vt 0.789795 0.787292
vt 0.789490 0.787292
vt 0.855957 0.533295
vt 0.856262 0.533478
vt 0.505432 0.854248
vt 0.505432 0.854614
vt 0.789551 0.788513
vt 0.789246 0.788513
vt 0.789246 0.786865
vt 0.856049 0.585449
vt 0.855835 0.585327
vt 0.855713 0.584778
vt 0.852295 0.513977
vt 0.852661 0.513916
vt 0.852356 0.514099
vt 0.851990 0.514038
vt 0.515381 0.849731
vt 0.515137 0.849854
vt 0.515015 0.848022
vt 0.515381 0.848083
vt 0.854248 0.835510
vt 0.854370 0.835693
vt 0.853821 0.835876
vt 0.854004 0.835571
vt 0.505432 0.856079
vt 0.851532 0.530090
vt 0.851959 0.529968
vt 0.851959 0.530457
vt 0.851471 0.530640
vt 0.789856 0.788940
vt 0.789551 0.789001
vt 0.515137 0.699463
vt 0.515381 0.699585
vt 0.515381 0.701294
vt 0.515381 0.701721
vt 0.763733 0.855225
vt 0.763123 0.855225
vt 0.763428 0.854858
vt 0.852722 0.527527
vt 0.853027 0.527222
vt 0.853455 0.527283
vt 0.853638 0.527649
vt 0.853882 0.528076
vt 0.853394 0.527893
vt 0.853088 0.527771
vt 0.852783 0.527954
vt 0.852356 0.528198
vt 0.781128 0.812653
vt 0.781494 0.812469
vt 0.781494 0.812820
vt 0.854980 0.835693
vt 0.854858 0.836853
vt 0.854980 0.837463
vt 0.854614 0.837036
vt 0.854614 0.835449
vt 0.851929 0.511902
vt 0.851685 0.512146
vt 0.851624 0.511841
vt 0.856354 0.585327
vt 0.491699 0.848877
vt 0.492126 0.848816
vt 0.855408 0.810791
vt 0.855103 0.810913
vt 0.855103 0.808472
vt 0.855408 0.808594
vt 0.855408 0.809021
vt 0.504883 0.854248
vt 0.491699 0.846741
vt 0.492126 0.846680
vt 0.856049 0.597717
vt 0.855927 0.597473
vt 0.856354 0.597595
vt 0.853088 0.529419
vt 0.853394 0.529480
vt 0.853271 0.529724
vt 0.852966 0.529541
vt 0.855164 0.811462
vt 0.854797 0.811462
vt 0.850098 0.854553
vt 0.850037 0.855835
vt 0.849731 0.855896
vt 0.849792 0.854248
vt 0.852722 0.512085
vt 0.852905 0.512085
vt 0.852234 0.512146
vt 0.852295 0.511841
vt 0.514832 0.699402
vt 0.851624 0.513977
vt 0.851562 0.514099
vt 0.851257 0.513916
vt 0.854797 0.810791
vt 0.854797 0.809021
vt 0.854797 0.808594
vt 0.853577 0.529541
vt 0.853882 0.529724
vt 0.853333 0.530029
vt 0.852722 0.529846
vt 0.765625 0.854370
vt 0.765625 0.856079
vt 0.855927 0.596619
vt 0.856049 0.596313
vt 0.856354 0.596436
vt 0.855713 0.533478
vt 0.851379 0.511597
vt 0.851929 0.511353
vt 0.852295 0.511414
vt 0.851196 0.512085
vt 0.850403 0.854248
vt 0.850403 0.855957
vt 0.854309 0.836975
vt 0.854370 0.837280
vt 0.851685 0.513489
vt 0.851990 0.513672
vt 0.852234 0.513489
vt 0.851196 0.513306
vt 0.856262 0.534912
vt 0.855957 0.535065
vt 0.515137 0.847473
vt 0.515381 0.847412
vt 0.853760 0.527466
vt 0.763489 0.854401
vt 0.763733 0.854523
vt 0.781799 0.812683
vt 0.782104 0.812500
vt 0.782104 0.812866
vt 0.855713 0.596985
vt 0.856232 0.597046
vn -0.1881 0.5893 -0.7857
vn -0.5387 0.4297 -0.7247
vn -0.5374 0.4299 -0.7256
vn -0.1884 0.5893 -0.7856
vn -0.1878 0.5897 -0.7855
vn 0.8668 -0.2351 -0.4397
vn 0.8670 -0.2347 -0.4396
vn 0.4836 0.8450 -0.2282
vn 0.4857 0.8612 0.1497
vn 0.4861 0.8611 0.1491
vn 0.4882 0.8404 -0.2353
vn 0.4888 0.8400 -0.2356
vn -1.0000 0.0000 -0.0000
vn -1.0000 0.0001 0.0000
vn -1.0000 -0.0007 -0.0000
vn -0.8208 -0.0576 0.5683
vn -0.8207 -0.0577 0.5684
vn -0.5395 -0.4309 0.7234
vn -0.5390 -0.4310 0.7237
vn 1.0000 0.0000 -0.0001
vn 1.0000 0.0000 -0.0000
vn 1.0000 -0.0007 -0.0000
vn 1.0000 -0.0001 -0.0000
vn 1.0000 -0.0002 -0.0001
vn 1.0000 -0.0002 -0.0000
vn 1.0000 0.0002 -0.0000
vn -0.8667 -0.2353 -0.4399
vn -0.8669 -0.2350 -0.4396
vn -0.8667 -0.2353 -0.4398
vn -0.8094 0.1172 -0.5755
vn -0.8059 0.1024 -0.5831
vn -0.4764 -0.5970 0.6455
vn -0.4758 -0.5977 0.6453
vn -0.4683 -0.5991 0.6494
vn -0.4580 -0.3231 0.8282
vn -0.4584 -0.3232 0.8279
vn -0.4961 0.4108 0.7649
vn -0.4977 0.4095 0.7646
vn -0.4707 0.1528 0.8690
vn -0.4833 0.1341 0.8651
vn -0.4968 0.4105 0.7646
vn 0.4584 -0.3230 0.8280
vn 0.4760 -0.5919 0.6505
vn 0.4681 -0.5987 0.6499
vn 0.4578 -0.3236 0.8281
vn 0.5405 -0.4242 0.7265
vn 0.5407 -0.4236 0.7268
vn 0.5631 -0.4162 0.7140
vn 0.4884 -0.8541 -0.1788
vn 0.4950 -0.8541 -0.1598
vn -0.4865 0.8606 0.1504
vn -0.4854 0.8615 0.1493
vn -0.4879 0.6676 0.5623
vn -0.4892 0.6666 0.5624
vn -0.4810 0.6732 0.5616
vn 0.5031 -0.7856 0.3601
vn 0.5199 -0.8527 -0.0515
vn 0.4966 -0.7897 0.3602
vn 0.4978 -0.7894 0.3592
vn 0.5108 0.8563 0.0764
vn 0.5138 0.8553 0.0661
vn 0.5092 0.8570 0.0796
vn 0.4964 0.4068 0.7669
vn 0.4964 0.4067 0.7669
vn 0.4970 0.4067 0.7665
vn 0.4794 0.6708 0.5658
vn 0.4875 0.6708 0.5589
vn -0.4965 0.3285 -0.8035
vn -0.4883 0.6568 -0.5746
vn -0.4883 0.6560 -0.5755
vn -0.4943 0.6577 -0.5685
vn 0.5265 -0.8464 -0.0805
vn 0.5204 -0.8503 -0.0787
vn 0.1776 -0.9841 0.0095
vn 0.1778 -0.9840 0.0085
vn 0.8053 -0.0657 0.5892
vn 0.8058 -0.0659 0.5885
vn 0.8668 0.2352 0.4397
vn 0.8668 0.2351 0.4397
vn -0.4940 -0.6354 -0.5934
vn -0.4943 -0.6349 -0.5937
vn -0.4804 -0.6563 -0.5818
vn -0.4812 -0.6559 -0.5816
vn 0.4961 0.4102 0.7653
vn 0.4972 0.4101 0.7646
vn 0.4979 0.4101 0.7641
vn 0.4970 0.7939 -0.3504
vn 0.4969 0.7939 -0.3504
vn 0.4742 0.6192 -0.6259
vn 0.4758 0.6171 -0.6268
vn -0.4970 0.4067 0.7665
vn -0.4548 0.0975 0.8852
vn -0.4644 0.0903 0.8810
vn -0.4980 0.4065 0.7660
vn -0.4974 0.4066 0.7663
vn -0.8073 -0.0621 0.5868
vn -0.8075 -0.0621 0.5866
vn -0.8078 -0.0627 0.5862
vn -0.8265 0.4615 0.3223
vn -0.8265 0.4616 0.3222
vn 0.1903 0.5888 -0.7856
vn 0.1902 0.5892 -0.7853
vn 0.1899 0.5885 -0.7858
vn 0.5371 0.4381 -0.7208
vn 0.5315 0.4348 -0.7270
vn 0.0002 0.3499 0.9368
vn -0.0000 0.3498 0.9368
vn 0.0001 0.3496 0.9369
vn -0.0128 0.3593 0.9332
vn -0.0114 0.3590 0.9332
vn -0.0001 0.3496 0.9369
vn -0.0006 0.3496 0.9369
vn 0.0094 0.3752 0.9269
vn -0.0030 0.3538 0.9353
vn 0.1634 0.4999 -0.8505
vn 0.1647 0.5002 -0.8501
vn 0.1718 0.5020 -0.8476
vn 0.4972 -0.4082 -0.7656
vn 0.4660 0.3155 -0.8266
vn 0.4645 0.3211 -0.8253
vn 0.4976 -0.4083 -0.7653
vn 0.4768 -0.6423 -0.6001
vn 0.4767 -0.6424 -0.6001
vn 0.4918 -0.6516 -0.5775
vn 0.1961 -0.9747 -0.1068
vn 0.1919 -0.9759 -0.1038
vn 0.1927 -0.9757 -0.1044
vn 0.4889 0.6597 -0.5707
vn 0.4943 0.6535 -0.5733
vn 0.4965 0.3251 -0.8048
vn 0.4926 0.3273 -0.8064
vn -0.4971 0.7938 -0.3503
vn -0.4970 0.7939 -0.3503
vn -0.4785 -0.1227 -0.8694
vn -0.4816 -0.1206 -0.8681
vn -0.4923 -0.6762 -0.5481
vn -0.4961 -0.6728 -0.5489
vn -0.4974 -0.4112 -0.7639
vn -0.5139 0.8542 0.0788
vn -0.5149 0.8539 0.0758
vn -0.5108 0.8572 0.0661
vn -0.4812 0.8443 -0.2360
vn -0.4810 0.8442 -0.2366
vn -0.4868 0.8432 -0.2279
vn -0.4884 0.8421 -0.2287
vn -0.5058 -0.3714 0.7786
vn -0.5066 -0.3651 0.7810
vn -0.5030 -0.3721 0.7801
vn -0.5359 0.8401 0.0839
vn -0.5358 0.8402 0.0839
vn -0.5192 0.8504 0.0850
vn -0.5196 0.8502 0.0848
vn 0.4854 -0.6689 0.5630
vn 0.4854 -0.6688 0.5631
vn 0.4983 -0.6439 0.5806
vn 0.4982 -0.6441 0.5805
vn -0.8669 0.2350 0.4396
vn -0.8669 0.2351 0.4396
vn 0.8133 -0.5163 -0.2684
vn 0.8664 -0.2353 -0.4404
vn 0.8668 -0.2353 -0.4397
vn 0.8164 -0.5199 -0.2514
vn -0.8298 -0.4525 -0.3265
vn -0.8349 -0.4447 -0.3244
vn -0.8297 -0.4525 -0.3268
vn -0.8120 -0.5202 -0.2649
vn -0.8220 -0.5086 -0.2560
vn -0.8222 -0.5084 -0.2559
vn -0.8120 -0.5200 -0.2650
vn -0.1798 -0.9837 0.0087
vn -0.1800 -0.9836 0.0084
vn -0.5299 -0.8448 -0.0743
vn -0.5217 -0.8496 -0.0778
vn 0.4813 -0.1220 -0.8680
vn 0.4919 -0.6746 -0.5505
vn 0.4901 -0.6749 -0.5517
vn 0.4962 -0.6737 -0.5476
vn 0.4787 -0.1205 -0.8697
vn 0.0000 0.4716 0.8818
vn 0.0001 0.4716 0.8818
vn 0.8667 0.2353 0.4398
vn 0.8667 0.2353 0.4397
vn 0.5064 -0.3687 0.7795
vn 0.5068 -0.3700 0.7787
vn 0.4999 -0.3691 0.7835
vn -0.5033 -0.7862 0.3585
vn -0.5207 -0.8520 -0.0550
vn -0.5205 -0.8521 -0.0541
vn -0.4977 -0.7874 0.3639
vn -0.0001 -0.3511 -0.9364
vn -0.0002 -0.3511 -0.9363
vn -0.0116 -0.3606 -0.9326
vn -0.0119 -0.3605 -0.9327
vn 0.0002 -0.3509 -0.9364
vn 0.0002 -0.3508 -0.9365
vn 0.0094 -0.3764 -0.9264
vn -0.0045 -0.3553 -0.9348
vn -0.8668 -0.2352 -0.4396
vn -0.8667 -0.2354 -0.4398
vn -0.8669 -0.2352 -0.4396
vn -0.4709 -0.1211 -0.8738
vn -0.4520 -0.1537 -0.8787
vn -0.4709 -0.1210 -0.8739
vn -0.0001 -0.4716 -0.8818
vn -0.0001 -0.4717 -0.8818
vn -0.0001 -0.4715 -0.8819
vn -0.0000 -0.4714 -0.8819
vn -0.0000 -0.4715 -0.8819
vn 0.4658 0.0969 0.8796
vn 0.4568 0.0905 0.8849
vn 0.4558 0.0901 0.8855
vn 0.4650 0.0952 0.8802
vn 0.8259 0.4636 0.3208
vn 0.8256 0.4637 0.3214
vn 0.8257 0.4640 0.3209
vn -0.5600 0.8078 0.1841
vn 0.8019 0.1137 -0.5865
vn 0.8135 0.1125 -0.5706
vn 0.8133 0.1129 -0.5708
vn 0.8020 0.1135 -0.5864
vn -0.4967 -0.4083 -0.7659
vn -0.4959 -0.4087 -0.7662
vn -0.4973 -0.4076 -0.7659
vn -0.4980 -0.4078 -0.7654
vn 0.1812 -0.5847 0.7907
vn 0.1827 -0.5856 0.7898
vn 0.1818 -0.5850 0.7904
vn 0.5217 0.8493 0.0808
vn 0.5215 0.8494 0.0808
vn 0.5325 0.8415 0.0914
vn -0.1707 -0.4899 0.8549
vn 0.1650 -0.4899 0.8560
vn 0.1698 -0.4917 0.8540
vn 0.1664 -0.4884 0.8566
vn -0.1684 -0.4908 0.8549
vn -0.1689 -0.4924 0.8538
usemtl Steel_-_Satin.001
s 1
f 2560/6390/7685 2551/6391/7686 2549/6392/7687 2556/6393/7688 2559/6394/7689
f 2552/6395/7690 2540/6396/7691 2506/6397/7690 2511/6398/7690
f 2498/6399/7692 2492/6400/7693 2487/6401/7694 2489/6402/7695 2501/6403/7696
f 2506/6404/7697 2517/6405/7697 2518/6406/7697 2503/6407/7697 2504/6408/7697 2505/6409/7697 2494/6410/7697 2493/6411/7697 2499/6412/7697 2512/6413/7697 2537/6414/7697 2532/6415/7698 2523/6416/7698 2536/6417/7699 2525/6418/7697 2511/6419/7697
f 2562/6420/7700 2547/6421/7701 2554/6422/7702 2561/6423/7703
f 2524/6424/7704 2502/6425/7704 2509/6426/7705 2533/6427/7705 2538/6428/7706 2516/6429/7707 2501/6430/7708 2489/6431/7709 2490/6432/7707 2491/6433/7705 2543/6434/7709 2496/6435/7709 2522/6436/7709 2514/6437/7710 2534/6438/7705
f 2510/6439/7697 2504/6408/7697 2523/6416/7698 2532/6415/7698
f 2541/6440/7711 2542/6441/7712 2526/6442/7713 2549/6443/7714 2551/6444/7715
f 2504/6445/7716 2510/6446/7717 2515/6447/7718 2500/6448/7719 2505/6449/7720
f 2536/6450/7721 2535/6451/7722 2507/6452/7723 2511/6453/7724 2525/6454/7725
f 2500/6448/7726 2515/6447/7727 2509/6455/7728 2502/6456/7729
f 2561/6423/7730 2550/6457/7731 2540/6458/7732
f 2506/6459/7733 2522/6460/7734 2496/6461/7734
f 2487/6462/7735 2492/6463/7736 2493/6464/7737 2494/6465/7738 2488/6466/7739
f 2515/6447/7740 2531/6467/7741 2533/6468/7742 2509/6455/7743
f 2524/6469/7744 2534/6470/7745 2535/6451/7746
f 2488/6466/7747 2495/6471/7748 2490/6472/7749 2489/6473/7750 2487/6462/7751
f 2513/6474/7752 2512/6475/7753 2499/6476/7754 2498/6399/7755
f 2520/6477/7756 2530/6478/7757 2529/6479/7758 2519/6480/7759
f 2543/6481/7760 2530/6482/7761 2544/6483/7762 2545/6484/7763
f 2506/6485/7764 2508/6486/7765 2518/6487/7766 2517/6488/7767
f 2535/6451/7768 2534/6470/7769 2514/6489/7770 2507/6452/7769
f 2524/6490/7771 2535/6491/7772 2497/6492/7773 2502/6493/7774
f 2494/6465/7775 2505/6494/7776 2500/6495/7777 2495/6471/7778 2488/6466/7779
f 2526/6442/7780 2527/6496/7781 2518/6497/7782 2539/6498/7783 2548/6499/7783 2549/6443/7784
f 2558/6500/7785 2560/6390/7786 2559/6394/7787 2557/6501/7788 2553/6502/7789
f 2557/6503/7790 2559/6504/7791 2556/6505/7792 2548/6506/7793 2539/6507/7794 2550/6508/7795 2561/6509/7796 2554/6510/7797 2545/6511/7798
f 2506/6512/7799 2507/6513/7800 2511/6514/7801
f 2543/6515/7802 2491/6516/7803 2502/6517/7804 2497/6518/7805 2508/6486/7806 2506/6485/7807 2496/6519/7808
f 2562/6520/7809 2540/6521/7810 2552/6522/7811
f 2498/6399/7812 2501/6403/7813 2516/6523/7814 2513/6474/7815
f 2523/6416/7816 2504/6408/7817 2497/6524/7817 2535/6525/7817
f 2512/6526/7818 2513/6527/7819 2531/6528/7820 2532/6529/7821 2537/6530/7822
f 2535/6451/7823 2536/6450/7824 2523/6531/7825
f 2499/6412/7826 2493/6411/7827 2492/6532/7828 2498/6533/7829
f 2527/6534/7830 2528/6535/7831 2518/6536/7832
f 2522/6537/7833 2506/6538/7834 2508/6539/7835 2496/6540/7836
f 2506/6459/7837 2507/6541/7838 2514/6542/7839 2522/6460/7840
f 2547/6543/7841 2522/6544/7841 2496/6545/7842 2554/6546/7842
f 2520/6477/7843 2546/6547/7844 2544/6548/7845 2530/6478/7846
f 2547/6549/7847 2562/6520/7848 2555/6550/7849
f 2526/6442/7850 2542/6441/7851 2525/6551/7852 2527/6496/7853
f 2525/6552/7854 2519/6480/7855 2528/6553/7856 2527/6554/7857
f 2516/6555/7858 2538/6556/7859 2533/6557/7860 2531/6528/7861 2513/6527/7862
f 2517/6558/7863 2550/6508/7864 2539/6507/7863 2518/6559/7863 2521/6560/7864 2543/6561/7863 2545/6511/7864 2554/6510/7864 2496/6540/7863 2508/6539/7863
f 2517/6562/7865 2506/6397/7865 2540/6396/7865 2550/6563/7866
f 2529/6564/7867 2530/6565/7868 2543/6566/7869
f 2510/6446/7870 2532/6567/7871 2531/6467/7872 2515/6447/7873
f 2502/6425/7705 2491/6433/7705 2490/6432/7707
f 2551/6568/7874 2560/6569/7875 2558/6570/7876 2546/6547/7877 2555/6550/7878 2562/6520/7879 2552/6522/7880 2541/6571/7881
f 2522/6544/7882 2547/6543/7883 2555/6572/7882 2514/6573/7884
f 2503/6574/7885 2497/6518/7886 2504/6575/7887
f 2541/6571/7888 2552/6522/7889 2511/6576/7888 2507/6577/7889 2514/6578/7890 2555/6550/7891 2546/6547/7888 2520/6477/7888 2519/6480/7891 2525/6552/7888 2542/6579/7892
f 2490/6580/7893 2495/6581/7894 2500/6448/7895 2502/6456/7896
f 2545/6484/7897 2544/6483/7897 2553/6582/7898 2557/6583/7899
f 2556/6505/7900 2549/6584/7900 2548/6506/7900
f 2544/6585/7901 2546/6586/7902 2558/6500/7903 2553/6502/7904
f 2508/6486/7905 2497/6518/7906 2503/6574/7907 2518/6487/7908
f 2562/6420/7909 2561/6423/7910 2540/6458/7911
f 2517/6587/7912 2508/6588/7913 2506/6589/7914
f 2528/6535/7915 2519/6590/7916 2529/6564/7917 2543/6566/7918 2521/6591/7919 2518/6536/7920
o MeshBody4_(36)_MeshBody4_(36).001
v 2.374477 1.283762 0.185659
v 2.371727 1.286764 0.181767
v 2.371727 1.284961 0.186689
v 2.371727 1.286373 0.178101
v 2.371727 1.277695 0.194352
v 2.374477 1.282409 0.181082
v 2.371727 1.271645 0.190875
v 2.371727 1.284458 0.174376
v 2.368979 1.283394 0.175511
v 2.368979 1.276525 0.193306
v 2.368979 1.282558 0.183371
v 2.371727 1.272777 0.196429
v 2.371727 1.280912 0.180894
v 2.374477 1.283394 0.175511
v 2.374477 1.269485 0.194944
v 2.368979 1.274194 0.191197
v 2.371724 1.277175 0.178108
v 2.374477 1.279706 0.176691
v 2.368979 1.268462 0.191391
v 2.374477 1.266336 0.193661
v 2.368979 1.269485 0.194944
v 2.368979 1.277950 0.173209
v 2.371727 1.277887 0.171517
v 2.371727 1.265273 0.194796
v 2.374477 1.277950 0.173209
v 2.369744 1.280683 0.178387
v 2.366210 1.280478 0.182615
v 2.371717 1.274970 0.180449
v 2.371717 1.278954 0.184238
v 2.368979 1.264069 0.191433
v 2.374477 1.267133 0.190006
v 2.371727 1.262519 0.192176
v 2.374477 1.275601 0.177829
v 2.367658 1.283422 0.179470
v 2.368565 1.278082 0.177146
v 2.362917 1.281299 0.177731
v 2.365031 1.277827 0.181425
v 2.371714 1.275896 0.183476
v 2.378414 1.277817 0.181435
v 2.374945 1.279378 0.183787
v 2.380555 1.281289 0.177742
v 2.378975 1.279558 0.175585
v 2.371727 1.261606 0.189058
v 2.371727 1.268450 0.188522
v 2.374477 1.263342 0.188886
v 2.374477 1.267716 0.186242
v 2.368979 1.267716 0.186242
v 2.368979 1.264982 0.184566
v 2.371727 1.263610 0.183734
v 2.369238 1.290001 0.170689
v 2.366210 1.276604 0.178715
v 2.364498 1.288782 0.168250
v 2.364498 1.279563 0.175580
v 2.378975 1.283228 0.179679
v 2.380557 1.290509 0.170417
v 2.378975 1.288780 0.168251
v 2.375815 1.288525 0.168387
v 2.364947 1.295145 0.167937
v 2.368618 1.294059 0.171614
v 2.366171 1.292711 0.166140
v 2.368618 1.290913 0.167105
v 2.378505 1.295150 0.167934
v 2.374852 1.294045 0.171621
v 2.373633 1.291580 0.169844
v 2.367746 1.297138 0.166870
v 2.375002 1.297404 0.169832
v 2.375002 1.294356 0.165257
v 2.371725 1.297932 0.166446
v 2.371723 1.295026 0.164896
v 2.371718 1.292201 0.166412
v 2.371718 1.295311 0.170946
vt 0.817200 0.854614
vt 0.817505 0.854858
vt 0.817505 0.855286
vt 0.817261 0.854980
vt 0.782715 0.812469
vt 0.783081 0.812790
vt 0.782715 0.812790
vt 0.856018 0.619720
vt 0.855713 0.619324
vt 0.856018 0.618927
vt 0.856323 0.618958
vt 0.856323 0.619324
vt 0.851929 0.549805
vt 0.851624 0.549561
vt 0.851440 0.549011
vt 0.851624 0.549011
vt 0.852051 0.549316
vt 0.852417 0.520447
vt 0.852112 0.520325
vt 0.851624 0.520569
vt 0.851868 0.520203
vt 0.852112 0.519958
vt 0.852722 0.520142
vt 0.792297 0.852966
vt 0.792847 0.852417
vt 0.792847 0.852844
vt 0.853378 0.779724
vt 0.853771 0.779114
vt 0.853844 0.779541
vt 0.853680 0.779846
vt 0.851746 0.522400
vt 0.851318 0.521790
vt 0.851807 0.520691
vt 0.851685 0.521790
vt 0.852112 0.522217
vt 0.852539 0.521912
vt 0.852417 0.520691
vt 0.852844 0.521973
vt 0.852417 0.522583
vt 0.790527 0.815735
vt 0.790222 0.815857
vt 0.790161 0.813904
vt 0.790466 0.813904
vt 0.798218 0.851440
vt 0.798401 0.850891
vt 0.798828 0.850830
vt 0.798462 0.852661
vt 0.798279 0.852661
vt 0.854309 0.735596
vt 0.854614 0.735779
vt 0.854309 0.736023
vt 0.790527 0.813354
vt 0.790222 0.813354
vt 0.789917 0.815735
vt 0.789917 0.813538
vt 0.854736 0.790710
vt 0.854431 0.790771
vt 0.854187 0.790649
vt 0.854187 0.790527
vt 0.854492 0.790405
vt 0.853271 0.559143
vt 0.853088 0.558838
vt 0.853516 0.558838
vt 0.817444 0.853638
vt 0.817139 0.853577
vt 0.855652 0.840210
vt 0.855286 0.840149
vt 0.855164 0.839722
vt 0.855042 0.838440
vt 0.855347 0.838440
vt 0.838989 0.855835
vt 0.838928 0.855225
vt 0.839325 0.855225
vt 0.839325 0.855957
vt 0.817139 0.854675
vt 0.817505 0.854736
vt 0.854492 0.734375
vt 0.854797 0.734375
vt 0.854736 0.734741
vt 0.854187 0.734436
vt 0.855103 0.734741
vt 0.854858 0.736267
vt 0.854004 0.791321
vt 0.854309 0.791321
vt 0.853176 0.780396
vt 0.853020 0.780151
vt 0.853184 0.779602
vt 0.816650 0.854919
vt 0.816895 0.855103
vt 0.852295 0.549988
vt 0.852356 0.549805
vt 0.852966 0.549622
vt 0.853027 0.549744
vt 0.819946 0.749512
vt 0.820190 0.749023
vt 0.820435 0.749512
vt 0.855347 0.837891
vt 0.855652 0.838013
vt 0.854431 0.793091
vt 0.854004 0.793030
vt 0.854004 0.792542
vt 0.854309 0.792542
vt 0.513672 0.855957
vt 0.513489 0.855652
vt 0.513428 0.854370
vt 0.513672 0.854187
vt 0.792297 0.854187
vt 0.792664 0.854370
vt 0.852173 0.519775
vt 0.852844 0.520020
vt 0.821228 0.851379
vt 0.821655 0.851135
vt 0.821655 0.852844
vt 0.821228 0.852600
vt 0.817444 0.853333
vt 0.821960 0.850952
vt 0.821716 0.851440
vt 0.850525 0.524841
vt 0.850525 0.525513
vt 0.850220 0.525391
vt 0.850220 0.524841
vt 0.513123 0.854492
vt 0.513062 0.854065
vt 0.513123 0.855896
vt 0.820435 0.749084
vt 0.854614 0.734192
vt 0.855103 0.734314
vt 0.851440 0.520142
vt 0.851746 0.519897
vt 0.851196 0.521790
vt 0.851196 0.520691
vt 0.816895 0.853699
vt 0.816833 0.853394
vt 0.855713 0.618652
vt 0.856018 0.618530
vt 0.853508 0.780396
vt 0.856018 0.618317
vt 0.856323 0.618469
vt 0.514343 0.801788
vt 0.514099 0.801552
vt 0.514343 0.801117
vt 0.514343 0.801201
vt 0.853268 0.779297
vt 0.792969 0.854431
vt 0.851501 0.547913
vt 0.851746 0.547424
vt 0.853088 0.558472
vt 0.853516 0.558289
vt 0.821411 0.850891
vt 0.821960 0.850647
vt 0.822327 0.850708
vt 0.822754 0.851379
vt 0.822754 0.852600
vt 0.822266 0.853088
vt 0.821960 0.853333
vt 0.821411 0.853088
vt 0.821960 0.852966
vt 0.822266 0.852661
vt 0.822449 0.851379
vt 0.822144 0.851257
vt 0.852112 0.547302
vt 0.852478 0.547180
vt 0.853027 0.547363
vt 0.514313 0.821594
vt 0.514099 0.821228
vt 0.514313 0.821167
vt 0.854736 0.793091
vt 0.854614 0.792542
vt 0.855042 0.838013
vt 0.785767 0.830933
vt 0.785767 0.831299
vt 0.785583 0.830994
vt 0.855225 0.805481
vt 0.855225 0.806030
vt 0.854797 0.805725
vt 0.799866 0.853027
vt 0.799683 0.852539
vt 0.799500 0.851196
vt 0.799133 0.851074
vt 0.798828 0.851196
vt 0.798950 0.852783
vt 0.798950 0.853210
vt 0.799133 0.850525
vt 0.799561 0.850586
vt 0.799866 0.850830
vt 0.514343 0.804260
vt 0.514343 0.804871
vt 0.514099 0.804565
vt 0.780823 0.812471
vt 0.780823 0.812811
vt 0.780518 0.812777
vt 0.853844 0.780273
vt 0.792114 0.852539
vt 0.792175 0.851318
vt 0.792419 0.851013
vt 0.792969 0.850830
vt 0.821228 0.850830
vt 0.821533 0.850586
vt 0.821960 0.850525
vn 0.4926 0.4098 0.7677
vn 0.4821 0.3971 0.7810
vn 0.4827 0.3968 0.7807
vn 0.4933 0.4096 0.7674
vn -0.4918 0.6295 -0.6015
vn -0.4968 0.6324 -0.5943
vn -0.4915 0.6280 -0.6033
vn 0.4402 -0.0382 0.8971
vn 0.4644 -0.3196 0.8259
vn 0.4646 -0.3199 0.8257
vn 0.4497 -0.3371 0.8271
vn 0.4382 -0.0371 0.8981
vn 0.4525 0.8867 -0.0948
vn 0.4738 0.8269 0.3029
vn 0.4596 0.8303 0.3152
vn -1.0000 -0.0001 -0.0000
vn -1.0000 -0.0002 -0.0000
vn -1.0000 -0.0003 -0.0000
vn -0.5163 0.8429 -0.1514
vn -0.4931 0.8563 -0.1534
vn 0.1735 -0.2406 0.9550
vn 0.5147 -0.1495 0.8442
vn 0.1650 -0.2396 0.9567
vn 0.1651 -0.2386 0.9570
vn -1.0000 -0.0000 -0.0000
vn -1.0000 -0.0005 -0.0000
vn -0.4912 -0.3849 -0.7814
vn -0.4920 -0.3848 -0.7809
vn -0.4971 -0.6341 -0.5923
vn 0.8298 0.4995 0.2488
vn 0.8651 0.3121 0.3927
vn 0.8649 0.3123 0.3931
vn -0.4573 0.0427 -0.8883
vn -0.4558 0.0382 -0.8893
vn -0.4578 0.0401 -0.8882
vn -0.4974 -0.8113 -0.3071
vn -0.4981 -0.8107 -0.3077
vn -0.4950 -0.8129 -0.3068
vn -0.4946 -0.8133 -0.3063
vn 0.4907 -0.3846 -0.7818
vn 0.4910 -0.3856 -0.7812
vn 0.4940 -0.8129 -0.3085
vn 0.4969 -0.8121 -0.3058
vn 0.4969 -0.6342 -0.5923
vn 0.5342 0.3206 -0.7822
vn 0.5243 0.3191 -0.7895
vn 0.1860 0.4613 -0.8675
vn 0.1895 0.4617 -0.8665
vn 0.1861 0.4604 -0.8680
vn -0.4931 -0.4986 0.7129
vn -0.5018 -0.5141 0.6956
vn -0.4927 -0.4985 0.7132
vn 0.4981 0.6325 0.5932
vn 0.4984 0.6326 0.5928
vn 0.4966 0.6328 0.5941
vn 0.4962 0.6331 0.5942
vn -0.8037 0.0344 -0.5941
vn -0.8002 0.0187 -0.5995
vn -0.8684 -0.3086 -0.3882
vn -0.8683 -0.3086 -0.3882
vn 0.1605 0.9518 -0.2613
vn -0.1572 0.9522 -0.2618
vn -0.1573 0.9522 -0.2618
vn 0.4962 0.8536 -0.1586
vn 0.4959 0.8538 -0.1586
vn 0.5125 0.8470 -0.1412
vn -0.4676 -0.8159 -0.3401
vn -0.4845 -0.7972 -0.3602
vn -0.4837 -0.7977 -0.3601
vn -0.4680 -0.8157 -0.3402
vn 0.4970 -0.6313 -0.5954
vn 0.4559 0.0427 -0.8890
vn 0.4978 -0.6310 -0.5950
vn 0.4984 -0.6310 -0.5945
vn 0.8074 0.0302 -0.5892
vn 0.8072 0.0303 -0.5895
vn 0.7959 0.0286 -0.6047
vn 0.7961 0.0283 -0.6045
vn -0.5047 -0.8478 0.1632
vn -0.1730 -0.9432 0.2836
vn -0.1786 -0.9409 0.2878
vn -0.1741 -0.9432 0.2831
vn -0.4917 0.3946 0.7762
vn -0.4796 0.4130 0.7742
vn -0.4913 0.3947 0.7764
vn 0.4905 0.5328 -0.6896
vn 0.5047 0.5169 -0.6915
vn 0.5196 0.1023 -0.8483
vn 0.5162 0.1093 -0.8495
vn 0.4719 0.3627 -0.8036
vn 0.4719 0.3631 -0.8034
vn 0.4644 0.3825 -0.7988
vn -0.8166 0.1067 0.5673
vn -0.8160 0.1074 0.5680
vn -0.8171 0.0997 0.5678
vn -0.8301 0.4980 0.2509
vn 0.8053 -0.5867 -0.0846
vn 0.8007 -0.5883 -0.1130
vn 0.8002 -0.5890 -0.1132
vn 0.8049 -0.5873 -0.0849
vn 0.8645 -0.3131 -0.3932
vn 0.8647 -0.3130 -0.3928
vn -0.8648 -0.3129 -0.3926
vn -0.4903 0.5215 -0.6983
vn -0.5035 0.5281 -0.6838
vn -0.5197 0.1074 -0.8476
vn -0.0173 -0.6220 -0.7828
vn -0.0163 -0.6224 -0.7826
vn -0.0143 -0.6231 -0.7820
vn -0.0160 -0.6225 -0.7824
vn 0.5118 0.8341 -0.2058
vn 0.5155 0.8281 -0.2202
vn 0.5162 0.8277 -0.2200
vn 0.1998 -0.9784 0.0537
vn 0.1942 -0.9793 0.0571
vn 0.1952 -0.9792 0.0561
vn -0.4455 0.3584 0.8204
vn -0.4439 0.3598 0.8207
vn -0.4580 0.3458 0.8189
vn -0.4588 0.3456 0.8186
vn 0.8102 0.5775 0.1007
vn 0.8102 0.5775 0.1006
vn 0.8684 0.3091 0.3878
vn 0.4945 0.6278 -0.6011
vn 0.4918 0.6342 -0.5966
vn 0.4948 0.6270 -0.6018
vn 0.4643 -0.8072 -0.3643
vn 0.4658 -0.8819 0.0724
vn 0.4654 -0.8821 0.0725
vn 0.4813 -0.8092 -0.3371
vn 0.4806 -0.8095 -0.3371
vn -0.4704 0.7849 -0.4033
vn -0.4548 0.7852 -0.4203
vn -0.4526 0.8867 -0.0948
vn -0.4525 0.8867 -0.0948
vn -0.4704 0.7848 -0.4036
vn -0.4756 0.8223 0.3124
vn -0.4969 0.6299 0.5969
vn -0.4958 0.6307 0.5970
vn -0.4604 0.8337 0.3050
vn -0.4606 0.8335 0.3052
vn -0.5167 0.8313 -0.2048
vn -0.5114 0.8306 -0.2203
vn -0.5112 0.8308 -0.2203
vn 0.4557 0.7915 -0.4071
vn 0.4729 0.7768 -0.4159
vn 0.4726 0.7768 -0.4162
vn -0.4680 -0.3337 0.8183
vn -0.5069 -0.6042 0.6148
vn -0.4926 -0.5999 0.6305
vn -0.4496 -0.3229 0.8329
vn -0.5136 -0.1384 0.8468
vn -0.1746 -0.2378 0.9555
vn -0.1693 -0.2458 0.9544
vn -0.5072 -0.1554 0.8477
vn 0.5244 -0.8185 0.2348
vn 0.5291 -0.8143 0.2386
vn 0.4922 -0.6102 0.6208
vn 0.4924 -0.6103 0.6206
vn 0.5045 -0.5947 0.6259
vn -0.4983 0.6323 0.5932
vn -0.4984 0.6321 0.5934
vn -0.4965 0.6332 0.5938
vn -0.4966 0.6333 0.5936
vn -0.4967 -0.6315 -0.5954
vn -0.4963 -0.6317 -0.5955
vn -0.4977 -0.6310 -0.5951
vn -0.4983 -0.6305 -0.5951
vn 0.8685 -0.3085 -0.3880
vn 0.8686 -0.3090 -0.3875
vn 0.8680 -0.3092 -0.3885
vn 0.5300 -0.3084 0.7899
vn 0.5529 -0.3027 0.7763
vn 0.5535 -0.3027 0.7759
vn 0.5154 -0.8426 0.1563
vn 0.5076 -0.8434 0.1764
vn 0.1709 -0.9421 0.2886
vn 0.1754 -0.9426 0.2842
vn 0.8217 -0.0045 0.5700
vn 0.8020 -0.0134 0.5972
vn 0.8217 -0.0043 0.5700
vn -0.8685 0.3087 0.3878
vn 0.4980 0.6299 0.5961
vn 0.4968 0.6300 0.5969
vn 0.4455 0.3483 0.8247
vn 0.4619 0.3556 0.8125
vn 0.4952 -0.7224 0.4825
vn 0.4952 -0.7224 0.4826
vn 0.4706 -0.7627 0.4436
vn 0.4715 -0.7621 0.4438
vn 0.0001 -0.4731 -0.8810
vn 0.0001 -0.4730 -0.8810
vn 0.0143 -0.6221 -0.7828
vn -0.0001 -0.7271 -0.6866
vn 0.0004 -0.7278 -0.6858
vn 0.0001 -0.7277 -0.6859
vn 0.0004 -0.7273 -0.6863
vn -0.0000 -0.7275 -0.6861
vn -0.0010 -0.7279 -0.6857
vn 0.0151 -0.6226 -0.7824
vn 1.0000 0.0000 0.0000
vn 1.0000 0.0001 0.0000
vn -0.4675 -0.8796 0.0881
vn -0.4732 -0.8780 0.0719
vn 0.8122 0.1024 0.5744
vn 0.8170 0.0991 0.5681
vn 0.8171 0.0993 0.5678
vn 0.8127 0.1023 0.5736
vn -0.8143 -0.5724 -0.0958
vn -0.8143 -0.5725 -0.0958
vn -0.7965 -0.5956 -0.1042
vn -0.7961 -0.5962 -0.1042
vn -0.5294 -0.8159 0.2327
vn -0.5282 -0.8166 0.2326
vn -0.5251 -0.8167 0.2392
vn 0.1765 -0.4518 0.8745
vn 0.1759 -0.4524 0.8743
vn 0.1775 -0.4520 0.8742
vn -0.0007 0.7298 0.6836
vn 0.0157 0.6229 0.7821
vn -0.0001 0.4701 0.8826
vn -0.0149 0.6225 0.7825
vn -0.0001 0.7296 0.6838
vn 0.0003 0.7298 0.6836
vn -0.0156 0.6222 0.7827
vn 0.0003 0.4704 0.8825
vn -0.0003 0.4695 0.8829
vn -0.1797 -0.4514 0.8740
vn -0.1777 -0.4580 0.8710
vn -0.1813 -0.4510 0.8739
vn -0.5435 -0.2977 0.7849
vn -0.5281 -0.3159 0.7883
vn -0.5285 -0.3158 0.7880
vn 0.0001 0.7294 0.6841
vn 0.0002 0.7294 0.6841
vn 1.0000 0.0005 0.0001
vn 1.0000 -0.0008 -0.0001
vn 1.0000 -0.0004 -0.0000
vn 1.0000 0.0006 0.0000
vn 1.0000 0.0001 0.0001
vn -0.5340 0.3119 -0.7858
vn -0.5328 0.3124 -0.7865
vn -0.1870 0.4618 -0.8670
vn -0.1844 0.4626 -0.8672
vn -0.1843 0.4609 -0.8681
usemtl Steel_-_Satin.001
s 1
f 2590/6592/7921 2595/6593/7922 2580/6594/7923 2579/6595/7924
f 2569/6596/7925 2606/6597/7926 2581/6598/7927
f 2574/6599/7928 2583/6600/7929 2586/6601/7930 2582/6602/7931 2577/6603/7932
f 2566/6604/7933 2564/6605/7934 2565/6606/7934 2563/6607/7935 2568/6608/7933
f 2597/6609/7936 2588/6610/7937 2573/6611/7936 2596/6612/7937 2571/6613/7937 2584/6614/7938
f 2580/6615/7939 2602/6616/7940 2568/6617/7940
f 2600/6618/7941 2601/6619/7942 2602/6620/7943 2591/6621/7944
f 2583/6622/7945 2572/6623/7945 2573/6611/7936 2589/6624/7946 2578/6625/7945 2581/6626/7945 2609/6627/7946 2613/6628/7945 2597/6609/7936 2584/6614/7938 2610/6629/7945 2592/6630/7945
f 2584/6631/7947 2585/6632/7948 2611/6633/7949 2610/6634/7949
f 2617/6635/7950 2624/6636/7950 2628/6637/7950 2616/6638/7951 2603/6639/7952
f 2578/6640/7953 2569/6641/7954 2581/6642/7955
f 2592/6643/7956 2610/6634/7957 2611/6633/7958 2605/6644/7959
f 2585/6632/7960 2587/6645/7961 2607/6646/7962 2605/6644/7963 2611/6633/7964
f 2628/6647/7965 2624/6648/7966 2629/6649/7967 2631/6650/7968 2630/6651/7969
f 2597/6652/7970 2579/6653/7971 2588/6654/7972
f 2608/6655/7973 2595/6593/7974 2590/6592/7975 2606/6656/7976
f 2620/6657/7977 2622/6658/7978 2614/6659/7979 2615/6660/7979 2598/6661/7980
f 2588/6662/7981 2573/6663/7981 2591/6664/7981 2579/6665/7981
f 2580/6594/7982 2579/6595/7983 2591/6666/7983 2602/6667/7983
f 2589/6624/7984 2573/6611/7985 2588/6610/7986
f 2573/6668/7987 2575/6669/7988 2591/6670/7989 2589/6671/7990
f 2602/6672/7991 2577/6673/7992 2569/6641/7993 2591/6670/7994
f 2618/6674/7995 2629/6649/7996 2624/6648/7997 2617/6675/7998
f 2599/6676/7999 2613/6677/8000 2590/6678/8001 2600/6618/8002
f 2613/6679/8003 2590/6592/8004 2579/6595/8004 2597/6680/8005
f 2570/6681/8006 2576/6682/8007 2587/6683/8008 2585/6684/8009
f 2577/6685/8010 2593/6686/8011 2569/6687/8012
f 2598/6661/8013 2599/6688/8014 2589/6689/8015 2620/6657/8016
f 2601/6690/8017 2595/6691/8018 2604/6692/8019 2603/6693/8020
f 2623/6694/8021 2612/6695/8022 2588/6696/8022 2597/6697/8022
f 2619/6698/8023 2580/6615/8023 2626/6699/8023
f 2584/6614/8024 2571/6613/8024 2570/6700/8025 2585/6701/8026
f 2614/6702/8027 2623/6703/8028 2597/6704/8029 2615/6705/8030
f 2606/6656/8031 2593/6706/8032 2608/6655/8033
f 2632/6707/8034 2612/6708/8035 2623/6703/8036
f 2572/6709/8037 2583/6710/8038 2574/6711/8039 2567/6712/8040
f 2596/6713/8041 2589/6714/8042 2588/6696/8043 2612/6695/8043 2621/6715/8043
f 2606/6716/8044 2569/6687/8045 2593/6686/8046
f 2591/6670/8047 2575/6669/8048 2588/6717/8049 2568/6718/8050 2602/6672/8051
f 2570/6700/8052 2571/6613/8053 2596/6612/8054 2564/6719/8055 2566/6720/8056
f 2596/6612/8057 2573/6611/8058 2572/6623/8059 2567/6721/8058 2565/6722/8060 2564/6719/8061
f 2606/6656/8062 2609/6723/8063 2581/6724/8064
f 2570/6681/8065 2566/6604/8066 2576/6682/8067
f 2583/6600/8068 2592/6725/8069 2594/6726/8070 2586/6601/8071
f 2599/6676/8072 2600/6618/8073 2591/6621/8074 2589/6727/8075
f 2594/6726/8076 2605/6728/8077 2607/6729/8078 2582/6602/8079 2586/6601/8080
f 2606/6656/8081 2590/6592/8082 2613/6679/8083 2609/6723/8084
f 2591/6670/8085 2569/6641/8086 2578/6640/8087 2589/6671/8088
f 2618/6674/8089 2617/6675/8090 2603/6693/8091 2604/6692/8089
f 2633/6730/8092 2621/6731/8092 2623/6732/8093 2612/6733/8094
f 2595/6734/8095 2601/6619/8096 2600/6618/8097 2590/6678/8098
f 2623/6694/8099 2621/6715/8100 2612/6695/8101
f 2568/6617/8102 2625/6735/8102 2626/6699/8102 2580/6615/8102
f 2563/6607/8103 2565/6606/8104 2567/6736/8105 2574/6737/8106
f 2588/6654/8107 2579/6653/8108 2580/6738/8109 2568/6739/8110
f 2623/6703/8111 2614/6702/8112 2622/6740/8112 2631/6741/8111 2629/6742/8111 2618/6743/8113 2604/6744/8114 2595/6745/8115 2590/6746/8116 2613/6747/8117 2615/6705/8118 2597/6704/8119 2579/6748/8118 2580/6749/8120 2619/6750/8112 2626/6751/8111 2632/6707/8111
f 2587/6683/8121 2576/6682/8121 2566/6604/8121 2568/6608/8121 2563/6607/8121 2574/6737/8121 2577/6752/8121 2582/6753/8122 2607/6754/8121
f 2573/6755/8123 2588/6756/8124 2575/6757/8124
f 2602/6758/8125 2601/6690/8126 2603/6693/8127 2616/6759/8128
f 2615/6660/8129 2613/6760/8130 2599/6688/8131 2598/6661/8132
f 2592/6761/8133 2605/6762/8134 2594/6763/8135
f 2632/6764/8136 2633/6765/8137 2612/6766/8138
f 2589/6767/8139 2596/6768/8140 2621/6769/8141 2633/6770/8141 2625/6771/8142 2568/6772/8143 2602/6773/8144 2616/6638/8145 2628/6637/8146 2630/6774/8141 2627/6775/8141 2620/6776/8147
f 2633/6777/8148 2632/6778/8149 2626/6779/8150
f 2626/6780/8151 2625/6781/8152 2633/6782/8153
f 2591/6621/8154 2573/6783/8155 2589/6727/8155
f 2568/6617/8156 2580/6615/8157 2595/6784/8121 2608/6785/8158 2593/6786/8159 2577/6787/8160 2602/6616/8121
f 2622/6740/8161 2620/6788/8162 2627/6789/8163 2630/6790/8164 2631/6741/8165
o MeshBody4_(37)_MeshBody4_(37).001
v 2.368979 1.265335 0.203129
v 2.374477 1.265751 0.217425
v 2.374477 1.263631 0.206674
v 2.374477 1.262666 0.216613
v 2.371727 1.265582 0.200063
v 2.371727 1.267295 0.217820
v 2.374477 1.264035 0.200700
v 2.368979 1.261937 0.202454
v 2.374477 1.263676 0.220789
v 2.371727 1.260481 0.217485
v 2.371727 1.262683 0.197535
v 2.368979 1.261620 0.198669
v 2.368979 1.265751 0.217425
v 2.368979 1.263631 0.206674
v 2.371727 1.264747 0.221806
v 2.371727 1.260097 0.202825
v 2.374477 1.260239 0.219299
v 2.368979 1.261541 0.218628
v 2.371727 1.258566 0.196310
v 2.371724 1.262478 0.205369
v 2.374477 1.257952 0.222455
v 2.368979 1.261236 0.222066
v 2.368979 1.257952 0.222455
v 2.368979 1.255319 0.198308
v 2.371727 1.254492 0.196760
v 2.374477 1.257256 0.201401
v 2.371727 1.257789 0.223967
v 2.374477 1.255319 0.198308
v 2.369788 1.257430 0.202918
v 2.371717 1.256999 0.206468
v 2.377238 1.257281 0.204136
v 2.368979 1.256397 0.218826
v 2.374477 1.256397 0.218826
v 2.368979 1.253120 0.202278
v 2.362917 1.260274 0.201207
v 2.365031 1.259733 0.206134
v 2.367846 1.259516 0.208110
v 2.371714 1.259432 0.208874
v 2.375589 1.259515 0.208121
v 2.378414 1.259732 0.206148
v 2.380555 1.260273 0.201221
v 2.378975 1.257805 0.199898
v 2.374237 1.260337 0.200635
v 2.371727 1.251414 0.220664
v 2.368979 1.252706 0.219651
v 2.374477 1.252706 0.219651
v 2.374477 1.254643 0.215137
v 2.371727 1.256214 0.215269
v 2.368979 1.254643 0.215137
v 2.374477 1.251496 0.214898
v 2.367658 1.257842 0.199598
v 2.366210 1.257282 0.204125
v 2.364498 1.257805 0.199890
v 2.380557 1.267633 0.192266
v 2.378975 1.265253 0.190838
v 2.364947 1.271182 0.188492
v 2.368618 1.271384 0.192252
v 2.366171 1.268305 0.187563
v 2.368618 1.266908 0.189060
v 2.378505 1.271185 0.188488
v 2.374852 1.271374 0.192264
v 2.374852 1.266897 0.189073
v 2.367746 1.272707 0.186870
v 2.370540 1.268880 0.190940
v 2.375002 1.273905 0.189592
v 2.375002 1.269583 0.186194
v 2.371723 1.270104 0.185637
v 2.371723 1.274395 0.189075
v 2.371718 1.267909 0.187987
vt 0.811951 0.854980
vt 0.812012 0.855469
vt 0.811707 0.855469
vt 0.811707 0.853394
vt 0.812012 0.853516
vt 0.848328 0.538677
vt 0.848633 0.538494
vt 0.848633 0.538902
vt 0.853149 0.731567
vt 0.852844 0.731689
vt 0.852661 0.731323
vt 0.790222 0.846863
vt 0.790283 0.846191
vt 0.790619 0.846313
vt 0.790558 0.846863
vt 0.855347 0.741089
vt 0.855103 0.740784
vt 0.855652 0.740662
vt 0.855194 0.777466
vt 0.855438 0.777344
vt 0.855652 0.779053
vt 0.855377 0.779053
vt 0.848572 0.539242
vt 0.776245 0.855469
vt 0.776550 0.855469
vt 0.776245 0.856018
vt 0.504700 0.852173
vt 0.504822 0.853760
vt 0.505127 0.853882
vt 0.505432 0.853760
vt 0.505371 0.852295
vt 0.505737 0.852173
vt 0.505737 0.853882
vt 0.505188 0.854248
vt 0.504822 0.854248
vt 0.504333 0.853516
vt 0.504211 0.852295
vt 0.511871 0.855225
vt 0.512207 0.855133
vt 0.512329 0.855560
vt 0.512024 0.855743
vt 0.511932 0.855560
vt 0.853424 0.522583
vt 0.852844 0.522583
vt 0.853180 0.522095
vt 0.853516 0.522217
vt 0.512207 0.854507
vt 0.511841 0.854813
vt 0.511871 0.854462
vt 0.790619 0.848572
vt 0.790253 0.848511
vt 0.790100 0.848083
vt 0.790405 0.848083
vt 0.487610 0.851379
vt 0.487305 0.851318
vt 0.487244 0.850403
vt 0.487305 0.849976
vt 0.487610 0.849976
vt 0.853119 0.733032
vt 0.853516 0.732666
vt 0.853638 0.733154
vt 0.853485 0.733521
vt 0.853119 0.520996
vt 0.853699 0.520996
vt 0.853699 0.522461
vt 0.851990 0.849731
vt 0.851990 0.850098
vt 0.852051 0.851196
vt 0.852051 0.851807
vt 0.852356 0.851685
vt 0.852661 0.851440
vt 0.852661 0.850098
vt 0.852356 0.849609
vt 0.852783 0.849487
vt 0.853088 0.849731
vt 0.853088 0.851929
vt 0.852783 0.852173
vt 0.852356 0.852173
vt 0.851929 0.852173
vt 0.851685 0.851929
vt 0.853790 0.732788
vt 0.817017 0.855347
vt 0.816650 0.855591
vt 0.816711 0.855225
vt 0.800842 0.855347
vt 0.801086 0.855469
vt 0.800964 0.855713
vt 0.800720 0.855957
vt 0.854614 0.779694
vt 0.854675 0.780426
vt 0.854477 0.780396
vt 0.854416 0.779755
vt 0.855743 0.777100
vt 0.855591 0.747574
vt 0.855713 0.747192
vt 0.855835 0.747269
vt 0.855957 0.747635
vt 0.855957 0.748199
vt 0.855713 0.748016
vt 0.854996 0.780334
vt 0.854950 0.779724
vt 0.514343 0.820251
vt 0.514099 0.820068
vt 0.514343 0.819885
vt 0.854385 0.814148
vt 0.854370 0.813873
vt 0.854736 0.813843
vt 0.854736 0.814331
vt 0.811401 0.855469
vt 0.811401 0.853882
vt 0.811401 0.853638
vt 0.856140 0.753296
vt 0.855896 0.753296
vt 0.856140 0.752075
vt 0.855743 0.779297
vt 0.854401 0.554581
vt 0.854584 0.554581
vt 0.854584 0.555069
vt 0.854095 0.555069
vt 0.847778 0.855408
vt 0.847778 0.855774
vt 0.847168 0.855774
vt 0.847168 0.855408
vt 0.847473 0.855042
vt 0.816711 0.855957
vt 0.817017 0.855896
vt 0.854401 0.555252
vt 0.854584 0.555420
vt 0.776550 0.854370
vt 0.776245 0.854431
vt 0.854858 0.856018
vt 0.854492 0.855591
vt 0.854858 0.855530
vt 0.785873 0.818420
vt 0.785614 0.818420
vt 0.785690 0.817993
vt 0.776855 0.854370
vt 0.776794 0.855225
vt 0.854996 0.779419
vt 0.847778 0.856262
vt 0.847473 0.856201
vt 0.855347 0.740417
vt 0.855042 0.739319
vt 0.855347 0.739319
vt 0.855591 0.739197
vt 0.853973 0.733154
vt 0.853516 0.731567
vt 0.853607 0.731323
vt 0.853760 0.731079
vt 0.853973 0.731445
vt 0.852997 0.732056
vt 0.852753 0.733154
vt 0.852478 0.733154
vt 0.855591 0.753296
vt 0.855652 0.751953
vt 0.801086 0.855957
vt 0.851074 0.849121
vt 0.851074 0.848816
vt 0.851440 0.848816
vt 0.851562 0.849121
vt 0.808289 0.855682
vt 0.807922 0.855682
vt 0.808014 0.855347
vt 0.808319 0.855286
vt 0.785706 0.815552
vt 0.785645 0.815308
vt 0.785889 0.815247
vt 0.785889 0.815796
vt 0.852936 0.731079
vt 0.853180 0.731201
vt 0.851562 0.849426
vt 0.851074 0.849426
vt 0.855286 0.773438
vt 0.855286 0.774048
vt 0.854858 0.773926
vt 0.854919 0.773560
vt 0.808319 0.855927
vt 0.851440 0.851440
vt 0.851440 0.850220
vt 0.851624 0.849731
vt 0.776855 0.855591
vt 0.785828 0.816284
vt 0.785645 0.816040
vt 0.785828 0.815735
vt 0.854248 0.820618
vt 0.854492 0.820618
vt 0.854492 0.821167
vt 0.854248 0.821045
vt 0.512329 0.854156
vt 0.512024 0.854034
vt 0.855652 0.738770
vt 0.855103 0.739197
vt 0.504395 0.851929
vt 0.504944 0.851685
vt 0.505554 0.851807
vt 0.505188 0.851929
vt 0.815308 0.855286
vt 0.815308 0.855408
vt 0.815552 0.856018
vt 0.815186 0.856018
vt 0.856293 0.798584
vt 0.855789 0.797485
vt 0.855911 0.797119
vt 0.856293 0.797119
vt 0.856125 0.797485
vt 0.853333 0.730835
vt 0.853699 0.730835
vt 0.853149 0.733154
vt 0.854736 0.855225
vt 0.855225 0.557373
vt 0.854950 0.557617
vt 0.854431 0.557251
vt 0.854401 0.556763
vt 0.855225 0.555420
vt 0.854736 0.556763
vt 0.854828 0.557251
vn -0.4724 -0.7710 -0.4270
vn -0.4724 -0.7710 -0.4271
vn -0.5080 -0.7419 -0.4376
vn -0.4796 -0.8505 0.2161
vn -0.4794 -0.8505 0.2163
vn 0.1372 0.7232 -0.6768
vn 0.1388 0.7240 -0.6757
vn 0.1366 0.7234 -0.6768
vn -0.4157 0.8020 -0.4290
vn -0.4162 0.8017 -0.4290
vn 0.8084 -0.1611 -0.5662
vn 0.8080 -0.1605 -0.5669
vn 0.7895 -0.1702 -0.5897
vn 0.7895 -0.1709 -0.5895
vn 0.5632 -0.2323 -0.7930
vn 0.5676 -0.2312 -0.7902
vn 0.5599 -0.2333 -0.7951
vn -0.8665 -0.3855 -0.3172
vn -0.8015 -0.1547 -0.5776
vn -0.7959 -0.1829 -0.5772
vn -0.4621 0.6905 -0.5564
vn -0.4298 0.7032 -0.5663
vn -0.4305 0.7031 -0.5659
vn -0.4694 -0.0581 -0.8811
vn -0.4804 -0.0319 -0.8765
vn -0.4697 -0.0583 -0.8809
vn 0.0041 -0.7639 -0.6453
vn 0.0002 -0.7313 -0.6820
vn 0.0000 -0.7307 -0.6827
vn -0.0507 -0.7632 -0.6441
vn -0.0507 -0.7632 -0.6442
vn -0.0058 -0.7724 -0.6351
vn 0.0005 -0.7314 -0.6820
vn 0.0516 -0.7714 -0.6343
vn 0.0521 -0.7714 -0.6342
vn 0.1514 -0.6950 0.7029
vn 0.1514 -0.6946 0.7033
vn 0.4700 -0.6838 0.5581
vn 0.4580 -0.6716 0.5824
vn 0.1518 -0.6947 0.7031
vn -0.7867 0.5761 -0.2216
vn -0.7453 0.6163 -0.2544
vn -0.7455 0.6160 -0.2545
vn -0.7866 0.5763 -0.2218
vn -0.1620 -0.6954 0.7001
vn -0.1617 -0.6940 0.7016
vn -0.1570 -0.6974 0.6993
vn -0.4530 -0.6854 0.5702
vn -0.4529 -0.6854 0.5702
vn 0.7644 -0.5865 0.2678
vn 0.7567 -0.6101 0.2348
vn 0.7567 -0.6102 0.2348
vn 0.7644 -0.5865 0.2677
vn 0.4961 0.8655 0.0688
vn 0.4819 0.8730 0.0748
vn 0.4279 0.8695 -0.2465
vn 0.4258 0.8488 -0.3135
vn 0.4272 0.8701 -0.2456
vn -0.4836 0.2815 -0.8288
vn -0.4836 0.2817 -0.8287
vn -0.4771 0.2685 -0.8368
vn -0.4767 0.2689 -0.8369
vn -0.8657 0.3779 0.3282
vn -0.8013 0.1629 0.5757
vn -0.8529 -0.3987 -0.3370
vn -0.8515 -0.3692 -0.3724
vn -0.8503 -0.3916 -0.3516
vn -0.8658 0.3778 0.3281
vn 0.0000 0.7259 0.6878
vn -0.0520 0.7542 0.6546
vn 0.0008 0.9956 0.0940
vn -0.0001 0.9954 0.0954
vn 0.0001 0.9953 0.0964
vn 0.0040 0.7556 0.6550
vn -0.0004 0.7260 0.6877
vn -0.0000 0.7260 0.6877
vn 0.0002 0.7259 0.6878
vn -0.0006 0.7252 0.6886
vn 0.0001 0.9954 0.0963
vn -0.0000 0.9953 0.0966
vn 0.0000 0.9954 0.0955
vn 0.0005 0.9955 0.0944
vn -0.4811 0.6081 -0.6315
vn -0.4876 0.6167 -0.6180
vn -0.4812 0.6081 -0.6314
vn 0.4796 0.6203 -0.6206
vn 0.4855 0.6068 -0.6293
vn 0.4848 0.6071 -0.6296
vn 0.4080 -0.7491 0.5219
vn 0.4122 -0.7426 0.5279
vn 0.4107 -0.7438 0.5272
vn 0.4065 -0.7514 0.5198
vn 0.4991 -0.2110 0.8404
vn 0.5074 -0.5794 0.6378
vn 0.4787 -0.2333 0.8464
vn 0.4789 -0.2331 0.8463
vn -0.8318 0.5507 0.0697
vn -0.8372 0.3713 0.4015
vn -0.8386 0.3642 0.4050
vn 0.4783 0.5769 -0.6621
vn 0.4780 0.5774 -0.6619
vn 0.4924 0.5599 -0.6664
vn 0.4652 0.2397 -0.8522
vn 0.4652 0.2396 -0.8522
vn 0.4526 0.2543 -0.8547
vn -0.5084 -0.5846 0.6323
vn -0.5081 -0.5842 0.6329
vn -0.4813 -0.2137 0.8501
vn -0.4994 -0.2301 0.8353
vn 0.4404 -0.0986 -0.8924
vn 0.4401 -0.0986 -0.8925
vn 0.4538 0.4134 0.7895
vn 0.4575 0.4125 0.7877
vn 0.4574 0.4162 0.7858
vn 0.4527 0.4164 0.7885
vn 0.4781 -0.7566 -0.4461
vn 0.5090 -0.7530 -0.4171
vn 0.4793 -0.8506 0.2163
vn -0.4973 0.8613 0.1043
vn -0.4901 0.8656 0.1024
vn -0.4957 0.8622 0.1039
vn -0.5357 0.0445 -0.8432
vn -0.5273 0.0668 -0.8470
vn -0.5276 0.0670 -0.8468
vn -0.5145 -0.0501 0.8560
vn -0.5154 -0.0500 0.8555
vn -0.5355 -0.0272 0.8441
vn -0.5358 -0.0273 0.8439
vn 0.1888 0.1768 -0.9660
vn 0.1919 0.1756 -0.9656
vn 0.1907 0.1687 -0.9670
vn 0.5203 0.0537 -0.8523
vn 0.5190 0.0536 -0.8531
vn 0.4820 0.2681 -0.8342
vn 0.4827 0.2673 -0.8340
vn 0.4751 0.2839 -0.8329
vn 0.4747 0.2835 -0.8332
vn 0.2003 -0.9053 0.3747
vn 0.1923 -0.9043 0.3812
vn 0.1948 -0.9042 0.3800
vn -0.4971 -0.8632 -0.0883
vn -0.4971 -0.8632 -0.0882
vn -0.4844 -0.8707 -0.0845
vn -0.4534 0.4173 0.7875
vn -0.4579 0.4154 0.7860
vn -0.4556 0.4149 0.7876
vn -0.1848 -0.1713 -0.9677
vn -0.1730 -0.1621 -0.9715
vn -0.1848 -0.1712 -0.9677
vn 0.4962 -0.8641 -0.0838
vn 0.4972 -0.8636 -0.0838
vn 0.4852 -0.8699 -0.0890
vn 0.4847 -0.8701 -0.0889
vn -0.4738 0.1035 0.8745
vn -0.4537 0.1263 0.8822
vn -0.5841 -0.7819 0.2180
vn -0.5865 -0.7802 0.2174
vn -0.5859 -0.7807 0.2173
vn -0.1842 0.1762 -0.9670
vn -0.1900 0.1709 -0.9668
vn -0.1887 0.1693 -0.9673
vn -0.1828 0.1741 -0.9676
vn 0.8601 -0.3756 -0.3451
vn 0.8604 -0.3752 -0.3449
vn 0.8650 -0.3831 -0.3240
vn 0.8650 -0.3835 -0.3236
vn 0.8527 -0.3943 -0.3428
vn 0.8656 0.3783 0.3279
vn 0.8656 0.3783 0.3280
vn 0.8657 0.3783 0.3280
vn -1.0000 -0.0003 -0.0000
vn -1.0000 -0.0002 0.0000
vn -0.4966 0.8648 0.0741
vn -0.4815 0.8737 0.0695
vn -0.4284 0.8695 -0.2457
vn -0.4277 0.8697 -0.2462
vn 0.4893 0.8659 0.1041
vn 0.4868 0.8672 0.1051
vn 0.4949 0.8630 0.1019
vn 0.4973 0.8617 0.1008
vn 0.1899 -0.1651 -0.9678
vn 0.1759 -0.1721 -0.9692
vn -0.4829 0.7377 0.4718
vn -0.4658 0.7532 0.4644
vn -0.4658 0.7531 0.4647
vn -0.4825 0.7380 0.4717
vn 0.8667 -0.3854 -0.3167
vn -0.4228 -0.8811 0.2118
vn -0.4453 -0.8767 0.1818
vn -0.4228 -0.8812 0.2117
vn 0.4583 -0.4720 0.7531
vn 0.4258 -0.5261 0.7362
vn 0.4266 -0.5257 0.7360
vn 0.4584 -0.4718 0.7532
vn -0.4923 0.5719 -0.6562
vn -0.4757 0.5657 -0.6736
vn -0.4744 0.5663 -0.6740
vn -0.4916 0.5723 -0.6563
vn 0.4666 0.7453 0.4763
vn 0.4658 0.7455 0.4767
vn 0.4849 0.7443 0.4592
vn 0.4843 0.7447 0.4593
vn 0.4490 0.1049 0.8874
vn 0.4733 0.1251 0.8720
vn 0.4730 0.1248 0.8722
vn 0.4476 0.1051 0.8881
vn -0.4262 -0.4788 0.7675
vn -0.4474 -0.5199 0.7277
vn -0.4476 -0.5198 0.7277
vn 0.8304 0.5534 0.0643
vn 0.8388 0.3649 0.4041
vn 0.8650 0.3877 0.3186
vn 0.8303 0.5528 0.0705
vn 0.8292 0.5545 0.0711
vn 0.4752 -0.7681 -0.4291
vn 0.4748 -0.7685 -0.4290
vn 0.4945 -0.7773 -0.3889
vn 0.7927 0.1786 0.5828
vn 0.8172 0.1794 0.5477
vn 0.8171 0.1797 0.5478
vn -0.4923 -0.2011 0.8468
vn -0.4921 -0.2010 0.8470
vn -0.4885 -0.1846 0.8528
vn -0.4887 -0.1844 0.8527
vn -0.7802 -0.5758 0.2442
vn -0.7804 -0.5755 0.2443
vn -0.7481 -0.6134 0.2533
vn -0.7477 -0.6138 0.2534
vn 0.1738 -0.1487 0.9735
vn 0.1713 -0.1482 0.9740
vn 0.1721 -0.1485 0.9738
vn 0.1746 -0.1493 0.9733
vn -0.0001 -0.9924 -0.1233
vn 0.0002 -0.9924 -0.1227
vn -0.0001 -0.9926 -0.1211
vn -0.0001 -0.9927 -0.1209
vn -0.0002 -0.9924 -0.1227
vn -0.0000 -0.9926 -0.1217
vn -0.0001 -0.9927 -0.1208
vn -0.1772 -0.1471 0.9731
vn -0.1748 -0.1486 0.9733
vn -0.1790 -0.1486 0.9726
vn -0.1779 -0.1465 0.9731
vn 1.0000 -0.0000 0.0000
vn 1.0000 0.0003 -0.0000
vn -0.4499 0.2418 -0.8597
vn -0.4482 0.2422 -0.8605
vn -0.4659 0.2525 -0.8481
vn -0.5099 -0.0945 -0.8551
vn -0.5099 -0.0945 -0.8550
vn -0.4256 -0.1849 -0.8858
vn -1.0000 0.0000 0.0000
vn -1.0000 0.0002 0.0000
vn 1.0000 -0.0006 0.0000
vn 1.0000 -0.0005 0.0000
usemtl Steel_-_Satin.001
s 1
f 2667/6791/8166 2657/6792/8167 2658/6793/8168 2677/6794/8169 2678/6795/8170
f 2649/6796/8171 2641/6797/8172 2653/6798/8173
f 2641/6799/8174 2634/6800/8175 2638/6801/8175
f 2688/6802/8176 2699/6803/8177 2693/6804/8178 2687/6805/8179
f 2662/6806/8180 2684/6807/8181 2641/6808/8182
f 2686/6809/8183 2668/6810/8183 2689/6811/8184 2691/6812/8185
f 2649/6796/8186 2653/6798/8187 2636/6813/8188
f 2651/6814/8189 2643/6815/8190 2656/6816/8191
f 2659/6817/8192 2695/6818/8193 2702/6819/8194 2692/6820/8195 2684/6821/8196 2686/6822/8197 2691/6823/8194 2700/6824/8194 2699/6825/8198 2688/6826/8199 2675/6827/8200
f 2671/6828/8201 2663/6829/8202 2664/6830/8203 2673/6831/8204 2672/6832/8205
f 2649/6833/8206 2636/6834/8207 2640/6835/8208 2676/6836/8209
f 2685/6837/8210 2663/6829/8211 2671/6828/8212 2670/6838/8213 2669/6839/8214
f 2673/6840/8215 2664/6841/8216 2675/6842/8217 2674/6843/8218
f 2639/6844/8219 2635/6845/8220 2636/6846/8221 2640/6847/8222 2638/6848/8223
f 2643/6849/8224 2681/6850/8225 2665/6851/8226 2656/6852/8227
f 2640/6835/8228 2694/6853/8229 2695/6854/8230 2659/6855/8231 2649/6833/8232 2676/6836/8233
f 2698/6856/8234 2694/6857/8235 2640/6858/8236 2636/6859/8237 2653/6860/8238 2641/6861/8239 2690/6862/8240 2701/6863/8241 2696/6864/8242 2689/6865/8243 2669/6866/8237 2670/6867/8244 2671/6868/8245 2672/6869/8246 2673/6870/8247
f 2665/6851/8248 2681/6850/8249 2682/6871/8250
f 2681/6872/8251 2666/6873/8252 2680/6874/8253
f 2676/6875/8254 2636/6876/8255 2649/6877/8256 2641/6878/8257
f 2660/6879/8258 2677/6880/8259 2679/6881/8260 2654/6882/8261
f 2689/6811/8262 2668/6810/8263 2669/6883/8264
f 2644/6884/8265 2638/6885/8266 2640/6886/8267 2676/6887/8268 2661/6888/8269 2652/6889/8270
f 2678/6890/8271 2677/6880/8272 2660/6879/8273 2656/6891/8274
f 2661/6892/8275 2658/6893/8276 2652/6894/8276
f 2642/6895/8277 2648/6896/8278 2655/6897/8279 2650/6898/8280
f 2658/6793/8281 2661/6899/8282 2683/6900/8283 2679/6901/8283 2677/6794/8283
f 2682/6902/8284 2681/6903/8285 2662/6904/8286
f 2691/6812/8287 2689/6811/8288 2696/6905/8289
f 2694/6906/8290 2698/6907/8291 2697/6908/8292 2695/6909/8293
f 2699/6910/8294 2700/6911/8295 2701/6912/8296 2698/6913/8297 2693/6914/8298
f 2650/6915/8299 2666/6873/8300 2681/6872/8301 2643/6916/8302
f 2702/6917/8303 2697/6908/8304 2692/6918/8305
f 2653/6919/8306 2643/6815/8307 2651/6814/8308 2647/6920/8308
f 2648/6921/8309 2651/6922/8310 2655/6923/8311
f 2662/6924/8312 2649/6925/8313 2659/6926/8314
f 2636/6927/8315 2637/6928/8316 2643/6815/8317 2653/6919/8318
f 2655/6929/8319 2656/6891/8319 2660/6879/8320
f 2695/6909/8321 2697/6908/8322 2702/6917/8323
f 2701/6912/8324 2700/6911/8325 2691/6930/8326 2696/6931/8327
f 2645/6932/8328 2641/6808/8329 2684/6807/8330 2692/6933/8331 2697/6934/8332
f 2697/6934/8333 2690/6935/8334 2641/6808/8335 2645/6932/8334
f 2678/6936/8336 2656/6852/8336 2665/6851/8336 2682/6871/8337 2662/6937/8337 2684/6938/8336 2657/6939/8337 2667/6940/8337
f 2647/6941/8338 2646/6942/8338 2639/6943/8339 2638/6801/8340 2634/6800/8341
f 2680/6944/8342 2659/6945/8343 2662/6904/8344 2681/6903/8345
f 2662/6946/8346 2641/6878/8347 2649/6877/8347
f 2639/6947/8348 2646/6948/8349 2651/6949/8350 2648/6950/8351
f 2675/6842/8352 2688/6802/8352 2687/6805/8352 2674/6843/8352
f 2641/6951/8353 2649/6952/8354 2653/6953/8354 2647/6954/8355
f 2649/6955/8356 2659/6956/8357 2676/6957/8358 2641/6958/8359
f 2644/6959/8360 2645/6960/8361 2641/6799/8362 2638/6801/8363
f 2639/6947/8364 2648/6950/8365 2642/6961/8366 2635/6962/8367
f 2650/6963/8368 2655/6964/8369 2660/6965/8370 2654/6966/8371
f 2649/6952/8372 2641/6951/8373 2645/6967/8374
f 2698/6856/8375 2673/6870/8376 2674/6968/8377 2687/6969/8378 2693/6970/8379
f 2637/6928/8380 2650/6971/8381 2643/6815/8382
f 2690/6972/8383 2697/6973/8384 2692/6974/8385
f 2662/6975/8386 2649/6976/8387 2645/6977/8388 2684/6978/8389
f 2686/6979/8390 2685/6837/8391 2669/6839/8392 2668/6980/8393
f 2701/6981/8394 2690/6935/8395 2697/6934/8396 2702/6982/8397
f 2659/6817/8398 2675/6827/8399 2664/6983/8400 2663/6984/8401 2685/6985/8402 2686/6822/8403 2684/6821/8403 2662/6986/8404
f 2698/6987/8405 2701/6988/8406 2702/6989/8407 2697/6990/8408
f 2636/6991/8409 2635/6992/8409 2642/6993/8410 2650/6994/8409 2637/6995/8409
f 2684/6938/8411 2645/6960/8412 2644/6959/8413 2652/6996/8414 2658/6997/8415 2657/6939/8416
f 2651/6998/8417 2646/6942/8417 2647/6941/8417
f 2647/6941/8417 2634/6800/8417 2641/6799/8417
f 2656/6999/8337 2655/6923/8418 2651/6922/8337
f 2650/7000/8409 2654/7001/8419 2679/7002/8409 2683/7003/8409 2659/7004/8419 2680/7005/8409 2666/7006/8420
o MeshBody4_(38)_MeshBody4_(38).001
v 2.371727 1.263799 0.230115
v 2.368979 1.262465 0.231082
v 2.374477 1.265162 0.244603
v 2.371727 1.261257 0.228326
v 2.371727 1.269837 0.243456
v 2.374477 1.260405 0.229634
v 2.374477 1.268375 0.247819
v 2.371727 1.263751 0.246408
v 2.371727 1.257376 0.227629
v 2.368979 1.257212 0.229141
v 2.368979 1.268281 0.243844
v 2.371727 1.269892 0.248230
v 2.371727 1.256703 0.233727
v 2.374477 1.264539 0.248103
v 2.368979 1.265162 0.244603
v 2.368979 1.264539 0.248103
v 2.371727 1.253308 0.228667
v 2.374477 1.256885 0.232164
v 2.374477 1.253860 0.230075
v 2.369788 1.259294 0.234445
v 2.373659 1.253860 0.235299
v 2.374477 1.264258 0.251895
v 2.368979 1.266946 0.250066
v 2.368979 1.264258 0.251895
v 2.371727 1.250285 0.231193
v 2.371727 1.264940 0.253279
v 2.374477 1.251401 0.232160
v 2.369788 1.253861 0.235291
v 2.371717 1.254780 0.238632
v 2.373659 1.259293 0.234453
v 2.377238 1.253764 0.236509
v 2.368979 1.260921 0.249477
v 2.374477 1.260921 0.249477
v 2.368979 1.249330 0.237065
v 2.371727 1.247784 0.237178
v 2.374477 1.249330 0.237065
v 2.367658 1.259662 0.231420
v 2.362917 1.256881 0.232108
v 2.365031 1.256921 0.236949
v 2.367846 1.257807 0.238758
v 2.371714 1.258151 0.239458
v 2.375589 1.257813 0.238769
v 2.378414 1.256927 0.236962
v 2.371727 1.257520 0.253329
v 2.368979 1.258123 0.251882
v 2.371727 1.260006 0.247718
v 2.374477 1.258123 0.251882
v 2.374477 1.257411 0.247150
v 2.368979 1.257411 0.247150
v 2.367658 1.260837 0.221261
v 2.369238 1.258084 0.221152
v 2.367658 1.254191 0.231959
v 2.366210 1.253759 0.236498
v 2.364498 1.254162 0.232252
v 2.380557 1.258144 0.220601
v 2.378975 1.255393 0.220476
v 2.375815 1.255362 0.220763
v 2.374235 1.258084 0.221148
v 2.366171 1.261301 0.216991
v 2.364947 1.258698 0.215564
v 2.366171 1.255882 0.216063
v 2.367658 1.255361 0.220766
v 2.375815 1.260837 0.221259
v 2.378505 1.258698 0.215559
v 2.377287 1.261301 0.216993
v 2.367746 1.258935 0.213400
v 2.369842 1.261205 0.217892
v 2.373607 1.261204 0.217902
v 2.375002 1.256091 0.214219
v 2.371723 1.256177 0.213467
v 2.371723 1.261550 0.214632
v 2.371718 1.255818 0.216636
v 2.371715 1.258366 0.218585
vt 0.854553 0.548096
vt 0.854309 0.547729
vt 0.854507 0.547729
vt 0.838867 0.853760
vt 0.838623 0.854248
vt 0.838745 0.852173
vt 0.838867 0.852051
vt 0.851562 0.814453
vt 0.852173 0.814331
vt 0.852722 0.814636
vt 0.852722 0.816467
vt 0.852234 0.816833
vt 0.852173 0.816406
vt 0.852539 0.815125
vt 0.852356 0.814758
vt 0.851929 0.814636
vt 0.851685 0.814941
vt 0.851685 0.816162
vt 0.851746 0.816528
vt 0.851318 0.816589
vt 0.852783 0.500488
vt 0.852966 0.500610
vt 0.852966 0.502319
vt 0.852783 0.502319
vt 0.847717 0.852295
vt 0.847717 0.851807
vt 0.848022 0.851807
vt 0.848022 0.852539
vt 0.847351 0.552120
vt 0.847198 0.551826
vt 0.847565 0.551826
vt 0.847717 0.552120
vt 0.854858 0.771851
vt 0.854858 0.773438
vt 0.854553 0.773560
vt 0.854553 0.771973
vt 0.855762 0.614227
vt 0.855873 0.613861
vt 0.856209 0.613983
vt 0.856083 0.614594
vt 0.855721 0.614624
vt 0.800415 0.855225
vt 0.800537 0.855591
vt 0.800537 0.856018
vt 0.800171 0.855835
vt 0.855225 0.822998
vt 0.855103 0.823730
vt 0.854797 0.823608
vt 0.852173 0.816406
vt 0.851929 0.816895
vt 0.851868 0.816406
vt 0.854614 0.544800
vt 0.854202 0.545456
vt 0.854050 0.545319
vt 0.854385 0.544769
vt 0.785767 0.834351
vt 0.785614 0.834229
vt 0.785767 0.834000
vt 0.811279 0.855637
vt 0.810913 0.855621
vt 0.811035 0.855255
vt 0.851929 0.779785
vt 0.851578 0.780029
vt 0.851593 0.779663
vt 0.851349 0.779785
vt 0.851349 0.780396
vt 0.820312 0.855278
vt 0.820435 0.855270
vt 0.820435 0.855850
vt 0.820068 0.855888
vt 0.848633 0.539185
vt 0.848633 0.539795
vt 0.848328 0.539673
vt 0.848328 0.539185
vt 0.854843 0.545029
vt 0.854507 0.545578
vt 0.854492 0.821777
vt 0.854675 0.821289
vt 0.854797 0.821411
vt 0.851013 0.816345
vt 0.851196 0.814819
vt 0.851440 0.814392
vt 0.805357 0.854126
vt 0.805366 0.853882
vt 0.805648 0.853882
vt 0.855972 0.839172
vt 0.855972 0.840164
vt 0.855606 0.840103
vt 0.855682 0.839325
vt 0.805641 0.854370
vt 0.854126 0.729309
vt 0.854370 0.729248
vt 0.854736 0.730377
vt 0.854492 0.730469
vt 0.854309 0.547485
vt 0.854675 0.547363
vt 0.854248 0.784225
vt 0.854248 0.784760
vt 0.853737 0.784485
vt 0.851868 0.814880
vt 0.852295 0.814941
vt 0.805924 0.855225
vt 0.805636 0.855225
vt 0.805926 0.854126
vt 0.854843 0.547485
vt 0.854980 0.819580
vt 0.854858 0.820801
vt 0.854492 0.820801
vt 0.854736 0.819702
vt 0.848022 0.850464
vt 0.847717 0.850708
vt 0.847717 0.850342
vt 0.838318 0.854370
vt 0.838135 0.853882
vt 0.838379 0.853638
vt 0.838562 0.852539
vt 0.838318 0.852173
vt 0.838135 0.852295
vt 0.837952 0.852173
vt 0.838196 0.851807
vt 0.854675 0.821167
vt 0.852661 0.558716
vt 0.852539 0.559082
vt 0.852051 0.558838
vt 0.855286 0.819580
vt 0.855286 0.820801
vt 0.854858 0.771118
vt 0.854858 0.771362
vt 0.854553 0.771240
vt 0.854553 0.770996
vt 0.853882 0.728943
vt 0.854004 0.728973
vt 0.852051 0.815857
vt 0.852661 0.558289
vt 0.852051 0.558594
vt 0.853516 0.500610
vt 0.853149 0.501099
vt 0.853271 0.502197
vt 0.853149 0.502686
vt 0.853516 0.500244
vt 0.853821 0.500244
vt 0.854309 0.500854
vt 0.854309 0.502563
vt 0.853943 0.502563
vt 0.853943 0.501953
vt 0.854004 0.500977
vt 0.854630 0.545776
vt 0.855011 0.546539
vt 0.855057 0.546570
vt 0.854507 0.546799
vt 0.855057 0.544830
vt 0.854980 0.545105
vt 0.854752 0.545395
vt 0.854248 0.728241
vt 0.854492 0.728058
vt 0.854736 0.728485
vt 0.854492 0.728638
vt 0.854126 0.728577
vt 0.810913 0.855957
vt 0.811279 0.855957
vt 0.855664 0.757080
vt 0.855952 0.757080
vt 0.855940 0.757812
vt 0.855656 0.757690
vt 0.854248 0.771851
vt 0.854248 0.773438
vt 0.854614 0.729004
vt 0.821533 0.855408
vt 0.821899 0.855225
vt 0.821899 0.855896
vt 0.821533 0.855774
vt 0.805473 0.853394
vt 0.854126 0.771362
vt 0.851868 0.817017
vt 0.851440 0.816895
vt 0.851135 0.816650
vt 0.805926 0.855713
vt 0.805637 0.855469
vt 0.805343 0.855225
vt 0.856205 0.613647
vt 0.855923 0.613464
vt 0.855103 0.821045
vt 0.855617 0.755371
vt 0.855952 0.755371
vt 0.856209 0.614655
vt 0.856209 0.615051
vt 0.855873 0.615173
vt 0.855762 0.614960
vt 0.512085 0.852722
vt 0.512329 0.852539
vt 0.512329 0.853088
vt 0.855042 0.544495
vt 0.781860 0.812819
vt 0.781494 0.812681
vt 0.781860 0.812470
vt 0.854050 0.547241
vt 0.854294 0.546753
vt 0.854584 0.546875
vt 0.785889 0.821350
vt 0.785889 0.821777
vt 0.785645 0.821503
vt 0.851929 0.780396
vt 0.854843 0.546753
vt 0.847778 0.851807
vt 0.848022 0.851807
vt 0.805344 0.855591
vt 0.855225 0.821533
vt 0.854980 0.821899
vt 0.855164 0.822754
vt 0.847778 0.552410
vt 0.847198 0.552410
vn -0.1505 -0.5548 -0.8183
vn -0.1372 -0.5498 -0.8240
vn -0.1502 -0.5548 -0.8183
vn -0.7668 0.5021 0.3998
vn -0.8019 0.5291 -0.2776
vn -0.8140 0.5130 -0.2723
vn 1.0000 0.0011 0.0000
vn 1.0000 0.0008 0.0000
vn 1.0000 0.0001 -0.0000
vn 1.0000 0.0003 0.0000
vn 1.0000 -0.0000 -0.0000
vn 1.0000 0.0002 0.0000
vn 1.0000 0.0004 -0.0001
vn -0.8224 -0.4247 -0.3786
vn -0.8158 -0.4528 -0.3598
vn -0.8621 -0.5040 -0.0527
vn -0.8657 -0.4977 -0.0540
vn -0.4944 0.8692 -0.0100
vn -0.4938 0.8695 -0.0100
vn -0.4811 0.8764 -0.0208
vn -0.8217 0.4580 0.3391
vn -0.8206 0.4320 0.3741
vn -0.8205 0.4320 0.3742
vn -0.8217 0.4580 0.3393
vn 0.4961 -0.7890 0.3624
vn 0.4690 -0.6135 0.6354
vn 0.4690 -0.6134 0.6354
vn 0.4682 -0.8063 0.3616
vn -0.4516 -0.2886 0.8442
vn -0.4516 -0.2887 0.8442
vn -0.1530 -0.2414 0.9583
vn -0.1590 -0.2353 0.9588
vn -0.1527 -0.2410 0.9584
vn 0.0416 -0.9693 0.2425
vn -0.0271 -0.9509 0.3082
vn 0.2095 0.9668 -0.1462
vn 0.2100 0.9667 -0.1463
vn 0.4554 0.2634 0.8504
vn 0.4596 0.2645 0.8478
vn 0.4621 0.2738 0.8435
vn 0.4568 0.2733 0.8465
vn 0.4918 0.1920 0.8492
vn 0.4903 -0.1985 0.8487
vn 0.4775 0.1795 0.8601
vn 0.4770 0.1798 0.8603
vn 0.5050 -0.8164 0.2800
vn 0.4897 -0.8319 0.2610
vn 0.4903 -0.8316 0.2608
vn -0.4695 0.2208 -0.8549
vn -0.4742 0.2336 -0.8489
vn -0.4692 0.2211 -0.8550
vn 0.4453 0.6053 0.6598
vn 0.4382 0.5945 0.6742
vn 0.4380 0.5945 0.6743
vn -0.5056 0.6017 -0.6183
vn -0.5269 0.5849 -0.6167
vn -0.5263 0.5855 -0.6166
vn -0.5646 -0.3757 -0.7349
vn -0.5537 -0.3508 -0.7552
vn -0.1934 -0.3062 -0.9321
vn -0.1987 -0.3141 -0.9284
vn 0.1813 0.6287 -0.7563
vn 0.1808 0.6287 -0.7563
vn 0.1723 0.6205 -0.7650
vn 0.1724 0.6205 -0.7650
vn 0.4788 0.7412 0.4706
vn 0.4842 0.5061 0.7137
vn 0.4679 0.4973 0.7306
vn 0.4781 0.7412 0.4712
vn -0.4938 0.1778 0.8512
vn -0.4907 -0.2039 0.8471
vn -0.4846 -0.2021 0.8511
vn -0.4792 0.1934 0.8561
vn 0.7898 0.5075 0.3444
vn 0.8065 0.5257 -0.2705
vn 0.8063 0.5261 -0.2703
vn 0.8099 0.5122 -0.2857
vn 0.5074 0.8169 -0.2744
vn 0.4820 0.8761 -0.0100
vn 0.4819 0.8762 -0.0100
vn 0.4948 0.8688 -0.0206
vn 0.4951 0.8269 -0.2665
vn 0.5361 0.4101 -0.7379
vn 0.5358 0.4105 -0.7378
vn 0.5576 0.4232 -0.7141
vn -0.4945 -0.7778 0.3881
vn -0.4945 -0.7778 0.3879
vn -0.4825 -0.7819 0.3946
vn -0.4826 -0.7819 0.3946
vn 0.8426 0.4511 -0.2941
vn 0.8436 0.4779 -0.2447
vn -0.4968 0.8227 -0.2762
vn -0.5085 0.8195 -0.2643
vn -0.4947 0.7753 -0.3926
vn -0.4979 0.7741 -0.3909
vn -0.7902 -0.5024 -0.3510
vn -0.7917 -0.5060 -0.3424
vn -0.7922 -0.5043 -0.3437
vn -0.7904 -0.5014 -0.3519
vn -0.4967 -0.0884 0.8634
vn -0.4614 -0.0253 0.8868
vn -0.4967 -0.0889 0.8633
vn 0.4741 -0.1443 -0.8686
vn 0.4754 -0.1454 -0.8677
vn 0.4781 -0.1539 -0.8647
vn 0.4778 -0.1522 -0.8652
vn 0.8668 -0.4959 -0.0519
vn 0.8638 -0.5009 -0.0540
vn 0.8623 -0.5034 -0.0553
vn 0.8661 -0.4971 -0.0523
vn 0.4749 0.8326 0.2851
vn 0.4383 0.8334 0.3366
vn 0.4376 0.8339 0.3364
vn -0.4867 0.7874 -0.3782
vn -0.4844 0.7882 -0.3796
vn -0.4927 0.7851 -0.3754
vn -0.4950 0.7843 -0.3741
vn 0.5011 -0.8606 0.0905
vn 0.4837 -0.8736 0.0538
vn 0.4837 -0.8736 0.0537
vn -0.1195 0.9511 -0.2849
vn -0.1195 0.9511 -0.2850
vn 0.0026 0.9930 0.1178
vn -0.0002 0.9934 0.1148
vn -0.0001 0.9943 0.1062
vn -0.0004 0.9944 0.1057
vn -0.0001 0.9944 0.1054
vn -0.0001 0.9944 0.1056
vn -0.0000 0.9944 0.1054
vn -0.0004 0.9941 0.1081
vn -0.4654 0.8208 0.3312
vn -0.4333 0.8525 0.2924
vn -0.4655 0.8206 0.3315
vn 0.0400 0.9675 -0.2498
vn 0.4872 0.7879 -0.3767
vn 0.4848 0.7894 -0.3766
vn 0.4927 0.7845 -0.3767
vn 0.4950 0.7828 -0.3771
vn 0.4689 -0.5701 -0.6746
vn 0.4497 -0.8230 -0.3469
vn 0.4488 -0.8233 -0.3475
vn 0.4539 -0.8219 -0.3442
vn 0.4698 -0.5696 -0.6744
vn 0.4625 -0.5684 -0.6805
vn 0.4936 0.4993 -0.7121
vn 0.4935 0.5004 -0.7113
vn 0.4925 0.5003 -0.7121
vn -0.1765 0.9742 -0.1405
vn -0.1766 0.9742 -0.1406
vn -0.0271 0.9475 -0.3188
vn -0.0781 0.9449 -0.3180
vn -0.0779 0.9449 -0.3180
vn -0.0270 0.9476 -0.3184
vn -0.0000 -0.9937 -0.1118
vn -0.0003 -0.9945 -0.1044
vn -0.0058 -0.9953 -0.0966
vn -0.0054 -0.9953 -0.0966
vn -0.0000 -0.9945 -0.1047
vn 0.0002 -0.9937 -0.1124
vn 0.0001 -0.9937 -0.1125
vn 0.0004 -0.9939 -0.1100
vn 0.0008 -0.9946 -0.1040
vn 0.0043 -0.9958 -0.0919
vn 0.0011 -0.9953 -0.0966
vn 0.0003 -0.9946 -0.1039
vn 0.0001 -0.9937 -0.1117
vn -1.0000 0.0000 0.0000
vn -1.0000 0.0001 0.0000
vn -1.0000 -0.0006 0.0000
vn -0.4691 -0.5703 -0.6744
vn -0.4686 -0.5663 -0.6781
vn -0.4565 -0.2387 -0.8571
vn -0.4565 -0.2388 -0.8571
vn -0.4805 -0.2164 -0.8499
vn -0.4766 -0.1531 -0.8657
vn -0.4794 -0.1437 -0.8657
vn -0.4799 -0.4635 -0.7448
vn -0.4799 -0.4637 -0.7448
vn 0.8098 -0.4482 -0.3786
vn 0.8291 -0.4241 -0.3643
vn 0.8289 -0.4226 -0.3666
vn 0.8098 -0.4482 -0.3787
vn -0.4670 -0.8036 0.3691
vn -0.4956 -0.7925 0.3554
vn -0.4691 -0.6134 0.6354
vn -0.4591 0.1358 -0.8779
vn -0.4933 0.5003 -0.7116
vn -0.4933 0.4999 -0.7119
vn -0.4924 0.5004 -0.7121
vn -0.4840 0.1545 -0.8613
vn -0.4833 0.1548 -0.8617
vn 0.5187 0.5992 -0.6098
vn 0.5184 0.5992 -0.6101
vn 0.5091 0.5857 -0.6307
vn 0.5090 0.5857 -0.6307
vn 0.0586 0.9781 -0.1996
vn 0.0585 0.9782 -0.1995
vn 0.0587 0.9781 -0.1996
vn -0.4539 -0.8211 -0.3459
vn -0.4549 -0.8205 -0.3463
vn -0.4504 -0.8237 -0.3445
vn -0.4495 -0.8242 -0.3444
vn 0.4789 -0.2356 -0.8456
vn 0.4601 -0.2198 -0.8602
vn 0.4646 0.1566 -0.8716
vn 0.4638 0.1564 -0.8720
vn 0.4838 0.1333 -0.8650
vn 0.4793 -0.2357 -0.8454
vn 0.5581 -0.5684 0.6045
vn 0.5601 -0.5680 0.6031
vn 0.1894 -0.5966 0.7799
vn 0.1885 -0.5962 0.7803
vn 0.8669 0.4955 0.0544
vn 0.8638 0.5007 0.0570
vn 0.8621 0.5034 0.0582
vn 0.8662 0.4967 0.0550
vn -0.8731 -0.3706 0.3168
vn -0.8149 -0.4546 0.3596
vn -0.4572 0.2745 0.8459
vn -0.4641 0.2609 0.8465
vn -0.4642 0.2609 0.8465
vn 0.8484 -0.3696 0.3790
vn 0.8321 -0.4687 0.2964
vn 0.8669 -0.4958 -0.0519
vn 0.8636 -0.5013 -0.0541
vn 0.4645 -0.2924 0.8359
vn 0.4645 -0.2922 0.8360
vn 0.4556 -0.2748 0.8467
vn 0.1494 -0.2398 0.9593
vn 0.1509 -0.2353 0.9601
vn 0.1560 -0.2379 0.9587
vn 0.7901 -0.5054 -0.3469
vn 0.7993 -0.4978 -0.3367
vn -0.4852 0.4920 0.7229
vn -0.4858 0.4917 0.7226
vn -0.4690 0.5105 0.7207
vn -0.4793 0.7421 0.4685
vn -0.4968 -0.7343 -0.4627
vn -0.4963 -0.7338 -0.4639
vn -0.4974 -0.7309 -0.4672
vn -0.8658 0.4971 0.0569
vn -0.8668 0.4953 0.0573
vn -0.8634 0.5014 0.0560
vn -0.8623 0.5033 0.0555
vn 0.4729 0.2205 -0.8531
vn 0.4730 0.2202 -0.8531
vn 0.4676 0.2343 -0.8523
vn -0.1806 0.6207 -0.7629
vn -0.1803 0.6211 -0.7627
vn -0.1693 0.6300 -0.7579
vn -0.1695 0.6300 -0.7578
vn -0.8627 -0.5031 -0.0525
vn -0.8659 -0.4972 -0.0539
vn -0.8669 -0.4954 -0.0542
vn -0.8636 -0.5013 -0.0529
vn 0.4915 -0.7779 0.3915
vn 0.4940 -0.7762 0.3917
vn 0.4853 -0.7819 0.3913
vn 0.4828 -0.7837 0.3909
vn 0.5378 0.3889 0.7480
vn 0.5382 0.3890 0.7477
vn 0.1802 0.3454 0.9210
vn 0.1831 0.3444 0.9208
vn -0.0051 0.9930 0.1177
vn -0.0003 0.9943 0.1062
vn 0.0000 0.9941 0.1083
vn 0.0004 0.9934 0.1147
vn -0.0036 0.9930 0.1179
vn -0.0055 0.9930 0.1184
vn -0.5523 -0.5706 0.6078
vn -0.5521 -0.5711 0.6074
vn -0.8241 -0.5124 0.2415
vn -0.8245 -0.5135 0.2378
usemtl Steel_-_Satin.001
s 1
f 2730/7007/8421 2715/7008/8422 2723/7009/8423
f 2740/7010/8424 2741/7011/8424 2761/7012/8425 2762/7013/8426
f 2709/7014/8427 2724/7015/8428 2749/7016/8429 2738/7017/8430 2729/7018/8430 2723/7019/8431 2750/7020/8432 2735/7021/8431 2716/7022/8431 2705/7023/8430 2732/7024/8433 2720/7025/8430 2708/7026/8430
f 2762/7027/8434 2763/7028/8435 2756/7029/8436 2740/7030/8437
f 2714/7031/8438 2707/7032/8439 2713/7033/8440 2725/7034/8440
f 2760/7035/8441 2765/7036/8442 2770/7037/8443 2775/7038/8444
f 2738/7039/8445 2749/7040/8446 2746/7041/8447 2737/7042/8448
f 2742/7043/8449 2741/7044/8450 2755/7045/8451 2731/7046/8452 2743/7047/8453
f 2755/7048/8454 2730/7049/8455 2723/7050/8455 2731/7051/8454
f 2720/7052/8456 2744/7053/8456 2745/7054/8457
f 2730/7055/8458 2721/7056/8459 2720/7025/8460 2715/7057/8461
f 2728/7058/8462 2746/7059/8463 2749/7060/8464 2724/7061/8465
f 2715/7062/8466 2720/7063/8467 2732/7064/8468
f 2734/7065/8469 2748/7066/8470 2751/7067/8471
f 2730/7055/8472 2729/7018/8473 2721/7056/8474
f 2761/7068/8475 2768/7069/8476 2762/7070/8477
f 2763/7071/8478 2762/7070/8479 2768/7069/8480 2772/7072/8481
f 2771/7073/8482 2772/7074/8483 2773/7075/8484 2770/7076/8485
f 2714/7077/8486 2728/7078/8487 2724/7079/8488 2709/7080/8489
f 2726/7081/8490 2747/7082/8491 2746/7059/8492 2728/7058/8493
f 2745/7054/8494 2757/7083/8495 2766/7084/8496 2767/7085/8497
f 2703/7086/8498 2707/7087/8499 2714/7088/8500 2709/7014/8501 2708/7026/8502
f 2739/7089/8503 2722/7090/8504 2715/7091/8505
f 2715/7092/8506 2710/7093/8507 2717/7094/8508 2722/7095/8509
f 2739/7089/8510 2715/7091/8511 2712/7096/8511
f 2703/7097/8512 2704/7098/8513 2713/7099/8514 2707/7100/8515
f 2715/7008/8516 2720/7101/8517 2721/7102/8518 2723/7009/8519
f 2754/7103/8520 2715/7104/8521 2739/7105/8522
f 2710/7106/8523 2716/7022/8524 2735/7021/8525 2748/7107/8526
f 2764/7108/8527 2753/7109/8528 2712/7096/8529 2754/7110/8530
f 2730/7007/8531 2723/7009/8532 2729/7111/8533
f 2748/7112/8534 2730/7113/8535 2755/7114/8536 2751/7115/8537
f 2710/7116/8538 2705/7117/8539 2716/7118/8540
f 2741/7011/8541 2742/7119/8542 2722/7120/8543 2739/7121/8544 2752/7122/8545 2769/7123/8546 2775/7124/8547 2770/7125/8548 2773/7126/8549 2761/7012/8550
f 2755/7114/8551 2730/7113/8552 2754/7127/8553
f 2743/7128/8554 2744/7129/8554 2732/7130/8554
f 2750/7131/8555 2723/7132/8556 2730/7113/8557 2748/7112/8558
f 2721/7133/8559 2729/7134/8560 2738/7039/8561 2737/7042/8562 2727/7135/8563 2719/7136/8564
f 2708/7137/8565 2706/7138/8566 2703/7097/8567
f 2720/7025/8568 2732/7024/8569 2744/7139/8569
f 2742/7140/8570 2743/7128/8571 2732/7130/8572 2715/7141/8573
f 2774/7142/8574 2764/7143/8575 2754/7144/8576 2755/7145/8577 2756/7029/8578 2763/7028/8579 2772/7146/8580 2771/7147/8581 2758/7148/8582 2733/7149/8583 2723/7150/8584 2721/7151/8585 2759/7152/8586
f 2751/7153/8587 2755/7154/8588 2754/7155/8587 2736/7156/8588 2747/7082/8587 2726/7081/8587 2725/7157/8589 2718/7158/8588 2734/7159/8588
f 2719/7160/8590 2727/7161/8591 2754/7162/8592 2712/7163/8593 2711/7164/8594
f 2710/7165/8595 2748/7066/8596 2734/7065/8597 2718/7166/8598
f 2757/7167/8599 2758/7168/8600 2771/7169/8601 2766/7170/8602
f 2736/7171/8603 2737/7042/8604 2746/7041/8605 2747/7172/8605
f 2712/7163/8606 2739/7173/8607 2704/7098/8608 2703/7097/8609 2706/7138/8610 2711/7164/8611
f 2766/7174/8612 2771/7175/8613 2770/7176/8614 2767/7177/8615
f 2722/7090/8616 2742/7178/8617 2715/7091/8618
f 2736/7171/8619 2754/7179/8620 2727/7135/8621 2737/7042/8622
f 2721/7056/8623 2719/7180/8624 2711/7181/8625 2706/7182/8626 2708/7026/8627 2720/7025/8628
f 2753/7109/8629 2764/7108/8630 2774/7183/8631 2775/7184/8632
f 2753/7109/8633 2752/7185/8634 2739/7089/8635 2712/7096/8636
f 2756/7186/8637 2755/7045/8637 2741/7044/8638 2740/7187/8638
f 2754/7127/8639 2730/7113/8640 2715/7188/8641
f 2745/7189/8642 2733/7190/8643 2758/7168/8644 2757/7167/8645
f 2723/7191/8646 2733/7192/8647 2745/7193/8648 2744/7194/8649 2743/7047/8650 2731/7046/8651
f 2754/7195/8652 2712/7196/8653 2715/7197/8653
f 2725/7157/8654 2726/7081/8655 2728/7058/8656 2714/7198/8657
f 2710/7199/8658 2718/7200/8659 2717/7201/8660
f 2708/7202/8661 2765/7203/8662 2760/7204/8663 2720/7101/8664
f 2735/7205/8665 2750/7206/8666 2748/7207/8667
f 2772/7072/8668 2768/7069/8669 2761/7068/8670 2773/7208/8671
f 2721/7102/8672 2720/7101/8673 2760/7204/8674 2759/7209/8675
f 2732/7210/8676 2705/7117/8677 2710/7116/8678 2715/7211/8679
f 2769/7212/8680 2752/7185/8681 2753/7109/8682 2775/7184/8683
f 2745/7054/8684 2767/7085/8685 2770/7213/8686 2765/7214/8687 2708/7215/8688 2720/7052/8689
f 2775/7038/8690 2774/7216/8691 2759/7217/8692 2760/7035/8693
o MeshBody4_(39)_MeshBody4_(39).001
v 2.371727 1.273830 0.256069
v 2.374477 1.273162 0.257493
v 2.368979 1.273162 0.257493
v 2.374477 1.284506 0.272101
v 2.371727 1.279559 0.272454
v 2.371727 1.266575 0.256639
v 2.368979 1.267256 0.258022
v 2.368979 1.282765 0.268366
v 2.371727 1.286126 0.271954
v 2.374477 1.267256 0.258022
v 2.374477 1.280980 0.273747
v 2.368979 1.280151 0.270236
v 2.368979 1.264708 0.260267
v 2.371727 1.263453 0.259297
v 2.371727 1.268401 0.263043
v 2.374477 1.264708 0.260267
v 2.369788 1.272134 0.261784
v 2.368979 1.279832 0.275295
v 2.374477 1.282202 0.277357
v 2.368979 1.284050 0.274711
v 2.368979 1.282202 0.277359
v 2.374477 1.266580 0.263719
v 2.371727 1.283387 0.278389
v 2.366210 1.272629 0.262807
v 2.371717 1.273589 0.264791
v 2.373659 1.272137 0.261791
v 2.377238 1.268058 0.265863
v 2.371727 1.277495 0.274957
v 2.374477 1.278108 0.276343
v 2.368979 1.264211 0.268154
v 2.371727 1.262823 0.268889
v 2.374477 1.264211 0.268154
v 2.367658 1.270768 0.258972
v 2.364498 1.270888 0.259219
v 2.368565 1.267102 0.263935
v 2.362917 1.268583 0.260744
v 2.367846 1.271682 0.267067
v 2.371714 1.272026 0.267768
v 2.375589 1.271688 0.267079
v 2.380555 1.268590 0.260757
v 2.371727 1.276361 0.281102
v 2.368979 1.276392 0.279570
v 2.374477 1.276392 0.279570
v 2.374477 1.273932 0.275517
v 2.368979 1.273932 0.275517
v 2.368979 1.271768 0.277780
v 2.371727 1.270689 0.278915
v 2.374477 1.271768 0.277780
v 2.364498 1.266026 0.249297
v 2.362916 1.263414 0.250196
v 2.366210 1.268053 0.265854
v 2.364498 1.260927 0.251353
v 2.377238 1.272634 0.262816
v 2.378975 1.270891 0.259225
v 2.375816 1.270765 0.258965
v 2.380557 1.263417 0.250202
v 2.378975 1.266027 0.249300
v 2.378975 1.260928 0.251355
v 2.374235 1.263662 0.250702
v 2.364947 1.261155 0.245587
v 2.368618 1.265032 0.247286
v 2.368618 1.259873 0.249185
v 2.378505 1.261153 0.245584
v 2.374852 1.265038 0.247297
v 2.374852 1.259879 0.249198
v 2.367746 1.260183 0.243605
v 2.368445 1.263416 0.244027
v 2.375002 1.263420 0.244036
v 2.375002 1.258173 0.245679
v 2.371723 1.257844 0.244995
v 2.371723 1.263106 0.243403
v 2.371718 1.259236 0.247872
v 2.371715 1.262512 0.248356
vt 0.855103 0.508423
vt 0.855469 0.508057
vt 0.855469 0.508545
vt 0.515381 0.761963
vt 0.515411 0.762268
vt 0.515076 0.762360
vt 0.515045 0.761993
vt 0.853455 0.523071
vt 0.853394 0.524658
vt 0.853027 0.524475
vt 0.853210 0.523010
vt 0.514862 0.762238
vt 0.514801 0.761932
vt 0.855591 0.799744
vt 0.855225 0.799561
vt 0.855591 0.799255
vt 0.789917 0.808350
vt 0.789917 0.806885
vt 0.789917 0.806274
vt 0.790222 0.806396
vt 0.790222 0.808472
vt 0.837158 0.850952
vt 0.837524 0.851074
vt 0.837708 0.851318
vt 0.837708 0.851440
vt 0.837341 0.851562
vt 0.837158 0.851196
vt 0.850281 0.827881
vt 0.849731 0.827881
vt 0.849976 0.827515
vt 0.850281 0.827393
vt 0.855499 0.776672
vt 0.855469 0.776306
vt 0.855743 0.775879
vt 0.856079 0.775970
vt 0.856049 0.776276
vt 0.856079 0.776642
vt 0.855804 0.777039
vt 0.855347 0.819519
vt 0.855957 0.819580
vt 0.855957 0.820984
vt 0.855652 0.820679
vt 0.855286 0.820801
vt 0.515076 0.598511
vt 0.515076 0.599854
vt 0.514771 0.599792
vt 0.514771 0.598511
vt 0.849670 0.826172
vt 0.849731 0.825562
vt 0.849976 0.825684
vt 0.849915 0.826172
vt 0.856201 0.516968
vt 0.856201 0.517334
vt 0.855896 0.517578
vt 0.855774 0.516968
vt 0.515320 0.599792
vt 0.515381 0.600464
vt 0.515076 0.600647
vt 0.513367 0.762085
vt 0.513367 0.761719
vt 0.513733 0.761719
vt 0.513672 0.762024
vt 0.515106 0.761230
vt 0.515411 0.761353
vt 0.514832 0.600464
vt 0.790222 0.805908
vt 0.790527 0.806030
vt 0.790527 0.806519
vt 0.514343 0.807434
vt 0.514343 0.808044
vt 0.514099 0.807831
vt 0.850281 0.825684
vt 0.850220 0.826294
vt 0.499268 0.855942
vt 0.498901 0.855896
vt 0.499084 0.855499
vt 0.856262 0.526489
vt 0.856567 0.526794
vt 0.856506 0.527039
vt 0.856201 0.526978
vt 0.514374 0.802399
vt 0.514099 0.802185
vt 0.514374 0.801788
vt 0.503906 0.854248
vt 0.504150 0.854126
vt 0.504150 0.855713
vt 0.503845 0.855591
vt 0.514740 0.761597
vt 0.514862 0.761322
vt 0.503906 0.856201
vt 0.809998 0.851624
vt 0.810059 0.851135
vt 0.809692 0.851135
vt 0.809387 0.851196
vt 0.809448 0.851624
vt 0.809021 0.852661
vt 0.809143 0.850952
vt 0.809692 0.850525
vt 0.810303 0.850891
vt 0.810547 0.852600
vt 0.810120 0.852844
vt 0.514771 0.606201
vt 0.515076 0.605957
vt 0.515381 0.606323
vt 0.515381 0.606689
vt 0.515076 0.606689
vt 0.837891 0.853027
vt 0.837463 0.853638
vt 0.837463 0.853271
vt 0.837585 0.851807
vt 0.837891 0.851807
vt 0.499268 0.856201
vt 0.498901 0.856247
vt 0.837158 0.853271
vt 0.490601 0.854187
vt 0.490723 0.855530
vt 0.490479 0.855347
vt 0.490234 0.854248
vt 0.490417 0.853821
vt 0.490845 0.854065
vt 0.855530 0.517456
vt 0.855591 0.516968
vt 0.514771 0.607910
vt 0.515076 0.607910
vt 0.515076 0.608521
vt 0.785629 0.814209
vt 0.785812 0.813904
vt 0.785812 0.814636
vt 0.855469 0.821228
vt 0.855347 0.821228
vt 0.836548 0.851440
vt 0.836731 0.851074
vt 0.856567 0.527710
vt 0.856201 0.527771
vt 0.810547 0.853088
vt 0.810242 0.853333
vt 0.809814 0.853333
vt 0.809448 0.853271
vt 0.809448 0.852905
vt 0.809814 0.853027
vt 0.854187 0.523010
vt 0.854431 0.522583
vt 0.855042 0.522705
vt 0.854492 0.523071
vt 0.854614 0.524475
vt 0.855042 0.524963
vt 0.854675 0.524963
vt 0.854126 0.524292
vt 0.513977 0.762390
vt 0.513367 0.762390
vt 0.785828 0.815216
vt 0.785645 0.814941
vt 0.490479 0.855774
vt 0.515381 0.598083
vt 0.515381 0.598511
vt 0.515076 0.597961
vt 0.853699 0.525330
vt 0.852905 0.525085
vt 0.852966 0.524963
vt 0.853333 0.524841
vt 0.853638 0.525146
vt 0.836792 0.853638
vt 0.836365 0.853027
vt 0.836365 0.851807
vt 0.836914 0.851562
vt 0.836670 0.851807
vt 0.836792 0.853271
vt 0.515320 0.607910
vt 0.515381 0.608521
vt 0.515076 0.608765
vt 0.514359 0.805420
vt 0.514099 0.805298
vt 0.514359 0.804810
vt 0.855835 0.518433
vt 0.855530 0.518677
vt 0.837402 0.852905
vt 0.790527 0.808350
vt 0.514832 0.598083
vt 0.856140 0.518677
vt 0.491028 0.854187
vt 0.491028 0.855774
vt 0.853638 0.522583
vt 0.853821 0.523193
vt 0.785645 0.826172
vt 0.785889 0.825928
vt 0.785889 0.826294
vt 0.853760 0.524780
vt 0.854126 0.522949
vt 0.854126 0.524902
vt 0.837158 0.853638
vt 0.852722 0.523254
vt 0.853271 0.522583
vt 0.852722 0.524536
vn -0.4989 0.2760 0.8215
vn -0.4706 0.3362 0.8158
vn -0.4992 0.2762 0.8213
vn 0.4929 -0.5752 -0.6529
vn 0.4929 -0.5752 -0.6528
vn 0.4777 -0.5696 -0.6688
vn 0.4781 -0.5694 -0.6687
vn 0.4906 0.6849 -0.5386
vn 0.4910 0.6847 -0.5386
vn 0.4907 0.6849 -0.5386
vn -0.4918 -0.5645 -0.6630
vn -0.4768 -0.5809 -0.6597
vn -0.4764 -0.5815 -0.6594
vn -0.4921 -0.5643 -0.6629
vn 0.4996 -0.5836 0.6402
vn 0.4822 -0.6101 0.6286
vn 0.4821 -0.6098 0.6290
vn -0.4958 0.5640 -0.6604
vn -0.4873 0.7915 -0.3687
vn -0.4863 0.7921 -0.3690
vn -0.4966 0.7902 -0.3591
vn -0.4841 0.5607 -0.6717
vn 0.1588 0.8710 0.4649
vn 0.4825 0.7969 0.3634
vn 0.4830 0.7967 0.3634
vn 0.4660 0.8084 0.3596
vn 0.1591 0.8709 0.4650
vn 0.1508 0.8752 0.4596
vn 0.7852 0.6137 0.0820
vn 0.7953 0.6006 0.0826
vn 0.7951 0.6008 0.0827
vn 0.7852 0.6138 0.0820
vn 0.1696 0.1669 -0.9713
vn -0.1768 0.1652 -0.9703
vn -0.1767 0.1650 -0.9703
vn -0.1776 0.1655 -0.9701
vn 0.1772 0.1640 -0.9704
vn 0.5023 0.2029 -0.8405
vn 0.5096 0.2190 -0.8321
vn 0.8169 -0.3214 0.4790
vn 0.8664 0.4484 -0.2198
vn 0.8663 -0.4485 0.2198
vn 0.8664 -0.4485 0.2198
vn 0.4905 -0.6855 0.5380
vn 0.8355 -0.5422 -0.0891
vn 0.8355 -0.5423 -0.0892
vn 0.8218 -0.5628 -0.0889
vn 0.8216 -0.5632 -0.0888
vn -0.8200 0.2722 -0.5035
vn -0.8199 0.2722 -0.5036
vn -0.8443 0.2671 -0.4646
vn -0.8442 0.2672 -0.4648
vn -0.4722 -0.8743 0.1123
vn -0.4858 -0.8105 -0.3272
vn -0.4851 -0.8093 -0.3313
vn -0.5418 -0.2019 0.8159
vn -0.8138 -0.3245 0.4822
vn -0.8140 -0.3277 0.4795
vn -0.5424 -0.2016 0.8155
vn 0.4839 -0.2467 -0.8396
vn 0.4677 -0.2337 -0.8524
vn 0.4805 0.1299 -0.8673
vn 0.4836 -0.2468 -0.8398
vn 0.4720 -0.8744 0.1123
vn 0.4861 -0.8083 -0.3322
vn 0.4972 0.8548 0.1489
vn 0.4932 0.7195 0.4889
vn 0.4818 0.7184 0.5018
vn 0.4961 0.8553 0.1493
vn 0.5409 0.0671 -0.8384
vn 0.5227 0.0504 -0.8510
vn 0.5218 0.0505 -0.8515
vn 0.7975 0.3205 -0.5112
vn 0.7974 0.3204 -0.5113
vn 0.8002 0.3061 -0.5157
vn 0.8002 0.3065 -0.5155
vn 0.8664 0.4485 -0.2197
vn 0.4523 0.3536 -0.8188
vn 0.4654 0.3307 -0.8210
vn 0.4657 0.3306 -0.8209
vn -0.4968 0.8550 0.1487
vn -0.4938 0.7129 0.4979
vn -0.4939 0.7131 0.4975
vn -0.4832 0.7246 0.4914
vn -0.4673 -0.1120 -0.8770
vn -0.4709 -0.1006 -0.8764
vn -0.4699 -0.1039 -0.8766
vn -0.4907 0.6849 -0.5386
vn -0.4827 -0.2316 -0.8446
vn -0.4658 -0.2494 -0.8490
vn -0.4805 0.1291 -0.8675
vn -0.4807 0.1297 -0.8672
vn -0.4807 0.1298 -0.8672
vn -0.4855 0.5841 0.6505
vn -0.7610 0.2502 0.5986
vn -0.7223 0.3389 0.6029
vn -0.0003 -0.8964 0.4432
vn -0.0001 -0.8959 0.4442
vn 0.0001 -0.8960 0.4441
vn 0.0001 -0.8963 0.4435
vn 0.0000 -0.8977 0.4406
vn -0.0003 -0.8979 0.4403
vn -0.0000 -0.8959 0.4443
vn -0.0000 -0.8958 0.4444
vn -0.0004 -0.8963 0.4434
vn 0.0006 -0.8993 0.4374
vn 0.0009 -0.8981 0.4397
vn -0.4800 0.8030 0.3534
vn -0.4800 0.8029 0.3535
vn -0.7940 0.6017 0.0869
vn -0.7940 0.6017 0.0868
vn -0.7916 0.6067 0.0732
vn 0.0002 0.8965 -0.4430
vn 0.0004 0.8959 -0.4442
vn 0.0006 0.8979 -0.4402
vn 0.0002 0.8996 -0.4368
vn -0.0001 0.9001 -0.4357
vn -0.0000 0.8998 -0.4363
vn -0.0004 0.8980 -0.4400
vn 0.4866 -0.6922 -0.5330
vn 0.4942 -0.6979 -0.5183
vn 0.4806 -0.4552 -0.7495
vn 0.4804 -0.4545 -0.7501
vn -0.5769 0.6961 0.4274
vn -0.5584 0.6932 0.4557
vn -0.5583 0.6933 0.4557
vn -0.5043 -0.6778 0.5351
vn -0.5047 -0.6770 0.5357
vn -0.4872 -0.5882 0.6454
vn -0.4865 -0.5885 0.6457
vn -0.5017 -0.6020 0.6212
vn -0.8133 -0.5807 -0.0367
vn -0.8134 -0.5805 -0.0367
vn -0.8114 -0.5819 -0.0560
vn -0.8120 -0.5810 -0.0560
vn -0.8663 -0.4485 0.2199
vn -0.8170 -0.2647 0.5123
vn -0.8309 -0.5478 -0.0976
vn -0.8255 -0.5595 -0.0739
vn -0.1835 0.0638 0.9809
vn -0.1875 0.0690 0.9798
vn -0.1856 0.0630 0.9806
vn 0.8226 -0.5673 -0.0387
vn 0.8230 -0.5668 -0.0389
vn 0.8097 -0.5850 -0.0471
vn 0.8100 -0.5845 -0.0472
vn -0.1546 0.8709 0.4666
vn -0.1535 0.8745 0.4601
vn -0.1607 0.8740 0.4587
vn -0.1550 0.8709 0.4664
vn -0.4812 0.4757 0.7364
vn -0.4894 0.4665 0.7367
vn -0.4823 0.1224 0.8674
vn -0.4780 0.1260 0.8693
vn 0.0000 -0.8996 0.4368
vn 0.0000 -0.9001 0.4358
vn 0.0000 -0.9001 0.4357
vn -0.0002 -0.8996 0.4367
vn -0.0001 -0.8993 0.4374
vn 0.0001 -0.9001 0.4358
vn -1.0000 -0.0000 0.0000
vn -1.0000 -0.0004 0.0000
vn -1.0000 -0.0001 0.0000
vn 0.5484 -0.2027 0.8113
vn 0.5478 -0.2038 0.8114
vn 0.5451 -0.2023 0.8136
vn 0.1833 0.0630 0.9810
vn 0.1848 0.0630 0.9808
vn 0.1856 0.0684 0.9802
vn -0.5064 -0.8509 -0.1397
vn -0.5057 -0.8509 -0.1419
vn -0.5079 -0.8487 -0.1474
vn -0.4659 -0.3189 0.8254
vn -0.4659 -0.3192 0.8252
vn -0.4644 -0.3189 0.8262
vn -0.4645 -0.3187 0.8262
vn 0.4907 0.4700 0.7337
vn 0.4818 0.1264 0.8671
vn 0.4778 0.1249 0.8695
vn 0.4802 0.4702 0.7405
vn 0.4805 0.4689 0.7411
vn -0.0003 0.8962 -0.4437
vn 0.0009 0.8980 -0.4401
vn -0.0001 0.8995 -0.4369
vn 0.0001 0.9002 -0.4354
vn 0.0000 0.9002 -0.4355
vn 0.0003 0.9001 -0.4356
vn 0.0013 0.8984 -0.4392
vn -0.0002 0.8963 -0.4434
vn -0.8663 0.4486 -0.2198
vn -0.4995 0.2175 -0.8385
vn -0.5161 0.2083 -0.8308
vn -0.8038 0.3114 -0.5069
vn -0.8035 0.3120 -0.5071
vn -0.7939 0.3199 -0.5171
vn 0.4756 0.5886 0.6537
vn 0.4838 0.5993 0.6378
vn 0.4841 0.5995 0.6374
vn -0.8665 -0.4482 0.2198
vn -0.4907 -0.6855 0.5379
vn -0.4903 -0.6858 0.5379
vn -0.8316 0.5532 0.0487
vn -0.8322 0.5476 0.0869
vn -0.8317 0.5530 0.0486
vn 0.4953 0.5569 -0.6667
vn 0.4874 0.7950 -0.3612
vn 0.4979 0.7861 -0.3664
vn 0.4829 0.5689 -0.6657
vn 0.4659 -0.3187 0.8255
vn 0.4651 -0.3190 0.8258
vn 0.4644 -0.3195 0.8260
vn -0.8664 0.4484 -0.2196
vn -0.8665 0.4484 -0.2196
vn -0.8663 0.4486 -0.2196
vn -0.8662 0.4488 -0.2196
vn 0.8199 -0.2705 0.5045
vn 0.8663 -0.4484 0.2200
vn 0.8663 -0.4484 0.2199
vn 0.8244 -0.2441 0.5107
vn 0.5043 -0.6777 0.5351
vn 0.5063 -0.8496 -0.1475
vn 0.5043 -0.6778 0.5350
vn 0.5013 0.3281 0.8007
vn 0.7304 0.3707 0.5737
vn 0.7210 0.3136 0.6179
vn 0.5586 0.6993 0.4460
vn 0.5893 0.6810 0.4346
vn 0.5899 0.6806 0.4345
vn 0.1828 -0.1435 0.9726
vn 0.1736 -0.1377 0.9751
vn 0.1749 -0.1392 0.9747
vn -0.4776 -0.4561 -0.7509
vn -0.4779 -0.4552 -0.7513
vn -0.4801 -0.4519 -0.7518
vn 1.0000 -0.0001 0.0000
vn 1.0000 -0.0000 0.0000
vn -0.0000 0.8956 -0.4449
vn -0.0001 0.8957 -0.4447
vn 0.0000 0.8960 -0.4441
vn -0.0002 0.8956 -0.4449
usemtl Steel_-_Satin.001
s 1
f 2782/7218/8694 2790/7219/8695 2808/7220/8696
f 2785/7221/8697 2791/7222/8698 2789/7223/8699 2781/7224/8700
f 2790/7225/8701 2803/7226/8702 2819/7227/8701 2797/7228/8703
f 2789/7223/8704 2788/7229/8705 2782/7230/8706 2781/7224/8707
f 2801/7231/8708 2792/7232/8709 2790/7233/8710
f 2778/7234/8711 2783/7235/8712 2795/7236/8713 2784/7237/8714 2776/7238/8715
f 2813/7239/8716 2814/7240/8717 2802/7241/8718 2828/7242/8719 2801/7243/8720 2800/7244/8721
f 2828/7245/8722 2802/7246/8723 2815/7247/8724 2829/7248/8725
f 2844/7249/8726 2845/7250/8727 2841/7251/8728 2842/7252/8729 2846/7253/8730 2843/7254/8731 2838/7255/8732
f 2837/7256/8733 2836/7257/8734 2808/7258/8734 2782/7259/8735 2788/7260/8736
f 2822/7261/8737 2806/7262/8737 2807/7263/8737 2823/7264/8737
f 2833/7265/8738 2844/7266/8739 2838/7267/8740 2831/7268/8741
f 2801/7269/8742 2830/7270/8743 2785/7271/8744 2790/7272/8745
f 2806/7262/8746 2805/7273/8746 2788/7274/8747 2789/7275/8748
f 2847/7276/8749 2840/7277/8750 2834/7278/8751 2848/7279/8752
f 2785/7221/8753 2781/7224/8754 2776/7280/8755 2777/7281/8756
f 2806/7262/8757 2789/7275/8758 2791/7282/8757 2807/7263/8757
f 2784/7237/8759 2798/7283/8760 2794/7284/8761 2779/7285/8762
f 2790/7286/8763 2808/7287/8764 2792/7288/8765
f 2831/7268/8766 2838/7267/8767 2843/7289/8768 2832/7290/8769
f 2815/7247/8770 2831/7268/8770 2832/7290/8770 2829/7248/8770
f 2803/7291/8771 2804/7292/8772 2819/7293/8773
f 2784/7294/8774 2795/7295/8775 2796/7296/8776 2798/7297/8777
f 2793/7298/8778 2803/7299/8779 2820/7300/8780
f 2820/7301/8781 2803/7302/8781 2790/7303/8781 2810/7304/8781
f 2781/7224/8782 2782/7230/8783 2808/7305/8784 2778/7306/8785 2776/7280/8786
f 2790/7303/8787 2782/7307/8788 2810/7304/8789
f 2788/7308/8790 2810/7309/8791 2790/7310/8792 2797/7311/8793 2791/7312/8794 2833/7313/8795 2802/7314/8796 2813/7315/8797 2826/7316/8798 2827/7317/8799 2837/7318/8800
f 2826/7319/8801 2812/7320/8802 2799/7321/8803 2809/7322/8804 2811/7323/8805
f 2832/7324/8806 2843/7325/8807 2839/7326/8808 2830/7327/8809 2801/7243/8810 2828/7242/8811 2829/7328/8812
f 2780/7329/8813 2786/7330/8814 2804/7292/8815 2803/7291/8816
f 2848/7331/8817 2839/7326/8818 2843/7325/8819
f 2792/7332/8820 2780/7333/8821 2787/7334/8820 2799/7335/8822 2808/7336/8823 2790/7337/8824
f 2790/7272/8825 2785/7271/8826 2791/7338/8827 2797/7339/8828
f 2827/7340/8829 2826/7319/8830 2811/7323/8829 2825/7341/8831 2835/7342/8832
f 2812/7343/8833 2826/7344/8834 2813/7345/8835
f 2782/7259/8836 2790/7346/8837 2810/7347/8838 2788/7260/8839
f 2799/7348/8840 2812/7349/8841 2813/7239/8842 2800/7244/8843
f 2798/7297/8844 2796/7296/8845 2817/7350/8846 2816/7351/8847
f 2837/7318/8800 2827/7317/8799 2835/7352/8848 2841/7353/8849 2845/7354/8850 2844/7355/8851 2833/7313/8795 2791/7312/8794 2840/7356/8852 2847/7357/8853
f 2821/7358/8854 2817/7359/8854 2793/7360/8855 2820/7361/8856 2810/7362/8789 2782/7363/8788 2788/7364/8854 2805/7365/8856
f 2848/7279/8857 2836/7366/8858 2837/7367/8859
f 2813/7345/8860 2802/7368/8861 2814/7369/8862
f 2780/7333/8863 2793/7370/8864 2787/7334/8865
f 2817/7371/8866 2821/7372/8867 2822/7261/8868 2816/7373/8869
f 2798/7374/8870 2816/7375/8871 2818/7376/8872 2804/7377/8873 2794/7378/8874
f 2842/7379/8875 2824/7380/8876 2809/7381/8877 2799/7348/8878 2800/7244/8879 2801/7243/8880 2792/7382/8810 2808/7383/8881 2836/7384/8882
f 2825/7341/8883 2811/7323/8883 2809/7322/8883 2824/7385/8883
f 2842/7386/8884 2841/7387/8885 2835/7342/8886 2825/7341/8887 2824/7385/8888
f 2790/7388/8889 2797/7389/8890 2785/7390/8891
f 2785/7271/8892 2834/7391/8892 2840/7392/8892 2791/7338/8892
f 2821/7372/8893 2805/7273/8893 2806/7262/8894 2822/7261/8893
f 2834/7393/8895 2839/7326/8896 2848/7331/8897
f 2776/7238/8898 2784/7237/8899 2779/7285/8900 2777/7394/8901
f 2816/7373/8902 2822/7261/8903 2823/7264/8903 2818/7395/8904
f 2785/7271/8905 2830/7270/8906 2839/7396/8907 2834/7391/8908
f 2802/7246/8909 2833/7265/8910 2831/7268/8911 2815/7247/8912
f 2801/7397/8913 2786/7398/8914 2780/7333/8915 2792/7332/8913
f 2790/7225/8916 2785/7399/8917 2801/7400/8918
f 2842/7379/8919 2836/7384/8920 2848/7331/8921
f 2847/7276/8922 2848/7279/8923 2837/7367/8924
f 2793/7401/8925 2780/7402/8926 2803/7403/8927
f 2804/7377/8928 2786/7404/8928 2801/7400/8918 2785/7399/8917 2777/7405/8929 2779/7406/8929 2794/7378/8929
f 2843/7325/8930 2846/7407/8931 2842/7379/8932 2848/7331/8933
f 2807/7408/8929 2791/7409/8929 2785/7399/8929 2797/7228/8929 2819/7227/8929 2804/7377/8929 2818/7376/8929 2823/7410/8929
o MeshBody4_(40)_MeshBody4_(40).001
v 2.374477 1.297269 0.280934
v 2.371727 1.298177 0.279629
v 2.374477 1.303586 0.290536
v 2.371727 1.289649 0.278593
v 2.368979 1.290204 0.280003
v 2.368979 1.297269 0.280934
v 2.374477 1.292903 0.282589
v 2.374477 1.290204 0.280003
v 2.368979 1.292903 0.282589
v 2.374477 1.308285 0.291454
v 2.371727 1.303591 0.292904
v 2.368979 1.287430 0.281930
v 2.368979 1.289799 0.283993
v 2.371727 1.309829 0.290957
v 2.368979 1.305166 0.292427
v 2.368979 1.285771 0.284834
v 2.371727 1.284201 0.284388
v 2.371727 1.290407 0.286107
v 2.368979 1.308285 0.291454
v 2.371724 1.293962 0.283993
v 2.368979 1.304564 0.295685
v 2.374477 1.304564 0.295685
v 2.374477 1.307350 0.297204
v 2.368979 1.307350 0.297204
v 2.368979 1.288845 0.287319
v 2.371727 1.284054 0.287986
v 2.374477 1.288845 0.287319
v 2.371727 1.308743 0.297963
v 2.374477 1.285666 0.287777
v 2.366210 1.294560 0.284517
v 2.377238 1.291070 0.288765
v 2.374477 1.305043 0.299613
v 2.371727 1.305993 0.300868
v 2.368979 1.288036 0.292087
v 2.371727 1.286914 0.293204
v 2.365031 1.293604 0.287330
v 2.367846 1.295148 0.288678
v 2.371714 1.295747 0.289201
v 2.375589 1.295158 0.288687
v 2.378414 1.293614 0.287338
v 2.374237 1.289300 0.283571
v 2.371727 1.302620 0.302231
v 2.368979 1.302295 0.300714
v 2.374477 1.301676 0.297698
v 2.371727 1.299741 0.295896
v 2.368979 1.298988 0.297276
v 2.368979 1.297489 0.300040
v 2.371727 1.296742 0.301426
v 2.374477 1.297489 0.300040
v 2.364498 1.282866 0.274323
v 2.362916 1.280741 0.276096
v 2.366210 1.291061 0.288757
v 2.377238 1.294569 0.284524
v 2.380557 1.280745 0.276100
v 2.378975 1.282868 0.274324
v 2.378975 1.278835 0.278062
v 2.374235 1.281172 0.276474
v 2.364947 1.276804 0.272657
v 2.368618 1.281118 0.272804
v 2.368618 1.277011 0.276461
v 2.378505 1.276800 0.272655
v 2.374852 1.281129 0.272814
v 2.374852 1.277023 0.276471
v 2.367746 1.275110 0.271179
v 2.368445 1.278284 0.270346
v 2.375002 1.278291 0.270351
v 2.375002 1.274069 0.273875
v 2.371723 1.273497 0.273371
v 2.371723 1.277740 0.269875
v 2.371718 1.275910 0.275493
v 2.371715 1.279168 0.274723
vt 0.854370 0.852417
vt 0.854248 0.852173
vt 0.854553 0.852051
vt 0.851349 0.821899
vt 0.851288 0.822327
vt 0.850983 0.821655
vt 0.851349 0.820007
vt 0.851868 0.820190
vt 0.851562 0.820312
vt 0.851532 0.820679
vt 0.515381 0.841125
vt 0.515015 0.841187
vt 0.515137 0.839417
vt 0.515381 0.839600
vt 0.500000 0.855530
vt 0.499695 0.855347
vt 0.499695 0.853943
vt 0.500000 0.853882
vt 0.852295 0.734497
vt 0.852478 0.734863
vt 0.851929 0.734863
vt 0.790558 0.842041
vt 0.790466 0.842468
vt 0.790131 0.842468
vt 0.790253 0.841919
vt 0.514984 0.618713
vt 0.515320 0.618713
vt 0.515411 0.619385
vt 0.515106 0.619507
vt 0.852173 0.736694
vt 0.852661 0.736145
vt 0.852905 0.736267
vt 0.852234 0.736877
vt 0.852661 0.820068
vt 0.852661 0.821838
vt 0.852417 0.821777
vt 0.852448 0.820129
vt 0.515106 0.617004
vt 0.515411 0.617126
vt 0.851746 0.734741
vt 0.514771 0.618713
vt 0.514893 0.617126
vt 0.855042 0.776978
vt 0.855469 0.776489
vt 0.855408 0.776733
vt 0.855469 0.776978
vt 0.855469 0.790436
vt 0.855103 0.791443
vt 0.854736 0.791443
vt 0.855103 0.790405
vt 0.850769 0.798035
vt 0.851196 0.800232
vt 0.851013 0.800354
vt 0.850616 0.798584
vt 0.855225 0.792175
vt 0.855347 0.792450
vt 0.855469 0.792847
vt 0.855103 0.792786
vt 0.854980 0.792603
vt 0.854736 0.792328
vt 0.854736 0.791931
vt 0.851532 0.798096
vt 0.851868 0.798218
vt 0.851746 0.798523
vt 0.851471 0.798279
vt 0.507080 0.855591
vt 0.506714 0.855774
vt 0.506592 0.855103
vt 0.506836 0.855042
vt 0.499908 0.853699
vt 0.855713 0.848969
vt 0.855835 0.849304
vt 0.855591 0.849365
vt 0.855469 0.848999
vt 0.790436 0.843811
vt 0.790100 0.843811
vt 0.851837 0.797791
vt 0.852295 0.798401
vt 0.852020 0.799866
vt 0.851013 0.797729
vt 0.851501 0.797729
vt 0.851471 0.799927
vt 0.851685 0.799927
vt 0.852295 0.800110
vt 0.851685 0.800598
vt 0.851257 0.798279
vt 0.851440 0.799500
vt 0.790558 0.844482
vt 0.790283 0.844604
vt 0.790161 0.844360
vt 0.851776 0.822021
vt 0.851807 0.736694
vt 0.851440 0.736816
vt 0.851501 0.736633
vt 0.847534 0.539673
vt 0.847168 0.539795
vt 0.847046 0.539551
vt 0.515015 0.841736
vt 0.515381 0.841858
vt 0.515137 0.842041
vt 0.851837 0.799683
vt 0.855225 0.849243
vt 0.854858 0.846985
vt 0.854614 0.846558
vt 0.855042 0.845947
vt 0.855286 0.846130
vt 0.855164 0.846497
vt 0.855042 0.728455
vt 0.855225 0.728210
vt 0.855530 0.728455
vt 0.855286 0.728760
vt 0.499451 0.855530
vt 0.499481 0.854126
vt 0.852386 0.822388
vt 0.851959 0.822388
vt 0.851807 0.736267
vt 0.851562 0.736206
vt 0.852020 0.819702
vt 0.852417 0.819824
vt 0.851654 0.819763
vt 0.855103 0.776611
vt 0.847656 0.539551
vt 0.847412 0.539368
vt 0.847046 0.539185
vt 0.847168 0.537964
vt 0.847412 0.538269
vt 0.847656 0.537903
vt 0.854004 0.852295
vt 0.854553 0.852783
vt 0.506836 0.854675
vt 0.506470 0.854675
vt 0.506592 0.854370
vt 0.506714 0.854065
vt 0.507080 0.854187
vt 0.506958 0.854675
vt 0.855469 0.729736
vt 0.855530 0.729980
vt 0.855225 0.729919
vt 0.854797 0.728882
vt 0.854919 0.728271
vt 0.855103 0.728027
vt 0.855042 0.728943
vt 0.506592 0.855652
vt 0.506348 0.855103
vt 0.506348 0.854492
vt 0.515137 0.839294
vt 0.855835 0.847900
vt 0.855835 0.848694
vt 0.855591 0.848785
vt 0.855225 0.848969
vt 0.855469 0.848083
vt 0.854614 0.847473
vt 0.854553 0.846924
vt 0.855286 0.848206
vt 0.854980 0.848267
vt 0.847534 0.538025
vt 0.856140 0.598083
vt 0.856415 0.597778
vt 0.856415 0.599548
vt 0.856079 0.599487
vt 0.847168 0.537598
vt 0.851624 0.822388
vt 0.785767 0.824280
vt 0.785767 0.824829
vt 0.785645 0.824463
vt 0.500000 0.855957
vt 0.499573 0.855469
vt 0.851288 0.800537
vt 0.809204 0.855591
vt 0.809448 0.855286
vt 0.809448 0.855835
vt 0.809082 0.855896
vt 0.851196 0.735901
vt 0.851440 0.734619
vt 0.851868 0.736389
vt 0.851990 0.821960
vt 0.852081 0.820740
vt 0.852112 0.820374
vt 0.851807 0.734253
vt 0.852417 0.734192
vt 0.852905 0.734558
vt 0.852234 0.736267
vt 0.852539 0.734680
vn 0.4983 0.8638 0.0746
vn 0.5069 0.8583 0.0794
vn 0.4981 0.8639 0.0748
vn 0.0002 0.6561 -0.7547
vn 0.0002 0.6562 -0.7546
vn -0.0000 0.6584 -0.7527
vn 0.0001 0.6584 -0.7527
vn 0.0002 0.6579 -0.7531
vn 0.0002 0.6574 -0.7535
vn -0.8654 0.3291 -0.3778
vn -0.8665 0.3281 -0.3761
vn -0.8088 0.5700 -0.1450
vn -0.8093 0.5702 -0.1412
vn -0.4985 -0.5656 0.6570
vn -0.5021 -0.5649 0.6548
vn -0.5032 -0.5646 0.6542
vn -0.4998 -0.5649 0.6565
vn -0.4841 -0.6268 -0.6106
vn -0.4859 -0.6260 -0.6099
vn -0.4722 -0.1214 0.8731
vn -0.4727 -0.1220 0.8727
vn -0.4726 -0.1189 0.8732
vn -0.4691 -0.1201 0.8750
vn 0.4853 0.2782 -0.8289
vn 0.4742 0.2877 -0.8321
vn 0.4750 -0.1577 -0.8658
vn 0.4759 -0.1582 -0.8652
vn -0.4863 0.2855 -0.8258
vn -0.4868 0.2853 -0.8256
vn -0.4751 0.2799 -0.8342
vn -0.4760 -0.1582 -0.8651
vn 0.8079 0.5728 -0.1387
vn 0.8656 0.3295 -0.3770
vn 0.8663 0.3284 -0.3763
vn 0.8055 0.5754 -0.1416
vn 0.5020 0.5609 -0.6584
vn 0.4849 0.6916 -0.5352
vn 0.4926 0.6844 -0.5375
vn 0.4987 0.5629 -0.6591
vn -0.4798 -0.3069 -0.8220
vn -0.4795 -0.3094 -0.8212
vn -0.4771 -0.3175 -0.8195
vn -0.4989 0.5617 -0.6600
vn -0.5022 0.5612 -0.6579
vn -0.4840 0.6875 -0.5413
vn -0.4920 0.6886 -0.5327
vn 0.4830 0.1315 0.8657
vn 0.4892 0.1475 0.8596
vn 0.4889 0.1478 0.8597
vn 0.4826 0.1311 0.8660
vn 0.8101 -0.0739 0.5817
vn 0.8656 -0.3299 0.3767
vn 0.8668 -0.3284 0.3753
vn 0.8144 -0.0524 0.5779
vn -0.8295 -0.5396 0.1438
vn -0.8212 -0.0621 0.5672
vn -0.8082 -0.0672 0.5851
vn -0.8335 -0.5383 0.1241
vn 0.1775 -0.2109 -0.9613
vn -0.1728 -0.2086 -0.9626
vn -0.1783 -0.2130 -0.9606
vn -0.1725 -0.2098 -0.9624
vn 0.1745 -0.2118 -0.9616
vn 0.5090 -0.1210 -0.8522
vn 0.5074 -0.1192 -0.8534
vn -0.5411 0.1138 0.8332
vn -0.8096 -0.1206 0.5744
vn -0.8189 -0.1222 0.5608
vn -0.5416 0.1141 0.8329
vn 0.4978 0.8646 -0.0682
vn 0.4958 0.8148 0.3003
vn 0.4882 0.8171 0.3067
vn -0.5018 -0.8613 0.0792
vn -0.5035 -0.8606 0.0771
vn -0.5051 -0.8602 0.0704
vn 0.1678 -0.3380 -0.9261
vn 0.1677 -0.3379 -0.9261
vn 0.1667 -0.3381 -0.9262
vn -0.4892 -0.5596 0.6690
vn -0.4960 -0.5586 0.6648
vn -0.4981 -0.5583 0.6634
vn -0.4910 -0.5592 0.6680
vn 0.0006 -0.6599 0.7514
vn -0.0003 -0.6594 0.7518
vn 0.0002 -0.6582 0.7529
vn 0.0000 -0.6598 0.7514
vn -0.0000 -0.6603 0.7510
vn 0.0002 -0.6609 0.7504
vn -0.0002 -0.6599 0.7513
vn 0.0004 -0.6575 0.7535
vn 0.0002 -0.6573 0.7536
vn -0.0001 -0.6572 0.7537
vn 0.0001 -0.6571 0.7538
vn 0.0003 -0.6580 0.7531
vn 0.0000 -0.6600 0.7513
vn -0.0000 -0.6593 0.7519
vn 0.0002 -0.6578 0.7532
vn -0.4996 -0.8657 -0.0307
vn -0.5045 -0.8628 -0.0318
vn -0.4846 -0.7669 0.4208
vn -0.4848 -0.7670 0.4204
vn -0.4829 -0.7672 0.4221
vn 0.5976 0.7898 0.1383
vn 0.5978 0.7896 0.1383
vn 0.5717 0.8082 0.1412
vn -0.4739 -0.5023 -0.7232
vn -0.4730 -0.5026 -0.7237
vn -0.4830 -0.4911 -0.7249
vn -0.4987 -0.7477 -0.4385
vn -0.4891 -0.7572 -0.4329
vn -0.5301 -0.2124 -0.8209
vn -0.5114 -0.2161 -0.8317
vn -0.5117 -0.2160 -0.8316
vn -0.8000 0.1020 -0.5912
vn -0.8009 0.1026 -0.5899
vn -0.7966 0.1043 -0.5954
vn -0.5093 -0.1120 -0.8532
vn -0.5114 -0.1093 -0.8524
vn -0.8252 -0.5363 0.1774
vn -0.8248 -0.5369 0.1774
vn -0.8236 -0.5460 0.1533
vn 0.1731 -0.9678 -0.1827
vn 0.1722 -0.9680 -0.1824
vn 0.1662 -0.9695 -0.1801
vn 0.4979 -0.7531 -0.4301
vn 0.4897 -0.7522 -0.4408
vn 0.4738 -0.4940 -0.7291
vn 0.4858 -0.4990 -0.7176
vn 0.4979 -0.7530 -0.4302
vn 0.4857 -0.6261 -0.6100
vn 0.4848 -0.6267 -0.6101
vn 0.4855 -0.6265 -0.6098
vn 0.4849 -0.6265 -0.6102
vn 0.5018 -0.5640 0.6559
vn 0.5031 -0.5631 0.6556
vn 0.4996 -0.5653 0.6564
vn 0.4983 -0.5665 0.6563
vn 0.7972 0.1040 -0.5947
vn 0.7971 0.1047 -0.5947
vn 0.7980 0.0987 -0.5945
vn 0.7986 0.0984 -0.5938
vn -0.4885 0.5661 -0.6640
vn -0.4960 0.5651 -0.6593
vn -0.4987 0.5648 -0.6575
vn -0.4910 0.5657 -0.6625
vn 0.1694 0.9716 0.1653
vn 0.1692 0.9717 0.1650
vn 0.1696 0.9715 0.1655
vn -0.1696 0.9714 0.1664
vn -0.1679 0.9717 0.1661
vn -0.1702 0.9719 0.1628
vn 0.8368 -0.5325 0.1277
vn 0.8367 -0.5326 0.1277
vn 0.8265 -0.5467 0.1339
vn 0.8264 -0.5469 0.1340
vn 0.5033 0.5512 0.6654
vn 0.4817 0.5182 0.7067
vn 0.4824 0.5181 0.7063
vn -0.8671 -0.3280 0.3750
vn -0.8668 0.3280 -0.3755
vn -0.8664 0.3283 -0.3762
vn -0.8660 0.3286 -0.3770
vn -0.8657 -0.3292 0.3771
vn -0.8668 -0.3282 0.3755
vn 0.5252 0.2183 0.8225
vn 0.5198 0.2327 0.8220
vn 0.1749 0.3536 0.9189
vn 0.1768 0.3527 0.9189
vn 0.4824 0.3254 0.8132
vn 0.4864 0.3249 0.8111
vn 0.4726 -0.1201 0.8730
vn 0.4730 -0.1194 0.8729
vn 0.4696 -0.1201 0.8747
vn 0.4830 0.3266 0.8124
vn 0.4858 0.6313 0.6045
vn 0.4901 0.6288 0.6037
vn 0.4917 0.6323 0.5986
vn 0.4871 0.6309 0.6038
vn 1.0000 -0.0000 0.0000
vn 1.0000 -0.0004 -0.0000
vn -0.4960 0.8124 0.3066
vn -0.4963 0.8121 0.3069
vn -0.4975 0.8121 0.3049
vn -0.4979 0.8645 -0.0682
vn -0.4866 0.6345 0.6005
vn -0.4906 0.6291 0.6030
vn -0.4852 0.3249 0.8118
vn -0.4868 0.3257 0.8105
vn -0.4868 0.6335 0.6014
vn -0.4999 0.8623 0.0807
vn -0.5061 0.8595 0.0719
vn -0.5016 0.8611 0.0828
vn 0.8663 0.3283 -0.3765
vn 0.8668 0.3277 -0.3758
vn 0.8670 -0.3278 0.3753
vn 0.8664 -0.3287 0.3759
vn 0.8137 -0.1176 0.5693
vn 0.4830 -0.7678 0.4211
vn 0.4825 -0.7681 0.4209
vn 0.4842 -0.7667 0.4215
vn 0.4887 -0.5618 0.6675
vn 0.4957 -0.5575 0.6659
vn -0.8351 0.0874 -0.5431
vn -0.8359 0.0873 -0.5419
vn -0.8125 0.0794 -0.5775
vn -0.8121 0.0797 -0.5781
vn -0.8371 0.5304 -0.1338
vn -0.8365 0.5220 -0.1669
vn -0.8368 0.5214 -0.1670
vn 0.4885 0.5685 -0.6619
vn 0.4957 0.5639 -0.6605
vn 0.4979 0.5627 -0.6599
vn 0.4904 0.5675 -0.6615
vn -0.5861 0.8000 0.1284
vn -0.5700 0.8076 0.1514
vn -0.5699 0.8076 0.1514
vn 0.1947 0.9357 0.2942
vn 0.1946 0.9357 0.2942
vn -0.1999 0.9351 0.2927
vn -0.1985 0.9352 0.2933
vn -0.4766 0.5614 0.6766
vn -0.4992 0.5128 0.6985
vn -0.4997 0.5124 0.6984
vn 0.5045 -0.8600 0.0773
vn 0.5032 -0.8613 0.0706
vn 0.5068 -0.8584 0.0793
vn -0.4857 0.1482 0.8615
vn -0.4906 0.1306 0.8615
vn -0.4907 0.1305 0.8615
vn -0.4853 0.1487 0.8616
vn -0.5190 0.2231 0.8251
vn -0.5181 0.2235 0.8256
vn -0.1779 0.3547 0.9179
vn -0.1821 0.3529 0.9178
vn 0.5426 0.1133 0.8323
vn 0.5467 0.1085 0.8303
vn 0.5454 0.1104 0.8309
vn 0.5406 0.1143 0.8335
vn 0.4998 -0.8654 -0.0352
vn 0.4998 -0.8654 -0.0353
vn 0.5038 -0.8633 -0.0307
vn -1.0000 -0.0000 0.0000
vn -1.0000 -0.0005 -0.0000
vn 0.0000 0.6553 -0.7554
vn 0.0001 0.6562 -0.7546
vn 0.0001 0.6575 -0.7534
vn 0.0003 0.6580 -0.7530
vn -0.0000 0.6582 -0.7529
vn -0.0000 0.6578 -0.7532
vn -0.0001 0.6562 -0.7546
vn 0.8245 0.1122 -0.5546
vn 0.8225 0.0692 -0.5645
vn 0.8225 0.0695 -0.5644
vn 0.8362 -0.5224 0.1671
vn 0.8202 -0.5477 0.1652
vn 0.8203 -0.5476 0.1652
usemtl Steel_-_Satin.001
s 1
f 2887/7411/8934 2888/7412/8935 2901/7413/8936
f 2907/7414/8937 2913/7415/8937 2898/7416/8938 2878/7417/8939 2868/7418/8940 2857/7419/8941 2853/7420/8942
f 2898/7421/8943 2899/7422/8944 2884/7423/8945 2878/7424/8946
f 2857/7425/8947 2868/7426/8948 2859/7427/8949 2863/7428/8950
f 2869/7429/8951 2859/7430/8952 2893/7431/8952
f 2891/7432/8953 2895/7433/8954 2896/7434/8955 2890/7435/8956
f 2850/7436/8957 2849/7437/8958 2856/7438/8959 2852/7439/8960
f 2853/7440/8961 2854/7441/8962 2850/7442/8963 2852/7443/8964
f 2888/7444/8965 2902/7445/8966 2903/7446/8967 2901/7447/8968
f 2850/7436/8969 2862/7448/8970 2858/7449/8971 2849/7437/8972
f 2893/7431/8973 2894/7450/8974 2869/7429/8975
f 2850/7436/8976 2854/7451/8977 2867/7452/8978 2862/7448/8979
f 2866/7453/8980 2856/7454/8981 2855/7455/8982 2868/7456/8983
f 2879/7457/8984 2904/7458/8985 2902/7459/8986 2888/7460/8987
f 2906/7461/8988 2900/7462/8989 2884/7463/8990 2899/7464/8991
f 2915/7465/8992 2916/7466/8993 2912/7467/8994 2913/7468/8995 2917/7469/8996 2914/7470/8997 2909/7471/8998
f 2918/7472/8999 2911/7473/9000 2905/7474/9001 2919/7475/9002
f 2858/7476/9003 2862/7477/9003 2876/7478/9004 2871/7479/9005
f 2859/7427/9006 2869/7480/9007 2863/7428/9008
f 2857/7481/9009 2868/7482/9010 2866/7483/9011 2861/7484/9010
f 2896/7434/9012 2895/7433/9013 2882/7485/9014 2883/7486/9015
f 2915/7487/9016 2904/7488/9017 2875/7489/9018 2911/7473/9019 2918/7472/9020 2912/7490/9021 2916/7491/9022
f 2873/7492/9023 2866/7493/9024 2875/7489/9018 2904/7488/9017 2879/7494/9025 2886/7495/9026 2900/7462/9027 2906/7461/9028 2912/7490/9021 2918/7472/9020 2908/7496/9029 2864/7497/9030
f 2864/7498/9031 2865/7499/9032 2874/7500/9033 2883/7486/9034 2882/7485/9035
f 2907/7414/9036 2919/7501/9037 2913/7415/9038
f 2860/7502/9039 2853/7440/9040 2852/7443/9041 2865/7503/9042 2864/7504/9043
f 2866/7505/9044 2868/7506/9045 2855/7507/9046
f 2906/7508/9047 2899/7422/9048 2898/7421/9049 2913/7509/9050 2912/7510/9051
f 2866/7493/9052 2889/7511/9053 2875/7489/9054
f 2873/7512/9055 2861/7484/9056 2866/7483/9057
f 2877/7513/9058 2865/7514/9059 2852/7515/9060 2856/7516/9061 2889/7517/9062
f 2870/7518/9063 2892/7519/9064 2893/7520/9065 2859/7521/9066
f 2855/7522/9067 2851/7523/9068 2859/7427/9069 2868/7426/9070
f 2902/7445/9071 2909/7524/9072 2914/7525/9073 2903/7446/9074
f 2894/7450/9075 2893/7431/9076 2866/7526/9077 2873/7527/9078
f 2886/7528/9079 2887/7529/9080 2901/7447/9081 2868/7418/9082 2878/7417/9083 2885/7530/9084
f 2904/7458/9085 2915/7465/9086 2909/7471/9087 2902/7459/9088
f 2866/7453/9089 2889/7531/9090 2856/7454/9091
f 2875/7532/9092 2889/7533/9093 2856/7534/9094 2910/7535/9095 2905/7536/9096 2911/7537/9097
f 2879/7538/9098 2888/7412/9099 2887/7411/9100 2886/7539/9101
f 2880/7540/9102 2881/7541/9103 2890/7542/9104 2896/7543/9105 2897/7544/9106 2892/7545/9107
f 2871/7479/9108 2876/7478/9109 2881/7541/9110 2880/7540/9111
f 2855/7546/9112 2856/7547/9112 2849/7548/9112 2858/7549/9112 2871/7550/9112 2880/7551/9112 2892/7519/9112 2870/7518/9112 2851/7552/9113
f 2867/7553/9114 2872/7554/9115 2876/7478/9116 2862/7477/9117
f 2876/7478/9118 2872/7554/9119 2891/7555/9120 2890/7542/9121 2881/7541/9122
f 2884/7423/9123 2885/7556/9124 2878/7424/9125
f 2907/7557/9126 2853/7558/9127 2860/7559/9128 2864/7560/9129 2908/7561/9130
f 2883/7562/9131 2874/7563/9132 2877/7513/9133 2897/7564/9134 2896/7565/9135
f 2889/7533/9136 2866/7505/9137 2855/7507/9138 2856/7534/9139
f 2910/7535/9140 2919/7566/9141 2905/7536/9142
f 2893/7567/9143 2892/7568/9144 2875/7569/9145 2866/7570/9146
f 2919/7566/9147 2910/7535/9148 2914/7571/9149
f 2917/7572/9150 2913/7415/9151 2919/7501/9152 2914/7525/9153
f 2866/7573/9154 2853/7574/9155 2861/7575/9156
f 2851/7552/9157 2870/7518/9158 2859/7521/9159
f 2853/7576/9160 2866/7577/9161 2868/7426/9162 2857/7425/9163
f 2885/7578/9164 2884/7463/9165 2900/7462/9166 2886/7495/9167
f 2919/7579/9168 2907/7580/9169 2908/7581/9170 2918/7582/9171
f 2874/7563/9172 2865/7514/9173 2877/7513/9174
f 2853/7440/9175 2860/7502/9175 2864/7504/9175 2882/7583/9175 2895/7584/9175 2894/7450/9175 2873/7527/9176 2861/7585/9175
f 2914/7525/9177 2910/7586/9178 2856/7587/9179 2855/7588/9180 2868/7418/9181 2901/7447/9182 2903/7446/9183
f 2860/7559/9184 2853/7558/9185 2857/7481/9186 2861/7484/9187 2873/7512/9188 2864/7560/9189
f 2894/7450/9175 2895/7584/9175 2891/7589/9175 2872/7590/9175 2867/7591/9175 2854/7441/9175 2853/7440/9175 2857/7592/9175 2863/7593/9175 2869/7429/9175
o MeshBody4_(41)_MeshBody4_(41).001
v 2.374477 1.323079 0.297587
v 2.371727 1.318267 0.295465
v 2.371727 1.323706 0.296128
v 2.368979 1.318520 0.296999
v 2.374477 1.331453 0.305785
v 2.371727 1.314921 0.296824
v 2.371727 1.333828 0.301694
v 2.374477 1.315796 0.298100
v 2.374477 1.335940 0.306605
v 2.371727 1.331748 0.308321
v 2.371727 1.312108 0.299818
v 2.368979 1.313500 0.300579
v 2.368979 1.333039 0.303059
v 2.371727 1.337377 0.305912
v 2.368979 1.331453 0.305785
v 2.368979 1.333447 0.309303
v 2.371727 1.310892 0.303683
v 2.371727 1.338197 0.309147
v 2.369788 1.320083 0.301055
v 2.373659 1.317459 0.305886
v 2.374477 1.332998 0.311256
v 2.374477 1.335925 0.312452
v 2.368979 1.336579 0.309284
v 2.368979 1.335926 0.312452
v 2.368979 1.313037 0.306669
v 2.371727 1.311514 0.307222
v 2.371727 1.337431 0.312957
v 2.374477 1.313037 0.306669
v 2.369744 1.317032 0.302519
v 2.369788 1.317451 0.305882
v 2.366210 1.321131 0.301630
v 2.371717 1.320619 0.307616
v 2.371717 1.323165 0.302743
v 2.373659 1.320090 0.301060
v 2.377238 1.318539 0.306479
v 2.368979 1.331873 0.312840
v 2.374477 1.316215 0.310335
v 2.367658 1.317198 0.299477
v 2.364498 1.317452 0.299615
v 2.365031 1.320763 0.304563
v 2.371714 1.323284 0.305943
v 2.378414 1.320775 0.304568
v 2.374945 1.322600 0.302434
v 2.380555 1.316241 0.302085
v 2.375816 1.314481 0.304255
v 2.374237 1.315702 0.301790
v 2.371727 1.332042 0.318184
v 2.368979 1.331508 0.316705
v 2.374477 1.330554 0.313516
v 2.374477 1.331508 0.316705
v 2.371727 1.328525 0.311666
v 2.368979 1.327993 0.313173
v 2.368979 1.326935 0.316187
v 2.371727 1.326409 0.317696
v 2.374477 1.326935 0.316187
v 2.369238 1.306147 0.296558
v 2.367658 1.314487 0.304259
v 2.366210 1.318529 0.306473
v 2.364498 1.304274 0.298657
v 2.378975 1.317458 0.299619
v 2.380557 1.305640 0.296280
v 2.378975 1.304276 0.298658
v 2.374235 1.306142 0.296556
v 2.366171 1.303430 0.291950
v 2.364947 1.301005 0.293742
v 2.368618 1.305180 0.292904
v 2.368618 1.302147 0.297490
v 2.375815 1.307503 0.294174
v 2.378505 1.301001 0.293739
v 2.374852 1.302161 0.297498
v 2.367746 1.299288 0.292294
v 2.368445 1.298784 0.295482
v 2.375002 1.301922 0.290967
v 2.375002 1.298792 0.295487
v 2.371723 1.298216 0.294987
v 2.371723 1.301375 0.290487
v 2.371718 1.300860 0.296783
v 2.371715 1.303785 0.295264
vt 0.849609 0.831116
vt 0.849609 0.830383
vt 0.849976 0.830841
vt 0.849976 0.831116
vt 0.852051 0.783325
vt 0.852295 0.783691
vt 0.852295 0.784058
vt 0.852295 0.784363
vt 0.851929 0.784485
vt 0.851685 0.784058
vt 0.851685 0.783691
vt 0.505737 0.847595
vt 0.505981 0.847473
vt 0.505981 0.849365
vt 0.505737 0.849335
vt 0.847778 0.559082
vt 0.847473 0.559113
vt 0.847412 0.557861
vt 0.847412 0.557281
vt 0.847778 0.557190
vt 0.778992 0.854767
vt 0.778687 0.854736
vt 0.778687 0.854401
vt 0.794434 0.853516
vt 0.794800 0.853546
vt 0.794922 0.854858
vt 0.794556 0.854980
vt 0.841492 0.738770
vt 0.841187 0.738647
vt 0.841492 0.738403
vt 0.855347 0.500183
vt 0.854980 0.500183
vt 0.855347 0.499756
vt 0.855225 0.499634
vt 0.799438 0.855225
vt 0.799805 0.855225
vt 0.799805 0.855713
vt 0.799438 0.855591
vt 0.794189 0.855164
vt 0.794312 0.854828
vt 0.855591 0.528320
vt 0.855896 0.528046
vt 0.856201 0.528381
vt 0.856201 0.593323
vt 0.855957 0.593445
vt 0.855713 0.593018
vt 0.856079 0.592957
vt 0.855713 0.599518
vt 0.856018 0.599518
vt 0.856079 0.600159
vt 0.855774 0.600281
vt 0.855713 0.600037
vt 0.854126 0.774048
vt 0.854126 0.774231
vt 0.853516 0.774231
vt 0.853394 0.774048
vt 0.854279 0.774536
vt 0.854675 0.774048
vt 0.854919 0.774292
vt 0.854584 0.774658
vt 0.852844 0.774597
vt 0.853088 0.774658
vt 0.853516 0.776306
vt 0.853271 0.776367
vt 0.852844 0.775208
vt 0.850464 0.527466
vt 0.850220 0.527466
vt 0.850220 0.527039
vt 0.850464 0.527039
vt 0.855896 0.526733
vt 0.855896 0.527161
vt 0.855591 0.526886
vt 0.491943 0.855896
vt 0.492004 0.856262
vt 0.491699 0.856079
vt 0.855713 0.592285
vt 0.856079 0.592651
vt 0.854919 0.776855
vt 0.855042 0.777039
vt 0.854675 0.776978
vt 0.854553 0.776672
vt 0.855042 0.776489
vt 0.855377 0.855103
vt 0.855911 0.854736
vt 0.855698 0.855103
vt 0.855438 0.855469
vt 0.794922 0.853149
vt 0.794434 0.853271
vt 0.853760 0.843616
vt 0.853760 0.843134
vt 0.854370 0.843067
vt 0.854858 0.843481
vt 0.854858 0.843967
vt 0.854370 0.845161
vt 0.853882 0.845085
vt 0.854614 0.843618
vt 0.854370 0.843390
vt 0.855911 0.855835
vt 0.855865 0.856079
vt 0.855286 0.855469
vt 0.845642 0.853500
vt 0.845886 0.852676
vt 0.845581 0.851761
vt 0.845337 0.851242
vt 0.844971 0.851334
vt 0.844788 0.851730
vt 0.845215 0.853119
vt 0.845215 0.853699
vt 0.845032 0.853378
vt 0.844482 0.851761
vt 0.844543 0.851288
vt 0.845093 0.850922
vt 0.845398 0.850922
vt 0.845947 0.851440
vt 0.845947 0.853363
vt 0.855133 0.514160
vt 0.854980 0.513672
vt 0.855347 0.513672
vt 0.855347 0.514160
vt 0.765076 0.855957
vt 0.764648 0.855896
vt 0.764465 0.855530
vt 0.764404 0.855103
vt 0.764587 0.855164
vt 0.764893 0.855408
vt 0.798950 0.855957
vt 0.798706 0.855957
vt 0.798584 0.855713
vt 0.798706 0.855347
vt 0.798950 0.855225
vt 0.798950 0.855591
vt 0.855865 0.740845
vt 0.855652 0.740601
vt 0.855682 0.740234
vt 0.855835 0.740112
vt 0.856018 0.740479
vt 0.856018 0.740845
vt 0.505981 0.849915
vt 0.506348 0.849335
vt 0.506348 0.849792
vt 0.794067 0.853638
vt 0.794312 0.853180
vt 0.506348 0.847595
vt 0.506348 0.848053
vt 0.855225 0.755402
vt 0.855225 0.757782
vt 0.854980 0.757660
vt 0.854980 0.757233
vt 0.854980 0.755524
vt 0.853058 0.854553
vt 0.853058 0.855164
vt 0.852844 0.854919
vt 0.852722 0.854614
vt 0.852753 0.854248
vt 0.505737 0.849823
vt 0.856140 0.526886
vt 0.856201 0.526520
vt 0.778870 0.856079
vt 0.849976 0.832275
vt 0.850220 0.832275
vt 0.850220 0.832642
vt 0.856079 0.597839
vt 0.855713 0.598297
vt 0.855774 0.597748
vt 0.855896 0.836914
vt 0.855896 0.837524
vt 0.855591 0.837646
vt 0.855530 0.837280
vt 0.764526 0.854736
vt 0.764954 0.854370
vt 0.765076 0.854553
vt 0.850220 0.830811
vt 0.779236 0.854462
vt 0.779236 0.856049
vt 0.849609 0.832642
vt 0.849609 0.832092
vt 0.854156 0.774902
vt 0.854462 0.775269
vt 0.854126 0.775269
vt 0.855209 0.855103
vt 0.855957 0.591797
vt 0.856201 0.591980
vt 0.492004 0.855591
vt 0.854218 0.775757
vt 0.854919 0.776367
vt 0.854614 0.776489
vt 0.799500 0.855957
vt 0.855591 0.755951
vt 0.855591 0.757660
vt 0.844910 0.853546
vt 0.854126 0.776794
vt 0.853699 0.776794
vt 0.852051 0.784729
vn -0.8343 0.4884 -0.2558
vn -0.1978 0.9792 0.0454
vn -0.8337 0.4741 -0.2831
vn -0.8338 0.4741 -0.2830
vn 0.5107 -0.8594 0.0236
vn 0.1842 -0.9763 -0.1136
vn -0.1862 -0.9759 -0.1135
vn -0.1862 -0.9760 -0.1128
vn -0.1821 -0.9766 -0.1145
vn 0.1844 -0.9763 -0.1136
vn 0.5108 -0.8594 0.0237
vn -0.4821 -0.6618 0.5741
vn -0.4839 -0.6632 0.5709
vn -0.4975 -0.4154 0.7615
vn -0.4979 -0.4154 0.7613
vn 0.8666 0.2397 -0.4377
vn 0.8664 0.2401 -0.4379
vn 0.8053 -0.0322 -0.5920
vn 0.8053 -0.0322 -0.5919
vn -0.5089 -0.3812 -0.7719
vn -0.5095 -0.3837 -0.7702
vn -0.5065 -0.3924 -0.7678
vn 0.4980 -0.4170 0.7603
vn 0.5026 -0.8511 0.1514
vn 0.4992 -0.8534 0.1499
vn 0.5021 -0.8511 0.1532
vn 0.5505 0.3079 0.7760
vn 0.5569 0.2998 0.7746
vn 0.5545 0.3007 0.7760
vn 0.5484 0.3099 0.7767
vn 0.4971 -0.7075 -0.5024
vn 0.4964 -0.7079 -0.5025
vn 0.4966 -0.7079 -0.5023
vn -0.4738 -0.8642 0.1693
vn -0.4751 -0.8638 0.1678
vn -0.4765 -0.8642 0.1617
vn 0.8191 -0.0047 0.5737
vn 0.8186 -0.0051 0.5743
vn 0.8192 0.0146 0.5734
vn -0.5110 0.8540 -0.0979
vn -0.5100 0.8544 -0.0994
vn -0.1755 0.9838 -0.0366
vn -0.1726 0.9844 -0.0326
vn -0.4750 0.6734 -0.5665
vn -0.4922 0.6734 -0.5516
vn -0.5042 0.8401 -0.2003
vn -0.4945 0.8425 -0.2137
vn -0.4753 0.6734 -0.5662
vn -0.5171 0.3822 0.7659
vn -0.1794 0.5231 0.8332
vn -0.1798 0.5231 0.8331
vn -0.1788 0.5226 0.8336
vn 0.4845 0.7201 0.4966
vn 0.4887 0.4582 0.7425
vn 0.4861 0.7192 0.4964
vn 0.4846 0.7194 0.4976
vn 0.8125 0.0667 0.5791
vn 0.8098 0.0516 0.5844
vn 0.8667 -0.2397 0.4375
vn 0.8128 0.0669 0.5786
vn -0.1702 -0.9851 0.0247
vn -0.1696 -0.9852 0.0237
vn -0.1633 -0.9864 0.0196
vn -0.1638 -0.9863 0.0211
vn 0.8246 -0.0065 -0.5656
vn 0.8244 -0.0069 -0.5660
vn 0.8230 -0.0463 -0.5662
vn -0.4923 0.3000 0.8171
vn -0.4926 0.3001 0.8168
vn -0.4859 0.3184 0.8140
vn 0.1726 0.9844 -0.0328
vn 0.5134 0.8524 -0.0991
vn 0.1728 0.9844 -0.0325
vn 0.1690 0.9850 -0.0364
vn -0.5543 0.3068 0.7737
vn -0.5515 0.3077 0.7754
vn -0.8136 0.0114 0.5813
vn -0.8253 0.0055 0.5646
vn 0.1854 0.4531 0.8720
vn 0.1825 0.4528 0.8728
vn 0.1783 0.4569 0.8714
vn -1.0000 -0.0000 0.0000
vn 0.4894 0.3175 0.8122
vn 0.4907 0.3174 0.8115
vn 0.4843 0.3016 0.8213
vn 0.4843 0.3017 0.8212
vn 1.0000 0.0000 -0.0000
vn 1.0000 0.0001 -0.0000
vn -0.4900 0.4465 0.7487
vn -0.4781 0.4613 0.7474
vn -0.4853 0.7200 0.4960
vn -0.4862 0.7192 0.4964
vn -0.0101 0.5181 -0.8553
vn 0.0001 0.4798 -0.8774
vn 0.0001 0.4800 -0.8773
vn -0.0005 0.4803 -0.8771
vn 0.0002 0.4807 -0.8769
vn 0.0003 0.4800 -0.8773
vn 0.0276 0.5102 -0.8596
vn -0.0297 0.5127 -0.8581
vn -0.0000 0.4793 -0.8776
vn 0.0002 0.4802 -0.8772
vn -0.0000 0.4805 -0.8770
vn 0.0003 0.4804 -0.8770
vn -0.0001 0.4805 -0.8770
vn 0.0001 0.4801 -0.8772
vn 0.0284 0.5615 -0.8270
vn -0.4966 -0.7076 -0.5027
vn -0.4972 -0.7074 -0.5023
vn -0.4866 -0.8494 -0.2043
vn -0.4814 -0.8542 -0.1962
vn 0.4981 -0.8288 -0.2549
vn 0.4921 -0.8308 -0.2602
vn 0.4815 -0.6390 -0.5998
vn 0.4821 -0.6386 -0.5998
vn 0.4874 -0.6406 -0.5934
vn 0.4970 -0.8296 -0.2546
vn -0.4881 -0.6358 -0.5980
vn -0.4811 -0.6426 -0.5964
vn -0.4822 -0.3290 -0.8120
vn -0.4830 -0.3278 -0.8119
vn -0.4812 -0.3291 -0.8125
vn -0.4843 -0.6398 -0.5967
vn -0.4987 -0.8531 0.1532
vn -0.4925 -0.8317 -0.2565
vn -0.4919 -0.8322 -0.2559
vn -0.4967 -0.8277 -0.2611
vn -0.5005 -0.8524 0.1514
vn -0.5020 -0.8518 0.1497
vn 0.4907 -0.0752 0.8681
vn 0.4906 -0.0753 0.8681
vn 0.4563 -0.1001 0.8842
vn -0.4973 -0.4170 0.7608
vn -0.4980 -0.4169 0.7604
vn -0.4760 -0.1330 0.8693
vn -0.4764 -0.1328 0.8691
vn 0.4979 -0.4154 0.7613
vn 0.4828 -0.6632 0.5719
vn 0.4853 -0.6609 0.5725
vn 0.4975 -0.4156 0.7614
vn -0.8061 -0.0302 -0.5911
vn -0.8122 0.5217 -0.2610
vn -0.8122 0.5214 -0.2616
vn -0.8666 0.2395 -0.4378
vn -0.8058 -0.0302 -0.5914
vn 0.0143 -0.5307 0.8474
vn 0.0162 -0.5306 0.8475
vn 0.0282 -0.5616 0.8269
vn -0.0340 -0.5372 0.8428
vn -0.0340 -0.5373 0.8427
vn -0.4932 -0.0979 0.8644
vn -0.4931 -0.0978 0.8644
vn -0.4612 -0.0768 0.8840
vn -0.4609 -0.0766 0.8841
vn 0.5260 -0.8448 0.0984
vn 0.5292 -0.8428 0.0983
vn 0.5287 -0.8431 0.0981
vn -0.4982 0.4162 -0.7606
vn 0.5216 0.3787 0.7646
vn 0.5220 0.3793 0.7640
vn 0.1757 0.5233 0.8339
vn 0.1756 0.5233 0.8338
vn -0.8252 -0.4847 0.2900
vn -0.8248 -0.4995 0.2650
vn -0.8248 -0.4994 0.2651
vn -0.4847 0.1108 -0.8676
vn -0.4980 0.4177 -0.7599
vn -0.4775 0.1073 -0.8721
vn -0.4769 0.1063 -0.8725
vn 0.1936 0.9800 0.0460
vn 0.1944 0.9798 0.0463
vn 0.1945 0.9798 0.0462
vn 0.1937 0.9800 0.0461
vn 0.4815 -0.3283 -0.8126
vn 0.4812 -0.3291 -0.8125
vn 0.4842 0.1063 -0.8685
vn 0.4847 0.1058 -0.8683
vn 0.4866 0.1080 -0.8669
vn -0.8668 -0.2396 0.4374
vn 0.4981 0.4162 -0.7607
vn 0.4983 0.4161 -0.7606
vn 0.4980 0.4162 -0.7607
vn -0.8132 -0.0411 -0.5805
vn -0.8129 -0.0411 -0.5810
vn -0.8349 -0.0271 -0.5497
vn 0.8666 -0.2398 0.4375
vn 0.8668 -0.2396 0.4373
vn 0.8666 0.2395 -0.4377
vn 0.4977 0.8501 0.1724
vn 0.4971 0.8507 0.1711
vn 0.4942 0.8513 0.1762
vn 0.4932 0.8463 -0.2015
vn 0.5034 0.8376 -0.2123
vn -0.4969 0.8499 0.1751
vn -0.4973 0.8497 0.1751
vn -0.4956 0.8510 0.1735
vn -0.4934 0.8527 0.1715
vn 0.8106 0.5248 -0.2597
vn 0.8106 0.5248 -0.2598
vn 0.8109 0.5245 -0.2595
vn -0.4927 0.8346 0.2463
vn -0.5063 0.8177 0.2740
vn -0.4927 0.8346 0.2465
vn 0.4899 0.6671 -0.5612
vn 0.4896 0.6675 -0.5610
vn 0.4722 0.6825 -0.5578
vn 0.4977 0.4178 -0.7601
vn 0.4778 -0.8621 0.1691
vn 0.4763 -0.8632 0.1675
vn 0.4749 -0.8650 0.1619
vn -0.8267 -0.4969 0.2638
vn -0.8665 -0.2398 0.4377
vn -0.8185 0.0575 0.5716
vn -0.8087 0.0559 0.5856
vn -0.5715 -0.2811 -0.7710
vn -0.5286 -0.2673 -0.8057
vn 0.8237 -0.5052 0.2577
vn 0.8318 -0.4954 0.2503
vn 0.8317 -0.4946 0.2522
vn 0.8236 -0.5053 0.2577
vn 0.8379 -0.4715 0.2749
vn 0.8376 -0.4722 0.2747
vn 0.8209 -0.4987 0.2783
vn -0.5518 -0.8326 0.0478
vn -0.5295 -0.8481 -0.0177
vn -0.5303 -0.8476 -0.0177
vn -0.8670 0.2395 -0.4371
vn -0.8666 0.2394 -0.4379
vn -0.8667 0.2395 -0.4375
vn -0.8667 0.2396 -0.4375
vn 0.0200 0.5616 -0.8271
vn -0.0336 0.5369 -0.8430
vn -0.0335 0.5369 -0.8430
usemtl Steel_-_Satin.001
s 1
f 2987/7594/9190 2995/7595/9191 2997/7596/9192 2982/7597/9193
f 2988/7598/9194 2993/7599/9195 2994/7600/9196 2991/7601/9197 2990/7602/9198 2995/7603/9199 2992/7604/9200
f 2944/7605/9201 2945/7606/9202 2973/7607/9203 2972/7608/9204
f 2979/7609/9205 2963/7610/9206 2980/7611/9207 2988/7612/9208 2992/7613/9208
f 2970/7614/9209 2971/7615/9210 2955/7616/9211
f 2938/7617/9212 2953/7618/9212 2924/7619/9212 2929/7620/9212
f 2945/7621/9213 2936/7622/9214 2947/7623/9215
f 2975/7624/9216 2985/7625/9217 2986/7626/9218 2996/7627/9219
f 2968/7628/9220 2970/7629/9220 2929/7630/9221 2940/7631/9222
f 2929/7620/9223 2935/7632/9224 2934/7633/9225
f 2985/7634/9226 2975/7635/9227 2986/7636/9228
f 2950/7637/9229 2959/7638/9230 2960/7639/9231 2952/7640/9232
f 2926/7641/9233 2932/7642/9234 2942/7643/9235 2937/7644/9236 2933/7645/9237
f 2959/7646/9238 2977/7647/9239 2951/7648/9240 2960/7649/9241
f 2946/7650/9242 2966/7651/9243 2969/7652/9244 2941/7653/9245
f 2961/7654/9246 2954/7655/9247 2981/7656/9248 2980/7657/9248 2963/7658/9249
f 2949/7659/9250 2948/7660/9251 2965/7661/9252 2939/7662/9253
f 2948/7663/9254 2931/7664/9255 2957/7665/9256
f 2948/7666/9257 2938/7667/9258 2957/7668/9259
f 2960/7639/9260 2961/7669/9261 2962/7670/9262 2952/7640/9263
f 2997/7671/9264 2996/7672/9265 2989/7673/9266 2982/7674/9267
f 2996/7672/9268 2997/7671/9269 2975/7675/9270
f 2942/7676/9271 2934/7677/9271 2935/7678/9271 2943/7679/9271
f 2965/7680/9272 2953/7618/9273 2938/7617/9274 2948/7681/9275
f 2924/7682/9276 2928/7683/9276 2941/7684/9277 2969/7685/9277 2974/7686/9276 2956/7687/9276 2939/7688/9276 2968/7689/9277 2940/7690/9276
f 2967/7691/9278 2966/7692/9279 2946/7693/9280 2943/7679/9281
f 2995/7694/9282 2987/7695/9283 2927/7696/9284 2953/7697/9285 2938/7698/9286 2957/7699/9287 2985/7700/9288 2990/7701/9289 2983/7702/9290 2958/7703/9291 2950/7704/9292 2952/7705/9293 2962/7706/9294 2979/7707/9295 2992/7708/9296
f 2929/7709/9297 2970/7710/9298 2955/7711/9299 2935/7712/9300
f 2947/7713/9301 2936/7714/9302 2930/7715/9303 2925/7716/9304 2927/7717/9305 2965/7718/9306
f 2930/7719/9307 2931/7720/9308 2957/7721/9309 2923/7722/9310 2921/7723/9311 2925/7724/9312
f 2944/7725/9313 2976/7726/9314 2931/7727/9315 2930/7728/9316 2936/7729/9317 2945/7730/9318
f 2966/7731/9319 2973/7607/9320 2974/7732/9321 2969/7733/9321
f 2929/7620/9322 2934/7633/9323 2950/7734/9324 2957/7735/9325 2938/7617/9323
f 2973/7607/9326 2945/7606/9327 2947/7736/9328 2956/7737/9326 2974/7732/9329
f 2984/7738/9330 2959/7739/9331 2950/7740/9332 2958/7741/9333 2983/7742/9334
f 2996/7743/9335 2984/7744/9336 2991/7745/9337 2994/7746/9338 2993/7747/9339
f 2967/7748/9340 2972/7608/9341 2973/7607/9342 2966/7731/9343
f 2976/7749/9344 2948/7663/9345 2949/7750/9346
f 2971/7615/9347 2970/7614/9347 2949/7751/9347
f 2954/7655/9348 2961/7654/9349 2960/7649/9350 2951/7648/9351
f 2965/7752/9352 2964/7753/9353 2939/7754/9354
f 2923/7755/9355 2932/7642/9356 2926/7641/9356 2922/7756/9357 2921/7757/9358
f 2995/7758/9359 2985/7759/9360 2975/7760/9361 2997/7761/9362
f 2927/7717/9363 2925/7716/9364 2921/7762/9365 2922/7763/9366 2920/7764/9367
f 2965/7752/9368 2982/7597/9368 2989/7765/9368 2964/7753/9368
f 2970/7614/9369 2968/7766/9370 2939/7767/9371 2949/7751/9371
f 2953/7768/9372 2927/7769/9373 2965/7752/9374
f 2976/7749/9375 2986/7636/9375 2975/7635/9375 2931/7664/9376
f 2985/7634/9377 2957/7665/9377 2931/7664/9377 2975/7635/9377
f 2937/7770/9378 2946/7650/9379 2941/7653/9380 2928/7771/9381 2933/7772/9382
f 2942/7676/9383 2943/7679/9384 2946/7693/9385 2937/7773/9386
f 2961/7669/9387 2963/7774/9388 2979/7775/9388 2962/7670/9389
f 2976/7776/9390 2948/7666/9391 2957/7668/9392
f 2926/7777/9393 2933/7772/9394 2928/7771/9395 2920/7778/9396 2922/7779/9396
f 2929/7630/9397 2924/7780/9398 2940/7631/9399
f 2984/7738/9400 2978/7781/9401 2977/7782/9402 2959/7739/9403
f 2990/7701/9404 2984/7783/9404 2983/7702/9405
f 2980/7657/9406 2981/7656/9407 2993/7784/9408 2988/7785/9409
f 2931/7664/9410 2948/7663/9411 2976/7749/9412
f 2991/7601/9413 2984/7786/9414 2990/7602/9415
f 2965/7752/9416 2927/7769/9417 2987/7594/9418 2982/7597/9419
f 2985/7700/9420 2995/7694/9421 2990/7701/9422
o MeshBody4_(42)_MeshBody4_(42).001
v 2.371727 1.346633 0.308931
v 2.371727 1.352292 0.308694
v 2.374477 1.347116 0.310383
v 2.374477 1.362823 0.313902
v 2.374477 1.361487 0.316786
v 2.371727 1.343447 0.310806
v 2.368979 1.344520 0.311903
v 2.368979 1.351853 0.310211
v 2.371727 1.363490 0.312459
v 2.368979 1.348101 0.313292
v 2.374477 1.366224 0.316854
v 2.371727 1.362064 0.319180
v 2.371727 1.341069 0.314195
v 2.368979 1.342574 0.314700
v 2.368979 1.345583 0.315709
v 2.371727 1.367599 0.316073
v 2.374477 1.363915 0.319852
v 2.368979 1.361487 0.316786
v 2.368979 1.363915 0.319852
v 2.371727 1.340418 0.318161
v 2.368979 1.366224 0.316854
v 2.374477 1.342046 0.317975
v 2.371727 1.347132 0.316242
v 2.371724 1.349641 0.314190
v 2.374477 1.366657 0.322812
v 2.368979 1.366657 0.322812
v 2.368979 1.342958 0.320691
v 2.371727 1.341521 0.321489
v 2.374477 1.345813 0.319089
v 2.371727 1.368162 0.323316
v 2.369788 1.347261 0.319182
v 2.366210 1.350415 0.314451
v 2.371717 1.350661 0.320330
v 2.374945 1.350037 0.320119
v 2.371717 1.352628 0.315196
v 2.368979 1.362650 0.323510
v 2.371727 1.345872 0.325124
v 2.374477 1.346586 0.323698
v 2.365031 1.350424 0.317351
v 2.371714 1.353148 0.318270
v 2.378414 1.350437 0.317356
v 2.380555 1.345537 0.315704
v 2.378975 1.344365 0.318205
v 2.374237 1.344954 0.315508
v 2.371727 1.363285 0.328742
v 2.368979 1.362640 0.327283
v 2.371727 1.360743 0.322923
v 2.374477 1.361370 0.324374
v 2.374477 1.362640 0.327283
v 2.368979 1.358732 0.324465
v 2.368979 1.357966 0.327539
v 2.364498 1.335314 0.309368
v 2.362916 1.334074 0.311840
v 2.369238 1.334627 0.312027
v 2.367658 1.344078 0.318109
v 2.366210 1.348417 0.319573
v 2.364498 1.333110 0.314404
v 2.377238 1.350426 0.314455
v 2.378975 1.346418 0.313105
v 2.375816 1.346128 0.313007
v 2.380557 1.334079 0.311842
v 2.378975 1.335316 0.309369
v 2.378975 1.333112 0.314405
v 2.375815 1.333386 0.314499
v 2.374235 1.334622 0.312025
v 2.366171 1.331481 0.307305
v 2.364947 1.329439 0.309315
v 2.368618 1.333228 0.308265
v 2.368618 1.330968 0.313275
v 2.378505 1.329435 0.309312
v 2.374852 1.333242 0.308271
v 2.367746 1.327448 0.308223
v 2.368445 1.327519 0.311391
v 2.375002 1.329884 0.306429
v 2.375002 1.327527 0.311396
v 2.373607 1.330062 0.312781
v 2.371723 1.326857 0.311029
v 2.371723 1.329232 0.306071
v 2.371718 1.331977 0.307577
v 2.371715 1.332220 0.310837
vt 0.800110 0.853546
vt 0.800415 0.853424
vt 0.800171 0.854889
vt 0.800415 0.855011
vt 0.799988 0.855255
vt 0.799805 0.854767
vt 0.854858 0.827209
vt 0.854492 0.826904
vt 0.854492 0.826538
vt 0.854736 0.826538
vt 0.789246 0.791046
vt 0.789551 0.791046
vt 0.789551 0.791595
vt 0.789246 0.791504
vt 0.855713 0.543839
vt 0.855408 0.543961
vt 0.855408 0.543396
vt 0.855408 0.541534
vt 0.855713 0.541641
vt 0.855713 0.542114
vt 0.855225 0.760559
vt 0.855225 0.760071
vt 0.855591 0.760193
vt 0.855591 0.760620
vt 0.790596 0.802856
vt 0.790512 0.803101
vt 0.790039 0.802734
vt 0.789909 0.802368
vt 0.790092 0.802368
vt 0.514099 0.814453
vt 0.514099 0.813721
vt 0.514282 0.813843
vt 0.514282 0.814453
vt 0.855835 0.604614
vt 0.856018 0.604492
vt 0.855896 0.605225
vt 0.855713 0.605225
vt 0.856201 0.605225
vt 0.856323 0.605835
vt 0.856018 0.605957
vt 0.855835 0.816895
vt 0.855530 0.817017
vt 0.855469 0.816711
vt 0.855835 0.816528
vt 0.854370 0.826050
vt 0.854492 0.825134
vt 0.854858 0.825317
vt 0.854736 0.826172
vt 0.851379 0.794434
vt 0.851379 0.793030
vt 0.851624 0.793167
vt 0.851624 0.794617
vt 0.827637 0.854126
vt 0.827637 0.855011
vt 0.827393 0.855286
vt 0.827393 0.853821
vt 0.854248 0.827454
vt 0.854248 0.827271
vt 0.854248 0.826904
vt 0.854858 0.827454
vt 0.854614 0.827698
vt 0.853760 0.820923
vt 0.854248 0.820557
vt 0.854126 0.820923
vt 0.849548 0.834885
vt 0.849854 0.834641
vt 0.849854 0.834961
vt 0.854248 0.821167
vt 0.855835 0.792053
vt 0.855713 0.792542
vt 0.855347 0.790863
vt 0.855469 0.790405
vt 0.855835 0.790497
vt 0.855713 0.790863
vt 0.851624 0.792816
vt 0.856323 0.604614
vt 0.789551 0.789795
vt 0.789246 0.789368
vt 0.789551 0.789276
vt 0.514282 0.816650
vt 0.514099 0.816528
vt 0.514282 0.816284
vt 0.850342 0.544556
vt 0.850586 0.544617
vt 0.850586 0.545410
vt 0.850342 0.545227
vt 0.827759 0.855347
vt 0.850159 0.833511
vt 0.849976 0.833130
vt 0.849426 0.833221
vt 0.849365 0.833633
vt 0.849121 0.834610
vt 0.848816 0.834595
vt 0.848938 0.833344
vt 0.849426 0.832764
vt 0.849792 0.832733
vt 0.850342 0.833038
vt 0.850342 0.834763
vt 0.851074 0.793167
vt 0.851074 0.792816
vt 0.785675 0.820068
vt 0.785614 0.819702
vt 0.785797 0.819580
vt 0.785797 0.820068
vt 0.854370 0.777390
vt 0.854248 0.777618
vt 0.853882 0.777481
vt 0.853760 0.777176
vt 0.854126 0.777054
vt 0.854370 0.777069
vt 0.854980 0.761292
vt 0.854980 0.760620
vt 0.855225 0.761292
vt 0.789963 0.802002
vt 0.790199 0.801636
vt 0.790596 0.801514
vt 0.790382 0.802002
vt 0.855469 0.816406
vt 0.855835 0.816223
vt 0.853516 0.777679
vt 0.853394 0.777420
vt 0.851074 0.794815
vt 0.850769 0.794342
vt 0.851379 0.794617
vt 0.514221 0.851578
vt 0.514526 0.851456
vt 0.515137 0.851654
vt 0.515381 0.852097
vt 0.514893 0.851898
vt 0.514587 0.851776
vt 0.514282 0.851974
vt 0.513855 0.852264
vt 0.855591 0.761230
vt 0.855103 0.762268
vt 0.855469 0.762390
vt 0.849976 0.545410
vt 0.849976 0.544739
vt 0.854126 0.826172
vt 0.853149 0.777695
vt 0.853271 0.778244
vt 0.853027 0.778091
vt 0.854370 0.778732
vt 0.854004 0.778900
vt 0.853882 0.778580
vt 0.854248 0.778412
vt 0.828003 0.855133
vt 0.828003 0.855530
vt 0.854980 0.760376
vt 0.800659 0.853302
vt 0.800659 0.855042
vt 0.515137 0.674927
vt 0.515015 0.675476
vt 0.514771 0.675537
vt 0.514771 0.674896
vt 0.514771 0.673645
vt 0.515015 0.673645
vt 0.515015 0.853149
vt 0.515381 0.853790
vt 0.514832 0.854095
vt 0.514221 0.853912
vt 0.513977 0.853485
vt 0.514343 0.853424
vt 0.514771 0.853760
vt 0.515076 0.853546
vt 0.828003 0.853882
vt 0.789856 0.789825
vt 0.789856 0.791504
vt 0.514893 0.852188
vt 0.514587 0.851929
vt 0.827393 0.855652
vt 0.850342 0.544189
vt 0.849976 0.544495
vt 0.849854 0.835373
vt 0.849487 0.835419
vt 0.849182 0.835297
vt 0.849365 0.835022
vt 0.828003 0.855713
vt 0.827759 0.855530
vt 0.496460 0.856079
vt 0.496765 0.855591
vt 0.496765 0.856201
vt 0.515381 0.674927
vt 0.515381 0.675598
vt 0.855103 0.541641
vt 0.855103 0.543381
vt 0.514099 0.816895
vt 0.848022 0.852951
vt 0.847717 0.852951
vt 0.847717 0.852539
vt 0.789551 0.789032
vt 0.515015 0.673096
vt 0.515381 0.673035
vt 0.515381 0.673676
vt 0.783081 0.812469
vt 0.783203 0.812805
vt 0.782959 0.812805
vt 0.785645 0.816528
vt 0.785828 0.816284
vt 0.785828 0.816895
vt 0.800110 0.853210
vt 0.785583 0.830948
vt 0.785645 0.830658
vt 0.785828 0.830948
vt 0.850220 0.528198
vt 0.850464 0.527954
vt 0.850464 0.528320
vt 0.514771 0.673218
vt 0.853760 0.779129
vt 0.853638 0.777908
vt 0.853760 0.778793
vt 0.854248 0.779037
vn -0.4984 0.2772 -0.8214
vn -0.4810 0.5311 -0.6975
vn -0.4802 0.5313 -0.6979
vn -0.4934 0.5432 -0.6793
vn -0.4985 0.2771 -0.8214
vn -0.1984 -0.5439 -0.8154
vn -0.5578 -0.3840 -0.7358
vn -0.5603 -0.3855 -0.7331
vn -0.1942 -0.5446 -0.8159
vn 0.4856 0.5730 -0.6602
vn 0.4790 0.5803 -0.6586
vn 0.4776 0.5801 -0.6598
vn 0.4844 0.5740 -0.6602
vn -0.4860 -0.5578 0.6728
vn -0.4905 -0.5591 0.6685
vn -0.4982 -0.2773 0.8215
vn -0.4769 0.0517 0.8774
vn -0.4762 0.0507 0.8779
vn 0.1769 0.9709 -0.1616
vn 0.5227 0.8249 -0.2151
vn 0.1773 0.9708 -0.1618
vn 0.1745 0.9709 -0.1641
vn 0.4920 -0.5554 0.6704
vn 0.4874 -0.5593 0.6706
vn 0.5069 -0.8175 0.2735
vn 0.5038 -0.8199 0.2719
vn 0.4904 -0.5558 0.6713
vn 0.4919 0.7530 0.4371
vn 0.4947 0.4947 0.7145
vn 0.4926 0.7520 0.4380
vn 0.4915 0.7524 0.4385
vn 0.4898 0.8324 -0.2593
vn 0.4920 0.8644 0.1038
vn 0.4917 0.8647 0.1030
vn -0.4923 0.7532 0.4364
vn -0.4927 0.7519 0.4379
vn -0.4951 0.4928 0.7156
vn -0.4955 0.4932 0.7150
vn -0.5385 0.8299 -0.1460
vn -0.5386 0.8298 -0.1461
vn -0.8224 0.4613 -0.3331
vn -0.8219 0.4619 -0.3334
vn -0.8662 0.1595 -0.4735
vn -0.8190 0.4660 -0.3348
vn -0.8179 0.4651 -0.3387
vn -0.8256 -0.0572 -0.5614
vn -0.8250 -0.0581 -0.5622
vn -0.8266 -0.0597 -0.5596
vn -0.4983 -0.2767 0.8217
vn 0.8664 -0.1593 0.4733
vn 0.8667 -0.1593 0.4728
vn 0.8664 -0.1596 0.4732
vn 0.8661 -0.1599 0.4735
vn 0.1911 -0.9795 0.0646
vn -0.1905 -0.9796 0.0638
vn -0.1905 -0.9796 0.0641
vn -0.1882 -0.9801 0.0624
vn 0.1905 -0.9796 0.0638
vn 0.5325 -0.8341 0.1438
vn 0.5334 -0.8335 0.1440
vn -0.4794 0.7495 0.4566
vn -0.4984 0.7165 0.4882
vn -0.4985 0.7164 0.4881
vn 0.1949 0.5527 0.8103
vn 0.1913 0.5566 0.8084
vn 0.1934 0.5563 0.8082
vn -0.5087 0.8447 0.1667
vn -0.4952 0.8584 0.1339
vn -0.4948 0.8586 0.1337
vn 0.5969 -0.1170 0.7937
vn 0.7360 0.2271 0.6378
vn 1.0000 -0.0001 0.0001
vn -0.4900 -0.8282 0.2720
vn -0.4929 -0.8272 0.2697
vn -0.4940 -0.8289 0.2624
vn -0.4899 0.8323 -0.2593
vn -0.4918 0.8640 0.1081
vn -0.4930 0.8633 0.1076
vn -0.4931 0.8637 0.1045
vn 0.4979 0.2764 -0.8220
vn 0.4708 -0.0318 -0.8816
vn 0.4777 -0.0357 -0.8778
vn 0.4907 0.8550 0.1677
vn 0.5068 0.8518 0.1328
vn 0.5058 0.8523 0.1332
vn -0.8665 0.1595 -0.4730
vn -0.8665 0.1594 -0.4730
vn 0.8252 -0.4429 0.3506
vn 0.8431 -0.4147 0.3423
vn 0.0005 -0.3202 0.9473
vn 0.0003 -0.3198 0.9475
vn -0.0000 -0.3197 0.9475
vn -0.0005 -0.3199 0.9475
vn 0.0002 -0.3198 0.9475
vn 0.0000 -0.3193 0.9476
vn -0.0002 -0.3197 0.9475
vn -0.0004 -0.3199 0.9474
vn -0.0001 -0.3199 0.9475
vn 0.4945 -0.8259 0.2709
vn 0.4928 -0.8272 0.2699
vn 0.4918 -0.8300 0.2632
vn 0.4925 -0.7516 -0.4388
vn 0.4931 -0.7523 -0.4370
vn 0.4923 -0.7522 -0.4380
vn 0.4909 -0.7520 -0.4399
vn -0.5031 -0.8197 0.2737
vn -0.4960 -0.8573 -0.1379
vn -0.4949 -0.8579 -0.1383
vn -0.4963 -0.8568 -0.1396
vn -0.5031 -0.8196 0.2741
vn -0.5064 -0.8185 0.2713
vn -0.1742 0.6276 0.7588
vn -0.1740 0.6279 0.7586
vn -0.5073 0.4882 0.7101
vn 0.4982 -0.8560 -0.1381
vn 0.4979 -0.8558 -0.1402
vn 0.4804 -0.7186 -0.5028
vn 0.4802 -0.7180 -0.5039
vn 0.4813 -0.7197 -0.5004
vn 0.4980 -0.8560 -0.1392
vn -0.8297 0.0503 0.5560
vn -0.8323 0.0493 0.5522
vn -0.8318 0.0501 0.5527
vn -0.8298 0.0516 0.5556
vn -0.4806 -0.7191 -0.5020
vn -0.4802 -0.7201 -0.5009
vn -0.4846 -0.7162 -0.5023
vn -0.4844 -0.7162 -0.5025
vn 0.4982 -0.2768 0.8217
vn 0.4981 -0.2768 0.8217
vn 0.4673 -0.0078 0.8840
vn 0.4674 -0.0078 0.8840
vn -0.0000 0.4810 -0.8767
vn -0.0150 0.4693 -0.8829
vn -0.0151 0.4690 -0.8831
vn -0.0001 0.4811 -0.8766
vn -0.0002 0.4809 -0.8768
vn 0.0124 0.4478 -0.8940
vn -0.0052 0.4755 -0.8797
vn -0.5237 0.8239 -0.2166
vn -0.1800 0.9698 -0.1643
vn -0.1778 0.9707 -0.1620
vn -0.5229 0.8248 -0.2150
vn -0.8661 -0.1597 0.4737
vn -0.8105 0.1506 0.5661
vn -0.8032 0.1531 0.5757
vn -0.8663 -0.1597 0.4734
vn -0.8664 -0.1595 0.4732
vn -0.8106 -0.5108 0.2865
vn -0.5434 -0.8265 0.1466
vn -0.5384 -0.8314 0.1374
vn -0.8067 -0.5055 0.3061
vn -0.8060 -0.5064 0.3065
vn -0.4770 -0.4452 -0.7578
vn -0.4764 -0.4461 -0.7577
vn -0.4780 -0.0349 -0.8777
vn -0.4790 -0.0318 -0.8773
vn -0.4725 -0.0370 -0.8805
vn -0.4935 -0.8608 -0.1248
vn -0.4903 -0.8635 -0.1183
vn -0.4924 -0.7517 -0.4388
vn -0.4913 -0.7529 -0.4379
vn 0.8172 -0.1371 -0.5597
vn 0.8174 -0.1366 -0.5597
vn 0.8198 -0.1002 -0.5638
vn 0.8197 -0.1009 -0.5639
vn 0.1710 0.6280 0.7592
vn 0.5091 0.4868 0.7098
vn 0.5095 0.4864 0.7098
vn 0.1707 0.6286 0.7588
vn 0.4982 0.2772 -0.8215
vn 0.8257 -0.0591 -0.5610
vn 0.8255 -0.0589 -0.5614
vn 0.8262 -0.0622 -0.5600
vn 0.8668 0.1592 -0.4726
vn 0.8666 0.1593 -0.4729
vn 0.8664 0.1595 -0.4733
vn -0.0003 0.3190 -0.9478
vn -0.0003 0.3189 -0.9478
vn -0.0002 0.3189 -0.9478
vn -0.0002 0.3190 -0.9478
vn -0.0002 0.3191 -0.9477
vn 0.0001 0.3189 -0.9478
vn 0.8662 0.1595 -0.4736
vn 0.8665 0.1590 -0.4731
vn 0.8663 0.1593 -0.4734
vn -0.4983 0.2763 -0.8218
vn -0.4767 0.5761 -0.6640
vn -0.4839 0.5779 -0.6572
vn 0.1810 0.9808 -0.0731
vn 0.1814 0.9807 -0.0728
vn 0.1814 0.9807 -0.0727
vn 0.1808 0.9808 -0.0730
vn 0.5329 -0.8183 0.2154
vn 0.5389 -0.8147 0.2143
vn 0.5376 -0.8155 0.2146
vn -0.8302 -0.4248 0.3610
vn -0.8306 -0.4241 0.3610
vn -0.8296 -0.4456 0.3364
vn -0.8297 -0.4456 0.3364
vn 0.0001 -0.4797 0.8774
vn 0.0131 -0.4469 0.8945
vn -0.0058 -0.4741 0.8804
vn -0.0001 -0.4796 0.8775
vn 0.0002 -0.4796 0.8775
vn -0.0148 -0.4676 0.8838
vn -0.0146 -0.4673 0.8840
vn 0.0209 -0.4577 0.8889
vn 0.0009 -0.4793 0.8777
vn 0.1628 -0.6261 -0.7626
vn 0.1634 -0.6256 -0.7628
vn 0.1667 -0.6243 -0.7632
vn 0.1663 -0.6242 -0.7633
vn -0.5088 -0.4841 -0.7119
vn -0.5086 -0.4841 -0.7120
vn -0.5217 -0.4792 -0.7059
vn 0.8145 -0.5036 0.2881
vn 0.8145 -0.5035 0.2883
vn 0.8017 -0.5173 0.2995
vn 0.4765 0.0482 0.8778
vn 0.4781 0.0530 0.8767
vn 0.4981 -0.2774 0.8215
vn 0.5054 0.8076 -0.3039
vn 0.4997 0.8171 -0.2875
vn 0.5000 0.8167 -0.2880
vn -0.4838 0.4181 0.7689
vn -0.4781 0.4348 0.7631
vn -0.4781 0.4346 0.7633
vn 0.4761 -0.4444 -0.7588
vn 0.4760 -0.4451 -0.7585
vn 0.4780 -0.4456 -0.7570
vn 0.8055 0.1596 0.5707
vn 0.8035 0.1504 0.5760
vn 0.8032 0.1489 0.5768
vn 0.8047 0.1587 0.5720
vn -0.4705 0.0133 0.8823
vn -0.4845 -0.0077 0.8748
vn 0.4828 0.4338 0.7608
vn 0.4827 0.4337 0.7609
vn 0.4766 0.4191 0.7728
vn 0.8663 -0.1596 0.4733
vn 0.8660 -0.1599 0.4738
vn -0.4924 -0.4778 -0.7275
vn -0.4913 -0.4802 -0.7266
vn -0.4893 -0.4878 -0.7229
vn 0.1762 -0.9720 0.1557
vn 0.1756 -0.9720 0.1559
vn 0.1696 -0.9727 0.1585
vn 0.4956 0.5265 -0.6907
vn 0.4823 0.5470 -0.6842
vn 0.4956 0.5267 -0.6906
vn 0.8163 0.4696 -0.3364
vn 0.8160 0.4696 -0.3370
vn 0.8159 0.4694 -0.3377
vn 0.8187 0.4673 -0.3336
vn -1.0000 0.0000 0.0000
usemtl Steel_-_Satin.001
s 1
f 3047/7787/9423 3044/7788/9423 3028/7789/9424 3020/7790/9425 3052/7791/9426 3053/7792/9427
f 3075/7793/9428 3069/7794/9429 3064/7795/9430 3063/7796/9431
f 3001/7797/9432 3006/7798/9433 3013/7799/9434 3008/7800/9435
f 3024/7801/9436 3025/7802/9437 3034/7803/9438 3042/7804/9439 3043/7805/9440 3048/7806/9438
f 3037/7807/9441 3038/7808/9442 3055/7809/9443 3032/7810/9444
f 3035/7811/9445 3034/7812/9446 3025/7813/9447 3017/7814/9448 3019/7815/9449
f 3027/7816/9450 3042/7817/9451 3046/7818/9452 3022/7819/9453
f 3008/7820/9454 3013/7821/9454 3027/7822/9455 3022/7823/9456
f 3027/7822/9457 3023/7824/9458 3043/7825/9459 3042/7826/9460
f 3068/7827/9461 3076/7828/9462 3077/7829/9463 3062/7830/9464
f 3050/7831/9465 3036/7832/9466 3029/7833/9467 3049/7834/9468 3063/7796/9469 3064/7795/9470
f 3021/7835/9471 3009/7836/9471 3015/7837/9471 3007/7838/9471
f 3051/7839/9472 3011/7840/9473 3052/7841/9474 3066/7842/9475
f 3072/7843/9476 3074/7844/9477 3070/7845/9478 3069/7794/9479 3075/7793/9480 3071/7846/9481 3067/7847/9482
f 3020/7848/9483 3004/7849/9484 3012/7850/9485
f 3077/7851/9486 3051/7852/9487 3066/7853/9488
f 3020/7848/9489 3012/7850/9490 3052/7854/9491
f 3055/7855/9492 3000/7856/9493 3001/7857/9494 3008/7858/9494 3014/7859/9494 3002/7860/9494
f 3009/7836/9495 3016/7861/9496 3015/7837/9497
f 3013/7821/9498 3018/7862/9499 3023/7824/9500 3027/7822/9501
f 2999/7863/9502 3006/7798/9502 3001/7797/9502 3000/7864/9503 2998/7865/9504
f 3020/7866/9505 3041/7867/9506 3057/7868/9507
f 3041/7869/9508 3057/7870/9508 3068/7871/9509 3062/7872/9509
f 3052/7841/9510 3011/7840/9511 3012/7873/9511
f 3052/7874/9512 3028/7875/9513 3026/7876/9514 3019/7877/9515 3061/7878/9516 3060/7879/9513 3040/7880/9513 3031/7881/9517 3030/7882/9513 3053/7883/9518 3054/7884/9519 3066/7853/9520
f 3009/7836/9521 3002/7885/9522 3014/7886/9523
f 3044/7887/9524 3009/7888/9525 3014/7889/9526 3045/7890/9527
f 3024/7891/9528 3052/7892/9529 3011/7893/9530 3010/7894/9531 3017/7895/9532 3025/7896/9533
f 3053/7897/9534 3030/7898/9535 3037/7807/9535 3036/7899/9536
f 3019/7815/9537 3017/7814/9538 3010/7900/9539 3003/7901/9540 3000/7902/9541 3041/7903/9542
f 3062/7830/9543 3077/7829/9544 3073/7904/9545 3061/7905/9546
f 3011/7893/9547 3004/7906/9548 3003/7907/9549 3010/7894/9550
f 3000/7908/9493 3055/7909/9492 3002/7885/9551 3009/7836/9552 3021/7835/9553 3020/7910/9554
f 3071/7911/9555 3075/7912/9555 3063/7913/9556 3049/7914/9557 3065/7915/9558 3076/7916/9559 3068/7917/9560 3059/7918/9561
f 3036/7899/9562 3037/7807/9563 3032/7810/9564 3029/7919/9565
f 3054/7920/9566 3053/7897/9567 3036/7899/9568 3050/7921/9569
f 3041/7869/9570 3062/7872/9570 3061/7922/9570 3019/7923/9570
f 3050/7831/9571 3064/7795/9572 3069/7794/9573 3070/7845/9574 3054/7924/9575
f 2998/7925/9576 3003/7907/9577 3004/7906/9578 3005/7926/9579 2999/7927/9580
f 3033/7928/9581 3016/7929/9582 3009/7930/9583 3044/7931/9584
f 3004/7932/9585 3007/7933/9586 3012/7873/9587 3011/7840/9588
f 3030/7898/9589 3031/7934/9590 3038/7808/9591 3037/7807/9592
f 3045/7935/9593 3026/7936/9593 3028/7789/9593 3044/7788/9593
f 3058/7937/9594 3067/7938/9595 3071/7939/9596 3059/7940/9597 3056/7941/9598 3039/7942/9599
f 3004/7943/9600 3065/7915/9601 3049/7914/9602 3029/7944/9603 3032/7945/9604 3055/7946/9605 3056/7947/9601 3059/7918/9600 3068/7917/9600 3057/7948/9600 3021/7949/9600 3007/7950/9600
f 3051/7839/9606 3065/7951/9607 3004/7932/9608 3011/7840/9608
f 3005/7952/9609 3018/7953/9610 3013/7799/9611 3006/7798/9609 2999/7863/9609
f 3076/7916/9612 3065/7915/9613 3051/7954/9614 3077/7955/9615
f 3052/7841/9616 3012/7873/9617 3028/7956/9618
f 3020/7957/9619 3041/7869/9620 3019/7923/9621 3026/7958/9622
f 3077/7851/9623 3066/7853/9624 3054/7884/9625 3070/7959/9626 3074/7960/9627 3072/7961/9628 3060/7879/9629 3061/7878/9630 3073/7962/9631
f 3012/7873/9632 3007/7933/9633 3021/7963/9634 3020/7964/9635
f 3021/7965/9636 3057/7966/9637 3020/7967/9638
f 3060/7968/9639 3072/7969/9640 3067/7938/9641 3058/7937/9641
f 3046/7970/9642 3042/7804/9643 3034/7803/9644 3035/7971/9644
f 3020/7866/9645 3026/7972/9646 3041/7867/9647
f 3020/7973/9648 3007/7974/9649 3004/7975/9650
f 3000/7864/9651 3003/7976/9652 2998/7865/9653
f 3038/7977/9654 3031/7978/9655 3040/7979/9656 3039/7942/9657
f 3007/7980/9658 3020/7981/9659 3021/7982/9659
f 3057/7983/9660 3000/7984/9661 3020/7985/9662
f 3040/7979/9663 3060/7968/9664 3058/7937/9663 3039/7942/9663
f 3044/7788/9665 3047/7787/9666 3033/7986/9667
f 3028/7987/9668 3012/7988/9669 3020/7989/9670
f 3028/7990/9671 3026/7991/9672 3020/7992/9673
f 3038/7977/9674 3039/7942/9675 3056/7941/9676 3055/7993/9677
f 3018/7994/9678 3005/7926/9678 3004/7906/9678 3007/7995/9678 3015/7996/9678 3016/7929/9678 3033/7928/9678 3023/7997/9678
o MeshBody4_(43)_MeshBody4_(43).001
v 2.371727 1.376939 0.318830
v 2.374477 1.377531 0.320263
v 2.368979 1.377531 0.320263
v 2.374477 1.392276 0.325879
v 2.374477 1.396997 0.325682
v 2.371727 1.391708 0.327362
v 2.371727 1.371831 0.324445
v 2.368979 1.373359 0.324864
v 2.368979 1.393409 0.322913
v 2.368979 1.381579 0.322923
v 2.371727 1.398315 0.324824
v 2.374477 1.373359 0.324864
v 2.374477 1.394898 0.328814
v 2.368979 1.392276 0.325879
v 2.371727 1.371492 0.328472
v 2.368979 1.396997 0.325682
v 2.374477 1.373087 0.328190
v 2.371724 1.380323 0.323946
v 2.373016 1.377754 0.326087
v 2.368979 1.394761 0.330784
v 2.374477 1.397817 0.331623
v 2.368979 1.397817 0.331623
v 2.368979 1.374192 0.330866
v 2.371727 1.372834 0.331752
v 2.374477 1.376894 0.329087
v 2.371727 1.399345 0.332043
v 2.369744 1.377238 0.325944
v 2.369788 1.378333 0.329097
v 2.371717 1.381782 0.330051
v 2.374945 1.381149 0.329876
v 2.371717 1.383362 0.324785
v 2.368979 1.396353 0.334567
v 2.371727 1.392653 0.331542
v 2.374477 1.396353 0.334567
v 2.368979 1.377995 0.333670
v 2.371727 1.377393 0.335143
v 2.374477 1.377995 0.333670
v 2.367658 1.376758 0.322961
v 2.364498 1.377038 0.323037
v 2.362917 1.376355 0.325700
v 2.365031 1.381332 0.327076
v 2.371714 1.384099 0.327841
v 2.378414 1.381346 0.327079
v 2.380555 1.376369 0.325704
v 2.378975 1.375397 0.328285
v 2.371727 1.394851 0.337750
v 2.374477 1.392670 0.333488
v 2.368979 1.390062 0.333731
v 2.368979 1.389507 0.336855
v 2.368979 1.384029 0.335263
v 2.371727 1.389232 0.338418
v 2.364498 1.365837 0.319646
v 2.362916 1.364806 0.322199
v 2.369238 1.365360 0.322386
v 2.367658 1.375106 0.328205
v 2.366210 1.379506 0.329422
v 2.364498 1.364052 0.324846
v 2.377238 1.381122 0.324166
v 2.375816 1.376751 0.322958
v 2.380557 1.364811 0.322202
v 2.378975 1.365839 0.319646
v 2.378975 1.364055 0.324846
v 2.374235 1.365355 0.322385
v 2.366171 1.361681 0.318245
v 2.364947 1.359802 0.320512
v 2.368618 1.363583 0.318886
v 2.368618 1.361767 0.324075
v 2.374852 1.363598 0.318891
v 2.374852 1.361782 0.324081
v 2.367746 1.357650 0.319787
v 2.368445 1.358066 0.322827
v 2.375700 1.357658 0.319789
v 2.375002 1.359942 0.317659
v 2.375002 1.358075 0.322831
v 2.371726 1.356791 0.319497
v 2.371723 1.359233 0.317421
v 2.371718 1.360385 0.323610
v 2.371718 1.362220 0.318427
v 2.371715 1.362807 0.321525
vt 0.809387 0.854935
vt 0.809143 0.855286
vt 0.809021 0.854797
vt 0.809326 0.853607
vt 0.809570 0.853409
vt 0.515015 0.663574
vt 0.515015 0.664490
vt 0.514771 0.664459
vt 0.514771 0.663696
vt 0.515015 0.717850
vt 0.515320 0.717865
vt 0.515320 0.719116
vt 0.515381 0.719574
vt 0.515076 0.719696
vt 0.515015 0.719147
vt 0.855225 0.827469
vt 0.854919 0.827362
vt 0.854919 0.825668
vt 0.854919 0.825226
vt 0.855225 0.825119
vt 0.853638 0.833405
vt 0.853638 0.833710
vt 0.853027 0.833649
vt 0.852905 0.833313
vt 0.785400 0.811768
vt 0.785400 0.811218
vt 0.785522 0.810486
vt 0.785889 0.810608
vt 0.785767 0.811340
vt 0.785767 0.811707
vt 0.831543 0.854309
vt 0.831543 0.855042
vt 0.831299 0.854980
vt 0.831177 0.854614
vt 0.852112 0.529175
vt 0.851929 0.527473
vt 0.852112 0.527344
vt 0.852356 0.527893
vt 0.852356 0.529160
vt 0.852478 0.734009
vt 0.852600 0.733643
vt 0.852966 0.733643
vt 0.852783 0.734009
vt 0.831665 0.855530
vt 0.831299 0.855347
vt 0.836914 0.854431
vt 0.836670 0.854736
vt 0.836670 0.854187
vt 0.854126 0.794754
vt 0.854004 0.794266
vt 0.854370 0.793098
vt 0.854675 0.793137
vt 0.854553 0.794388
vt 0.854858 0.794312
vt 0.854980 0.793137
vt 0.515381 0.664948
vt 0.515137 0.665131
vt 0.515137 0.664856
vt 0.515381 0.664429
vt 0.831909 0.854309
vt 0.831909 0.854980
vt 0.514404 0.854980
vt 0.514404 0.855774
vt 0.514160 0.855652
vt 0.514160 0.855133
vt 0.515015 0.717285
vt 0.515381 0.717209
vt 0.854309 0.544189
vt 0.854675 0.544189
vt 0.854736 0.544556
vt 0.854370 0.544556
vt 0.508377 0.854797
vt 0.508667 0.854919
vt 0.508377 0.855164
vt 0.508240 0.855164
vt 0.853790 0.848999
vt 0.853394 0.848999
vt 0.853790 0.848633
vt 0.853271 0.835083
vt 0.852905 0.834839
vt 0.853271 0.834625
vt 0.853638 0.835083
vt 0.853027 0.835358
vt 0.852783 0.835388
vt 0.852783 0.835114
vt 0.852295 0.834259
vt 0.852661 0.833740
vt 0.853516 0.834808
vt 0.853394 0.834290
vt 0.853271 0.833862
vt 0.853027 0.833832
vt 0.852661 0.834015
vt 0.854675 0.794670
vt 0.853790 0.849487
vt 0.854980 0.794815
vt 0.855896 0.802826
vt 0.856018 0.801559
vt 0.856262 0.801620
vt 0.856262 0.803314
vt 0.856079 0.803391
vt 0.852295 0.833649
vt 0.852539 0.833435
vt 0.852051 0.834045
vt 0.513916 0.855957
vt 0.513794 0.855194
vt 0.515381 0.663696
vt 0.785889 0.812378
vt 0.785522 0.812500
vt 0.785522 0.812134
vt 0.831909 0.855225
vt 0.836914 0.855286
vt 0.837158 0.855530
vt 0.836548 0.855042
vt 0.836426 0.854431
vt 0.836548 0.854065
vt 0.836792 0.853638
vt 0.837036 0.853943
vt 0.851746 0.529831
vt 0.852173 0.529716
vt 0.851868 0.529953
vt 0.837158 0.854187
vt 0.513794 0.854950
vt 0.514038 0.854736
vt 0.855591 0.765503
vt 0.855774 0.765503
vt 0.855957 0.766235
vt 0.855652 0.765869
vt 0.851685 0.529419
vt 0.851807 0.527954
vt 0.851562 0.527596
vt 0.851074 0.527733
vt 0.851074 0.528152
vt 0.851074 0.529411
vt 0.850647 0.529152
vt 0.850647 0.527901
vt 0.851074 0.527283
vt 0.851379 0.527214
vt 0.856445 0.531036
vt 0.856079 0.530838
vt 0.856323 0.530640
vt 0.855835 0.764771
vt 0.856140 0.764893
vt 0.856079 0.765503
vt 0.856201 0.734131
vt 0.855957 0.734619
vt 0.855652 0.734619
vt 0.855774 0.734253
vt 0.855957 0.734009
vt 0.851440 0.529373
vt 0.851685 0.529091
vt 0.851379 0.529572
vt 0.850525 0.527863
vt 0.850769 0.527321
vt 0.854614 0.532837
vt 0.854614 0.533264
vt 0.854248 0.533020
vt 0.855652 0.764893
vt 0.809875 0.853348
vt 0.809875 0.855072
vt 0.514832 0.717209
vt 0.514771 0.719131
vt 0.855530 0.827362
vt 0.855530 0.825226
vt 0.514771 0.664764
vt 0.855835 0.532013
vt 0.855835 0.531143
vt 0.856079 0.531174
vt 0.856079 0.531723
vt 0.854370 0.543945
vt 0.854736 0.543945
vt 0.831299 0.853943
vt 0.831665 0.853821
vt 0.856140 0.765747
vt 0.782684 0.812805
vt 0.782379 0.812805
vt 0.782684 0.812469
vt 0.513916 0.854492
vt 0.514282 0.854401
vt 0.515381 0.662872
vt 0.515137 0.662750
vt 0.856445 0.531921
vt 0.514282 0.854095
vt 0.851074 0.529823
vt 0.852966 0.734253
vt 0.508392 0.855469
vt 0.508667 0.855896
vt 0.507996 0.855469
vt 0.507904 0.855164
vt 0.508163 0.854553
vt 0.508621 0.854370
vt 0.856201 0.734985
vt 0.856079 0.735352
vt 0.855713 0.735352
vn -0.4771 0.4923 -0.7280
vn -0.4914 0.5046 -0.7099
vn -0.4984 0.2311 -0.8356
vn 0.8149 -0.1446 -0.5612
vn 0.5425 -0.4783 -0.6906
vn 0.8157 -0.1426 -0.5607
vn 0.8152 -0.1417 -0.5616
vn -0.4984 -0.2312 0.8356
vn -0.4844 -0.5196 0.7038
vn -0.4838 -0.5195 0.7043
vn -0.4881 -0.5207 0.7004
vn -0.4747 -0.0870 -0.8758
vn -0.4809 -0.0839 -0.8727
vn -0.4762 0.5378 -0.6957
vn -0.4749 0.5375 -0.6968
vn -0.4804 0.5412 -0.6901
vn 0.4828 -0.4953 -0.7222
vn 0.4863 -0.7538 -0.4420
vn 0.4865 -0.7540 -0.4415
vn 0.4867 -0.7527 -0.4434
vn -0.8158 -0.1421 -0.5606
vn -0.8665 0.1448 -0.4777
vn -0.8665 0.1448 -0.4776
vn -0.8172 -0.1410 -0.5589
vn -0.8175 -0.1410 -0.5584
vn -0.5197 0.8098 -0.2723
vn -0.1784 0.9565 -0.2309
vn -0.1764 0.9573 -0.2291
vn -0.8672 -0.1443 0.4765
vn -0.8129 0.1855 0.5520
vn -0.8062 0.1875 0.5611
vn -0.8673 -0.1444 0.4765
vn 0.5011 0.7880 -0.3577
vn 0.5012 0.7877 -0.3581
vn 0.4959 0.7977 -0.3431
vn 0.4955 0.7980 -0.3432
vn 0.1753 0.9576 -0.2285
vn 0.5188 0.8106 -0.2717
vn 0.1755 0.9575 -0.2287
vn 0.1732 0.9575 -0.2309
vn -0.4947 -0.5234 -0.6938
vn -0.4940 -0.5258 -0.6925
vn -0.4909 -0.5334 -0.6888
vn 0.4845 0.0639 0.8724
vn 0.4988 -0.2310 0.8354
vn 0.4987 -0.2310 0.8354
vn 0.4702 0.0429 0.8815
vn -0.4984 -0.2310 0.8356
vn -0.4980 -0.2311 0.8358
vn -0.1959 -0.9645 0.1772
vn -0.1957 -0.9646 0.1768
vn 0.1976 -0.9641 0.1772
vn -0.5108 0.5345 0.6734
vn -0.1751 0.6795 0.7125
vn -0.8673 0.1443 -0.4764
vn -0.4788 0.1033 0.8718
vn -0.4804 0.1020 0.8711
vn -0.4844 0.0992 0.8692
vn -0.4789 0.1031 0.8718
vn -0.8344 0.1120 0.5396
vn -0.5690 0.4653 0.6780
vn -0.5564 0.4703 0.6850
vn -0.8213 0.1229 0.5572
vn 0.8220 0.4356 -0.3668
vn 0.8374 0.4129 -0.3581
vn 0.1876 0.9651 -0.1825
vn 0.1889 0.9650 -0.1821
vn -0.5070 0.8558 0.1025
vn -0.4926 0.8676 0.0681
vn -0.4920 0.8679 0.0680
vn 0.4919 -0.8686 -0.0602
vn 0.4915 -0.8688 -0.0608
vn 0.4883 -0.8700 -0.0681
vn 1.0000 -0.0001 0.0000
vn 1.0000 -0.0001 0.0001
vn 1.0000 0.0000 0.0000
vn 1.0000 -0.0000 0.0001
vn 0.4864 0.4831 0.7280
vn 0.4796 0.4701 0.7409
vn 0.4799 0.4701 0.7408
vn -0.4814 0.4844 0.7305
vn -0.4885 0.4669 0.7371
vn -0.4885 0.4675 0.7367
vn -0.4726 0.0642 0.8790
vn -0.4863 0.0426 0.8727
vn -0.4724 0.0644 0.8790
vn 0.8666 0.1447 -0.4775
vn 0.8664 0.1449 -0.4779
vn 0.8160 0.4488 -0.3644
vn 0.8133 0.4512 -0.3674
vn 0.4999 -0.8018 0.3274
vn 0.4987 -0.8023 0.3281
vn 0.4880 -0.5180 0.7025
vn 0.4893 -0.5177 0.7019
vn 0.4846 -0.5216 0.7022
vn -0.8666 -0.1445 0.4776
vn -0.8666 -0.1446 0.4776
vn 0.8162 -0.4541 0.3572
vn 0.8207 -0.4511 0.3506
vn 0.5545 -0.7978 0.2368
vn 0.5546 -0.7974 0.2378
vn -0.1900 -0.6360 -0.7479
vn -0.1907 -0.6368 -0.7470
vn -0.5452 -0.4767 -0.6896
vn -0.1892 -0.6373 -0.7471
vn 0.1721 0.6801 0.7127
vn 0.5128 0.5339 0.6723
vn 0.5134 0.5350 0.6710
vn 0.1718 0.6800 0.7128
vn 0.4916 -0.8092 0.3217
vn 0.4894 -0.8128 0.3160
vn 0.4918 -0.8084 0.3235
vn -1.0000 0.0000 0.0000
vn -1.0000 -0.0034 -0.0000
vn -0.8182 -0.4483 0.3599
vn -0.8186 -0.4465 0.3613
vn -0.8212 -0.4495 0.3515
vn -0.5557 -0.7950 0.2432
vn -0.5531 -0.7988 0.2367
vn 0.4925 -0.7807 -0.3846
vn 0.4927 -0.7800 -0.3858
vn 0.4916 -0.7795 -0.3881
vn -0.4896 -0.8102 0.3221
vn -0.4915 -0.8117 0.3155
vn -0.4894 -0.8699 -0.0610
vn -0.4927 -0.8675 -0.0680
vn -0.8271 -0.4270 0.3654
vn -0.8279 -0.4046 0.3883
vn -0.8281 -0.4042 0.3883
vn -0.8271 -0.4269 0.3655
vn -0.8317 -0.1500 -0.5346
vn -0.8112 -0.1686 -0.5599
vn -0.8319 -0.1501 -0.5343
vn 0.4921 0.7796 0.3873
vn 0.4932 0.7790 0.3872
vn 0.4959 0.5391 0.6808
vn 0.4924 0.7798 0.3865
vn -0.0024 -0.2901 0.9570
vn 0.0002 -0.2667 0.9638
vn -0.0001 -0.2667 0.9638
vn -0.0003 -0.2665 0.9638
vn 0.0022 -0.2901 0.9570
vn 0.0030 -0.2899 0.9570
vn 0.0028 -0.2900 0.9570
vn -0.0003 -0.2667 0.9638
vn 0.0000 -0.2666 0.9638
vn -0.0030 -0.2902 0.9570
vn 0.5283 -0.8042 0.2722
vn 0.5349 -0.8004 0.2708
vn 0.5336 -0.8013 0.2706
vn -0.4882 0.8153 -0.3113
vn -0.4879 0.8716 0.0475
vn -0.4912 0.8695 0.0512
vn -0.4880 0.8715 0.0479
vn -0.4945 -0.8661 -0.0734
vn -0.4930 -0.8671 -0.0710
vn -0.4947 -0.8660 -0.0726
vn -0.5020 -0.7995 0.3297
vn -0.5018 -0.8005 0.3277
vn 0.8269 0.1023 0.5529
vn 0.8269 0.1025 0.5528
vn 0.1874 0.6433 0.7423
vn 0.1902 0.6409 0.7436
vn 0.8060 0.1862 0.5619
vn 0.8060 0.1844 0.5624
vn 0.8073 0.1933 0.5576
vn 0.8076 0.1942 0.5569
vn 0.5213 -0.5251 -0.6727
vn 0.5155 -0.5321 -0.6716
vn 0.5225 -0.5235 -0.6730
vn 0.4881 0.8154 -0.3113
vn 0.4908 0.8700 0.0478
vn 0.4909 0.8699 0.0478
vn 0.4881 0.8154 -0.3114
vn 0.4979 0.2313 -0.8358
vn 0.4983 0.2312 -0.8356
vn 0.4776 0.0995 0.8729
vn 0.4806 0.1047 0.8706
vn 0.4981 -0.2311 0.8358
vn 0.4980 -0.2311 0.8358
vn 0.4981 -0.2311 0.8357
vn 0.4738 -0.0821 -0.8768
vn 0.4782 -0.0885 -0.8738
vn 0.4757 0.5418 -0.6930
vn 0.4826 0.5358 -0.6928
vn 0.1915 -0.6374 -0.7464
vn 0.1914 -0.6365 -0.7472
vn 0.1938 -0.6354 -0.7475
vn 0.1929 -0.6373 -0.7461
vn 0.8671 0.1443 -0.4767
vn 0.8672 0.1443 -0.4767
vn -0.5576 0.7943 -0.2412
vn -0.8272 0.4186 -0.3748
vn -0.8271 0.4188 -0.3747
vn 0.4950 -0.8660 -0.0709
vn 0.4951 -0.8658 -0.0725
vn 0.4929 -0.8670 -0.0730
vn 0.4943 -0.8664 -0.0708
vn -0.8156 0.4451 -0.3698
vn -0.8161 0.4478 -0.3653
vn -0.8166 0.4477 -0.3642
vn -0.8157 0.4455 -0.3691
vn -0.4931 0.7792 0.3868
vn -0.4959 0.5377 0.6819
vn -0.4955 0.5377 0.6822
vn 0.8202 -0.1707 -0.5460
vn 0.8224 -0.1337 -0.5530
vn 0.8221 -0.1341 -0.5533
vn -0.1610 -0.6780 -0.7172
vn -0.1652 -0.6790 -0.7153
vn -0.1646 -0.6786 -0.7159
vn 0.8672 -0.1444 0.4766
vn -0.5219 -0.5277 -0.6702
vn -0.5127 -0.5311 -0.6746
vn -0.5238 -0.5270 -0.6692
vn 0.8666 -0.1447 0.4776
vn 0.8409 -0.3960 0.3690
vn 0.8409 -0.3959 0.3690
vn 0.1653 -0.6785 -0.7158
vn 0.1693 -0.6769 -0.7164
vn 0.1651 -0.6791 -0.7153
vn 0.0001 -0.3196 0.9476
vn 0.0004 -0.3196 0.9476
vn 0.5038 0.8612 0.0676
vn 0.5039 0.8611 0.0675
vn 0.4884 0.8666 0.1026
vn 0.0000 0.3192 -0.9477
vn -0.0003 0.3192 -0.9477
vn -0.4848 -0.7550 -0.4415
vn -0.4833 -0.4937 -0.7229
vn -0.4838 -0.4931 -0.7230
vn -0.4808 -0.4955 -0.7234
vn -0.4867 -0.7526 -0.4436
usemtl Steel_-_Satin.001
s 1
f 3105/7998/9679 3132/7999/9680 3133/8000/9681 3125/8001/9681 3110/8002/9681
f 3137/8003/9682 3149/8004/9683 3150/8005/9684 3138/8006/9685
f 3128/8007/9686 3126/8008/9686 3112/8009/9687 3100/8010/9688 3101/8011/9689 3113/8012/9686
f 3078/8013/9690 3080/8014/9691 3086/8015/9692 3093/8016/9693 3088/8017/9694
f 3078/8018/9695 3079/8019/9696 3089/8020/9697 3084/8021/9698
f 3142/8022/9699 3130/8023/9700 3117/8024/9700 3116/8025/9701 3129/8026/9702 3141/8027/9703
f 3118/8028/9704 3119/8029/9705 3108/8030/9706 3087/8031/9704
f 3134/8032/9707 3133/8033/9708 3118/8034/9709 3117/8035/9710 3130/8036/9710
f 3104/8037/9711 3105/8038/9712 3102/8039/9713 3096/8040/9714
f 3119/8029/9715 3120/8041/9716 3135/8042/9717 3108/8030/9718
f 3110/8043/9719 3125/8044/9720 3097/8045/9721
f 3136/8046/9722 3135/8047/9723 3081/8048/9723 3083/8049/9724 3095/8050/9725
f 3087/8051/9726 3095/8050/9726 3083/8049/9727 3091/8052/9727
f 3148/8053/9728 3147/8054/9729 3152/8055/9730 3149/8004/9730 3151/8056/9730
f 3118/8028/9731 3133/8057/9732 3106/8058/9732 3119/8029/9732
f 3136/8059/9733 3145/8060/9733 3140/8061/9733 3089/8062/9733
f 3123/8063/9734 3109/8064/9735 3126/8008/9736 3128/8007/9737
f 3140/8065/9738 3156/8066/9739 3154/8067/9740 3146/8068/9741
f 3143/8069/9742 3131/8070/9743 3156/8071/9744 3155/8072/9745
f 3104/8073/9746 3115/8074/9747 3132/8075/9748
f 3090/8076/9749 3110/8077/9750 3083/8078/9751
f 3090/8076/9752 3082/8079/9753 3098/8080/9754 3111/8081/9752 3124/8082/9754
f 3124/8082/9754 3111/8081/9752 3114/8083/9754 3094/8084/9755 3089/8020/9755 3079/8019/9755 3082/8079/9753 3090/8076/9752 3081/8085/9755 3135/8086/9754 3136/8087/9754 3096/8088/9754 3102/8089/9755
f 3136/8046/9756 3095/8050/9757 3104/8090/9758
f 3115/8074/9759 3104/8073/9760 3095/8091/9761
f 3115/8092/9762 3095/8050/9763 3087/8051/9764
f 3121/8093/9765 3137/8094/9766 3138/8095/9765 3135/8096/9767 3120/8097/9768
f 3101/8098/9769 3092/8099/9770 3094/8084/9771 3114/8083/9772 3113/8100/9773
f 3089/8062/9774 3140/8061/9774 3146/8101/9775 3094/8102/9774
f 3137/8003/9776 3139/8103/9777 3151/8056/9778 3149/8004/9779
f 3153/8104/9780 3152/8105/9781 3147/8106/9782 3142/8022/9782 3141/8027/9783
f 3106/8058/9784 3107/8107/9785 3120/8041/9786 3119/8029/9787
f 3081/8085/9788 3090/8076/9789 3083/8078/9790
f 3097/8045/9791 3125/8044/9791 3127/8108/9792 3112/8109/9791 3126/8110/9791 3109/8111/9791 3099/8112/9791 3093/8113/9791 3091/8114/9791
f 3148/8115/9793 3134/8032/9794 3130/8036/9795 3142/8116/9796 3147/8117/9797
f 3110/8077/9798 3090/8076/9799 3124/8082/9800
f 3097/8045/9801 3091/8114/9802 3083/8118/9803 3110/8043/9804
f 3102/8119/9805 3096/8120/9806 3089/8062/9807 3094/8102/9808
f 3096/8120/9809 3136/8059/9810 3089/8062/9811
f 3098/8121/9812 3103/8122/9813 3123/8123/9814 3111/8124/9815
f 3144/8125/9816 3132/8126/9817 3105/8127/9818 3102/8128/9819 3094/8129/9820 3146/8130/9821 3139/8131/9822 3122/8132/9823 3107/8133/9824 3106/8134/9824 3133/8033/9819 3134/8032/9825
f 3132/8135/9826 3104/8136/9827 3105/8137/9828
f 3088/8138/9829 3093/8139/9830 3099/8140/9831 3103/8122/9832
f 3100/8141/9833 3085/8142/9834 3084/8143/9835 3092/8144/9836 3101/8145/9837
f 3156/8146/9838 3131/8147/9839 3144/8125/9840 3154/8148/9841
f 3107/8133/9842 3122/8132/9843 3121/8149/9844 3120/8150/9845
f 3115/8151/9846 3087/8152/9847 3104/8153/9848
f 3088/8138/9849 3103/8122/9850 3098/8121/9851 3082/8154/9852
f 3124/8155/9853 3102/8156/9854 3105/7998/9854 3110/8002/9854
f 3111/8157/9855 3123/8063/9856 3128/8007/9857 3113/8012/9858 3114/8158/9859
f 3079/8159/9860 3078/8013/9861 3088/8017/9862 3082/8160/9863
f 3150/8005/9864 3149/8004/9865 3152/8055/9866 3153/8161/9867
f 3143/8162/9868 3115/8163/9869 3085/8164/9868 3131/8165/9868
f 3145/8166/9870 3155/8167/9870 3156/8066/9871 3140/8065/9872
f 3094/8084/9873 3092/8099/9874 3084/8021/9875 3089/8020/9876
f 3116/8168/9877 3117/8169/9878 3118/8028/9879 3087/8031/9880
f 3103/8122/9881 3099/8140/9881 3109/8170/9882 3123/8123/9883
f 3115/8171/9884 3104/8172/9885 3085/8173/9886
f 3104/8174/9887 3095/8175/9888 3096/8120/9889
f 3122/8176/9890 3139/8103/9890 3137/8003/9890 3121/8177/9890
f 3095/8175/9891 3136/8059/9892 3096/8120/9893
f 3131/8165/9894 3085/8164/9895 3104/8136/9896 3132/8135/9894 3144/8178/9894
f 3087/8179/9897 3095/8175/9898 3104/8174/9899
f 3146/8130/9900 3154/8148/9900 3144/8125/9900 3134/8032/9900 3148/8115/9900 3151/8180/9901 3139/8131/9900
f 3096/8040/9902 3136/8181/9903 3104/8037/9904
f 3145/8182/9905 3138/8183/9905 3150/8184/9905 3153/8185/9905 3141/8186/9905 3129/8187/9905 3143/8069/9906 3155/8072/9905
f 3085/8142/9907 3115/8188/9908 3080/8189/9909 3078/8190/9910 3084/8143/9911
o MeshBody4_(44)_MeshBody4_(44).001
v 2.371727 1.407733 0.327343
v 2.371727 1.413315 0.326490
v 2.374477 1.408415 0.328754
v 2.374477 1.424490 0.330540
v 2.374477 1.412633 0.331194
v 2.374477 1.423519 0.333564
v 2.371727 1.404890 0.329459
v 2.368979 1.406081 0.330513
v 2.368979 1.413087 0.328058
v 2.371727 1.424975 0.329029
v 2.368979 1.408503 0.332530
v 2.371727 1.424386 0.335887
v 2.371727 1.403042 0.333076
v 2.368979 1.404570 0.333495
v 2.368979 1.424490 0.330540
v 2.368979 1.412633 0.331194
v 2.374477 1.408503 0.332530
v 2.374477 1.404570 0.333495
v 2.374477 1.426305 0.336349
v 2.374477 1.429400 0.335698
v 2.368979 1.423519 0.333564
v 2.368979 1.407616 0.336188
v 2.371727 1.430943 0.335373
v 2.374477 1.404499 0.336878
v 2.371727 1.409245 0.334620
v 2.371724 1.410151 0.337629
v 2.371724 1.411440 0.332286
v 2.368979 1.426273 0.338323
v 2.368979 1.429400 0.335698
v 2.368979 1.429376 0.338993
v 2.368979 1.405754 0.339547
v 2.371727 1.404460 0.340501
v 2.374477 1.408334 0.337618
v 2.371717 1.413265 0.338308
v 2.374945 1.412624 0.338169
v 2.371717 1.414529 0.332958
v 2.368979 1.428062 0.342010
v 2.374477 1.425488 0.340134
v 2.374477 1.428062 0.342010
v 2.371727 1.429353 0.342950
v 2.364498 1.408099 0.331558
v 2.362917 1.407585 0.334259
v 2.365031 1.412638 0.335360
v 2.371714 1.415448 0.335971
v 2.378414 1.412652 0.335361
v 2.380555 1.407600 0.334262
v 2.378975 1.406792 0.336899
v 2.371727 1.426725 0.345269
v 2.368979 1.424326 0.341137
v 2.374477 1.421735 0.341524
v 2.371727 1.421928 0.339949
v 2.368979 1.421351 0.344673
v 2.371727 1.421160 0.346248
v 2.374477 1.421351 0.344673
v 2.369238 1.396500 0.331270
v 2.366210 1.410958 0.337806
v 2.364498 1.406785 0.336897
v 2.378975 1.408107 0.331560
v 2.380557 1.395943 0.331116
v 2.378975 1.396798 0.328500
v 2.378975 1.395364 0.333808
v 2.374235 1.396495 0.331268
v 2.366171 1.392569 0.327331
v 2.364947 1.390856 0.329710
v 2.368618 1.394504 0.327866
v 2.366171 1.391088 0.332626
v 2.368618 1.393044 0.333167
v 2.374852 1.394518 0.327870
v 2.374852 1.393059 0.333171
v 2.375700 1.388678 0.329106
v 2.375002 1.390800 0.326842
v 2.375002 1.389300 0.332131
v 2.371725 1.387798 0.328864
v 2.371723 1.388572 0.331930
v 2.371723 1.390079 0.326642
v 2.371718 1.391643 0.332779
v 2.371718 1.393118 0.327482
v 2.371715 1.393908 0.330553
vt 0.854736 0.536606
vt 0.854980 0.536560
vt 0.855225 0.538391
vt 0.854858 0.538330
vt 0.852112 0.849243
vt 0.851685 0.849365
vt 0.851807 0.849121
vt 0.855347 0.536575
vt 0.855469 0.538284
vt 0.821838 0.748657
vt 0.822327 0.749268
vt 0.821747 0.749268
vt 0.821625 0.748901
vt 0.853455 0.784790
vt 0.853271 0.784058
vt 0.853638 0.784180
vt 0.853760 0.784668
vt 0.514771 0.597838
vt 0.514771 0.597142
vt 0.515076 0.597142
vt 0.515076 0.597713
vt 0.515076 0.597979
vt 0.853027 0.497711
vt 0.853760 0.497559
vt 0.854248 0.498077
vt 0.854248 0.500061
vt 0.853882 0.500183
vt 0.853271 0.500031
vt 0.852783 0.498413
vt 0.514771 0.624222
vt 0.514771 0.622482
vt 0.515076 0.622375
vt 0.515076 0.624237
vt 0.773499 0.855820
vt 0.773193 0.855728
vt 0.773193 0.854553
vt 0.773499 0.854401
vt 0.821381 0.748901
vt 0.821442 0.748291
vt 0.821777 0.748291
vt 0.822083 0.748535
vt 0.514771 0.595321
vt 0.515076 0.595164
vt 0.515076 0.595884
vt 0.514771 0.595912
vt 0.856079 0.568542
vt 0.855713 0.568542
vt 0.855957 0.567749
vt 0.856201 0.567932
vt 0.514099 0.823364
vt 0.514099 0.822998
vt 0.514282 0.822998
vt 0.514282 0.823486
vt 0.514526 0.762024
vt 0.514648 0.761734
vt 0.514648 0.762405
vt 0.855774 0.838379
vt 0.856079 0.838379
vt 0.856201 0.838745
vt 0.856018 0.839233
vt 0.773804 0.855728
vt 0.773804 0.854553
vt 0.773193 0.856110
vt 0.808105 0.854984
vt 0.807495 0.854898
vt 0.807800 0.853449
vt 0.808105 0.853717
vt 0.808350 0.853713
vt 0.808350 0.855173
vt 0.514771 0.624832
vt 0.515076 0.624786
vt 0.515076 0.624985
vt 0.515381 0.624832
vt 0.515381 0.624222
vt 0.853455 0.783325
vt 0.853760 0.783447
vt 0.852112 0.790691
vt 0.852417 0.790623
vt 0.853027 0.790909
vt 0.853149 0.792599
vt 0.852661 0.792362
vt 0.852783 0.791111
vt 0.852417 0.790951
vt 0.852112 0.791096
vt 0.852112 0.792629
vt 0.851624 0.792561
vt 0.851685 0.791332
vt 0.856079 0.568909
vt 0.856201 0.569336
vt 0.855957 0.569458
vt 0.855713 0.568970
vt 0.851562 0.849243
vt 0.851624 0.848877
vt 0.822327 0.748901
vt 0.780182 0.812744
vt 0.780518 0.812500
vt 0.780518 0.812866
vt 0.852112 0.848755
vt 0.855774 0.839233
vt 0.855591 0.838501
vt 0.495239 0.851913
vt 0.494934 0.851654
vt 0.494629 0.851868
vt 0.494690 0.852280
vt 0.494202 0.852097
vt 0.494568 0.851425
vt 0.494873 0.851318
vt 0.495483 0.851501
vt 0.495728 0.851944
vt 0.854736 0.509171
vt 0.854736 0.510452
vt 0.854492 0.510437
vt 0.854492 0.509201
vt 0.854370 0.508743
vt 0.854736 0.508621
vt 0.854858 0.511246
vt 0.854492 0.511093
vt 0.855103 0.508545
vt 0.855103 0.509171
vt 0.855835 0.554230
vt 0.856079 0.554199
vt 0.856079 0.554413
vt 0.514038 0.812134
vt 0.514282 0.811890
vt 0.514282 0.812439
vt 0.808044 0.855124
vt 0.807800 0.855271
vt 0.790039 0.827881
vt 0.789917 0.827515
vt 0.790161 0.827515
vt 0.790161 0.827881
vt 0.852112 0.793041
vt 0.852356 0.792942
vt 0.852661 0.792645
vt 0.852661 0.793056
vt 0.852356 0.793274
vt 0.790527 0.827637
vt 0.790527 0.827881
vt 0.779541 0.812866
vt 0.779785 0.812500
vt 0.779907 0.812866
vt 0.790039 0.828125
vt 0.790405 0.828125
vt 0.855774 0.838135
vt 0.855835 0.837891
vt 0.856201 0.838013
vt 0.856323 0.591476
vt 0.856079 0.591774
vt 0.855713 0.591766
vt 0.855713 0.590195
vt 0.855957 0.590508
vt 0.856323 0.590225
vt 0.855591 0.554047
vt 0.856201 0.553772
vt 0.808350 0.853341
vt 0.852051 0.790501
vt 0.852417 0.790417
vt 0.495117 0.853500
vt 0.495117 0.853668
vt 0.494812 0.853546
vt 0.494812 0.853241
vt 0.515381 0.622284
vt 0.515381 0.595913
vt 0.515381 0.597621
vt 0.853088 0.784058
vt 0.853149 0.783691
vt 0.853210 0.783447
vt 0.855591 0.552490
vt 0.855835 0.552795
vt 0.856201 0.552521
vt 0.854980 0.536041
vt 0.855469 0.536179
vt 0.495422 0.853485
vt 0.495728 0.853668
vt 0.495178 0.854004
vt 0.494812 0.853958
vt 0.494324 0.853333
vt 0.855103 0.510422
vt 0.854736 0.536179
vt 0.854675 0.811157
vt 0.854736 0.811523
vt 0.854309 0.811523
vt 0.854370 0.811157
vt 0.853149 0.790768
vt 0.773804 0.856110
vt 0.854553 0.810791
vt 0.854126 0.827774
vt 0.854248 0.828079
vt 0.854614 0.828079
vt 0.854858 0.828430
vt 0.854858 0.829605
vt 0.854614 0.829987
vt 0.854126 0.829895
vt 0.854004 0.828430
vt 0.855469 0.808472
vt 0.855469 0.808105
vt 0.855774 0.807983
vt 0.855774 0.808472
vn -0.8674 -0.1299 0.4803
vn -0.8673 -0.1297 0.4805
vn -0.8189 -0.4317 0.3781
vn -0.8166 -0.4285 0.3867
vn 0.4863 0.7832 0.3873
vn 0.5053 0.7913 0.3443
vn 0.5061 0.7907 0.3445
vn -0.8665 0.1303 -0.4818
vn -0.8190 -0.1735 -0.5470
vn -0.8168 -0.1737 -0.5501
vn 0.1754 0.9422 -0.2853
vn 0.5182 0.7932 -0.3198
vn 0.1751 0.9423 -0.2852
vn 0.1737 0.9421 -0.2869
vn 0.4775 0.5006 -0.7221
vn 0.4892 0.7966 -0.3551
vn 0.4825 0.4949 -0.7227
vn 0.4841 0.4942 -0.7221
vn -0.4803 -0.1312 -0.8673
vn -0.4832 -0.1290 -0.8660
vn -0.4788 -0.1321 -0.8679
vn -0.4876 -0.5247 -0.6978
vn -0.4926 -0.5197 -0.6980
vn 1.0000 -0.0000 0.0000
vn 1.0000 0.0003 -0.0000
vn -0.4982 -0.1845 0.8472
vn -0.4800 -0.4805 0.7339
vn -0.4873 -0.4823 0.7279
vn 0.4983 -0.1844 0.8472
vn 0.4984 -0.1844 0.8471
vn 0.4983 -0.1844 0.8471
vn -0.5194 0.7923 -0.3201
vn -0.5195 0.7923 -0.3201
vn -0.1784 0.9411 -0.2872
vn -0.1766 0.9420 -0.2853
vn -0.1755 0.7196 0.6719
vn -0.1754 0.7196 0.6718
vn -0.5120 0.5728 0.6402
vn -0.4892 0.7963 -0.3558
vn -0.4893 0.7966 -0.3550
vn -0.4834 0.4990 -0.7192
vn -0.4775 0.4964 -0.7250
vn 0.5505 -0.7835 0.2884
vn 0.5485 -0.7853 0.2872
vn 0.8142 -0.4348 0.3848
vn 0.8163 -0.4362 0.3788
vn -0.4909 -0.7772 -0.3936
vn -0.4889 -0.7781 -0.3945
vn -0.4901 -0.7768 -0.3955
vn -0.4915 -0.7755 -0.3963
vn 1.0000 -0.0001 0.0000
vn 0.0629 -0.9952 -0.0756
vn 1.0000 0.0005 0.0000
vn 0.4884 -0.8724 -0.0203
vn 0.4886 -0.8723 -0.0210
vn 0.4977 -0.7848 0.3693
vn 0.4871 -0.7950 0.3615
vn -0.4984 -0.1844 0.8471
vn 0.4711 0.0918 0.8773
vn 0.4851 0.1114 0.8673
vn 0.4855 0.1117 0.8671
vn -0.4983 0.1847 -0.8471
vn -0.4981 0.1847 -0.8472
vn 0.4977 0.1847 -0.8475
vn 0.4984 0.1846 -0.8471
vn -0.4802 0.1505 0.8641
vn -0.4840 0.1475 0.8625
vn -0.4789 0.1517 0.8647
vn -0.4954 0.5739 0.6521
vn -0.4930 0.5758 0.6522
vn 0.4928 0.5744 0.6536
vn 0.4944 0.5738 0.6529
vn 0.4810 0.1530 0.8633
vn 0.4834 0.1518 0.8621
vn 0.4782 0.1487 0.8656
vn 0.4918 0.8707 0.0037
vn 0.4928 0.7979 0.3471
vn 0.4889 0.8723 0.0064
vn 0.0001 0.2664 -0.9638
vn -0.0002 0.2664 -0.9639
vn -0.0000 0.2665 -0.9638
vn 0.0048 0.2612 -0.9653
vn 0.0028 0.2628 -0.9648
vn -0.0003 0.2661 -0.9639
vn 0.0000 0.2664 -0.9639
vn -0.0027 0.2618 -0.9651
vn -0.0039 0.2623 -0.9650
vn -0.0008 0.2614 -0.9652
vn -0.0009 0.2662 -0.9639
vn -0.1940 -0.9511 0.2402
vn -0.5522 -0.7802 0.2939
vn -0.5537 -0.7799 0.2918
vn -0.4817 0.8041 0.3485
vn -0.4819 0.8040 0.3483
vn -0.5013 0.7755 0.3838
vn -0.5012 0.7756 0.3836
vn 0.5134 0.5718 0.6400
vn 0.5142 0.5722 0.6389
vn 0.1724 0.7202 0.6720
vn -1.0000 0.0000 0.0000
vn 0.5040 0.8636 0.0134
vn 0.5038 0.8637 0.0134
vn 0.4885 0.8712 0.0482
vn 0.1961 -0.9507 0.2403
vn -0.4900 -0.8715 -0.0201
vn -0.4970 -0.7898 0.3595
vn -0.4904 -0.8713 -0.0200
vn -0.4879 -0.8727 -0.0183
vn 0.0001 -0.2129 0.9771
vn -0.0003 -0.2129 0.9771
vn 0.0000 -0.2129 0.9771
vn 0.8666 0.1303 -0.4817
vn 0.8148 0.4287 -0.3902
vn 0.8160 0.4268 -0.3898
vn 0.8125 0.4298 -0.3939
vn 0.8168 -0.1737 -0.5501
vn 0.8175 -0.1773 -0.5480
vn 0.5457 -0.5211 -0.6563
vn 0.8167 -0.1748 -0.5500
vn 0.8074 0.2171 0.5485
vn 0.8070 0.2159 0.5497
vn 0.8074 0.2247 0.5456
vn 0.8090 0.2246 0.5432
vn -0.5329 -0.7825 0.3221
vn -0.5318 -0.7837 0.3208
vn -0.5275 -0.7878 0.3179
vn -0.4889 -0.7904 0.3691
vn -0.4900 -0.7910 0.3664
vn -0.4931 -0.7924 0.3591
vn -0.4766 0.4511 -0.7546
vn -0.4765 0.4510 -0.7547
vn -0.4916 0.4638 -0.7370
vn -0.4901 0.4642 -0.7377
vn -0.8256 0.3986 -0.3994
vn -0.5553 0.7788 -0.2919
vn -0.5552 0.7788 -0.2918
vn -0.8258 0.3980 -0.3995
vn 0.0002 0.2126 -0.9771
vn 0.0011 0.2126 -0.9771
vn -0.0005 0.2125 -0.9772
vn 0.0000 0.2128 -0.9771
vn 0.8207 0.4148 -0.3929
vn 0.8354 0.3940 -0.3833
vn 0.1866 0.9514 -0.2451
vn 0.1875 0.9513 -0.2447
vn 0.1696 -0.9438 0.2835
vn 0.1736 -0.9436 0.2819
vn 0.1679 -0.9439 0.2845
vn 0.1909 0.6881 0.7001
vn 0.8279 0.1344 0.5445
vn 0.8279 0.1350 0.5443
vn 0.1869 0.6902 0.6990
vn 0.4884 -0.7777 -0.3958
vn 0.4939 -0.5211 -0.6961
vn 0.4885 -0.5211 -0.6999
vn 0.4914 -0.7767 -0.3940
vn 0.4921 -0.7764 -0.3937
vn 0.8215 -0.2001 -0.5339
vn 0.8216 -0.1999 -0.5339
vn 0.8666 -0.1310 0.4814
vn 0.8667 -0.1309 0.4814
vn 0.8672 0.1308 -0.4805
vn 0.8672 0.1308 -0.4804
vn -0.4983 0.1844 -0.8471
vn -0.8276 -0.3820 0.4114
vn -0.8274 -0.3819 0.4117
vn -0.8260 -0.4067 0.3902
vn -0.8261 -0.4064 0.3903
vn 0.4890 -0.5622 -0.6670
vn 0.4892 -0.5642 -0.6651
vn 0.4928 -0.5691 -0.6583
vn 0.1940 -0.6848 -0.7024
vn 0.1931 -0.6854 -0.7021
vn -0.5711 0.5071 0.6456
vn -0.5572 0.5125 0.6534
vn -0.8222 0.1558 0.5474
vn -0.8356 0.1428 0.5305
vn 0.4981 -0.1845 0.8473
vn 0.4811 -0.4847 0.7305
vn 0.4873 -0.4788 0.7302
vn 0.4821 -0.1318 -0.8661
vn 0.4984 0.1844 -0.8471
vn 0.4987 0.1843 -0.8470
vn 0.4784 -0.1292 -0.8686
vn -0.4894 0.8721 0.0036
vn -0.4904 0.8715 0.0029
vn -0.4930 0.7978 0.3471
vn -0.4934 0.7975 0.3473
vn -0.4931 0.7977 0.3471
vn -0.8673 0.1309 -0.4802
vn -0.8671 0.1309 -0.4807
vn -0.8669 -0.1308 0.4811
vn -0.8667 -0.1308 0.4814
vn -0.8664 -0.1308 0.4819
vn -0.8171 0.4240 -0.3906
vn -0.8160 0.4262 -0.3904
vn -0.8146 0.4242 -0.3956
vn -0.8149 0.4231 -0.3962
vn 0.0000 -0.2665 0.9638
vn -0.0004 -0.2666 0.9638
vn -0.0004 -0.2611 0.9653
vn -0.0046 -0.2621 0.9650
vn -0.0010 -0.2613 0.9653
vn 0.0000 -0.2662 0.9639
vn -0.0003 -0.2667 0.9638
vn -0.0003 -0.2665 0.9638
vn 0.0035 -0.2619 0.9651
vn 0.0047 -0.2610 0.9653
vn 0.0015 -0.2617 0.9651
vn 0.8673 -0.1298 0.4806
vn -0.8124 0.2155 0.5418
vn -0.8135 0.2158 0.5401
vn -0.8073 0.2189 0.5481
vn -0.8067 0.2178 0.5494
vn 0.4928 -0.7996 -0.3432
vn 0.4913 -0.7991 -0.3464
vn 0.4929 -0.7984 -0.3458
vn 0.4937 -0.7994 -0.3423
vn -0.1912 -0.6850 -0.7031
vn -0.1911 -0.6851 -0.7029
vn -0.5466 -0.5202 -0.6563
vn -0.1913 -0.6858 -0.7022
vn -0.4738 0.1123 0.8735
vn -0.4877 0.0909 0.8682
vn -0.4736 0.1125 0.8735
vn 0.4935 -0.7892 0.3656
vn 0.4909 -0.7933 0.3602
vn 0.4923 -0.7891 0.3672
vn 1.0000 0.0000 -0.0001
vn -0.4933 -0.5623 -0.6637
vn -0.4924 -0.7986 -0.3461
vn -0.4924 -0.7988 -0.3458
vn -0.4944 -0.5602 -0.6646
usemtl Steel_-_Satin.001
s 1
f 3213/8191/9912 3198/8192/9913 3220/8193/9914 3222/8194/9915
f 3173/8195/9916 3183/8196/9917 3181/8197/9918
f 3198/8192/9919 3197/8198/9919 3219/8199/9920 3220/8193/9921
f 3200/8200/9922 3201/8201/9923 3161/8202/9924 3192/8203/9925
f 3166/8204/9926 3179/8205/9927 3176/8206/9928 3160/8207/9929
f 3164/8208/9930 3165/8209/9931 3158/8210/9932 3157/8211/9933 3163/8212/9934
f 3176/8213/9935 3195/8214/9935 3210/8215/9935 3180/8216/9936 3174/8217/9935 3159/8218/9935 3160/8219/9935
f 3208/8220/9937 3187/8221/9938 3188/8222/9939 3209/8223/9937
f 3183/8224/9940 3161/8225/9941 3162/8226/9942 3168/8227/9940
f 3172/8228/9943 3199/8229/9944 3200/8200/9945 3192/8203/9946
f 3212/8230/9947 3190/8231/9947 3200/8200/9948 3199/8229/9949
f 3185/8232/9950 3179/8233/9951 3166/8234/9952 3171/8235/9953
f 3228/8236/9954 3226/8237/9955 3215/8238/9956 3217/8239/9957
f 3170/8240/9958 3164/8241/9959 3163/8242/9960 3169/8243/9961
f 3194/8244/9962 3195/8245/9963 3206/8246/9964
f 3169/8247/9965 3174/8248/9966 3180/8249/9967 3188/8250/9968
f 3172/8251/9969 3183/8224/9969 3168/8227/9969 3177/8252/9969
f 3183/8224/9970 3173/8253/9971 3161/8225/9972
f 3182/8254/9973 3212/8255/9974 3205/8256/9974 3207/8257/9975 3206/8258/9976 3189/8259/9976
f 3193/8260/9977 3208/8220/9978 3209/8223/9979 3204/8261/9980 3196/8262/9981
f 3195/8263/9982 3196/8262/9983 3204/8261/9984 3209/8223/9985 3210/8264/9986
f 3179/8205/9987 3196/8265/9988 3195/8266/9988 3176/8206/9989
f 3227/8267/9990 3231/8268/9991 3219/8269/9992 3197/8270/9993 3164/8271/9994 3221/8272/9995 3233/8273/9996 3224/8274/9997 3173/8275/9998 3214/8276/9999 3216/8277/10000
f 3230/8278/10001 3222/8279/10002 3220/8280/10003 3229/8281/10001
f 3181/8197/10004 3183/8196/10005 3167/8282/10006 3178/8283/10007
f 3191/8284/10008 3201/8201/10009 3200/8200/10010 3190/8231/10010
f 3184/8285/10011 3193/8286/10011 3186/8287/10011
f 3189/8288/10012 3173/8195/10013 3181/8197/10014
f 3226/8237/10015 3228/8236/10015 3230/8278/10015 3229/8281/10015
f 3169/8247/10016 3188/8250/10017 3187/8289/10018 3170/8290/10019
f 3178/8291/10020 3182/8292/10020 3189/8293/10020 3180/8294/10020 3203/8295/10021 3191/8296/10022 3190/8297/10020 3212/8298/10020 3213/8299/10020
f 3202/8300/10023 3215/8301/10023 3216/8302/10023 3214/8303/10024 3161/8304/10025 3201/8305/10026
f 3216/8302/10027 3215/8301/10028 3226/8306/10029 3227/8307/10030
f 3191/8308/10031 3203/8309/10032 3202/8300/10033 3201/8305/10034
f 3181/8310/10035 3189/8311/10036 3182/8312/10037
f 3168/8313/10038 3184/8314/10039 3177/8315/10040
f 3182/8254/10041 3181/8316/10042 3178/8317/10043 3212/8255/10044
f 3218/8318/10045 3224/8319/10046 3233/8320/10047 3234/8321/10048
f 3161/8322/10049 3214/8276/10050 3173/8275/10051 3183/8323/10049 3167/8324/10049 3164/8271/10049 3197/8270/10049 3172/8325/10052 3192/8326/10049
f 3221/8327/10053 3211/8328/10054 3234/8321/10055 3233/8320/10056
f 3182/8329/10057 3178/8330/10058 3181/8331/10059
f 3232/8332/10060 3234/8321/10061 3211/8328/10062 3223/8333/10063
f 3169/8247/10064 3163/8334/10065 3157/8335/10066 3159/8336/10067 3174/8248/10068
f 3164/8337/10069 3167/8338/10070 3178/8339/10071 3223/8340/10072 3211/8341/10073 3221/8342/10074
f 3165/8209/10075 3171/8235/10075 3166/8234/10075 3158/8210/10075
f 3181/8310/10076 3173/8343/10077 3180/8344/10078 3189/8311/10079
f 3207/8257/10080 3194/8345/10081 3206/8258/10082
f 3226/8346/10083 3229/8347/10083 3231/8268/10083 3227/8267/10084
f 3234/8348/10085 3232/8349/10086 3225/8350/10087 3218/8351/10088
f 3210/8264/10089 3209/8223/10089 3188/8222/10090 3180/8352/10091
f 3157/8211/10092 3158/8210/10093 3166/8234/10093 3160/8353/10094 3159/8354/10095
f 3179/8205/10096 3185/8355/10097 3186/8356/10098 3193/8357/10099 3196/8265/10100
f 3173/8343/10101 3224/8358/10102 3218/8359/10103 3225/8360/10104 3180/8344/10105
f 3198/8192/10106 3199/8361/10107 3172/8362/10108 3197/8198/10109
f 3225/8350/10110 3232/8349/10111 3223/8363/10112 3178/8291/10113 3213/8299/10114 3222/8364/10115 3230/8365/10116 3228/8366/10117 3217/8367/10118 3203/8295/10119 3180/8294/10120
f 3203/8309/10121 3217/8368/10121 3215/8301/10121 3202/8300/10121
f 3213/8191/10122 3212/8369/10123 3199/8361/10124 3198/8192/10125
f 3175/8370/10126 3194/8371/10127 3207/8372/10128 3168/8373/10129
f 3231/8268/10130 3229/8347/10131 3220/8374/10132 3219/8269/10133
f 3167/8375/10134 3183/8224/10135 3172/8251/10136
f 3162/8376/10137 3175/8370/10138 3168/8373/10139
f 3195/8377/9963 3194/8378/9962 3175/8379/9935 3162/8380/9935 3161/8381/9935 3173/8382/9935 3189/8383/10140 3206/8384/9964
f 3205/8385/10141 3184/8386/10142 3168/8387/10143 3207/8388/10144
o MeshBody4_(45)_MeshBody4_(45).001
v 2.374477 1.444453 0.334889
v 2.371727 1.439116 0.334187
v 2.371727 1.444610 0.333306
v 2.368979 1.439855 0.335600
v 2.371727 1.436360 0.336450
v 2.371727 1.456429 0.335199
v 2.374477 1.441345 0.338428
v 2.374477 1.437606 0.337436
v 2.374477 1.457378 0.341068
v 2.374477 1.459879 0.339080
v 2.371727 1.456124 0.342062
v 2.371727 1.434681 0.340156
v 2.368979 1.436232 0.340491
v 2.368979 1.456006 0.336733
v 2.368979 1.444141 0.338048
v 2.371727 1.461126 0.338085
v 2.374477 1.436232 0.340491
v 2.368979 1.455158 0.339798
v 2.368979 1.458066 0.342415
v 2.368979 1.439389 0.343107
v 2.374477 1.439335 0.341163
v 2.371727 1.440933 0.341521
v 2.371724 1.441963 0.344557
v 2.371724 1.443006 0.339159
v 2.374477 1.458113 0.344381
v 2.374477 1.461248 0.344873
v 2.368979 1.461144 0.341594
v 2.368979 1.461248 0.344873
v 2.368979 1.437691 0.346503
v 2.371727 1.436450 0.347480
v 2.374477 1.440163 0.344548
v 2.371727 1.462815 0.345120
v 2.374477 1.437691 0.346503
v 2.371717 1.445098 0.345101
v 2.374945 1.444451 0.344998
v 2.371717 1.446122 0.339700
v 2.368979 1.441722 0.349108
v 2.371727 1.441281 0.350629
v 2.374477 1.441722 0.349108
v 2.367658 1.439380 0.338369
v 2.364498 1.439666 0.338431
v 2.362917 1.439274 0.341159
v 2.365031 1.444338 0.342198
v 2.371714 1.447177 0.342649
v 2.378414 1.444352 0.342200
v 2.380555 1.439289 0.341163
v 2.378975 1.438604 0.343826
v 2.371727 1.458839 0.351271
v 2.368979 1.457982 0.349944
v 2.368979 1.456277 0.347293
v 2.374477 1.456277 0.347293
v 2.374477 1.457982 0.349944
v 2.371727 1.453830 0.346246
v 2.369238 1.428039 0.338713
v 2.366210 1.442770 0.344730
v 2.377238 1.443818 0.339334
v 2.380557 1.427474 0.338590
v 2.378975 1.428193 0.335933
v 2.378975 1.427034 0.341308
v 2.374235 1.428034 0.338712
v 2.366171 1.423892 0.334996
v 2.364947 1.422308 0.337465
v 2.368618 1.425859 0.335425
v 2.366171 1.422700 0.340364
v 2.368618 1.424683 0.340795
v 2.374852 1.425875 0.335427
v 2.374852 1.424698 0.340798
v 2.375700 1.420097 0.336984
v 2.375002 1.422093 0.334605
v 2.375002 1.420887 0.339969
v 2.371725 1.419204 0.336789
v 2.371723 1.420149 0.339808
v 2.371723 1.421360 0.334445
v 2.371718 1.423262 0.340487
v 2.371718 1.424450 0.335117
v 2.371715 1.425407 0.338140
vt 0.849640 0.734360
vt 0.849854 0.734215
vt 0.850006 0.736046
vt 0.849762 0.736061
vt 0.515015 0.681801
vt 0.515015 0.680977
vt 0.515381 0.681122
vt 0.515381 0.681801
vt 0.813232 0.853554
vt 0.813110 0.853825
vt 0.812866 0.853502
vt 0.812866 0.853365
vt 0.850250 0.736237
vt 0.850006 0.736771
vt 0.849976 0.736443
vt 0.849884 0.736298
vt 0.855774 0.754028
vt 0.855835 0.754761
vt 0.855652 0.754517
vt 0.855591 0.753906
vt 0.491058 0.855602
vt 0.491180 0.853889
vt 0.491425 0.854012
vt 0.491333 0.855431
vt 0.856140 0.753662
vt 0.856079 0.754028
vt 0.855957 0.753296
vt 0.855347 0.759033
vt 0.854980 0.759033
vt 0.855225 0.757751
vt 0.855591 0.757874
vt 0.850739 0.736412
vt 0.850586 0.736717
vt 0.850403 0.736458
vt 0.850311 0.736000
vt 0.850189 0.734299
vt 0.850281 0.734520
vt 0.850708 0.735931
vt 0.850494 0.736343
vt 0.510254 0.854553
vt 0.510498 0.854553
vt 0.510498 0.855225
vt 0.510254 0.855286
vt 0.804993 0.855103
vt 0.805298 0.855087
vt 0.805298 0.855270
vt 0.856079 0.575317
vt 0.855713 0.575256
vt 0.855957 0.574463
vt 0.856201 0.574646
vt 0.487183 0.853683
vt 0.487305 0.851959
vt 0.487061 0.851791
vt 0.486450 0.851639
vt 0.487061 0.851456
vt 0.487549 0.851776
vt 0.487549 0.853485
vt 0.487305 0.853928
vt 0.486816 0.853790
vt 0.491699 0.853821
vt 0.491730 0.854176
vt 0.491669 0.855354
vt 0.855286 0.555542
vt 0.854919 0.555542
vt 0.854980 0.555176
vt 0.855347 0.555176
vt 0.854919 0.554932
vt 0.855286 0.554932
vt 0.486450 0.853592
vt 0.486572 0.853424
vt 0.486816 0.853638
vt 0.810974 0.852875
vt 0.811035 0.852554
vt 0.811340 0.852844
vt 0.811279 0.853043
vt 0.807648 0.855835
vt 0.807526 0.855469
vt 0.807922 0.855591
vt 0.856140 0.754639
vt 0.856079 0.575623
vt 0.856201 0.576050
vt 0.855957 0.576172
vt 0.855713 0.575684
vt 0.819458 0.749512
vt 0.819519 0.749146
vt 0.820007 0.749512
vt 0.515381 0.519623
vt 0.515381 0.521317
vt 0.515076 0.521347
vt 0.515015 0.520096
vt 0.515076 0.519531
vt 0.514771 0.520096
vt 0.514832 0.519424
vt 0.515442 0.521927
vt 0.515137 0.522079
vt 0.515076 0.521881
vt 0.850403 0.529175
vt 0.850098 0.529175
vt 0.850220 0.528809
vt 0.850525 0.528931
vt 0.834351 0.853592
vt 0.834473 0.853333
vt 0.834595 0.852539
vt 0.834473 0.852386
vt 0.833984 0.852646
vt 0.833740 0.852585
vt 0.834229 0.852219
vt 0.834595 0.852142
vt 0.834839 0.852402
vt 0.834595 0.853592
vt 0.514771 0.683670
vt 0.514771 0.683060
vt 0.515015 0.683075
vt 0.515015 0.683609
vt 0.510132 0.855774
vt 0.510498 0.855469
vt 0.855103 0.526459
vt 0.855103 0.526154
vt 0.855347 0.525970
vt 0.855713 0.526062
vt 0.514832 0.521759
vt 0.855591 0.759888
vt 0.855347 0.760071
vt 0.855103 0.759827
vt 0.855469 0.759644
vt 0.850525 0.530273
vt 0.850220 0.530396
vt 0.850037 0.529907
vt 0.850342 0.529907
vt 0.851166 0.736320
vt 0.851166 0.738167
vt 0.850952 0.738091
vt 0.850891 0.735802
vt 0.850098 0.736603
vt 0.850464 0.527939
vt 0.850220 0.527695
vt 0.850464 0.527512
vt 0.804993 0.854889
vt 0.804749 0.855194
vt 0.804443 0.854797
vt 0.515137 0.519135
vt 0.515442 0.519302
vt 0.854980 0.525848
vt 0.854980 0.525574
vt 0.855347 0.525452
vt 0.510132 0.854065
vt 0.509766 0.854858
vt 0.509888 0.854187
vt 0.804993 0.853653
vt 0.805298 0.853378
vt 0.804749 0.853363
vt 0.833618 0.854019
vt 0.834106 0.853973
vt 0.834229 0.854279
vt 0.833618 0.854324
vt 0.855469 0.524902
vt 0.855713 0.524597
vt 0.855347 0.525665
vt 0.855225 0.524750
vt 0.811340 0.850510
vt 0.812073 0.850830
vt 0.811890 0.850967
vt 0.811340 0.850708
vt 0.509888 0.855225
vt 0.810547 0.851379
vt 0.811035 0.850952
vt 0.810852 0.851425
vt 0.811584 0.852890
vt 0.811584 0.851654
vt 0.811584 0.851242
vt 0.812073 0.852661
vt 0.811646 0.853302
vt 0.811279 0.853378
vt 0.810730 0.853088
vt 0.813477 0.853544
vt 0.813354 0.854996
vt 0.812866 0.855076
vt 0.849792 0.735847
vt 0.850128 0.735748
vt 0.850159 0.736076
vt 0.514771 0.681808
vt 0.515381 0.683479
vt 0.807922 0.855225
vt 0.807526 0.855225
vt 0.834595 0.852722
vt 0.834106 0.852997
vt 0.811279 0.851044
vt 0.850677 0.737900
vt 0.850433 0.738426
vt 0.850067 0.738380
vt 0.849609 0.737762
vt 0.849457 0.736519
vt 0.850037 0.737968
vt 0.850372 0.738091
vt 0.813477 0.855495
vt 0.819763 0.749023
vt 0.486450 0.853989
vt 0.486084 0.853287
vt 0.486694 0.851883
vt 0.486694 0.854111
vt 0.491730 0.855846
vt 0.834839 0.853806
vt 0.834595 0.854065
vn 0.4749 0.1963 0.8579
vn 0.4810 0.1982 0.8540
vn 0.4963 -0.1376 0.8572
vn 0.4968 -0.1365 0.8571
vn 0.8175 -0.2066 -0.5376
vn 0.5451 -0.5567 -0.6269
vn 0.8164 -0.2040 -0.5402
vn 0.8164 -0.2029 -0.5407
vn 0.8277 0.1634 0.5369
vn 0.8279 0.1634 0.5365
vn 0.1872 0.7268 0.6609
vn 0.1911 0.7247 0.6620
vn -0.8222 -0.3819 0.4220
vn -0.8221 -0.3822 0.4220
vn -0.8212 -0.4057 0.4012
vn -0.8206 -0.4065 0.4017
vn 0.4911 0.8117 0.3162
vn 0.4901 0.6057 0.6269
vn 0.4911 0.8117 0.3161
vn 0.4911 0.8118 0.3161
vn 0.4981 -0.1360 0.8564
vn 0.4978 -0.1360 0.8566
vn -0.4908 0.8708 -0.0300
vn -0.4932 0.8695 -0.0277
vn -0.4910 0.8706 -0.0299
vn -0.4938 0.7772 -0.3900
vn -0.8194 -0.2024 -0.5363
vn -0.8164 -0.2032 -0.5405
vn -0.8668 0.1061 -0.4872
vn -1.0000 0.0001 -0.0001
vn -1.0000 -0.0006 -0.0001
vn -1.0000 0.0001 -0.0000
vn -1.0000 -0.0000 -0.0000
vn -0.5099 0.6047 0.6119
vn -0.1744 0.7512 0.6366
vn -0.1739 0.7510 0.6370
vn -0.1740 0.7512 0.6368
vn 0.4915 0.7591 -0.4268
vn 0.4862 0.7699 -0.4133
vn 0.4858 0.7701 -0.4134
vn 0.5508 -0.7660 0.3315
vn 0.5484 -0.7669 0.3333
vn 0.8151 -0.4120 0.4073
vn 0.8192 -0.4095 0.4015
vn 1.0000 -0.0000 0.0000
vn 1.0000 -0.0007 0.0000
vn -0.4930 -0.7704 0.4044
vn -0.4935 -0.7714 0.4017
vn -0.4954 -0.7735 0.3953
vn -0.4982 -0.1360 0.8563
vn -0.5570 0.7606 -0.3336
vn -0.5571 0.7605 -0.3337
vn -0.8266 0.3748 -0.4199
vn -0.8264 0.3747 -0.4204
vn -0.5694 0.5417 0.6184
vn -0.5572 0.5465 0.6252
vn -0.8219 0.1850 0.5387
vn -0.8347 0.1718 0.5232
vn 0.4909 0.7972 0.3514
vn 0.4905 0.7973 0.3517
vn 0.5074 0.8046 0.3085
vn 0.5078 0.8045 0.3081
vn 0.8210 0.3922 -0.4148
vn 0.8360 0.3713 -0.4041
vn 0.1872 0.9365 -0.2966
vn 0.1876 0.9366 -0.2961
vn 0.4913 -0.8709 0.0162
vn 0.4937 -0.8694 0.0210
vn 0.4906 -0.8713 0.0143
vn -0.4914 0.6043 0.6272
vn -0.4900 0.6054 0.6271
vn -0.4912 0.8117 0.3161
vn -0.4912 0.8117 0.3160
vn -0.1941 -0.9362 0.2930
vn -0.5524 -0.7628 0.3361
vn -0.5527 -0.7627 0.3358
vn -0.4888 0.8720 -0.0244
vn -0.5040 0.8637 0.0106
vn -0.4888 0.8720 -0.0243
vn 0.4845 0.4533 -0.7482
vn 0.4998 0.1366 -0.8553
vn 0.4992 0.1368 -0.8556
vn 0.4797 0.4590 -0.7478
vn 0.4789 0.4595 -0.7480
vn -0.4791 0.4562 -0.7499
vn -0.4781 0.4550 -0.7513
vn -0.4804 0.4604 -0.7465
vn -0.4859 0.4575 -0.7447
vn 0.4918 -0.5507 -0.6744
vn 0.4943 -0.5505 -0.6728
vn 0.4869 -0.1385 -0.8624
vn 0.4883 -0.1381 -0.8617
vn 0.4823 -0.1343 -0.8656
vn 0.4910 -0.7945 -0.3574
vn 0.4904 -0.7943 -0.3587
vn 0.4893 -0.7945 -0.3597
vn 0.4903 -0.7948 -0.3577
vn -1.0000 0.0004 0.0000
vn -1.0000 0.0002 0.0000
vn -1.0000 -0.0001 0.0000
vn 0.8132 0.2209 0.5385
vn 0.8129 0.2209 0.5389
vn 0.8165 0.2375 0.5262
vn 0.8165 0.2374 0.5262
vn 0.5087 0.6054 0.6121
vn 0.1715 0.7518 0.6367
vn 0.1715 0.7519 0.6366
vn 0.5111 0.6040 0.6116
vn 0.1689 -0.7424 -0.6483
vn 0.1723 -0.7404 -0.6497
vn 0.1694 -0.7403 -0.6506
vn 0.1682 -0.7429 -0.6480
vn -0.4878 -0.1355 -0.8624
vn -0.4990 0.1367 -0.8557
vn -0.4992 0.1374 -0.8555
vn -0.4824 -0.1378 -0.8651
vn -0.4823 -0.1384 -0.8650
vn 0.1940 -0.7224 -0.6637
vn 0.1944 -0.7222 -0.6638
vn 0.4831 -0.4750 0.7355
vn 0.4795 -0.4798 0.7347
vn 0.4781 -0.4796 0.7358
vn 0.4823 -0.4758 0.7356
vn -0.8669 -0.1061 0.4870
vn -0.8193 -0.4097 0.4012
vn -0.8170 -0.4065 0.4090
vn -0.8230 0.2249 0.5216
vn -0.8111 0.2277 0.5387
vn -0.4826 -0.4781 0.7338
vn -0.4783 -0.4770 0.7374
vn -0.4782 -0.4766 0.7377
vn -0.4826 -0.4771 0.7345
vn 0.1705 -0.9339 0.3144
vn 0.1644 -0.9341 0.3170
vn 0.1660 -0.9343 0.3155
vn -0.4712 0.4428 -0.7629
vn -0.4708 0.4431 -0.7629
vn -0.4863 0.4598 -0.7430
vn -0.4866 0.4597 -0.7429
vn 0.4936 0.7774 -0.3899
vn 0.4928 0.8696 -0.0298
vn 0.4932 0.8694 -0.0296
vn 0.4935 0.7773 -0.3902
vn -0.8376 -0.1834 -0.5146
vn -0.8187 -0.2028 -0.5372
vn -0.8182 -0.2037 -0.5377
vn -0.8376 -0.1837 -0.5145
vn -0.8087 0.4217 -0.4101
vn -0.8084 0.4220 -0.4104
vn -0.8086 0.4232 -0.4088
vn -0.8090 0.4231 -0.4080
vn 0.4983 0.1362 -0.8562
vn 0.4984 0.1362 -0.8562
vn 0.4975 0.1363 -0.8567
vn -0.4982 0.1363 -0.8563
vn -0.4983 0.1363 -0.8562
vn -0.4907 -0.8711 0.0214
vn -0.4893 -0.8718 0.0227
vn -0.4906 -0.8711 0.0217
vn -0.4917 -0.7740 0.3988
vn -0.8670 -0.1059 0.4869
vn -0.8670 -0.1058 0.4869
vn -0.8673 -0.1056 0.4864
vn -0.8670 0.1062 -0.4869
vn -0.8669 0.1062 -0.4870
vn -0.8670 0.1063 -0.4869
vn 0.1760 0.9275 -0.3297
vn 0.5201 0.7755 -0.3579
vn 0.1761 0.9274 -0.3300
vn 0.1743 0.9272 -0.3315
vn -0.5215 0.7746 -0.3579
vn -0.5218 0.7743 -0.3581
vn -0.1791 0.9263 -0.3315
vn -0.1775 0.9270 -0.3304
vn -0.5329 -0.5812 -0.6150
vn -0.5316 -0.5813 -0.6160
vn -0.5223 -0.5852 -0.6203
vn -0.4963 -0.1370 0.8573
vn -0.4962 -0.1380 0.8572
vn -0.4763 0.2001 0.8562
vn -0.4776 0.1987 0.8558
vn 0.0000 0.2127 -0.9771
vn 0.0009 0.2123 -0.9772
vn 0.0005 0.2125 -0.9772
vn 0.0001 0.2127 -0.9771
vn -0.0002 0.2124 -0.9772
vn -0.0006 0.2128 -0.9771
vn -0.0002 0.2123 -0.9772
vn 0.8669 0.1061 -0.4871
vn 0.8668 -0.1062 0.4872
vn 0.4901 0.4377 -0.7538
vn 0.4739 0.4635 -0.7487
vn 0.4897 0.4381 -0.7538
vn -0.0036 -0.1708 0.9853
vn 0.0040 -0.1780 0.9840
vn 0.0234 -0.1871 0.9821
vn -0.0084 -0.1709 0.9853
vn -0.0136 -0.1738 0.9847
vn 0.8669 -0.1060 0.4870
vn 0.8669 0.1061 -0.4870
vn 0.8062 0.4267 -0.4099
vn 0.8077 0.4252 -0.4084
vn 0.4918 -0.7724 0.4019
vn 0.4917 -0.7735 0.3999
vn 0.4894 -0.8718 0.0215
vn 0.4900 -0.8715 0.0212
vn -0.1923 -0.7228 -0.6637
vn -0.5477 -0.5540 -0.6270
vn -0.1917 -0.7225 -0.6642
vn 0.4895 -0.8136 -0.3137
vn 0.4914 -0.8139 -0.3102
vn 0.4921 -0.8130 -0.3112
vn 0.4904 -0.8128 -0.3144
vn -0.4914 -0.8126 -0.3134
vn -0.4893 -0.8150 -0.3104
vn -0.4898 -0.8145 -0.3110
vn -0.4915 -0.8123 -0.3139
vn -0.0039 0.1707 -0.9853
vn 0.0037 0.1778 -0.9841
vn 0.0237 0.1872 -0.9820
vn -0.0192 0.1875 -0.9821
vn 0.0071 0.1823 -0.9832
vn -0.0001 -0.2127 0.9771
vn -0.0011 -0.2127 0.9771
vn -0.0008 -0.2122 0.9772
vn 0.0001 -0.2126 0.9771
vn 0.0000 -0.2129 0.9771
vn 0.0001 -0.2127 0.9771
vn -0.0004 -0.2126 0.9771
vn -0.0000 -0.2123 0.9772
vn 0.0001 -0.2119 0.9773
vn 0.0007 -0.2124 0.9772
vn 0.0002 -0.2121 0.9772
vn -0.0001 -0.2128 0.9771
vn 0.0007 -0.2127 0.9771
vn -0.0002 -0.2129 0.9771
vn 0.5336 -0.5765 -0.6188
vn 0.5305 -0.5787 -0.6194
vn 0.5241 -0.5861 -0.6180
vn -0.5048 0.7898 0.3483
vn -0.4851 0.8171 0.3116
vn -0.4843 0.8176 0.3115
vn 1.0000 0.0003 0.0000
vn 0.1962 -0.9357 0.2932
vn -0.4799 0.1183 0.8693
vn -0.4907 0.1011 0.8654
vn -0.4799 0.1179 0.8694
vn -0.4919 -0.5525 -0.6729
vn -0.4942 -0.5498 -0.6734
vn -0.4942 -0.5501 -0.6732
vn -0.4913 -0.7933 -0.3595
vn -0.4909 -0.7939 -0.3590
vn -0.4892 -0.7952 -0.3583
usemtl Steel_-_Satin.001
s 1
f 3286/8389/10145 3282/8390/10146 3272/8391/10147 3273/8392/10148
f 3291/8393/10149 3302/8394/10150 3303/8395/10151 3292/8396/10152
f 3310/8397/10153 3288/8398/10154 3299/8399/10155 3308/8400/10156
f 3256/8401/10157 3251/8402/10158 3255/8403/10159 3265/8404/10160
f 3266/8405/10161 3282/8406/10162 3286/8407/10163 3260/8408/10164
f 3241/8409/10165 3243/8410/10166 3245/8411/10165 3258/8412/10165
f 3261/8413/10167 3262/8414/10168 3266/8405/10169 3250/8415/10170
f 3295/8416/10171 3296/8417/10172 3276/8418/10173 3275/8419/10173
f 3274/8420/10174 3247/8421/10175 3263/8422/10176 3271/8423/10174 3283/8424/10177 3284/8425/10177 3289/8426/10174 3254/8427/10176
f 3277/8428/10178 3289/8429/10179 3268/8430/10180 3278/8431/10181
f 3256/8432/10182 3265/8433/10183 3255/8434/10184
f 3304/8435/10185 3302/8436/10186 3291/8437/10187 3293/8438/10188
f 3265/8439/10189 3285/8440/10189 3259/8441/10189 3244/8442/10189 3260/8443/10189 3286/8444/10190 3273/8445/10189 3267/8446/10189 3255/8447/10189
f 3245/8411/10191 3253/8448/10192 3252/8449/10193
f 3258/8412/10194 3245/8411/10194 3252/8449/10194 3249/8450/10194
f 3300/8451/10195 3309/8452/10196 3310/8453/10197 3294/8454/10198
f 3310/8453/10199 3308/8455/10200 3301/8456/10201 3294/8454/10202
f 3255/8447/10203 3241/8457/10204 3258/8458/10205 3256/8459/10206
f 3297/8460/10207 3288/8461/10208 3310/8462/10209 3309/8463/10210
f 3243/8464/10211 3259/8465/10212 3245/8466/10213
f 3283/8467/10214 3282/8406/10215 3266/8405/10216 3262/8414/10217
f 3306/8468/10218 3298/8469/10219 3296/8470/10220 3305/8471/10218
f 3254/8472/10221 3256/8473/10222 3274/8474/10223
f 3244/8475/10224 3235/8476/10225 3237/8477/10226 3240/8478/10227 3250/8479/10228
f 3248/8480/10229 3261/8481/10230 3250/8479/10231 3240/8478/10232
f 3242/8482/10233 3239/8483/10234 3236/8484/10235 3237/8477/10236 3235/8476/10237
f 3251/8485/10238 3246/8486/10239 3239/8487/10240 3242/8488/10241
f 3274/8489/10242 3249/8490/10243 3252/8491/10243 3253/8492/10244 3284/8493/10177 3283/8494/10177 3262/8495/10244 3261/8496/10244 3248/8497/10244 3238/8498/10244
f 3269/8499/10245 3281/8500/10246 3280/8501/10247 3279/8502/10248
f 3279/8503/10249 3278/8431/10250 3268/8430/10251 3269/8504/10252
f 3249/8505/10253 3258/8506/10254 3256/8507/10255 3254/8508/10256
f 3238/8509/10257 3248/8480/10258 3240/8478/10259 3237/8477/10260 3236/8484/10261
f 3303/8510/10262 3302/8511/10263 3305/8512/10263 3307/8513/10263
f 3273/8514/10264 3272/8515/10265 3264/8516/10266 3267/8517/10267
f 3276/8518/10268 3296/8519/10269 3298/8520/10270 3289/8426/10271 3277/8521/10272
f 3272/8391/10273 3271/8423/10274 3263/8422/10275 3264/8522/10276
f 3254/8523/10277 3256/8524/10278 3257/8525/10279
f 3257/8526/10280 3256/8432/10281 3254/8527/10282 3289/8528/10283
f 3250/8479/10284 3266/8529/10285 3260/8530/10286 3244/8475/10287
f 3256/8507/10288 3241/8531/10289 3242/8532/10290 3251/8533/10291
f 3276/8534/10292 3277/8428/10293 3249/8535/10294 3275/8536/10295
f 3287/8537/10296 3285/8538/10297 3265/8433/10298 3257/8526/10299 3289/8528/10299 3284/8539/10300
f 3263/8540/10301 3247/8541/10302 3246/8542/10303 3264/8543/10304
f 3294/8544/10305 3301/8545/10306 3255/8546/10307 3251/8533/10308 3242/8532/10309 3300/8547/10310
f 3278/8548/10311 3279/8549/10312 3290/8550/10313 3270/8551/10314
f 3249/8535/10315 3277/8428/10316 3278/8431/10317 3270/8552/10318
f 3256/8507/10319 3258/8506/10320 3241/8531/10321
f 3271/8423/10322 3272/8391/10323 3282/8390/10324 3283/8424/10325
f 3275/8553/10326 3249/8554/10327 3274/8555/10326 3297/8460/10326 3309/8463/10326 3300/8556/10326 3242/8557/10328 3241/8558/10329 3290/8550/10330 3292/8559/10331 3303/8560/10326 3307/8561/10332 3295/8562/10326
f 3297/8563/10333 3274/8564/10333 3254/8565/10333 3288/8398/10333
f 3299/8399/10334 3288/8398/10334 3254/8565/10334
f 3257/8526/10335 3265/8433/10336 3256/8432/10337
f 3269/8566/10338 3268/8567/10339 3289/8426/10340 3254/8427/10341 3257/8568/10342
f 3281/8500/10343 3293/8569/10343 3291/8393/10343 3280/8501/10343
f 3280/8501/10344 3291/8393/10344 3292/8396/10344 3290/8570/10345 3279/8502/10346
f 3267/8517/10347 3264/8516/10348 3246/8486/10349 3251/8485/10350
f 3305/8512/10351 3296/8417/10352 3295/8416/10351 3307/8513/10353
f 3287/8571/10354 3245/8466/10355 3259/8465/10356 3285/8572/10357
f 3245/8573/10358 3287/8574/10359 3284/8493/10360 3253/8492/10361
f 3249/8554/10362 3270/8551/10363 3290/8550/10364 3241/8558/10365 3258/8575/10366
f 3299/8576/10367 3254/8427/10368 3289/8426/10369 3298/8520/10370 3306/8577/10371 3304/8578/10372 3293/8579/10373 3281/8580/10374 3269/8566/10375 3257/8568/10376 3265/8404/10377 3255/8403/10378 3301/8581/10379 3308/8582/10380
f 3254/8565/10381 3274/8564/10382 3249/8583/10383
f 3274/8474/10384 3256/8473/10385 3258/8584/10386
f 3242/8585/10189 3235/8586/10189 3244/8442/10189 3259/8441/10189 3243/8587/10387 3241/8457/10189 3255/8447/10189 3267/8446/10189 3251/8588/10189
f 3302/8436/10388 3304/8435/10388 3306/8468/10388 3305/8471/10388
f 3274/8589/10389 3258/8412/10390 3249/8450/10391
f 3274/8489/10392 3238/8498/10393 3236/8590/10394 3239/8591/10395 3246/8542/10396 3247/8541/10397
o MeshBody4_(46)_MeshBody4_(46).001
v 2.374477 1.476236 0.339946
v 2.371727 1.470844 0.339543
v 2.371727 1.476341 0.338361
v 2.368979 1.471638 0.340909
v 2.374477 1.487063 0.344769
v 2.371727 1.468157 0.341949
v 2.374477 1.473233 0.343640
v 2.374477 1.469444 0.342863
v 2.374477 1.491755 0.343975
v 2.371727 1.488098 0.347024
v 2.371727 1.466608 0.345733
v 2.368979 1.468175 0.345980
v 2.368979 1.487813 0.341683
v 2.368979 1.476027 0.343112
v 2.371727 1.492969 0.342958
v 2.374477 1.490048 0.347346
v 2.368979 1.487063 0.344769
v 2.368979 1.490048 0.347346
v 2.368979 1.468383 0.349334
v 2.371727 1.466856 0.349797
v 2.368979 1.471431 0.348406
v 2.368979 1.491755 0.343975
v 2.374477 1.468383 0.349334
v 2.371727 1.472925 0.346740
v 2.371724 1.474059 0.349704
v 2.371724 1.474925 0.344274
v 2.374477 1.493299 0.349759
v 2.368979 1.493299 0.349759
v 2.374477 1.472255 0.349796
v 2.371727 1.494871 0.349979
v 2.371717 1.477201 0.350203
v 2.374945 1.476554 0.350101
v 2.371717 1.478050 0.344770
v 2.374477 1.489500 0.351178
v 2.368979 1.473966 0.354245
v 2.371727 1.473576 0.355783
v 2.374477 1.473966 0.354245
v 2.367658 1.471258 0.343692
v 2.364498 1.471546 0.343739
v 2.362917 1.471248 0.346474
v 2.365031 1.476354 0.347285
v 2.371714 1.479192 0.347736
v 2.378414 1.476368 0.347287
v 2.380555 1.471263 0.346477
v 2.378975 1.470669 0.349165
v 2.374237 1.470655 0.346379
v 2.371727 1.491091 0.356208
v 2.368979 1.490196 0.354893
v 2.368979 1.488414 0.352263
v 2.374477 1.490196 0.354893
v 2.374477 1.485862 0.352839
v 2.371727 1.485940 0.351254
v 2.368979 1.485706 0.356008
v 2.364498 1.459939 0.341893
v 2.369238 1.459898 0.344670
v 2.366210 1.474873 0.349833
v 2.364498 1.470661 0.349164
v 2.377238 1.475746 0.344404
v 2.380557 1.459326 0.344579
v 2.378975 1.459942 0.341895
v 2.378975 1.458994 0.347310
v 2.374235 1.459893 0.344669
v 2.366171 1.455592 0.341204
v 2.364947 1.454108 0.343750
v 2.368618 1.457582 0.341519
v 2.366171 1.454620 0.346614
v 2.368618 1.456621 0.346932
v 2.374852 1.457597 0.341521
v 2.374852 1.456636 0.346935
v 2.375700 1.451874 0.343395
v 2.375002 1.453773 0.340915
v 2.375002 1.452790 0.346324
v 2.371725 1.450971 0.343252
v 2.371723 1.452045 0.346205
v 2.371723 1.453031 0.340796
v 2.371718 1.455187 0.346704
v 2.371718 1.456156 0.341293
v 2.371715 1.457238 0.344249
vt 0.493286 0.855164
vt 0.493408 0.855652
vt 0.492798 0.855286
vt 0.844849 0.855423
vt 0.844482 0.855576
vt 0.844482 0.855347
vt 0.847900 0.738623
vt 0.847656 0.738428
vt 0.848022 0.737879
vt 0.848267 0.737955
vt 0.515381 0.689674
vt 0.515076 0.689651
vt 0.515076 0.688904
vt 0.515381 0.689056
vt 0.854797 0.807281
vt 0.855286 0.806091
vt 0.855408 0.806122
vt 0.854980 0.807770
vt 0.854797 0.807861
vt 0.855469 0.522781
vt 0.855347 0.524185
vt 0.855042 0.524338
vt 0.855164 0.522888
vt 0.856079 0.607422
vt 0.855827 0.607056
vt 0.855721 0.606689
vt 0.856018 0.606567
vt 0.856285 0.606934
vt 0.856316 0.607300
vt 0.848511 0.738167
vt 0.848389 0.738554
vt 0.855896 0.602417
vt 0.856201 0.602417
vt 0.856323 0.603027
vt 0.856018 0.603149
vt 0.515015 0.569321
vt 0.514771 0.569275
vt 0.514771 0.568054
vt 0.514771 0.567566
vt 0.515015 0.567474
vt 0.810181 0.854340
vt 0.810181 0.855286
vt 0.809937 0.855225
vt 0.809937 0.854431
vt 0.845215 0.854980
vt 0.844849 0.855148
vt 0.844482 0.854950
vt 0.844604 0.853699
vt 0.844849 0.854004
vt 0.845215 0.853714
vt 0.846985 0.852951
vt 0.847534 0.852386
vt 0.847717 0.852463
vt 0.847412 0.852966
vt 0.794922 0.855591
vt 0.795105 0.855225
vt 0.795288 0.855347
vt 0.795105 0.855713
vt 0.855652 0.524094
vt 0.855713 0.522919
vt 0.855835 0.603027
vt 0.855713 0.602417
vt 0.795166 0.853226
vt 0.795471 0.853516
vt 0.795715 0.853470
vt 0.795715 0.854935
vt 0.795471 0.854767
vt 0.794861 0.854675
vt 0.855881 0.516968
vt 0.855648 0.516479
vt 0.855949 0.516357
vt 0.856129 0.516846
vt 0.493286 0.855713
vt 0.492920 0.855591
vt 0.855042 0.524597
vt 0.855347 0.524384
vt 0.795471 0.854965
vt 0.795715 0.855209
vt 0.810547 0.854431
vt 0.810547 0.855225
vt 0.852905 0.734009
vt 0.853149 0.733643
vt 0.853394 0.734131
vt 0.853638 0.820663
vt 0.853638 0.821243
vt 0.853210 0.821274
vt 0.853516 0.820679
vt 0.515076 0.691498
vt 0.514771 0.691399
vt 0.514771 0.690933
vt 0.514771 0.689682
vt 0.855835 0.601807
vt 0.856018 0.601685
vt 0.798218 0.853149
vt 0.797729 0.854523
vt 0.797974 0.854797
vt 0.798218 0.855164
vt 0.797852 0.855103
vt 0.797424 0.854614
vt 0.797424 0.854126
vt 0.514771 0.567200
vt 0.515137 0.567032
vt 0.855408 0.734482
vt 0.855408 0.736313
vt 0.855103 0.736221
vt 0.855103 0.734528
vt 0.848145 0.737644
vt 0.848511 0.737532
vt 0.515381 0.567184
vt 0.515381 0.567551
vt 0.492676 0.855652
vt 0.846497 0.852005
vt 0.846497 0.852325
vt 0.846741 0.852646
vt 0.847046 0.852493
vt 0.847107 0.852097
vt 0.847717 0.851166
vt 0.846680 0.852982
vt 0.846130 0.852661
vt 0.846008 0.852188
vt 0.846619 0.850769
vt 0.855766 0.606323
vt 0.856071 0.605957
vt 0.856316 0.606079
vt 0.854187 0.776489
vt 0.854553 0.776489
vt 0.854492 0.776733
vt 0.854126 0.776733
vt 0.515381 0.569275
vt 0.515381 0.569687
vt 0.515015 0.569824
vt 0.846436 0.850525
vt 0.847046 0.850327
vt 0.847351 0.850449
vt 0.847290 0.850861
vt 0.846985 0.850662
vt 0.810181 0.855621
vt 0.809937 0.855499
vt 0.853394 0.733582
vt 0.856323 0.601807
vt 0.855347 0.808380
vt 0.855408 0.808197
vt 0.855164 0.522552
vt 0.795715 0.853149
vt 0.514771 0.689064
vt 0.492798 0.854004
vt 0.493042 0.854309
vt 0.493408 0.854065
vt 0.492676 0.855042
vt 0.854553 0.777100
vt 0.854187 0.777100
vt 0.515381 0.691391
vt 0.855408 0.733963
vt 0.855713 0.734085
vt 0.855713 0.735748
vt 0.855713 0.736221
vt 0.856129 0.516113
vt 0.855656 0.515991
vt 0.846985 0.850861
vt 0.846680 0.851105
vt 0.810547 0.853455
vt 0.810181 0.853333
vt 0.850800 0.734253
vt 0.850922 0.733765
vt 0.851257 0.733765
vt 0.851257 0.734131
vt 0.845093 0.855377
vt 0.797913 0.854248
vt 0.798035 0.854614
vt 0.855774 0.524597
vt 0.855774 0.522583
vt 0.795166 0.855072
vt 0.810547 0.855499
vt 0.794983 0.856323
vt 0.794861 0.856079
vt 0.795288 0.856079
vt 0.795166 0.856323
vn 0.5266 -0.6059 -0.5963
vn 0.5209 -0.6126 -0.5945
vn 0.5284 -0.6035 -0.5971
vn -0.5295 -0.6071 -0.5924
vn -0.5277 -0.6072 -0.5939
vn -0.5196 -0.6112 -0.5970
vn -0.5164 0.6151 0.5958
vn -0.1768 0.7660 0.6181
vn -0.1769 0.7660 0.6181
vn 0.4859 -0.4350 0.7581
vn 0.4812 -0.4396 0.7584
vn 0.4924 -0.7559 0.4315
vn 0.4856 -0.4360 0.7577
vn 0.8669 0.0783 -0.4923
vn 0.8134 0.4036 -0.4189
vn 0.8097 0.4068 -0.4230
vn 0.4987 -0.1287 0.8572
vn 0.4911 -0.8694 0.0535
vn 0.4878 -0.8083 -0.3297
vn 0.4879 -0.8078 -0.3308
vn 0.4888 -0.8082 -0.3286
vn 0.4912 -0.8694 0.0536
vn 0.4917 -0.8691 0.0540
vn -0.5159 0.7696 -0.3762
vn -0.1769 0.9183 -0.3541
vn -0.1767 0.9192 -0.3520
vn -0.4926 0.8200 0.2914
vn -0.4924 0.8202 0.2912
vn -0.4940 0.6190 0.6106
vn -0.4927 0.6212 0.6094
vn -0.8669 0.0783 -0.4923
vn -0.8171 -0.2306 -0.5284
vn -0.8178 -0.2308 -0.5271
vn -0.8141 -0.2322 -0.5322
vn 0.8154 -0.2354 -0.5288
vn 0.5424 -0.5862 -0.6018
vn 0.8139 -0.2330 -0.5322
vn 0.8141 -0.2315 -0.5326
vn -0.8672 -0.0778 0.4918
vn -0.8672 0.0784 -0.4918
vn -0.8670 0.0783 -0.4921
vn -0.8670 0.0784 -0.4920
vn -0.8670 -0.0780 0.4922
vn -0.8670 -0.0781 0.4922
vn 0.8100 0.2509 0.5300
vn 0.8098 0.2494 0.5310
vn 0.8124 0.2550 0.5244
vn 0.8116 0.2571 0.5245
vn -0.4914 -0.8693 0.0536
vn -0.4918 -0.8691 0.0532
vn -0.4988 -0.1287 0.8571
vn -0.4987 -0.1287 0.8571
vn 0.4922 0.8203 0.2913
vn 0.4925 0.6213 0.6095
vn 0.4922 0.8203 0.2912
vn -0.4974 0.1289 -0.8579
vn 0.4980 0.1289 -0.8575
vn 0.4981 0.1290 -0.8575
vn -0.4980 0.1289 -0.8576
vn -0.4979 0.1289 -0.8576
vn -0.4912 -0.8218 -0.2887
vn -0.4900 -0.8238 -0.2849
vn -0.4907 -0.8232 -0.2856
vn -0.4926 -0.8210 -0.2887
vn 0.1668 -0.7676 -0.6188
vn 0.1711 -0.7672 -0.6182
vn 0.1711 -0.7652 -0.6207
vn 0.1703 -0.7657 -0.6203
vn 0.4886 0.8099 0.3244
vn 0.4885 0.8101 0.3242
vn 0.5065 0.8152 0.2809
vn 0.4959 0.7375 -0.4585
vn 0.4909 0.7494 -0.4443
vn 0.4903 0.7497 -0.4444
vn 0.4898 0.4027 -0.7733
vn 0.4771 0.4236 -0.7701
vn 0.4901 0.4025 -0.7731
vn 0.8218 -0.3853 0.4198
vn 0.5530 -0.7485 0.3659
vn 0.5532 -0.7477 0.3672
vn 0.8174 -0.3883 0.4256
vn -0.4904 0.8698 -0.0547
vn -0.5056 0.8626 -0.0182
vn -0.8139 0.4021 -0.4194
vn -0.8133 0.4033 -0.4194
vn -0.8112 0.4052 -0.4217
vn -0.8123 0.3990 -0.4253
vn -0.4779 0.2158 0.8515
vn -0.4799 0.2142 0.8508
vn -0.4983 -0.1287 0.8574
vn 0.4910 0.7677 -0.4118
vn 0.4912 0.7682 -0.4107
vn 0.4920 0.8688 -0.0561
vn 0.4912 0.8692 -0.0565
vn 0.0001 0.1569 -0.9876
vn 0.0004 0.1569 -0.9876
vn -0.5445 -0.5840 -0.6021
vn -0.1903 -0.7526 -0.6304
vn -0.1904 -0.7521 -0.6309
vn -0.1917 -0.7524 -0.6302
vn 0.4986 0.1288 -0.8572
vn 0.4771 0.4460 -0.7573
vn 0.4835 0.4409 -0.7562
vn 0.4983 0.1288 -0.8574
vn 0.1742 0.7666 0.6180
vn 0.5166 0.6144 0.5963
vn 0.5168 0.6145 0.5961
vn 0.1741 0.7663 0.6184
vn -0.1952 -0.9218 0.3350
vn -0.5546 -0.7451 0.3704
vn -0.5554 -0.7450 0.3694
vn 0.1718 -0.9208 0.3501
vn 0.1666 -0.9209 0.3523
vn 0.1680 -0.9210 0.3514
vn 0.0004 -0.1568 0.9876
vn 0.0009 -0.1568 0.9876
vn -0.0003 -0.1568 0.9876
vn 0.0008 -0.1569 0.9876
vn 0.0000 -0.1570 0.9876
vn -0.0001 -0.1570 0.9876
vn 0.0000 -0.1568 0.9876
vn 0.0003 -0.1569 0.9876
vn -0.0001 -0.1572 0.9876
vn -0.0002 -0.1567 0.9876
vn -0.0002 -0.1569 0.9876
vn 0.4878 -0.5818 -0.6508
vn 0.4845 -0.1835 -0.8553
vn 0.4852 -0.1841 -0.8548
vn 0.4799 -0.1807 -0.8585
vn 0.4878 -0.5806 -0.6519
vn -0.5599 0.7426 -0.3674
vn -0.5598 0.7427 -0.3674
vn -0.8284 0.3506 -0.4368
vn -0.8284 0.3507 -0.4367
vn -0.8210 -0.3868 0.4201
vn -0.8226 -0.3814 0.4217
vn -0.8148 0.2482 0.5238
vn -0.8157 0.2487 0.5223
vn -0.8102 0.2512 0.5297
vn -0.8668 -0.0782 0.4925
vn -0.0002 -0.1570 0.9876
vn 0.1931 -0.7519 -0.6304
vn -0.4838 0.8279 0.2837
vn -0.4838 0.8278 0.2841
vn -0.5033 0.8022 0.3211
vn -0.4913 0.7681 -0.4107
vn -0.4901 0.8699 -0.0559
vn -0.4924 0.8687 -0.0540
vn -0.4905 0.8696 -0.0561
vn 0.1739 0.9195 -0.3527
vn 0.5145 0.7706 -0.3760
vn 0.1740 0.9195 -0.3525
vn 0.1720 0.9193 -0.3539
vn 0.4937 -0.7593 0.4239
vn 0.4916 -0.7614 0.4225
vn 0.4900 -0.7658 0.4164
vn 0.4895 -0.6088 -0.6243
vn 0.4903 -0.6103 -0.6222
vn 0.4928 -0.6153 -0.6152
vn -0.4936 -0.7548 0.4321
vn -0.4855 -0.4384 0.7564
vn -0.4814 -0.4363 0.7602
vn -0.4928 -0.7543 0.4339
vn 0.8670 -0.0782 0.4922
vn 0.8669 0.0782 -0.4923
vn 0.8670 0.0782 -0.4922
vn 0.8671 0.0785 -0.4919
vn 0.8669 -0.0782 0.4923
vn -0.8331 0.2003 0.5155
vn -0.5675 0.5705 0.5937
vn -0.5527 0.5771 0.6012
vn -0.8196 0.2144 0.5313
vn 0.4979 -0.1287 0.8576
vn 0.4979 -0.1288 0.8576
vn 0.4778 0.2114 0.8527
vn 0.4805 0.2167 0.8498
vn -0.4795 -0.1846 -0.8579
vn -0.4817 -0.1828 -0.8570
vn -0.4775 0.4422 -0.7592
vn -0.4772 0.4417 -0.7598
vn -0.4822 0.4454 -0.7544
vn -0.4804 -0.1843 -0.8575
vn -1.0000 0.0004 0.0000
vn -1.0000 -0.0001 0.0000
vn 0.8256 0.1927 0.5303
vn 0.8256 0.1926 0.5304
vn 0.1858 0.7555 0.6283
vn 0.1889 0.7538 0.6294
vn 0.8672 -0.0781 0.4918
vn 0.4907 -0.8222 -0.2884
vn 0.4922 -0.8227 -0.2844
vn 0.4915 -0.8228 -0.2853
vn 0.4904 -0.8221 -0.2893
vn -0.8234 -0.3838 0.4181
vn -0.8248 -0.3577 0.4380
vn -0.8248 -0.3577 0.4379
vn -0.8233 -0.3837 0.4182
vn 0.1892 0.9222 -0.3373
vn 0.8233 0.3678 -0.4323
vn 0.8379 0.3479 -0.4205
vn 0.1882 0.9221 -0.3382
vn -0.4767 0.1633 0.8638
vn -0.4903 0.1411 0.8601
vn -0.4771 0.1631 0.8636
vn -0.4901 -0.7613 0.4244
vn -0.4899 -0.7626 0.4224
vn -0.4931 -0.7643 0.4157
vn -0.8348 -0.2109 -0.5086
vn -0.8152 -0.2324 -0.5305
vn -0.8158 -0.2318 -0.5299
vn -0.8350 -0.2109 -0.5083
vn -0.4868 0.4215 -0.7651
vn -0.4738 0.4069 -0.7810
vn -0.4869 0.4214 -0.7651
vn 0.1972 -0.9213 0.3352
vn -0.4881 -0.5808 -0.6514
vn -0.4879 -0.8078 -0.3307
vn -0.4898 -0.8068 -0.3304
vn -0.4894 -0.8078 -0.3286
vn -0.4909 -0.5803 -0.6498
vn -0.4905 -0.5793 -0.6510
usemtl Steel_-_Satin.001
s 1
f 3348/8592/10398 3324/8593/10399 3331/8594/10400
f 3334/8595/10401 3336/8596/10402 3317/8597/10403
f 3351/8598/10404 3366/8599/10405 3341/8600/10406 3352/8601/10405
f 3347/8602/10407 3346/8603/10408 3330/8604/10409 3333/8605/10410
f 3354/8606/10411 3369/8607/10411 3370/8608/10411 3368/8609/10412 3353/8610/10413
f 3320/8611/10414 3336/8612/10414 3317/8613/10414 3315/8614/10414
f 3330/8615/10415 3321/8616/10416 3316/8617/10417 3318/8618/10418 3356/8619/10419 3333/8620/10420
f 3351/8598/10421 3352/8601/10422 3343/8621/10423 3324/8622/10421
f 3340/8623/10424 3338/8624/10425 3358/8625/10426 3357/8626/10427
f 3350/8627/10428 3349/8628/10428 3364/8629/10429 3373/8630/10430 3374/8631/10431
f 3369/8632/10432 3380/8633/10433 3381/8634/10434 3370/8635/10435
f 3333/8636/10436 3356/8637/10437 3318/8638/10438 3378/8639/10439 3372/8640/10440 3379/8641/10441
f 3342/8642/10442 3355/8643/10443 3354/8644/10444 3353/8645/10445
f 3321/8646/10446 3330/8647/10447 3329/8648/10446 3322/8649/10446
f 3324/8650/10448 3336/8612/10449 3320/8611/10448 3327/8651/10448
f 3340/8623/10450 3357/8626/10451 3360/8652/10450 3337/8653/10452
f 3359/8654/10453 3362/8655/10454 3361/8656/10455 3339/8657/10454 3335/8658/10456 3366/8659/10457
f 3320/8660/10458 3362/8661/10459 3359/8662/10460 3328/8663/10461
f 3331/8594/10462 3324/8593/10463 3336/8664/10464 3334/8665/10465
f 3356/8666/10466 3317/8613/10467 3336/8612/10468 3334/8667/10468
f 3334/8668/10469 3339/8657/10470 3356/8669/10471
f 3335/8658/10472 3339/8657/10473 3334/8668/10474
f 3371/8670/10475 3382/8671/10476 3380/8633/10477 3369/8632/10478
f 3331/8672/10479 3334/8673/10480 3348/8674/10479
f 3350/8675/10481 3351/8676/10482 3324/8677/10483 3349/8678/10484
f 3357/8679/10485 3358/8680/10486 3363/8681/10487 3345/8682/10487 3346/8603/10487
f 3319/8683/10488 3325/8684/10489 3340/8623/10490 3337/8653/10491
f 3348/8685/10492 3375/8686/10493 3387/8687/10492 3381/8688/10492 3385/8689/10492 3373/8690/10492 3364/8691/10493
f 3374/8631/10494 3373/8630/10495 3385/8692/10496 3383/8693/10497
f 3313/8694/10498 3325/8695/10499 3319/8696/10500 3311/8697/10501
f 3341/8600/10502 3342/8698/10503 3353/8699/10504 3352/8601/10505
f 3384/8700/10506 3376/8701/10507 3374/8631/10508 3383/8693/10506
f 3331/8594/10509 3334/8665/10510 3335/8702/10511
f 3329/8703/10512 3331/8704/10513 3335/8705/10514 3339/8706/10515 3333/8707/10516 3371/8708/10517 3355/8643/10518 3342/8642/10519 3341/8709/10520 3366/8710/10521 3367/8711/10522 3377/8712/10517
f 3316/8617/10523 3312/8713/10524 3313/8714/10525 3311/8715/10526 3318/8618/10527
f 3378/8716/10528 3387/8717/10529 3388/8718/10530 3372/8719/10531
f 3374/8631/10532 3376/8701/10533 3367/8720/10534 3366/8721/10535 3351/8722/10536 3350/8627/10537
f 3376/8723/10538 3384/8724/10538 3382/8725/10538 3371/8708/10517 3333/8707/10516 3379/8726/10538 3386/8727/10522 3377/8712/10517 3367/8711/10522
f 3380/8633/10539 3383/8728/10539 3385/8729/10539 3381/8634/10539
f 3334/8673/10540 3336/8730/10541 3348/8674/10542
f 3325/8684/10543 3332/8731/10544 3338/8624/10545 3340/8623/10546
f 3352/8732/10547 3353/8610/10548 3368/8609/10549 3343/8733/10550
f 3320/8611/10551 3315/8614/10552 3326/8734/10553
f 3362/8655/10554 3344/8735/10555 3361/8656/10556
f 3330/8604/10557 3346/8603/10558 3345/8682/10559 3329/8736/10560
f 3377/8737/10561 3365/8738/10562 3375/8739/10563 3348/8592/10564 3331/8594/10565 3329/8740/10565
f 3372/8719/10566 3388/8718/10567 3386/8741/10568 3379/8742/10569
f 3346/8603/10570 3347/8602/10571 3360/8743/10572 3357/8679/10573
f 3312/8744/10574 3314/8745/10575 3323/8746/10576 3332/8747/10577 3325/8695/10578 3313/8694/10579
f 3358/8748/10580 3328/8663/10581 3359/8662/10581 3363/8749/10581
f 3388/8750/10582 3365/8751/10583 3377/8712/10584 3386/8727/10585
f 3355/8752/10561 3371/8670/10561 3369/8632/10561 3354/8753/10586
f 3362/8754/10587 3320/8755/10588 3326/8756/10589 3344/8757/10590
f 3339/8758/10591 3334/8595/10592 3356/8637/10593 3333/8636/10594
f 3387/8687/10595 3375/8686/10596 3365/8759/10597 3388/8760/10598
f 3348/8761/10599 3336/8612/10600 3324/8650/10601
f 3320/8611/10602 3328/8762/10603 3327/8651/10604
f 3334/8595/10605 3317/8597/10606 3318/8638/10607 3356/8637/10608
f 3366/8659/10609 3335/8658/10610 3334/8668/10610 3331/8763/10611
f 3382/8671/10612 3384/8764/10612 3383/8728/10612 3380/8633/10612
f 3312/8765/10613 3316/8766/10614 3321/8646/10615 3322/8649/10616 3348/8767/10617 3314/8768/10618
o MeshBody4_(47)_MeshBody4_(47).001
v 2.374477 1.508119 0.344579
v 2.371727 1.502720 0.344263
v 2.371727 1.508178 0.342991
v 2.368979 1.503554 0.345618
v 2.374477 1.519058 0.349307
v 2.371727 1.500108 0.346718
v 2.368979 1.508119 0.344579
v 2.374477 1.505226 0.348328
v 2.374477 1.501420 0.347610
v 2.374477 1.523741 0.348297
v 2.371727 1.520161 0.351505
v 2.371727 1.498675 0.350533
v 2.368979 1.500246 0.350755
v 2.368979 1.508002 0.347754
v 2.371727 1.524931 0.347227
v 2.374477 1.522123 0.351737
v 2.368979 1.519058 0.349307
v 2.368979 1.522123 0.351737
v 2.368979 1.500553 0.354112
v 2.371727 1.499044 0.354601
v 2.368979 1.503567 0.353131
v 2.368979 1.523741 0.348297
v 2.374477 1.500553 0.354112
v 2.371727 1.505010 0.351439
v 2.371724 1.506228 0.354389
v 2.371724 1.506935 0.348937
v 2.374477 1.525446 0.353991
v 2.368979 1.525446 0.353991
v 2.374477 1.504431 0.354511
v 2.371727 1.527026 0.354137
v 2.371717 1.509378 0.354838
v 2.374945 1.508729 0.354745
v 2.371717 1.510070 0.349384
v 2.374477 1.521681 0.355582
v 2.368979 1.506267 0.358938
v 2.371727 1.505921 0.360486
v 2.374477 1.506267 0.358938
v 2.367658 1.503256 0.348413
v 2.364498 1.503546 0.348454
v 2.362917 1.503329 0.351199
v 2.365031 1.508448 0.351929
v 2.371714 1.511295 0.352334
v 2.378414 1.508463 0.351932
v 2.380555 1.503343 0.351201
v 2.378975 1.502829 0.353906
v 2.374237 1.502734 0.351115
v 2.371727 1.523409 0.360523
v 2.368979 1.522479 0.359253
v 2.368979 1.520623 0.356715
v 2.374477 1.522479 0.359253
v 2.374477 1.518087 0.357407
v 2.371727 1.518120 0.355824
v 2.368979 1.518021 0.360573
v 2.369238 1.491946 0.349577
v 2.366210 1.507044 0.354506
v 2.364498 1.502822 0.353904
v 2.377238 1.507759 0.349054
v 2.380557 1.491372 0.349495
v 2.378975 1.491904 0.346795
v 2.378975 1.491124 0.352237
v 2.374235 1.491940 0.349576
v 2.366170 1.487540 0.346172
v 2.364947 1.486139 0.348749
v 2.368618 1.489537 0.346457
v 2.366171 1.486739 0.351612
v 2.368618 1.488745 0.351897
v 2.374852 1.489552 0.346459
v 2.374852 1.488761 0.351900
v 2.375700 1.483899 0.348430
v 2.375002 1.485715 0.345912
v 2.375002 1.484905 0.351351
v 2.371725 1.482993 0.348301
v 2.371723 1.484158 0.351243
v 2.371723 1.484971 0.345806
v 2.371718 1.487308 0.351692
v 2.371718 1.488106 0.346252
v 2.371715 1.489278 0.349197
vt 0.785873 0.827881
vt 0.785873 0.828186
vt 0.785614 0.828125
vt 0.850708 0.854248
vt 0.850952 0.854431
vt 0.850708 0.855103
vt 0.850342 0.855042
vt 0.515381 0.644440
vt 0.515381 0.646133
vt 0.515076 0.646225
vt 0.515076 0.644394
vt 0.515076 0.643875
vt 0.515381 0.643997
vt 0.801636 0.850651
vt 0.802002 0.850513
vt 0.802490 0.850567
vt 0.802490 0.850742
vt 0.802124 0.850964
vt 0.801758 0.850815
vt 0.855286 0.840363
vt 0.855164 0.841766
vt 0.854858 0.841934
vt 0.854980 0.840469
vt 0.855652 0.500793
vt 0.856018 0.500183
vt 0.856262 0.500366
vt 0.856018 0.500854
vt 0.853760 0.551971
vt 0.853455 0.551773
vt 0.853516 0.551453
vt 0.853760 0.551758
vt 0.856323 0.604492
vt 0.856018 0.604614
vt 0.855896 0.603882
vt 0.856201 0.603882
vt 0.514771 0.646133
vt 0.514771 0.644440
vt 0.856018 0.501953
vt 0.855652 0.501221
vt 0.855957 0.501160
vt 0.856262 0.501770
vt 0.855652 0.513672
vt 0.855652 0.513184
vt 0.856018 0.513306
vt 0.856018 0.514038
vt 0.855652 0.514099
vt 0.780151 0.812500
vt 0.780151 0.812866
vt 0.779846 0.812744
vt 0.853516 0.802723
vt 0.853210 0.802908
vt 0.853210 0.802715
vt 0.853455 0.802406
vt 0.855530 0.840515
vt 0.855469 0.841690
vt 0.803223 0.855225
vt 0.803375 0.855347
vt 0.803192 0.855713
vt 0.803009 0.855591
vt 0.843262 0.855377
vt 0.843628 0.855309
vt 0.843506 0.855537
vt 0.785828 0.822510
vt 0.785828 0.822876
vt 0.785645 0.822998
vt 0.785645 0.822632
vt 0.515381 0.705032
vt 0.515381 0.706284
vt 0.515076 0.706306
vt 0.515076 0.704460
vt 0.515381 0.704567
vt 0.853210 0.794312
vt 0.853455 0.794189
vt 0.853638 0.794678
vt 0.848633 0.738621
vt 0.848389 0.738430
vt 0.848633 0.737877
vt 0.848999 0.737953
vt 0.853149 0.794678
vt 0.855957 0.511909
vt 0.855957 0.513187
vt 0.855713 0.513187
vt 0.855713 0.511513
vt 0.855957 0.511383
vt 0.515076 0.646622
vt 0.514771 0.646469
vt 0.817383 0.855347
vt 0.817383 0.855835
vt 0.817078 0.855957
vt 0.817017 0.855652
vt 0.497925 0.855316
vt 0.497314 0.855240
vt 0.497620 0.853790
vt 0.497925 0.854065
vt 0.498169 0.854034
vt 0.498169 0.855499
vt 0.854980 0.732452
vt 0.854858 0.732147
vt 0.854980 0.730881
vt 0.855225 0.731201
vt 0.855591 0.730927
vt 0.855469 0.732376
vt 0.855591 0.840179
vt 0.515381 0.706909
vt 0.515076 0.707069
vt 0.854553 0.845703
vt 0.854309 0.845642
vt 0.854553 0.845398
vt 0.856323 0.511337
vt 0.856323 0.511932
vt 0.855591 0.732880
vt 0.497009 0.855591
vt 0.497070 0.856079
vt 0.496765 0.856079
vt 0.496765 0.855591
vt 0.514282 0.810547
vt 0.514282 0.811340
vt 0.514099 0.811279
vt 0.514099 0.810608
vt 0.850342 0.855469
vt 0.850708 0.855408
vt 0.850952 0.855835
vt 0.850708 0.855957
vt 0.855591 0.842194
vt 0.826538 0.855652
vt 0.826904 0.855408
vt 0.826904 0.855835
vt 0.856018 0.603149
vt 0.856323 0.603271
vt 0.843628 0.854904
vt 0.843262 0.855103
vt 0.842896 0.854919
vt 0.842896 0.853668
vt 0.843262 0.853958
vt 0.843506 0.853645
vt 0.855835 0.604492
vt 0.855713 0.603882
vt 0.854858 0.845154
vt 0.854858 0.845886
vt 0.854614 0.837524
vt 0.854675 0.837769
vt 0.854309 0.837769
vt 0.854248 0.837524
vt 0.816650 0.855865
vt 0.816284 0.855743
vt 0.816650 0.855377
vt 0.852722 0.801125
vt 0.852783 0.801533
vt 0.852417 0.802582
vt 0.852295 0.801344
vt 0.852661 0.800676
vt 0.852966 0.800573
vt 0.853577 0.800762
vt 0.853821 0.801191
vt 0.853394 0.801476
vt 0.853333 0.801165
vt 0.853027 0.800907
vt 0.802856 0.851353
vt 0.802856 0.853046
vt 0.802368 0.853363
vt 0.801758 0.853188
vt 0.801392 0.851521
vt 0.801758 0.851223
vt 0.801880 0.852692
vt 0.802124 0.853016
vt 0.802490 0.852966
vt 0.802734 0.852592
vt 0.802490 0.851151
vt 0.849243 0.738163
vt 0.849121 0.738552
vt 0.854614 0.838135
vt 0.854248 0.838135
vt 0.817078 0.855225
vt 0.849243 0.737530
vt 0.848755 0.737644
vt 0.853821 0.802910
vt 0.853271 0.803242
vt 0.852905 0.803198
vt 0.852905 0.802788
vt 0.855469 0.548225
vt 0.855835 0.548309
vt 0.855835 0.550034
vt 0.855835 0.550453
vt 0.855469 0.550583
vt 0.855469 0.550072
vt 0.855225 0.550026
vt 0.855225 0.548317
vt 0.855591 0.763855
vt 0.855957 0.763794
vt 0.855957 0.764709
vt 0.855591 0.764648
vt 0.856323 0.513180
vt 0.514771 0.706276
vt 0.514771 0.704567
vt 0.497925 0.855530
vt 0.497620 0.855637
vt 0.854248 0.837479
vt 0.854248 0.838058
vt 0.853821 0.838074
vt 0.854065 0.837494
vt 0.842896 0.855324
vt 0.853149 0.550262
vt 0.853516 0.550323
vt 0.854065 0.551849
vt 0.854187 0.550613
vt 0.854248 0.550201
vt 0.853943 0.549988
vt 0.854553 0.549957
vt 0.854553 0.551651
vt 0.854065 0.552261
vt 0.853699 0.552292
vt 0.853149 0.551956
vt 0.803375 0.856079
vt 0.803253 0.856323
vt 0.803070 0.856323
vt 0.802948 0.856079
vn 0.4930 0.7284 -0.4758
vn 0.4876 0.7402 -0.4630
vn 0.4877 0.7399 -0.4634
vn 0.8154 -0.3813 0.4355
vn 0.8199 -0.3775 0.4303
vn 0.5504 -0.7401 0.3864
vn 0.5502 -0.7394 0.3881
vn -0.4995 0.1194 -0.8581
vn -0.4791 0.4068 -0.7778
vn -0.4864 0.4078 -0.7728
vn -0.4816 -0.1984 -0.8536
vn -0.4815 -0.1988 -0.8536
vn -0.4817 -0.2010 -0.8530
vn 0.4900 -0.8681 0.0791
vn 0.4905 -0.8159 -0.3061
vn 0.4892 -0.8165 -0.3066
vn 0.4893 -0.8170 -0.3052
vn 0.4897 -0.8683 0.0790
vn 0.4899 -0.8682 0.0791
vn 0.4991 -0.1207 0.8581
vn 0.4997 -0.1206 0.8578
vn 0.4998 -0.1203 0.8577
vn -0.1924 -0.7693 -0.6092
vn -0.5477 -0.5980 -0.5852
vn -0.1924 -0.7694 -0.6092
vn -0.1918 -0.7691 -0.6097
vn 0.1880 0.9130 -0.3621
vn 0.8218 0.3603 -0.4414
vn 0.8367 0.3402 -0.4291
vn 0.1877 0.9124 -0.3636
vn -0.4899 0.6417 0.5901
vn -0.4891 0.6427 0.5896
vn -0.4907 0.8288 0.2690
vn -0.4907 0.8288 0.2689
vn 0.4991 0.1194 -0.8582
vn 0.4797 0.4111 -0.7752
vn 0.4852 0.4053 -0.7748
vn 0.4984 0.1197 -0.8586
vn 0.8173 -0.2454 -0.5214
vn 0.5458 -0.6005 -0.5845
vn 0.8161 -0.2422 -0.5247
vn 0.8161 -0.2410 -0.5252
vn 0.4864 -0.1975 -0.8511
vn 0.4864 -0.1983 -0.8510
vn 0.4811 -0.1954 -0.8546
vn 0.4902 -0.5951 -0.6368
vn 0.4904 -0.5962 -0.6357
vn 0.1706 -0.9117 0.3736
vn 0.1656 -0.9115 0.3764
vn 0.1672 -0.9123 0.3740
vn 0.1869 0.7720 0.6075
vn 0.1902 0.7706 0.6082
vn 0.8270 0.2025 0.5244
vn 0.8274 0.2022 0.5240
vn -0.4991 -0.1208 0.8581
vn -0.4999 -0.1208 0.8576
vn -0.4984 -0.1205 0.8585
vn -0.4903 -0.8680 0.0791
vn -0.4906 -0.8678 0.0789
vn -0.5267 -0.7511 0.3980
vn -0.5250 -0.7528 0.3970
vn -0.5202 -0.7578 0.3938
vn 0.4900 0.8183 0.3005
vn 0.4903 0.8182 0.3004
vn 0.5069 0.8227 0.2573
vn 0.5075 0.8224 0.2573
vn -0.4974 -0.1192 0.8593
vn -0.4983 -0.1194 0.8587
vn -0.4749 0.2539 0.8426
vn -0.4767 0.2522 0.8421
vn -0.4838 0.8358 0.2596
vn -0.4844 0.8354 0.2596
vn -0.5045 0.8105 0.2976
vn -0.5176 0.6291 0.5800
vn -0.1782 0.7810 0.5986
vn -0.1775 0.7813 0.5984
vn -0.1784 0.7815 0.5978
vn -0.4895 0.8684 -0.0800
vn -0.5048 0.8622 -0.0435
vn -0.4903 0.8679 -0.0799
vn 0.8669 0.0705 -0.4935
vn 0.8118 0.3964 -0.4287
vn 0.8079 0.4003 -0.4326
vn 0.4953 0.7512 -0.4363
vn 0.4944 0.7518 -0.4363
vn 0.4934 0.8661 -0.0797
vn 0.4932 0.8662 -0.0800
vn 0.4893 -0.8309 -0.2651
vn 0.4906 -0.8314 -0.2608
vn 0.4899 -0.8315 -0.2620
vn 0.4878 -0.8315 -0.2659
vn -0.4981 0.1211 -0.8587
vn -0.4973 0.1209 -0.8591
vn -0.4966 0.1207 -0.8595
vn 0.4968 0.1211 -0.8594
vn 0.4984 0.1207 -0.8585
vn 0.4974 0.1209 -0.8590
vn 0.8669 -0.0703 0.4934
vn 0.8669 -0.0704 0.4934
vn 0.8670 -0.0704 0.4933
vn 0.8670 0.0703 -0.4934
vn 0.8670 0.0703 -0.4933
vn -0.4935 -0.7445 0.4497
vn -0.4937 -0.7456 0.4477
vn -0.4964 -0.7477 0.4410
vn -0.4907 -0.7447 0.4525
vn -0.4905 -0.7462 0.4501
vn -0.4838 -0.4253 0.7649
vn -0.4790 -0.4244 0.7684
vn -0.5306 -0.6210 -0.5770
vn -0.5218 -0.6247 -0.5809
vn -0.5326 -0.6199 -0.5762
vn 0.8121 0.2601 0.5223
vn 0.8117 0.2591 0.5235
vn 0.8138 0.2651 0.5171
vn 0.8135 0.2665 0.5169
vn 0.5284 -0.6193 -0.5808
vn 0.5226 -0.6264 -0.5783
vn 0.5306 -0.6170 -0.5812
vn -0.4891 -0.8308 -0.2656
vn -0.4887 -0.8324 -0.2615
vn -0.4893 -0.8317 -0.2623
vn -0.4902 -0.8301 -0.2656
vn 0.1720 0.9105 -0.3761
vn 0.5123 0.7621 -0.3959
vn 0.1721 0.9105 -0.3759
vn 0.1710 0.9100 -0.3777
vn -0.1940 -0.9123 0.3607
vn -0.5519 -0.7368 0.3906
vn -0.5490 -0.7396 0.3893
vn -0.4789 0.1778 0.8597
vn -0.4785 0.1777 0.8599
vn -0.4916 0.1559 0.8567
vn 0.4971 -0.7425 0.4490
vn 0.4961 -0.7442 0.4472
vn 0.4942 -0.7486 0.4419
vn -0.4950 0.7516 -0.4360
vn -0.4933 0.8662 -0.0798
vn -0.4937 0.8661 -0.0779
vn -0.4922 0.8668 -0.0798
vn -0.8670 -0.0702 0.4933
vn -0.8670 0.0705 -0.4933
vn 0.4906 0.8289 0.2690
vn 0.4896 0.6430 0.5890
vn 0.4913 0.8284 0.2690
vn 0.1681 -0.7830 -0.5988
vn 0.1684 -0.7826 -0.5993
vn 0.1722 -0.7806 -0.6008
vn 0.1711 -0.7807 -0.6010
vn -0.8213 0.2241 0.5247
vn -0.8347 0.2101 0.5090
vn -0.5710 0.5842 0.5768
vn -0.5567 0.5904 0.5844
vn -1.0000 0.0000 0.0000
vn -0.0002 -0.1411 0.9900
vn 0.0004 -0.1411 0.9900
vn -0.0003 -0.1411 0.9900
vn 0.0001 -0.1410 0.9900
vn -0.0010 -0.1411 0.9900
vn 1.0000 0.0000 -0.0000
vn 1.0000 -0.0001 -0.0000
vn -0.5136 0.7612 -0.3959
vn -0.1758 0.9091 -0.3776
vn -0.1745 0.9098 -0.3767
vn -0.8265 0.3439 -0.4458
vn -0.8265 0.3439 -0.4457
vn -0.5574 0.7342 -0.3876
vn -0.5569 0.7345 -0.3878
vn 0.4854 -0.6322 -0.6039
vn 0.4873 -0.6327 -0.6019
vn 0.4895 -0.6374 -0.5951
vn 0.5170 0.6291 0.5804
vn 0.1747 0.7820 0.5982
vn 0.1747 0.7820 0.5983
vn 0.5187 0.6282 0.5799
vn 0.0005 -0.1410 0.9900
vn 0.0005 -0.1411 0.9900
vn -0.8192 -0.3794 0.4300
vn -0.8202 -0.3739 0.4330
vn -0.8167 0.2586 0.5159
vn -0.8175 0.2582 0.5148
vn -0.8122 0.2599 0.5223
vn -0.8670 -0.0703 0.4934
vn -0.8669 0.0704 -0.4935
vn -0.8199 -0.2403 -0.5197
vn -0.8162 -0.2421 -0.5246
vn 0.4837 -0.4220 0.7668
vn 0.4792 -0.4257 0.7676
vn 0.4899 -0.7464 0.4505
vn 0.4827 -0.4222 0.7673
vn 0.1945 -0.7689 -0.6091
vn 0.1950 -0.7688 -0.6091
vn 0.8670 -0.0703 0.4933
vn 0.4794 0.2535 0.8402
vn 0.4987 -0.1189 0.8586
vn 0.4976 -0.1192 0.8592
vn 0.4745 0.2499 0.8440
vn -0.8220 -0.3766 0.4273
vn -0.8232 -0.3506 0.4465
vn -0.8219 -0.3767 0.4272
vn -0.4719 0.3932 -0.7891
vn -0.4724 0.3934 -0.7887
vn -0.4862 0.4078 -0.7729
vn -0.4864 0.4075 -0.7729
vn -0.8119 0.3955 -0.4294
vn -0.8116 0.3962 -0.4293
vn -0.8122 0.3963 -0.4282
vn -0.8103 0.3922 -0.4355
vn -0.8361 -0.2203 -0.5024
vn -0.8172 -0.2415 -0.5233
vn -0.8174 -0.2412 -0.5232
vn -0.8363 -0.2202 -0.5021
vn 0.1960 -0.9118 0.3609
vn -0.0002 0.1411 -0.9900
vn -0.0003 0.1411 -0.9900
vn 0.0001 0.1411 -0.9900
vn 0.0001 0.1413 -0.9900
vn 0.0003 0.1412 -0.9900
vn 0.0003 0.1411 -0.9900
vn -0.0001 0.1412 -0.9900
vn 0.0007 0.1411 -0.9900
vn -0.4892 -0.8168 -0.3057
vn -0.4923 -0.5941 -0.6361
vn -0.4930 -0.5939 -0.6358
vn -0.4905 -0.5955 -0.6362
vn -0.4890 -0.8170 -0.3054
vn -0.4905 -0.8158 -0.3063
usemtl Steel_-_Satin.001
s 1
f 3412/8769/10619 3417/8770/10620 3434/8771/10621
f 3446/8772/10622 3448/8773/10623 3459/8774/10624 3457/8775/10625
f 3395/8776/10626 3410/8777/10627 3403/8778/10628 3391/8779/10629 3390/8780/10630 3392/8781/10631
f 3408/8782/10632 3400/8783/10633 3394/8784/10634 3397/8785/10635 3434/8786/10636 3411/8787/10637
f 3399/8788/10638 3414/8789/10638 3396/8790/10639 3393/8791/10640
f 3460/8792/10641 3451/8793/10642 3450/8794/10643 3462/8795/10644
f 3464/8796/10645 3452/8797/10646 3442/8798/10647 3465/8799/10648
f 3436/8800/10649 3435/8801/10650 3418/8802/10651 3416/8803/10652
f 3391/8779/10653 3403/8778/10654 3398/8804/10655 3389/8805/10656
f 3446/8806/10657 3457/8807/10658 3458/8808/10659 3447/8809/10660
f 3390/8810/10661 3391/8811/10662 3389/8812/10663 3397/8813/10664 3394/8814/10665
f 3409/8815/10666 3412/8816/10667 3413/8817/10668
f 3454/8818/10669 3463/8819/10670 3465/8820/10671 3442/8821/10672
f 3414/8789/10673 3399/8788/10674 3405/8822/10673 3402/8823/10675
f 3408/8824/10676 3407/8825/10676 3401/8826/10676 3400/8827/10677
f 3412/8828/10678 3417/8829/10679 3413/8830/10680
f 3434/8831/10681 3396/8832/10682 3414/8833/10683 3412/8834/10684
f 3441/8835/10685 3423/8836/10686 3424/8837/10685 3435/8838/10687 3436/8839/10688
f 3412/8840/10689 3414/8841/10690 3426/8842/10691
f 3429/8843/10692 3443/8844/10693 3419/8845/10694 3430/8846/10695
f 3409/8847/10696 3412/8840/10697 3426/8842/10698
f 3432/8848/10699 3446/8849/10699 3447/8850/10699 3445/8851/10700 3431/8852/10701
f 3398/8804/10702 3403/8778/10703 3418/8853/10704 3415/8854/10705
f 3440/8855/10706 3399/8856/10707 3404/8857/10708 3422/8858/10709
f 3413/8859/10710 3443/8860/10711 3437/8861/10712 3440/8862/10713 3439/8863/10714 3417/8864/10715
f 3409/8865/10716 3407/8866/10717 3454/8867/10718 3442/8868/10719 3452/8869/10720 3426/8870/10719
f 3399/8788/10721 3406/8871/10722 3405/8822/10723
f 3407/8872/10724 3408/8873/10725 3424/8837/10726 3423/8836/10727
f 3414/8874/10728 3396/8875/10729 3412/8876/10730
f 3420/8877/10731 3433/8878/10732 3432/8848/10733 3431/8852/10734
f 3426/8870/10735 3402/8879/10736 3409/8865/10737
f 3399/8880/10738 3440/8881/10739 3437/8882/10740 3406/8883/10741
f 3430/8884/10742 3431/8885/10743 3445/8886/10744 3421/8887/10745
f 3460/8888/10746 3461/8889/10746 3453/8890/10747 3451/8891/10748
f 3402/8823/10749 3426/8892/10750 3414/8789/10751
f 3399/8893/10752 3393/8894/10753 3404/8895/10754
f 3403/8896/10755 3410/8897/10756 3416/8803/10757 3418/8802/10758
f 3411/8898/10759 3434/8899/10760 3397/8900/10760 3455/8901/10760 3449/8902/10759 3456/8903/10759
f 3418/8802/10761 3435/8801/10762 3438/8904/10761 3415/8905/10763
f 3409/8906/10764 3402/8907/10765 3414/8874/10766 3412/8876/10767
f 3456/8908/10768 3449/8909/10769 3465/8910/10770 3463/8911/10771
f 3436/8912/10772 3437/8913/10772 3441/8914/10772
f 3417/8915/10773 3411/8916/10773 3448/8917/10774 3433/8918/10773 3420/8919/10773 3419/8920/10775 3443/8921/10773 3444/8922/10773 3454/8818/10776 3407/8923/10775 3409/8924/10777 3413/8925/10773
f 3397/8785/10778 3389/8926/10778 3398/8927/10778 3415/8928/10778 3438/8929/10778 3425/8930/10778 3411/8787/10778 3434/8786/10779 3417/8931/10778 3439/8932/10778 3422/8933/10778 3404/8934/10778 3393/8935/10778 3396/8936/10778
f 3429/8843/10780 3430/8846/10781 3421/8937/10782 3402/8938/10780
f 3465/8910/10783 3449/8909/10784 3455/8939/10785 3464/8940/10786
f 3440/8855/10787 3422/8858/10788 3439/8941/10789
f 3431/8942/10790 3430/8846/10791 3419/8845/10792 3420/8943/10793
f 3454/8818/10776 3444/8922/10773 3453/8944/10776 3461/8945/10794 3459/8946/10795 3448/8917/10774 3411/8916/10773 3456/8947/10776 3463/8819/10776
f 3451/8948/10796 3453/8949/10797 3444/8950/10798 3443/8951/10799 3429/8952/10800 3428/8953/10801
f 3428/8953/10802 3427/8954/10802 3450/8955/10803 3451/8948/10804
f 3425/8956/10805 3424/8957/10806 3408/8958/10807 3411/8959/10808
f 3458/8808/10809 3457/8807/10809 3460/8792/10809 3462/8795/10810
f 3432/8848/10811 3433/8878/10811 3448/8960/10811 3446/8849/10811
f 3435/8838/10812 3424/8837/10813 3425/8961/10814 3438/8962/10815
f 3417/8829/10816 3412/8828/10817 3434/8899/10817 3411/8898/10818
f 3413/8859/10819 3412/8963/10820 3409/8964/10821 3443/8860/10822
f 3428/8965/10823 3429/8966/10824 3402/8967/10825 3427/8968/10826
f 3412/8828/10827 3396/8969/10828 3397/8900/10829 3434/8899/10830
f 3457/8775/10831 3459/8774/10831 3461/8889/10831 3460/8888/10831
f 3427/8970/10832 3426/8971/10833 3452/8797/10834 3464/8796/10835 3455/8972/10832 3397/8973/10836 3396/8974/10837 3414/8975/10838 3445/8976/10833 3447/8977/10833 3458/8978/10833 3462/8979/10832 3450/8980/10839
f 3401/8826/10840 3426/8981/10841 3392/8982/10842 3390/8983/10843 3394/8984/10844 3400/8827/10845
o MeshBody4_(48)_MeshBody4_(48).001
v 2.374477 1.540177 0.348140
v 2.371727 1.534751 0.348075
v 2.371727 1.540199 0.346555
v 2.368979 1.535620 0.349387
v 2.374477 1.551260 0.352368
v 2.371727 1.532191 0.350644
v 2.374477 1.537364 0.352011
v 2.374477 1.533530 0.351473
v 2.374477 1.555913 0.351356
v 2.371727 1.552404 0.354572
v 2.371727 1.530851 0.354512
v 2.368979 1.532431 0.354661
v 2.368979 1.540135 0.351310
v 2.371727 1.557081 0.350281
v 2.374477 1.532431 0.354661
v 2.371727 1.537222 0.355122
v 2.368979 1.553576 0.353500
v 2.368979 1.532823 0.357992
v 2.371727 1.531324 0.358550
v 2.368979 1.535816 0.356875
v 2.368979 1.555913 0.351356
v 2.374477 1.532823 0.357992
v 2.371724 1.538511 0.358006
v 2.371724 1.539092 0.352538
v 2.374477 1.535816 0.356875
v 2.368979 1.554568 0.356767
v 2.374477 1.554568 0.356767
v 2.374477 1.557729 0.357054
v 2.368979 1.557729 0.357054
v 2.371727 1.559310 0.357194
v 2.371717 1.541676 0.358306
v 2.374945 1.541024 0.358245
v 2.371717 1.542246 0.352839
v 2.368979 1.556774 0.360208
v 2.374477 1.556774 0.360208
v 2.368979 1.538655 0.362538
v 2.371727 1.538345 0.364096
v 2.374477 1.538655 0.362538
v 2.367658 1.535390 0.352186
v 2.364498 1.535681 0.352214
v 2.362916 1.535531 0.354961
v 2.365031 1.540679 0.355451
v 2.371714 1.543541 0.355723
v 2.378414 1.540693 0.355452
v 2.380555 1.535545 0.354962
v 2.378975 1.535096 0.357681
v 2.371727 1.555826 0.363604
v 2.374477 1.550451 0.360486
v 2.371727 1.550453 0.358899
v 2.368979 1.550451 0.360486
v 2.368979 1.550448 0.363659
v 2.371727 1.550447 0.365246
v 2.374477 1.550448 0.363659
v 2.369238 1.524086 0.353872
v 2.366210 1.539331 0.358084
v 2.377238 1.539921 0.352617
v 2.378975 1.535689 0.352215
v 2.380557 1.523509 0.353818
v 2.378975 1.523968 0.351100
v 2.374235 1.524080 0.353871
v 2.366170 1.519577 0.350682
v 2.364947 1.518247 0.353317
v 2.368618 1.521586 0.350874
v 2.366170 1.518929 0.356143
v 2.368618 1.520945 0.356335
v 2.378505 1.518242 0.353317
v 2.374852 1.521601 0.350876
v 2.374852 1.520960 0.356336
v 2.375700 1.516006 0.353007
v 2.375002 1.517744 0.350477
v 2.375002 1.517090 0.355937
v 2.371725 1.515100 0.352878
v 2.371723 1.516343 0.355830
v 2.371723 1.517001 0.350372
v 2.371718 1.519501 0.356196
v 2.371718 1.520147 0.350737
v 2.371715 1.521404 0.353618
vt 0.843018 0.854168
vt 0.842651 0.853870
vt 0.842407 0.854176
vt 0.842285 0.852722
vt 0.842773 0.852604
vt 0.843018 0.852901
vt 0.834839 0.850632
vt 0.834473 0.850746
vt 0.834473 0.850212
vt 0.834473 0.848938
vt 0.834839 0.848946
vt 0.834839 0.850189
vt 0.515076 0.632278
vt 0.515076 0.633049
vt 0.514771 0.632896
vt 0.514771 0.632256
vt 0.855225 0.785019
vt 0.855103 0.786438
vt 0.854797 0.786606
vt 0.854919 0.785141
vt 0.814453 0.855774
vt 0.814636 0.855347
vt 0.814819 0.855774
vt 0.789490 0.854492
vt 0.789734 0.854248
vt 0.789734 0.854980
vt 0.789490 0.854858
vt 0.794189 0.855896
vt 0.794067 0.855896
vt 0.794189 0.855286
vt 0.794312 0.855164
vt 0.853760 0.855835
vt 0.853516 0.856018
vt 0.853271 0.856018
vt 0.853271 0.855652
vt 0.853394 0.855286
vt 0.853638 0.855408
vt 0.833557 0.854858
vt 0.833984 0.854309
vt 0.834229 0.854431
vt 0.833862 0.854858
vt 0.789917 0.855469
vt 0.790039 0.854858
vt 0.790222 0.855347
vt 0.855408 0.786362
vt 0.855469 0.784927
vt 0.854492 0.507507
vt 0.854248 0.507172
vt 0.854614 0.507233
vt 0.854736 0.507416
vt 0.856079 0.612305
vt 0.856079 0.612671
vt 0.855713 0.613037
vt 0.855713 0.612305
vt 0.840942 0.738640
vt 0.841187 0.738441
vt 0.841187 0.738785
vt 0.790039 0.854614
vt 0.855469 0.786865
vt 0.851562 0.559204
vt 0.851227 0.559082
vt 0.851105 0.558838
vt 0.851288 0.558472
vt 0.785767 0.830627
vt 0.785583 0.830627
vt 0.785706 0.830322
vt 0.802002 0.854889
vt 0.801758 0.855286
vt 0.801758 0.854980
vt 0.845947 0.854282
vt 0.845947 0.855541
vt 0.845581 0.855261
vt 0.845337 0.855583
vt 0.845215 0.854326
vt 0.845581 0.854383
vt 0.515381 0.632896
vt 0.515381 0.632256
vt 0.785583 0.832886
vt 0.785767 0.832581
vt 0.785767 0.832886
vt 0.842529 0.850643
vt 0.843018 0.851021
vt 0.842896 0.852234
vt 0.842163 0.852230
vt 0.842163 0.850792
vt 0.515381 0.631004
vt 0.515076 0.630997
vt 0.855835 0.556025
vt 0.855835 0.557743
vt 0.855469 0.557842
vt 0.855469 0.555996
vt 0.855225 0.783020
vt 0.855408 0.782532
vt 0.855591 0.783020
vt 0.789917 0.853760
vt 0.790222 0.853882
vt 0.496216 0.853363
vt 0.496460 0.853851
vt 0.496216 0.854034
vt 0.495972 0.853424
vt 0.856201 0.611877
vt 0.855957 0.611755
vt 0.500977 0.853287
vt 0.501282 0.853134
vt 0.501587 0.853355
vt 0.500977 0.853622
vt 0.500610 0.853546
vt 0.500671 0.853134
vt 0.854980 0.507080
vt 0.854614 0.505676
vt 0.855103 0.506622
vt 0.855103 0.507385
vt 0.854980 0.507660
vt 0.854370 0.507812
vt 0.495972 0.851715
vt 0.495728 0.853424
vt 0.495850 0.851837
vt 0.500977 0.853104
vt 0.500732 0.852821
vt 0.500977 0.853775
vt 0.500549 0.853676
vt 0.500305 0.853439
vt 0.802246 0.854309
vt 0.802246 0.854858
vt 0.801880 0.854614
vt 0.801392 0.854645
vt 0.801636 0.853485
vt 0.801880 0.853485
vt 0.802124 0.853363
vt 0.500061 0.851601
vt 0.500244 0.851631
vt 0.500061 0.852875
vt 0.514771 0.631004
vt 0.855225 0.555603
vt 0.855469 0.555475
vt 0.855225 0.557756
vt 0.845459 0.853848
vt 0.845337 0.854017
vt 0.845215 0.853699
vt 0.856201 0.613342
vt 0.855957 0.613464
vt 0.833984 0.856018
vt 0.833618 0.855591
vt 0.834045 0.855225
vt 0.834229 0.855835
vt 0.853149 0.855103
vt 0.853516 0.854980
vt 0.853027 0.855652
vt 0.853149 0.855286
vt 0.834473 0.848366
vt 0.834595 0.848114
vt 0.834839 0.848267
vt 0.500671 0.851875
vt 0.500671 0.851006
vt 0.500977 0.850937
vt 0.501587 0.851189
vt 0.501282 0.851875
vt 0.501282 0.851562
vt 0.500977 0.851273
vt 0.500671 0.851562
vt 0.853760 0.855164
vt 0.852539 0.508713
vt 0.852905 0.509216
vt 0.852661 0.509293
vt 0.852173 0.508728
vt 0.852173 0.508545
vt 0.854919 0.784760
vt 0.841309 0.855865
vt 0.840942 0.855804
vt 0.841309 0.855316
vt 0.854614 0.506866
vt 0.818237 0.855591
vt 0.818542 0.855347
vt 0.818542 0.855835
vt 0.818176 0.855835
vt 0.505768 0.854248
vt 0.505768 0.854736
vt 0.505463 0.854248
vt 0.794678 0.855286
vt 0.794556 0.855896
vt 0.850922 0.559204
vt 0.496460 0.851440
vt 0.496094 0.851318
vt 0.497314 0.855713
vt 0.497681 0.855591
vt 0.497681 0.855957
vt 0.497314 0.856079
vt 0.845825 0.853876
vt 0.515076 0.630432
vt 0.515381 0.630356
vt 0.794678 0.856201
vt 0.794312 0.856323
vt 0.854370 0.535694
vt 0.854126 0.535677
vt 0.853760 0.535978
vt 0.853394 0.535906
vt 0.853027 0.535254
vt 0.853027 0.534008
vt 0.853516 0.533379
vt 0.853760 0.533308
vt 0.854370 0.533552
vt 0.812866 0.853363
vt 0.812866 0.853928
vt 0.812866 0.854950
vt 0.812378 0.855270
vt 0.812012 0.854828
vt 0.812378 0.853409
vt 0.851196 0.509598
vt 0.851440 0.508865
vt 0.851807 0.508728
vt 0.852905 0.510971
vt 0.852417 0.511337
vt 0.852051 0.511337
vt 0.851440 0.510818
vn 0.8669 -0.0472 0.4962
vn 0.8669 0.0471 -0.4962
vn 0.8670 0.0471 -0.4961
vn 0.8670 -0.0472 0.4961
vn 0.8669 -0.0473 0.4962
vn 0.8150 0.3764 -0.4406
vn 0.8111 0.3788 -0.4457
vn 0.8669 0.0472 -0.4962
vn 0.8669 0.0473 -0.4962
vn 0.8143 0.3770 -0.4413
vn 0.4823 -0.3925 0.7831
vn 0.4940 -0.7292 0.4736
vn 0.4861 -0.3882 0.7830
vn 0.4871 -0.3879 0.7825
vn 0.4984 -0.0821 0.8630
vn 0.4985 -0.0821 0.8630
vn 0.4989 -0.0820 0.8628
vn 0.4912 -0.8345 -0.2496
vn 0.4914 -0.8345 -0.2492
vn 0.4930 -0.8350 -0.2445
vn -0.4922 0.6487 0.5804
vn -0.4932 0.6488 0.5795
vn -0.4919 0.8332 0.2528
vn -0.4919 0.8332 0.2527
vn -0.1916 -0.9047 0.3805
vn -0.5513 -0.7245 0.4137
vn -0.5455 -0.7352 0.4023
vn -0.4879 -0.6162 -0.6182
vn -0.4896 -0.6158 -0.6174
vn -0.4897 -0.6161 -0.6169
vn -0.4886 -0.8247 -0.2849
vn -0.4882 -0.8250 -0.2848
vn 0.1750 0.8989 -0.4016
vn 0.5170 0.7473 -0.4175
vn 0.1747 0.8990 -0.4017
vn 0.1730 0.8986 -0.4032
vn 0.4920 0.7463 -0.4483
vn 0.4923 0.8650 -0.0965
vn 0.4926 0.8649 -0.0962
vn 0.4916 0.7465 -0.4484
vn -0.4985 -0.0821 0.8630
vn 0.8239 0.3399 -0.4534
vn 0.8384 0.3208 -0.4407
vn 0.1886 0.9000 -0.3929
vn 0.1892 0.9004 -0.3919
vn 0.1729 0.7990 0.5760
vn 0.5143 0.6479 0.5618
vn 0.5144 0.6479 0.5618
vn 0.1733 0.7986 0.5764
vn -0.4832 0.8421 0.2395
vn -0.4835 0.8418 0.2398
vn -0.5028 0.8187 0.2774
vn 0.4921 0.8332 0.2524
vn 0.4917 0.8332 0.2528
vn 0.4932 0.6498 0.5784
vn 0.4914 0.8334 0.2528
vn -0.4757 0.2159 0.8527
vn -0.4891 0.1938 0.8504
vn -0.4762 0.2158 0.8524
vn 0.1671 -0.8001 -0.5762
vn 0.1707 -0.7983 -0.5775
vn 0.1701 -0.7988 -0.5771
vn 0.1667 -0.8004 -0.5759
vn 0.1728 -0.8999 0.4003
vn 0.1674 -0.9001 0.4023
vn 0.1686 -0.9006 0.4006
vn -0.5064 0.8599 -0.0640
vn -0.4916 0.8649 -0.1015
vn -0.4919 0.8647 -0.1016
vn -0.8670 0.0473 -0.4961
vn -0.8670 -0.0471 0.4961
vn -0.8668 -0.0471 0.4964
vn -0.8670 0.0474 -0.4961
vn -0.4931 -0.7284 0.4757
vn -0.4933 -0.7287 0.4750
vn -0.4867 -0.3915 0.7809
vn -0.4822 -0.3894 0.7848
vn -0.4907 -0.8668 0.0889
vn -0.4933 -0.8659 0.0828
vn -0.4929 -0.8660 0.0840
vn -1.0000 0.0000 -0.0001
vn -1.0000 0.0000 -0.0000
vn -1.0000 -0.0004 0.0000
vn -0.4983 -0.0820 0.8631
vn -0.4991 -0.0820 0.8627
vn -0.4988 -0.0820 0.8628
vn -0.8669 0.0472 -0.4963
vn -0.8176 -0.2629 -0.5123
vn -0.8141 -0.2631 -0.5178
vn 0.5254 -0.6390 -0.5619
vn 0.5191 -0.6454 -0.5604
vn 0.5270 -0.6367 -0.5629
vn -0.4925 -0.8340 -0.2487
vn -0.4903 -0.8364 -0.2450
vn -0.4925 -0.8338 -0.2493
vn 0.4821 0.2557 0.8380
vn 0.4832 0.2555 0.8374
vn 0.4775 0.2524 0.8416
vn 0.4764 0.2521 0.8423
vn -0.4926 0.8650 -0.0954
vn -0.4926 0.8651 -0.0947
vn -0.4929 0.8648 -0.0958
vn -0.4932 0.7462 -0.4472
vn -0.1754 0.7984 0.5760
vn -0.1757 0.7981 0.5763
vn -0.1759 0.7980 0.5764
vn -0.5138 0.6482 0.5620
vn 0.0002 -0.1065 0.9943
vn 0.0024 -0.0969 0.9953
vn -0.0012 -0.0973 0.9953
vn -0.0071 -0.1087 0.9940
vn -0.0006 -0.0946 0.9955
vn -0.0037 -0.1042 0.9946
vn 0.0040 0.0987 -0.9951
vn -0.0000 0.0947 -0.9955
vn -0.0001 0.0949 -0.9955
vn 0.0002 0.0948 -0.9955
vn -0.0013 0.1053 -0.9944
vn -0.0083 0.1091 -0.9940
vn -0.0004 0.0948 -0.9955
vn 0.0056 0.1152 -0.9933
vn 0.4983 0.0821 -0.8631
vn 0.4775 0.4092 -0.7775
vn 0.4830 0.4043 -0.7767
vn -0.5672 0.6055 0.5583
vn -0.5517 0.6131 0.5655
vn -0.8189 0.2472 0.5180
vn -0.8322 0.2329 0.5032
vn 0.1934 -0.9043 0.3806
vn 0.5394 -0.7346 0.4117
vn 0.5392 -0.7345 0.4120
vn 0.4789 0.3749 -0.7938
vn 0.4787 0.3754 -0.7937
vn 0.4923 0.3539 -0.7952
vn -0.4984 0.0822 -0.8630
vn -0.4984 0.0823 -0.8631
vn -0.4980 0.0821 -0.8633
vn 0.4981 0.0824 -0.8632
vn 0.4985 0.0821 -0.8630
vn 0.8671 -0.0471 0.4959
vn 0.8228 -0.3575 0.4417
vn 0.8186 -0.3606 0.4471
vn 0.4982 -0.0820 0.8632
vn 0.4985 -0.0820 0.8630
vn -0.8145 0.2804 0.5078
vn -0.8091 0.2837 0.5147
vn -0.8668 -0.0472 0.4964
vn -0.8216 -0.3594 0.4425
vn -0.8221 -0.3538 0.4460
vn -0.5308 -0.7361 0.4200
vn -0.5287 -0.7378 0.4196
vn -0.5236 -0.7435 0.4160
vn 0.8095 0.2824 0.5148
vn 0.8087 0.2818 0.5163
vn 0.8091 0.2888 0.5118
vn 0.8104 0.2887 0.5098
vn -0.8145 0.3763 -0.4415
vn -0.8147 0.3765 -0.4410
vn -0.8120 0.3774 -0.4453
vn -0.8133 0.3719 -0.4476
vn 0.4921 -0.8646 0.1017
vn 0.4918 -0.8648 0.1014
vn 0.4893 -0.8243 -0.2850
vn 0.4878 -0.8248 -0.2857
vn 0.4885 -0.8247 -0.2849
vn 0.8137 -0.2637 -0.5181
vn 0.8144 -0.2687 -0.5144
vn 0.5452 -0.6127 -0.5721
vn 0.5494 -0.6101 -0.5709
vn 0.8141 -0.2646 -0.5169
vn -0.7255 -0.3835 0.5715
vn -0.0002 -0.0947 0.9955
vn -0.0001 -0.0947 0.9955
vn -0.1173 -0.5870 0.8011
vn -0.5180 0.7464 -0.4178
vn -0.1776 0.8977 -0.4031
vn -0.1777 0.8983 -0.4018
vn -0.5181 0.7464 -0.4178
vn -0.4921 -0.8647 0.1012
vn -0.4918 -0.8648 0.1014
vn 0.4830 -0.2356 -0.8434
vn 0.4836 -0.2356 -0.8430
vn 0.4785 -0.2327 -0.8467
vn 0.4870 -0.6170 -0.6182
vn 0.4863 -0.6177 -0.6180
vn 0.4940 -0.7386 0.4587
vn 0.4943 -0.7394 0.4571
vn 0.4911 -0.7445 0.4523
vn -0.8258 -0.3299 0.4575
vn -0.8258 -0.3298 0.4575
vn -0.4941 -0.6358 -0.5930
vn -0.4931 -0.6381 -0.5914
vn -0.4903 -0.6448 -0.5864
vn -0.5607 0.7185 -0.4116
vn -0.8289 0.3224 -0.4571
vn -0.8290 0.3224 -0.4570
vn 0.5055 0.8296 0.2373
vn 0.4875 0.8268 0.2806
vn 0.4882 0.8265 0.2805
vn 0.5054 0.8296 0.2375
vn 0.4891 -0.6380 -0.5948
vn 0.4900 -0.6392 -0.5928
vn 0.4937 -0.6430 -0.5854
vn -0.5546 -0.6105 -0.5654
vn -0.1940 -0.7818 -0.5925
vn -0.1941 -0.7817 -0.5926
vn -0.1947 -0.7820 -0.5921
vn -0.5262 -0.6408 -0.5590
vn -0.5193 -0.6436 -0.5623
vn -0.5278 -0.6401 -0.5583
vn -0.4887 0.3730 -0.7887
vn -0.4751 0.3575 -0.8041
vn -0.4752 0.3575 -0.8040
vn -0.4883 0.3729 -0.7890
vn -0.4837 -0.2334 -0.8435
vn -0.4768 0.4052 -0.7800
vn -0.4826 0.4074 -0.7753
vn -0.4783 -0.2355 -0.8460
vn -0.4784 -0.2360 -0.8458
vn 0.8250 0.2254 0.5182
vn 0.8250 0.2253 0.5183
vn 0.1857 0.7918 0.5818
vn 0.1881 0.7905 0.5828
vn -0.8337 -0.2417 -0.4965
vn -0.8145 -0.2637 -0.5168
vn -0.8146 -0.2635 -0.5168
vn -0.8336 -0.2419 -0.4966
vn -0.4770 0.2566 0.8406
vn -0.4829 0.2542 0.8379
vn -0.4840 0.2509 0.8384
vn -0.4773 0.2562 0.8405
vn 0.1968 -0.7815 -0.5921
vn -1.0000 -0.0006 0.0000
vn -1.0000 -0.0003 0.0000
vn 1.0000 0.0000 0.0000
vn 1.0000 0.0000 0.0001
vn 1.0000 -0.0003 -0.0000
usemtl Steel_-_Satin.001
s 1
f 3530/8985/10846 3519/8986/10847 3528/8987/10848 3504/8988/10848 3485/8989/10849 3483/8990/10850
f 3521/8991/10851 3509/8992/10852 3510/8993/10853 3523/8994/10853 3524/8995/10854 3522/8996/10855
f 3502/8997/10856 3484/8998/10857 3487/8999/10858 3503/9000/10859
f 3475/9001/10860 3489/9002/10860 3472/9003/10861 3470/9004/10862
f 3492/9005/10863 3514/9006/10864 3475/9007/10865
f 3499/9008/10866 3512/9009/10867 3495/9010/10868 3494/9011/10869
f 3537/9012/10870 3538/9013/10870 3529/9014/10871 3527/9015/10872
f 3504/9016/10873 3469/9017/10874 3467/9018/10875 3471/9019/10876 3476/9020/10876 3477/9021/10877
f 3508/9022/10878 3509/9023/10879 3521/9024/10880 3498/9025/10881
f 3479/9026/10882 3495/9010/10883 3493/9027/10884 3474/9028/10885
f 3478/9029/10886 3489/9002/10886 3475/9001/10886 3482/9030/10886
f 3528/9031/10887 3519/9032/10888 3542/9033/10889 3541/9034/10890
f 3496/9035/10891 3497/9036/10892 3509/9037/10893 3508/9038/10894
f 3481/9039/10895 3489/9040/10896 3504/9041/10897
f 3493/9027/10898 3495/9010/10899 3512/9009/10900 3500/9042/10901
f 3504/9043/10902 3489/9002/10903 3478/9029/10904
f 3478/9044/10905 3489/9045/10906 3481/9046/10907 3485/9047/10908
f 3485/9048/10909 3481/9049/10910 3488/9050/10911
f 3481/9051/10912 3504/9052/10913 3485/9053/10914
f 3473/9054/10915 3532/9055/10915 3525/9056/10916 3533/9057/10917 3487/9058/10916 3480/9059/10918
f 3483/9060/10919 3484/8998/10920 3502/8997/10921 3501/9061/10922
f 3482/9062/10923 3475/9063/10924 3491/9064/10925
f 3491/9065/10926 3515/9066/10927 3520/9067/10927 3485/8989/10927 3504/8988/10928 3478/9068/10926 3482/9069/10927
f 3516/9070/10929 3501/9061/10930 3502/8997/10931 3517/9071/10929
f 3505/9072/10932 3526/9073/10933 3527/9074/10934 3506/9075/10932
f 3504/8988/10935 3478/9068/10936 3485/8989/10937
f 3475/9076/10938 3514/9077/10939 3491/9078/10940
f 3512/9009/10941 3517/9079/10942 3518/9080/10943 3500/9042/10944
f 3486/9081/10945 3494/9082/10946 3495/9083/10947 3479/9084/10948
f 3520/9085/10949 3496/9035/10950 3508/9038/10951 3507/9086/10952
f 3540/9087/10953 3530/9088/10954 3529/9089/10955 3538/9090/10956 3536/9091/10957 3533/9092/10958
f 3541/9034/10959 3532/9093/10960 3522/9094/10961 3524/9095/10962 3535/9096/10963 3539/9097/10964 3526/9098/10965 3528/9031/10966
f 3468/9099/10967 3479/9084/10968 3474/9100/10969 3466/9101/10967
f 3542/9102/10970 3540/9087/10971 3533/9092/10972 3525/9103/10973
f 3536/9091/10974 3538/9090/10974 3537/9104/10974 3534/9105/10975 3531/9106/10976
f 3497/9107/10977 3490/9108/10978 3481/9051/10979 3488/9109/10980 3520/9110/10981 3515/9111/10982 3514/9112/10983 3513/9113/10984
f 3510/9114/10985 3511/9115/10985 3536/9091/10986 3531/9106/10987 3523/9116/10985
f 3503/9000/10988 3518/9117/10989 3517/9071/10988 3502/8997/10988
f 3520/9118/10990 3507/9119/10991 3506/9075/10992 3527/9074/10993 3529/9120/10994
f 3481/9121/10995 3490/9122/10996 3488/9123/10997
f 3497/9036/10998 3511/9124/10999 3510/9125/11000 3509/9037/11001
f 3506/9126/11002 3507/9127/11003 3478/9128/11004 3505/9129/11005
f 3487/9130/11006 3484/9131/11007 3476/9020/11008 3471/9019/11009 3473/9132/11010 3480/9133/11007
f 3524/8995/11011 3523/8994/11012 3531/9134/11013 3534/9135/11014 3535/9136/11015
f 3487/9137/11016 3533/9092/10958 3536/9091/10957 3511/9115/11017 3497/9138/11017 3496/9139/11017 3520/9140/11017 3529/9089/10955 3530/9088/10954 3483/9141/11018 3485/9142/11017 3488/9143/11017 3490/9144/11019
f 3507/9127/11020 3508/9022/11021 3498/9025/11022 3478/9128/11023
f 3484/9131/11024 3483/9145/11025 3477/9021/11025 3476/9020/11025
f 3467/9146/11026 3468/9147/11027 3466/9148/11028 3473/9149/11029 3471/9150/11030
f 3475/9001/11031 3470/9004/11032 3492/9151/11033
f 3490/9122/11019 3481/9121/11034 3480/9059/11035 3487/9058/11016
f 3514/9152/11036 3515/9153/11037 3491/9154/11038
f 3532/9093/11039 3541/9034/11039 3542/9033/11040 3525/9155/11041
f 3481/9156/11042 3490/9157/11043 3472/9158/11044 3489/9159/11045
f 3514/9160/11046 3492/9161/11047 3513/9162/11048
f 3527/9015/11049 3526/9163/11050 3539/9164/11051 3537/9012/11052
f 3489/9045/11053 3472/9165/11054 3481/9046/11055
f 3520/9110/11056 3488/9109/11057 3481/9051/11058 3485/9053/11059
f 3469/9166/11060 3486/9081/11061 3479/9084/11062 3468/9099/11063 3467/9167/11064
f 3542/9168/11065 3519/9169/11066 3530/9170/11067 3540/9171/11068
f 3481/9121/11069 3472/9172/11070 3473/9054/11071 3480/9059/11072
f 3512/9173/11073 3499/9174/11074 3516/9070/11075 3517/9071/11076
f 3535/9175/11077 3534/9176/11077 3537/9012/11077 3539/9164/11077
f 3469/9177/11078 3504/9178/10927 3477/9179/10927 3483/9180/10927 3501/9181/10927 3516/9182/10927 3499/9183/10927 3494/9184/11079 3486/9185/10927
f 3490/9186/11080 3497/9187/11080 3513/9188/11081 3492/9189/11081 3470/9190/11080 3472/9191/11080
f 3503/9192/11082 3487/9193/11080 3480/9194/11080 3473/9149/11080 3466/9148/11080 3474/9195/11080 3493/9196/11080 3500/9197/11080 3518/9198/11080
o MeshBody4_(49)_MeshBody4_(49).001
v 2.374477 1.572325 0.351135
v 2.371727 1.566904 0.351091
v 2.371727 1.572316 0.349547
v 2.368979 1.567799 0.352403
v 2.374477 1.584016 0.352202
v 2.374477 1.583476 0.355327
v 2.371727 1.564399 0.353673
v 2.371727 1.584285 0.350640
v 2.374477 1.569592 0.355023
v 2.374477 1.565752 0.354499
v 2.371727 1.584661 0.357529
v 2.371727 1.563137 0.357554
v 2.368979 1.564718 0.357697
v 2.368979 1.572345 0.354311
v 2.371727 1.589249 0.353215
v 2.374477 1.564718 0.357697
v 2.371727 1.569511 0.358139
v 2.374477 1.589606 0.356726
v 2.368979 1.583476 0.355327
v 2.368979 1.586626 0.357752
v 2.368979 1.565175 0.361032
v 2.371727 1.563689 0.361596
v 2.368979 1.568142 0.359901
v 2.368979 1.588104 0.354295
v 2.371727 1.591095 0.356212
v 2.374477 1.565175 0.361032
v 2.371724 1.570854 0.361022
v 2.371724 1.571328 0.355545
v 2.374477 1.568142 0.359901
v 2.374477 1.586865 0.359717
v 2.368979 1.590027 0.359999
v 2.371727 1.591607 0.360141
v 2.371717 1.574021 0.361311
v 2.374945 1.573369 0.361252
v 2.371717 1.574484 0.355833
v 2.368979 1.589133 0.363159
v 2.368979 1.586336 0.361613
v 2.374477 1.589133 0.363159
v 2.371727 1.590533 0.363934
v 2.368979 1.571087 0.365561
v 2.371727 1.570808 0.367122
v 2.374477 1.571087 0.365561
v 2.367658 1.567624 0.355206
v 2.364498 1.567916 0.355233
v 2.362916 1.567819 0.357985
v 2.365031 1.572969 0.358455
v 2.371714 1.575833 0.358716
v 2.378414 1.572984 0.358457
v 2.380555 1.567834 0.357986
v 2.378975 1.567438 0.360711
v 2.371727 1.588252 0.366562
v 2.374477 1.582826 0.363459
v 2.371727 1.582797 0.361869
v 2.368979 1.582826 0.363459
v 2.368979 1.582884 0.366636
v 2.371727 1.582914 0.368224
v 2.374477 1.582884 0.366636
v 2.369238 1.556369 0.356940
v 2.366210 1.571675 0.361096
v 2.364498 1.567431 0.360709
v 2.377238 1.572157 0.355620
v 2.378975 1.567923 0.355233
v 2.380557 1.555792 0.356888
v 2.378975 1.556196 0.354164
v 2.378975 1.555673 0.359636
v 2.374235 1.556363 0.356940
v 2.366170 1.551805 0.353746
v 2.364947 1.550530 0.356387
v 2.368618 1.553814 0.353938
v 2.366170 1.551267 0.359220
v 2.368618 1.553283 0.359411
v 2.374852 1.553829 0.353940
v 2.374852 1.553298 0.359412
v 2.375700 1.548278 0.356174
v 2.375002 1.549969 0.353572
v 2.375002 1.549424 0.359043
v 2.371725 1.547367 0.356087
v 2.371722 1.548674 0.358973
v 2.371722 1.549220 0.353501
v 2.371718 1.551839 0.359273
v 2.371718 1.552375 0.353802
v 2.371715 1.553687 0.356688
vt 0.855347 0.813721
vt 0.855103 0.813782
vt 0.854858 0.813599
vt 0.855347 0.813538
vt 0.830383 0.854645
vt 0.830444 0.855865
vt 0.830078 0.855911
vt 0.830078 0.854660
vt 0.515076 0.564194
vt 0.515381 0.564346
vt 0.515381 0.564987
vt 0.515076 0.564972
vt 0.822510 0.853577
vt 0.822815 0.853394
vt 0.822754 0.853729
vt 0.822388 0.854996
vt 0.822083 0.855148
vt 0.822205 0.853683
vt 0.826782 0.854980
vt 0.826538 0.854828
vt 0.826782 0.854218
vt 0.827026 0.854248
vt 0.515015 0.655495
vt 0.515015 0.656769
vt 0.514771 0.656754
vt 0.514771 0.655502
vt 0.515381 0.619669
vt 0.515381 0.620005
vt 0.515015 0.619915
vt 0.515015 0.619505
vt 0.830078 0.854080
vt 0.830139 0.853813
vt 0.830444 0.853951
vt 0.854675 0.494263
vt 0.854248 0.494263
vt 0.854187 0.494019
vt 0.854553 0.494019
vt 0.822693 0.854904
vt 0.839844 0.855530
vt 0.840149 0.855408
vt 0.840149 0.855774
vt 0.842529 0.855469
vt 0.842529 0.855042
vt 0.842834 0.855042
vt 0.842834 0.855347
vt 0.842773 0.855591
vt 0.842529 0.855774
vt 0.842224 0.855591
vt 0.842224 0.855347
vt 0.853149 0.558083
vt 0.853271 0.558220
vt 0.852783 0.558311
vt 0.852417 0.558235
vt 0.852417 0.558090
vt 0.514771 0.657364
vt 0.515015 0.657310
vt 0.491699 0.850464
vt 0.491516 0.850952
vt 0.491333 0.850586
vt 0.491272 0.850220
vt 0.491577 0.850220
vt 0.816162 0.855347
vt 0.816345 0.855835
vt 0.815979 0.855835
vt 0.855347 0.814270
vt 0.854858 0.814087
vt 0.514771 0.564987
vt 0.514771 0.564346
vt 0.854553 0.494629
vt 0.854187 0.494629
vt 0.515076 0.566803
vt 0.515076 0.566254
vt 0.515381 0.566238
vt 0.515381 0.566879
vt 0.515076 0.567032
vt 0.842102 0.854919
vt 0.842285 0.854736
vt 0.842590 0.854675
vt 0.822815 0.855408
vt 0.853149 0.848083
vt 0.853394 0.847771
vt 0.853455 0.848080
vt 0.853149 0.848267
vt 0.842529 0.854187
vt 0.842834 0.854309
vt 0.826782 0.853973
vt 0.827148 0.853821
vt 0.785889 0.827515
vt 0.785645 0.827515
vt 0.785767 0.827209
vt 0.854370 0.842529
vt 0.853821 0.842010
vt 0.854004 0.841919
vt 0.854492 0.842346
vt 0.515381 0.655502
vt 0.515015 0.654678
vt 0.515381 0.654831
vt 0.515015 0.621763
vt 0.514771 0.621729
vt 0.514771 0.620010
vt 0.853760 0.846542
vt 0.853760 0.848267
vt 0.853210 0.848598
vt 0.852844 0.848557
vt 0.852356 0.847942
vt 0.852234 0.846703
vt 0.852722 0.846581
vt 0.852722 0.846889
vt 0.852844 0.848148
vt 0.781372 0.853867
vt 0.781616 0.853905
vt 0.781738 0.854311
vt 0.781372 0.854404
vt 0.854004 0.528557
vt 0.853882 0.528069
vt 0.853882 0.526886
vt 0.854126 0.526527
vt 0.854492 0.526520
vt 0.854736 0.526871
vt 0.854614 0.528076
vt 0.854492 0.528450
vt 0.854126 0.780273
vt 0.854004 0.779846
vt 0.854370 0.779846
vt 0.854492 0.780151
vt 0.852844 0.848633
vt 0.852844 0.849365
vt 0.852539 0.849243
vt 0.852539 0.848877
vt 0.852600 0.846031
vt 0.852905 0.845928
vt 0.853516 0.846115
vt 0.853333 0.846828
vt 0.853271 0.846519
vt 0.852966 0.846264
vt 0.781738 0.855570
vt 0.781372 0.855282
vt 0.781128 0.855598
vt 0.781006 0.854340
vt 0.852112 0.526611
vt 0.852051 0.527176
vt 0.851746 0.527084
vt 0.851807 0.526871
vt 0.851196 0.526787
vt 0.851501 0.525581
vt 0.851746 0.525627
vt 0.852051 0.525581
vt 0.854614 0.528748
vt 0.854614 0.530022
vt 0.854370 0.529716
vt 0.854004 0.530022
vt 0.832993 0.855408
vt 0.832993 0.855774
vt 0.832642 0.855835
vt 0.832779 0.855469
vt 0.515381 0.656746
vt 0.515381 0.657188
vt 0.514771 0.566238
vt 0.850525 0.525513
vt 0.850525 0.526123
vt 0.850220 0.526001
vt 0.852417 0.830303
vt 0.852295 0.830166
vt 0.852295 0.828022
vt 0.852417 0.827944
vt 0.852661 0.828489
vt 0.852661 0.829752
vt 0.822205 0.853317
vt 0.853271 0.557426
vt 0.853149 0.555962
vt 0.853149 0.555550
vt 0.853638 0.556213
vt 0.853638 0.557449
vt 0.852051 0.557472
vt 0.852417 0.557434
vt 0.852783 0.557823
vt 0.491272 0.849731
vt 0.491333 0.849487
vt 0.491699 0.849609
vt 0.514771 0.654823
vt 0.827271 0.854431
vt 0.827271 0.854828
vt 0.514771 0.566895
vt 0.826660 0.855408
vt 0.826904 0.855377
vt 0.781128 0.854034
vt 0.781006 0.853712
vt 0.854492 0.779236
vt 0.854126 0.779114
vt 0.852234 0.849121
vt 0.851501 0.527176
vt 0.515381 0.621731
vt 0.515381 0.622158
vt 0.515015 0.622282
vt 0.854004 0.841431
vt 0.854858 0.840179
vt 0.854492 0.841370
vt 0.854370 0.841766
vt 0.854614 0.842041
vt 0.854858 0.842194
vt 0.852051 0.556221
vt 0.852417 0.555550
vt 0.852783 0.555473
vt 0.852661 0.555855
vt 0.852539 0.556419
vt 0.854004 0.780212
vt 0.853882 0.779846
vt 0.852098 0.734253
vt 0.851859 0.734253
vt 0.851698 0.733765
vt 0.852098 0.733765
vt 0.851685 0.827766
vt 0.852051 0.830143
vt 0.851685 0.830437
vt 0.851318 0.830357
vt 0.850952 0.829695
vt 0.850952 0.828449
vt 0.851318 0.827829
vn 0.5061 0.8336 0.2213
vn 0.5057 0.8339 0.2211
vn 0.4893 0.8309 0.2648
vn 0.4895 0.8310 0.2645
vn 0.4983 0.0788 -0.8634
vn 0.4907 -0.7245 0.4841
vn 0.4840 -0.3841 0.7863
vn 0.4852 -0.3837 0.7857
vn 0.4809 -0.3885 0.7860
vn -0.4870 -0.7351 0.4718
vn -0.4885 -0.7354 0.4696
vn -0.4908 -0.7381 0.4628
vn 0.4985 -0.0788 0.8633
vn -0.5167 0.6548 0.5515
vn -0.1772 0.8071 0.5632
vn -0.1767 0.8072 0.5633
vn 0.8669 -0.0453 0.4964
vn 0.8671 -0.0453 0.4961
vn -0.1938 -0.8938 0.4044
vn -0.5514 -0.7178 0.4251
vn -0.5507 -0.7194 0.4233
vn 0.4822 0.3990 -0.7799
vn 0.4758 0.4046 -0.7810
vn 0.4886 0.7426 -0.4580
vn 0.4880 0.7429 -0.4582
vn 0.4801 0.3992 -0.7811
vn -0.8350 0.2339 0.4981
vn -0.5712 0.6108 0.5483
vn -0.5563 0.6177 0.5559
vn -0.8211 0.2488 0.5137
vn -0.4985 -0.0788 0.8633
vn -0.4958 -0.6435 -0.5832
vn -0.4958 -0.6449 -0.5816
vn -0.4930 -0.6516 -0.5765
vn 0.4911 -0.8285 -0.2689
vn 0.4891 -0.8295 -0.2697
vn 0.4905 -0.8291 -0.2682
vn 0.4905 -0.8634 0.1180
vn 0.4905 -0.8634 0.1181
vn -0.4906 -0.8634 0.1180
vn 0.4892 0.8651 -0.1112
vn 0.4905 0.8643 -0.1116
vn 0.4931 0.8371 0.2370
vn 0.4929 0.8371 0.2372
vn 0.8110 0.2860 0.5103
vn 0.8107 0.2848 0.5115
vn 0.8128 0.2904 0.5050
vn 0.8124 0.2918 0.5048
vn -0.4956 0.6550 0.5704
vn -0.4942 0.6562 0.5703
vn -0.4930 0.8372 0.2369
vn 0.4912 -0.8394 -0.2328
vn 0.4931 -0.8393 -0.2291
vn 0.4920 -0.8387 -0.2337
vn -0.5051 0.8593 -0.0806
vn -0.4899 0.8638 -0.1181
vn -0.4848 -0.3872 0.7842
vn -0.4801 -0.3855 0.7880
vn -0.4915 -0.7227 0.4860
vn -0.4920 -0.7232 0.4847
vn -0.5570 0.7152 -0.4222
vn -0.5576 0.7148 -0.4220
vn -0.8267 0.3217 -0.4617
vn -0.8267 0.3218 -0.4616
vn 0.4849 0.2592 0.8353
vn 0.4851 0.2600 0.8349
vn 0.4803 0.2565 0.8388
vn 0.4947 0.6557 0.5704
vn 0.4944 0.6557 0.5707
vn -0.4913 -0.6242 -0.6074
vn -0.4925 -0.6228 -0.6079
vn -0.4899 -0.6245 -0.6082
vn -0.4900 -0.8293 -0.2688
vn -0.4908 -0.8286 -0.2695
vn -0.4900 -0.8292 -0.2688
vn -0.4782 0.2202 0.8502
vn -0.4909 0.1983 0.8484
vn -0.4783 0.2200 0.8502
vn 0.8274 0.2267 0.5138
vn 0.8272 0.2270 0.5140
vn 0.1877 0.8003 0.5695
vn 0.1903 0.7989 0.5706
vn 0.4895 -0.6248 -0.6083
vn 0.4840 -0.2412 -0.8412
vn 0.4859 -0.2397 -0.8405
vn 0.4804 -0.2374 -0.8443
vn 0.4894 -0.6239 -0.6093
vn 0.1741 0.8077 0.5633
vn 0.1740 0.8078 0.5632
vn 0.5173 0.6544 0.5515
vn 0.5157 0.6553 0.5519
vn 0.1712 -0.8938 0.4145
vn 0.1659 -0.8938 0.4167
vn 0.1676 -0.8939 0.4158
vn 0.1732 0.8925 -0.4164
vn 0.5137 0.7427 -0.4295
vn 0.1730 0.8926 -0.4163
vn 0.1720 0.8923 -0.4173
vn 0.8164 -0.2650 -0.5132
vn 0.8178 -0.2692 -0.5087
vn 0.5450 -0.6288 -0.5546
vn 0.8166 -0.2662 -0.5122
vn -0.8668 0.0453 -0.4965
vn -0.8200 -0.2648 -0.5075
vn -0.8163 -0.2664 -0.5126
vn -0.4843 0.8459 0.2232
vn -0.4843 0.8459 0.2235
vn -0.5039 0.8231 0.2620
vn -0.0003 -0.0944 0.9955
vn 0.0011 -0.0915 0.9958
vn -0.0002 -0.0908 0.9959
vn 0.0002 -0.0946 0.9955
vn -0.0003 -0.0946 0.9955
vn -0.0002 -0.0945 0.9955
vn 0.0009 -0.0913 0.9958
vn -0.0003 -0.0909 0.9959
vn 0.0000 -0.0912 0.9958
vn 0.0004 -0.0909 0.9959
vn 0.0002 -0.0945 0.9955
vn -0.8352 -0.2447 -0.4924
vn -0.8168 -0.2660 -0.5119
vn -0.8168 -0.2664 -0.5117
vn -0.8354 -0.2444 -0.4923
vn -1.0000 -0.0001 -0.0000
vn -1.0000 -0.0000 -0.0000
vn -1.0000 -0.0001 0.0001
vn 0.1953 -0.7970 -0.5715
vn 0.1949 -0.7971 -0.5715
vn 0.1947 -0.7974 -0.5711
vn 0.1672 -0.8093 -0.5631
vn 0.1679 -0.8088 -0.5635
vn 0.1709 -0.8073 -0.5649
vn 0.1713 -0.8077 -0.5642
vn 0.0002 -0.0908 0.9959
vn 0.0011 -0.0908 0.9959
vn -0.0004 -0.0909 0.9959
vn -0.8671 0.0450 -0.4962
vn -0.8670 0.0455 -0.4962
vn -0.8670 0.0455 -0.4961
vn -0.8670 -0.0450 0.4962
vn -0.8670 -0.0451 0.4962
vn 0.4767 0.3714 -0.7968
vn 0.4763 0.3714 -0.7970
vn 0.4891 0.3501 -0.7989
vn -0.4983 0.0789 -0.8634
vn -0.4976 0.0788 -0.8638
vn 0.4984 0.0789 -0.8634
vn 0.4983 0.0789 -0.8634
vn 0.8670 -0.0453 0.4963
vn 0.8669 -0.0453 0.4963
vn 0.8670 -0.0452 0.4962
vn 0.8669 0.0453 -0.4963
vn 0.8670 0.0453 -0.4962
vn 0.8670 0.0453 -0.4963
vn 0.1896 0.8943 -0.4053
vn 0.8216 0.3392 -0.4582
vn 0.8366 0.3195 -0.4449
vn 0.1874 0.8943 -0.4063
vn 0.8671 0.0459 -0.4961
vn 0.8122 0.3744 -0.4473
vn 0.8130 0.3743 -0.4461
vn 0.8088 0.3773 -0.4510
vn 0.4981 -0.0787 0.8635
vn 0.4987 -0.0786 0.8632
vn -0.4982 -0.0787 0.8635
vn 0.4929 -0.6459 -0.5830
vn 0.4957 -0.6503 -0.5757
vn 0.4924 -0.6447 -0.5847
vn -0.4798 -0.2408 -0.8437
vn -0.4795 -0.2381 -0.8446
vn -0.4746 0.4010 -0.7836
vn -0.4806 0.4043 -0.7782
vn -0.4985 0.0788 -0.8633
vn -0.4809 -0.2403 -0.8432
vn 0.4907 -0.7334 0.4704
vn 0.4908 -0.7346 0.4685
vn 0.4877 -0.7399 0.4633
vn 1.0000 0.0000 0.0000
vn 1.0000 -0.0001 -0.0000
vn 0.5282 -0.6456 -0.5516
vn 0.5219 -0.6522 -0.5498
vn 0.5290 -0.6438 -0.5529
vn -0.4878 0.7428 -0.4586
vn -0.4890 0.7426 -0.4576
vn -0.4898 0.8647 -0.1109
vn -0.4911 0.8640 -0.1108
vn -0.4917 0.8636 -0.1114
vn 0.8196 -0.3572 0.4479
vn 0.5488 -0.7217 0.4219
vn 0.5483 -0.7225 0.4211
vn 0.8155 -0.3601 0.4530
vn -0.5153 0.7417 -0.4294
vn -0.1762 0.8916 -0.4171
vn -0.1758 0.8919 -0.4167
vn -0.4797 0.2612 0.8377
vn -0.4781 0.2602 0.8389
vn -0.4857 0.2558 0.8358
vn -0.4802 0.2605 0.8376
vn -0.8129 0.3737 -0.4468
vn -0.8126 0.3745 -0.4465
vn -0.8144 0.3709 -0.4464
vn -0.8113 0.3694 -0.4531
vn -0.5277 -0.7318 0.4312
vn -0.5257 -0.7335 0.4309
vn -0.5212 -0.7384 0.4278
vn -0.1927 -0.7979 -0.5712
vn -0.1923 -0.7982 -0.5708
vn -0.5474 -0.6254 -0.5561
vn -0.5304 -0.6466 -0.5483
vn -0.5288 -0.6469 -0.5494
vn -0.5211 -0.6510 -0.5520
vn -0.4869 0.3689 -0.7917
vn -0.4727 0.3538 -0.8071
vn -0.4731 0.3536 -0.8069
vn -0.4870 0.3689 -0.7917
vn -0.8156 0.2838 0.5043
vn -0.8165 0.2834 0.5030
vn -0.8111 0.2870 0.5096
vn -0.8669 -0.0452 0.4965
vn -0.8192 -0.3589 0.4473
vn -0.8171 -0.3560 0.4535
vn 0.0003 0.0909 -0.9959
vn 0.0002 0.0910 -0.9958
vn -0.0006 0.0915 -0.9958
vn 0.0002 0.0909 -0.9959
vn 0.0001 0.0910 -0.9959
vn -0.0002 0.0908 -0.9959
vn 1.0000 -0.0001 -0.0001
vn 1.0000 0.0004 -0.0001
vn 0.1957 -0.8933 0.4046
vn -0.4936 -0.8377 -0.2335
vn -0.4930 -0.8381 -0.2335
vn -0.4912 -0.8404 -0.2291
vn -0.4919 -0.8397 -0.2302
vn -0.8225 -0.3551 0.4443
vn -0.8240 -0.3277 0.4622
vn -0.8240 -0.3276 0.4622
vn -0.8226 -0.3552 0.4440
vn -1.0000 -0.0005 0.0000
usemtl Steel_-_Satin.001
s 1
f 3570/9199/11083 3559/9200/11084 3571/9201/11085 3551/9202/11086
f 3547/9203/11087 3543/9204/11087 3545/9205/11087 3550/9206/11087
f 3564/9207/11088 3568/9208/11089 3584/9209/11090 3583/9210/11091
f 3553/9211/11092 3562/9212/11093 3561/9213/11094
f 3553/9211/11095 3570/9214/11095 3551/9215/11095 3548/9216/11095
f 3588/9217/11096 3601/9218/11097 3575/9219/11097 3589/9220/11098
f 3605/9221/11099 3591/9222/11099 3592/9223/11100 3607/9224/11099
f 3620/9225/11101 3612/9226/11102 3610/9227/11103 3619/9228/11101
f 3547/9203/11104 3550/9206/11105 3557/9229/11106 3567/9230/11107 3560/9231/11108
f 3608/9232/11109 3624/9233/11110 3622/9234/11111 3615/9235/11112
f 3570/9214/11113 3553/9211/11113 3561/9213/11113 3556/9236/11113
f 3595/9237/11114 3596/9238/11115 3579/9239/11116
f 3554/9240/11117 3549/9241/11118 3552/9242/11119 3558/9243/11120 3568/9244/11121 3564/9245/11120
f 3563/9246/11122 3555/9247/11122 3554/9240/11122 3564/9245/11122
f 3560/9248/11123 3567/9249/11124 3574/9250/11125 3581/9251/11126 3580/9252/11125
f 3576/9253/11127 3592/9223/11128 3591/9222/11129 3590/9254/11130
f 3578/9255/11131 3593/9256/11132 3581/9257/11133 3574/9258/11133 3573/9259/11133
f 3595/9260/11134 3553/9261/11135 3572/9262/11136
f 3559/9200/11137 3585/9263/11138 3565/9264/11138
f 3583/9210/11139 3582/9265/11140 3563/9266/11141 3564/9207/11142
f 3614/9267/11143 3623/9268/11144 3624/9233/11145 3608/9232/11146
f 3593/9269/11147 3598/9270/11148 3599/9271/11149 3580/9272/11150 3581/9273/11151
f 3585/9274/11152 3546/9275/11153 3544/9276/11154 3549/9241/11155 3554/9240/11156 3555/9247/11157
f 3585/9277/11158 3570/9214/11159 3556/9236/11160
f 3624/9278/11161 3600/9279/11162 3613/9280/11163 3622/9281/11164
f 3549/9241/11165 3544/9276/11166 3545/9282/11167 3543/9283/11168 3552/9242/11169
f 3589/9220/11170 3575/9219/11171 3576/9284/11172 3590/9285/11173
f 3565/9286/11174 3559/9287/11175 3569/9288/11176
f 3589/9289/11177 3590/9290/11178 3603/9291/11179 3577/9292/11180
f 3606/9293/11181 3605/9221/11182 3616/9294/11183 3617/9295/11184
f 3587/9296/11185 3586/9297/11185 3609/9298/11186 3610/9227/11187
f 3559/9200/11188 3570/9199/11189 3585/9263/11190
f 3622/9281/11191 3613/9280/11192 3602/9299/11193 3612/9300/11194 3620/9301/11195 3618/9302/11196 3607/9303/11197 3592/9304/11198 3571/9305/11199 3568/9306/11200 3615/9307/11201
f 3559/9308/11202 3551/9309/11203 3552/9310/11204 3558/9311/11205
f 3585/9312/11206 3556/9313/11206 3561/9314/11206 3562/9315/11207 3579/9316/11206 3596/9317/11206 3601/9318/11208 3565/9319/11206
f 3616/9320/11209 3619/9321/11210 3621/9322/11211 3617/9323/11211
f 3565/9324/11212 3556/9325/11213 3570/9326/11214 3559/9327/11215
f 3571/9305/11199 3592/9304/11198 3576/9328/11216 3575/9329/11216 3601/9330/11217 3602/9299/11193 3613/9280/11192 3563/9331/11218 3565/9332/11216 3569/9333/11216
f 3558/9311/11219 3552/9310/11220 3614/9334/11221 3608/9335/11222 3615/9336/11223 3568/9337/11222
f 3576/9338/11224 3571/9339/11225 3559/9340/11226 3569/9341/11227 3601/9342/11228 3596/9343/11227 3595/9344/11229 3594/9345/11230
f 3565/9319/11231 3563/9346/11232 3613/9347/11233 3600/9348/11234 3611/9349/11235 3585/9312/11236
f 3623/9350/11237 3611/9351/11238 3600/9352/11239 3624/9353/11240
f 3591/9222/11235 3605/9221/11241 3606/9293/11235 3604/9354/11242 3603/9355/11243 3590/9254/11244
f 3584/9209/11245 3599/9271/11245 3598/9270/11245 3583/9210/11246
f 3597/9356/11247 3582/9265/11247 3583/9210/11247 3598/9270/11247
f 3572/9357/11248 3594/9358/11249 3595/9359/11250
f 3544/9360/11251 3546/9361/11252 3566/9362/11253 3557/9363/11254 3550/9364/11255 3545/9365/11256
f 3553/9211/11257 3548/9216/11258 3572/9366/11259
f 3548/9367/11260 3551/9368/11260 3552/9369/11260 3543/9370/11260 3547/9371/11260 3560/9248/11260 3580/9252/11260 3599/9372/11261 3594/9373/11260 3572/9374/11260
f 3585/9312/11262 3556/9313/11263 3565/9319/11264
f 3567/9375/11265 3557/9376/11266 3566/9377/11267 3573/9259/11268 3574/9258/11269
f 3607/9224/11270 3618/9378/11271 3616/9294/11272 3605/9221/11273
f 3588/9217/11274 3589/9220/11275 3577/9379/11276 3556/9380/11274
f 3593/9269/11277 3578/9381/11278 3597/9356/11279 3598/9270/11280
f 3587/9382/11281 3588/9217/11282 3556/9380/11283 3586/9383/11284
f 3559/9308/11285 3571/9384/11286 3569/9385/11287
f 3609/9386/11288 3621/9322/11288 3619/9321/11289 3610/9387/11290
f 3559/9327/11291 3570/9326/11292 3551/9388/11293
f 3601/9342/11294 3569/9341/11295 3559/9340/11296 3565/9389/11297
f 3602/9390/11298 3601/9391/11299 3588/9392/11300 3587/9296/11301 3610/9227/11302 3612/9226/11303
f 3603/9291/11304 3604/9393/11305 3614/9394/11306 3552/9395/11307 3551/9396/11307 3570/9397/11308 3556/9398/11309 3577/9292/11304
f 3584/9399/11310 3568/9400/11310 3558/9401/11310 3552/9369/11260 3551/9368/11261 3571/9402/11311 3576/9403/11261 3594/9373/11260 3599/9372/11261
f 3618/9404/11312 3620/9405/11312 3619/9321/11312 3616/9320/11312
f 3562/9406/11313 3553/9407/11314 3595/9408/11315 3579/9409/11316
f 3571/9384/11317 3559/9308/11318 3558/9311/11319 3568/9337/11320
f 3573/9410/11207 3566/9362/11206 3546/9361/11207 3585/9411/11207 3555/9412/11321 3563/9413/11207 3582/9414/11207 3597/9415/11207 3578/9416/11207
o MeshBody4_(50)_MeshBody4_(50).001
v 2.374477 1.604524 0.353685
v 2.371727 1.599090 0.353840
v 2.371727 1.604486 0.352101
v 2.368979 1.600011 0.355115
v 2.374477 1.615768 0.357465
v 2.371727 1.596629 0.356506
v 2.371727 1.616505 0.352757
v 2.374477 1.601855 0.357666
v 2.374477 1.598000 0.357282
v 2.374477 1.620389 0.356268
v 2.371727 1.615522 0.359035
v 2.371727 1.595440 0.360426
v 2.368979 1.597025 0.360511
v 2.368979 1.616259 0.354326
v 2.368979 1.604600 0.356854
v 2.371727 1.621520 0.355149
v 2.374477 1.597025 0.360511
v 2.374477 1.618961 0.359772
v 2.368979 1.618124 0.358502
v 2.371727 1.596069 0.364441
v 2.371727 1.623415 0.358071
v 2.374477 1.597545 0.363824
v 2.371724 1.603603 0.358123
v 2.373016 1.601586 0.360765
v 2.371727 1.617646 0.361642
v 2.374477 1.622401 0.361893
v 2.368979 1.621931 0.358640
v 2.368979 1.599234 0.366204
v 2.371727 1.598130 0.367364
v 2.374477 1.601440 0.363886
v 2.371727 1.623986 0.361977
v 2.369744 1.601050 0.360737
v 2.369788 1.602838 0.363586
v 2.371717 1.606400 0.363782
v 2.374945 1.605747 0.363747
v 2.371717 1.606769 0.358296
v 2.368979 1.621553 0.365080
v 2.368979 1.618731 0.363637
v 2.374477 1.621553 0.365080
v 2.371727 1.622965 0.365801
v 2.371727 1.603289 0.369700
v 2.374477 1.603540 0.368131
v 2.367658 1.599888 0.357921
v 2.364498 1.600180 0.357936
v 2.362916 1.600134 0.360686
v 2.365031 1.605298 0.360969
v 2.371714 1.608169 0.361126
v 2.378414 1.605313 0.360970
v 2.380555 1.600149 0.360687
v 2.378975 1.599804 0.363420
v 2.371727 1.620722 0.368507
v 2.374477 1.617738 0.364813
v 2.371727 1.615192 0.364021
v 2.368979 1.615246 0.365606
v 2.368979 1.615355 0.368776
v 2.368979 1.609447 0.367191
v 2.371727 1.615409 0.370360
v 2.364498 1.588438 0.357106
v 2.369238 1.588666 0.359887
v 2.367658 1.599503 0.363405
v 2.366210 1.604049 0.363654
v 2.364498 1.588021 0.362588
v 2.364498 1.599796 0.363420
v 2.377238 1.604435 0.358170
v 2.380557 1.588089 0.359835
v 2.378975 1.588441 0.357106
v 2.378975 1.588024 0.362588
v 2.374234 1.588661 0.359885
v 2.366170 1.584047 0.356705
v 2.364947 1.582825 0.359353
v 2.368618 1.586057 0.356889
v 2.366170 1.583616 0.362185
v 2.368618 1.585633 0.362370
v 2.374852 1.586073 0.356890
v 2.374852 1.585648 0.362371
v 2.375700 1.580572 0.359148
v 2.375002 1.582210 0.356537
v 2.375002 1.581773 0.362019
v 2.371725 1.579661 0.359065
v 2.371722 1.581021 0.361950
v 2.371722 1.581461 0.356469
v 2.371718 1.584188 0.362238
v 2.371718 1.584617 0.356757
v 2.371715 1.585983 0.359641
vt 0.782104 0.855284
vt 0.781738 0.855577
vt 0.781738 0.854313
vt 0.782104 0.854403
vt 0.782471 0.854334
vt 0.782349 0.855591
vt 0.515381 0.541016
vt 0.515381 0.541645
vt 0.515137 0.541794
vt 0.515015 0.541035
vt 0.855835 0.842682
vt 0.855530 0.842804
vt 0.855530 0.842255
vt 0.855530 0.840973
vt 0.855835 0.840988
vt 0.854919 0.517334
vt 0.855225 0.517349
vt 0.855469 0.517075
vt 0.855469 0.518799
vt 0.854980 0.518654
vt 0.854797 0.519012
vt 0.854614 0.518532
vt 0.856252 0.788086
vt 0.856383 0.788208
vt 0.856095 0.788818
vt 0.855902 0.788818
vt 0.856007 0.788330
vt 0.837524 0.853897
vt 0.837463 0.855148
vt 0.837158 0.855316
vt 0.837280 0.853836
vt 0.855835 0.499756
vt 0.856140 0.499512
vt 0.856140 0.500122
vt 0.855835 0.847736
vt 0.855469 0.847443
vt 0.855469 0.846556
vt 0.855469 0.846138
vt 0.855835 0.846264
vt 0.856079 0.507385
vt 0.855957 0.506653
vt 0.856323 0.506592
vt 0.856323 0.507263
vt 0.835327 0.854187
vt 0.835327 0.854980
vt 0.834961 0.854919
vt 0.834839 0.854553
vt 0.855713 0.845928
vt 0.855713 0.506287
vt 0.855713 0.505859
vt 0.856079 0.505676
vt 0.855957 0.506226
vt 0.851929 0.793945
vt 0.852112 0.794312
vt 0.852539 0.794800
vt 0.851929 0.794556
vt 0.851624 0.793945
vt 0.851990 0.793335
vt 0.852295 0.793579
vt 0.855225 0.517113
vt 0.854919 0.516983
vt 0.856323 0.505859
vt 0.856323 0.506287
vt 0.805176 0.855591
vt 0.805237 0.855835
vt 0.804871 0.855835
vt 0.804810 0.855591
vt 0.851196 0.780563
vt 0.851562 0.780472
vt 0.851807 0.780539
vt 0.851807 0.780947
vt 0.851562 0.780966
vt 0.850708 0.780687
vt 0.851074 0.780439
vt 0.850830 0.781239
vt 0.850586 0.781254
vt 0.854126 0.733643
vt 0.854370 0.733826
vt 0.854004 0.733948
vt 0.511902 0.850952
vt 0.511658 0.851318
vt 0.511658 0.850708
vt 0.854126 0.733276
vt 0.854492 0.733521
vt 0.851196 0.780972
vt 0.851318 0.782690
vt 0.851807 0.782763
vt 0.852051 0.782402
vt 0.852295 0.781183
vt 0.852295 0.782873
vt 0.851685 0.783146
vt 0.851318 0.783092
vt 0.855225 0.846266
vt 0.512207 0.851318
vt 0.835571 0.854248
vt 0.835571 0.854919
vt 0.837830 0.853638
vt 0.837769 0.855057
vt 0.856201 0.840820
vt 0.855835 0.840820
vt 0.855835 0.840454
vt 0.855957 0.840149
vt 0.856323 0.840271
vt 0.855927 0.795166
vt 0.856079 0.794800
vt 0.856384 0.794922
vt 0.856232 0.795410
vt 0.855896 0.795410
vt 0.856079 0.796265
vt 0.855957 0.795898
vt 0.856262 0.795776
vt 0.856384 0.796143
vt 0.850952 0.783066
vt 0.850708 0.782530
vt 0.854126 0.734192
vt 0.855713 0.847914
vt 0.855469 0.847746
vt 0.515381 0.539112
vt 0.515381 0.539768
vt 0.515015 0.539761
vt 0.515015 0.539200
vt 0.835571 0.855164
vt 0.835205 0.855469
vt 0.835205 0.853760
vt 0.834961 0.853882
vt 0.855591 0.745741
vt 0.855225 0.745835
vt 0.855225 0.743989
vt 0.855591 0.744021
vt 0.855591 0.745260
vt 0.514771 0.539299
vt 0.514771 0.541004
vt 0.855530 0.840424
vt 0.855530 0.840179
vt 0.855835 0.840332
vt 0.852295 0.783003
vt 0.852051 0.783234
vt 0.851685 0.783337
vt 0.855774 0.500122
vt 0.782104 0.853909
vt 0.782471 0.853928
vt 0.782349 0.853712
vt 0.834961 0.855347
vt 0.856323 0.841492
vt 0.855957 0.841614
vt 0.855835 0.841248
vt 0.854980 0.745260
vt 0.854980 0.744018
vt 0.854980 0.745742
vt 0.855530 0.530640
vt 0.855835 0.530746
vt 0.855835 0.532448
vt 0.855530 0.532463
vt 0.855530 0.531189
vt 0.855225 0.847734
vt 0.854599 0.525391
vt 0.854904 0.525452
vt 0.854630 0.525757
vt 0.854462 0.525757
vt 0.855530 0.533012
vt 0.855225 0.532906
vt 0.855225 0.531212
vt 0.837646 0.855438
vt 0.804871 0.855225
vt 0.805237 0.855225
vt 0.781738 0.853905
vt 0.786072 0.851151
vt 0.786438 0.851089
vt 0.786987 0.851334
vt 0.787170 0.851791
vt 0.787170 0.853043
vt 0.786743 0.853287
vt 0.786865 0.851822
vt 0.786621 0.851471
vt 0.786133 0.851608
vt 0.786133 0.852020
vt 0.786072 0.853287
vt 0.785645 0.853027
vt 0.785645 0.851776
vt 0.786987 0.853500
vt 0.786438 0.853775
vt 0.786072 0.853683
vt 0.786438 0.853439
vt 0.854492 0.734192
vt 0.785828 0.819580
vt 0.785645 0.819336
vt 0.785828 0.818970
vt 0.855713 0.499512
vt 0.855957 0.499390
vt 0.837830 0.855576
vt 0.854630 0.526062
vt 0.854904 0.526489
vt 0.854225 0.526123
vt 0.854126 0.525757
vt 0.854370 0.525146
vt 0.854828 0.524963
vt 0.851196 0.783272
vt 0.855713 0.506592
vt 0.854980 0.743587
vt 0.855347 0.743465
vt 0.852539 0.793823
vt 0.852173 0.793823
vt 0.856383 0.789062
vt 0.856356 0.789429
vt 0.856219 0.789551
vt 0.855988 0.789185
vn -0.8668 -0.0349 0.4975
vn -0.8668 -0.0349 0.4974
vn -0.8668 -0.0350 0.4974
vn -0.8671 0.0352 -0.4968
vn -0.8672 0.0353 -0.4968
vn 0.8177 -0.3554 0.4529
vn 0.5466 -0.7170 0.4326
vn 0.5465 -0.7170 0.4327
vn 0.8133 -0.3585 0.4583
vn -0.4816 -0.3581 0.7999
vn -0.4868 -0.3593 0.7962
vn -0.4984 -0.0472 0.8657
vn -0.4987 0.0474 -0.8655
vn 0.4983 0.0474 -0.8657
vn 0.4983 0.0475 -0.8657
vn -0.4756 0.3254 -0.8173
vn -0.4875 0.3417 -0.8035
vn -0.4984 0.0474 -0.8656
vn -0.4963 -0.7095 0.5004
vn -0.4919 -0.8601 0.1349
vn -0.4920 -0.8601 0.1349
vn -0.4965 -0.7081 0.5021
vn 0.4986 -0.0473 0.8656
vn 0.4982 -0.0473 0.8658
vn 0.4937 -0.8426 -0.2152
vn 0.4923 -0.8430 -0.2167
vn 0.4911 -0.8427 -0.2206
vn 0.8669 -0.0353 0.4972
vn 0.8668 -0.0351 0.4975
vn 0.8393 -0.3067 0.4489
vn 0.8394 -0.3070 0.4486
vn 0.8187 -0.2731 -0.5052
vn 0.5485 -0.6344 -0.5447
vn 0.8181 -0.2695 -0.5081
vn 0.8182 -0.2681 -0.5086
vn -0.5187 0.7296 -0.4457
vn -0.1779 0.8819 -0.4366
vn -0.1782 0.8824 -0.4354
vn -0.5189 0.7293 -0.4460
vn 0.5328 -0.7207 0.4435
vn 0.5312 -0.7215 0.4442
vn 0.5247 -0.7248 0.4465
vn -0.1926 -0.8876 0.4183
vn -0.5487 -0.7133 0.4361
vn -0.5479 -0.7149 0.4344
vn -1.0000 0.0004 0.0000
vn -1.0000 0.0000 0.0000
vn -0.4876 -0.2385 -0.8399
vn -0.4886 -0.2381 -0.8394
vn -0.4916 -0.6600 -0.5681
vn -0.4889 -0.6666 -0.5627
vn -0.5505 -0.6315 -0.5460
vn -0.1940 -0.8064 -0.5586
vn -0.1942 -0.8061 -0.5591
vn -0.1946 -0.8063 -0.5586
vn -0.5723 0.6180 0.5390
vn -0.5584 0.6250 0.5455
vn -0.8233 0.2514 0.5089
vn -0.8366 0.2360 0.4944
vn 1.0000 -0.0001 -0.0001
vn 1.0000 -0.0000 -0.0000
vn 1.0000 -0.0000 -0.0001
vn 1.0000 -0.0004 -0.0000
vn 0.4963 -0.7084 0.5019
vn 0.4938 -0.7107 0.5011
vn 0.4867 -0.3575 0.7971
vn 0.4878 -0.3565 0.7969
vn 0.4832 -0.3616 0.7974
vn -0.1658 -0.8220 -0.5449
vn -0.1614 -0.8208 -0.5480
vn -0.1675 -0.8214 -0.5452
vn -0.5068 0.8567 -0.0963
vn -0.4909 0.8608 -0.1342
vn -0.4910 0.8608 -0.1341
vn -0.1692 -0.8843 0.4351
vn -0.1639 -0.8863 0.4332
vn -0.1650 -0.8858 0.4338
vn -0.1694 -0.8839 0.4360
vn 1.0000 0.0005 0.0000
vn 1.0000 -0.0001 -0.0000
vn 0.8246 -0.2502 -0.5073
vn 0.8229 -0.2824 -0.4930
vn 0.8247 -0.2499 -0.5074
vn -0.4865 0.6325 0.6028
vn -0.4919 0.6170 0.6143
vn -0.4916 0.6172 0.6143
vn -0.1757 0.8196 0.5454
vn -0.1758 0.8195 0.5454
vn -0.5135 0.6695 0.5368
vn -0.4986 -0.0473 0.8655
vn -0.4918 0.7304 -0.4740
vn -0.4927 0.7302 -0.4734
vn -0.4842 0.3751 -0.7905
vn -0.4842 0.3766 -0.7897
vn -0.4783 0.3741 -0.7945
vn 0.4832 -0.2679 -0.8335
vn 0.4836 -0.2682 -0.8332
vn 0.4778 -0.2664 -0.8371
vn 0.4864 -0.6406 -0.5942
vn 0.4865 -0.6415 -0.5932
vn 0.4917 -0.8602 0.1349
vn 0.4891 -0.8349 -0.2525
vn 0.4879 -0.8353 -0.2534
vn 0.4888 -0.8352 -0.2520
vn 0.4918 -0.8602 0.1348
vn 0.4816 0.2887 0.8274
vn 0.4984 -0.0472 0.8657
vn 0.4761 0.2854 0.8318
vn 0.1656 -0.8219 -0.5451
vn 0.1661 -0.8213 -0.5458
vn 0.1703 -0.8196 -0.5471
vn 0.1886 0.8089 0.5568
vn 0.1908 0.8077 0.5578
vn 0.8291 0.2289 0.5101
vn 0.8294 0.2289 0.5097
vn 0.8090 0.3028 0.5038
vn 0.8084 0.3022 0.5051
vn 0.8102 0.3074 0.4991
vn 0.8100 0.3085 0.4987
vn 0.1733 0.8198 0.5458
vn 0.1726 0.8202 0.5455
vn 0.5137 0.6692 0.5369
vn 0.5132 0.6702 0.5362
vn 0.1960 -0.8059 -0.5586
vn 0.1957 -0.8062 -0.5583
vn -0.8151 0.3580 -0.4555
vn -0.8154 0.3583 -0.4547
vn -0.8169 0.3542 -0.4551
vn -0.8135 0.3535 -0.4617
vn -0.8221 -0.2667 -0.5030
vn -0.8183 -0.2685 -0.5082
vn -0.8666 0.0352 -0.4978
vn -0.8666 0.0353 -0.4978
vn -0.8212 -0.2676 -0.5041
vn 0.8155 0.3582 -0.4546
vn 0.8113 0.3618 -0.4593
vn 0.8668 0.0352 -0.4974
vn 0.8668 0.0353 -0.4974
vn 0.8668 0.0353 -0.4975
vn -0.4902 0.6706 0.5568
vn -0.4905 0.6710 0.5560
vn -0.4824 0.2857 0.8280
vn -0.4835 0.2843 0.8279
vn -0.4770 0.2889 0.8300
vn 0.4929 0.7295 -0.4742
vn 0.4927 0.7302 -0.4733
vn 0.4926 0.8612 -0.1253
vn 0.4922 0.8614 -0.1255
vn 0.4909 0.8622 -0.1250
vn 0.4847 -0.2654 -0.8334
vn 0.4674 -0.2414 -0.8504
vn 0.4679 -0.2412 -0.8502
vn -0.8332 -0.2615 -0.4872
vn -0.8147 -0.2832 -0.5060
vn -0.8144 -0.2838 -0.5061
vn -0.8334 -0.2612 -0.4871
vn -0.5274 -0.6606 -0.5342
vn -0.5256 -0.6616 -0.5348
vn -0.5181 -0.6653 -0.5376
vn 0.1746 0.8829 -0.4358
vn 0.5172 0.7306 -0.4458
vn 0.1747 0.8832 -0.4352
vn 0.1735 0.8827 -0.4367
vn -0.4924 0.8614 -0.1242
vn -0.4913 0.8417 0.2239
vn -0.4917 0.8414 0.2242
vn -0.4911 0.8621 -0.1250
vn -0.4914 0.8618 -0.1258
vn -0.8671 -0.0351 0.4969
vn -0.8671 -0.0351 0.4970
vn -0.8171 -0.3569 0.4527
vn -0.8144 -0.3554 0.4588
vn -0.4783 -0.2693 -0.8359
vn -0.4812 -0.2641 -0.8359
vn -0.4984 0.0473 -0.8657
vn -0.4788 -0.2691 -0.8357
vn 0.8672 0.0351 -0.4968
vn 0.8200 0.3369 -0.4627
vn 0.8342 0.3189 -0.4499
vn 0.1851 0.8883 -0.4202
vn 0.1865 0.8883 -0.4196
vn 0.8671 -0.0351 0.4969
vn 0.4793 0.3782 -0.7920
vn 0.4777 0.3782 -0.7929
vn 0.4837 0.3727 -0.7919
vn 0.4985 0.0473 -0.8656
vn 0.4981 0.0473 -0.8658
vn 0.4911 0.6304 0.6012
vn 0.4840 0.6201 0.6174
vn 0.4848 0.6198 0.6171
vn -0.8250 0.3195 -0.4661
vn -0.5543 0.7106 -0.4333
vn -0.8246 -0.3397 0.4524
vn -0.8261 -0.3111 0.4698
vn -0.0005 -0.0546 0.9985
vn -0.0001 -0.0546 0.9985
vn 0.0001 -0.0546 0.9985
vn -0.0022 -0.0705 0.9975
vn -0.0013 -0.0706 0.9975
vn -0.0008 -0.0546 0.9985
vn -0.0003 -0.0545 0.9985
vn -0.0007 -0.0545 0.9985
vn 0.0018 -0.0706 0.9975
vn 0.0021 -0.0704 0.9975
vn 0.0017 -0.0705 0.9975
vn -0.0001 -0.0907 0.9959
vn 0.0008 -0.0908 0.9959
vn 0.5263 -0.6586 -0.5378
vn 0.5244 -0.6603 -0.5376
vn 0.5188 -0.6668 -0.5351
vn 0.5057 0.8378 0.2056
vn 0.4875 0.8371 0.2483
vn 0.4863 0.8377 0.2485
vn 0.4931 -0.8618 0.1190
vn 0.4904 -0.8633 0.1192
vn 0.4960 -0.7198 0.4856
vn 0.4941 -0.7219 0.4846
vn -0.4889 0.2274 0.8422
vn -0.4753 0.2496 0.8437
vn -0.4749 0.2495 0.8440
vn 0.0000 0.0910 -0.9959
vn 0.0005 0.0910 -0.9959
vn 0.0003 0.0909 -0.9959
vn -0.0009 0.0908 -0.9959
vn 0.4915 0.8415 0.2242
vn 0.4918 0.8413 0.2242
vn 0.4911 0.6703 0.5563
vn 0.4909 0.6709 0.5558
vn 0.4912 0.8418 0.2240
vn 0.1945 -0.8871 0.4185
vn -0.8084 0.3031 0.5046
vn -0.8131 0.3005 0.4985
vn -0.8141 0.3004 0.4971
vn -0.8087 0.3038 0.5037
vn -0.4922 -0.8624 0.1185
vn -0.4942 -0.8619 0.1134
vn -0.4930 -0.8625 0.1141
vn -0.4911 -0.8629 0.1192
vn -0.4894 -0.6397 -0.5927
vn -0.4898 -0.6388 -0.5933
vn -0.4867 -0.6412 -0.5933
vn -0.4882 -0.8354 -0.2527
vn -0.4890 -0.8347 -0.2533
vn -0.4886 -0.8351 -0.2529
usemtl Steel_-_Satin.001
s 1
f 3692/9417/11322 3699/9418/11323 3646/9419/11324 3641/9420/11325 3633/9421/11325 3698/9422/11326
f 3691/9423/11327 3702/9424/11328 3700/9425/11329 3689/9426/11330
f 3652/9427/11331 3653/9428/11332 3665/9429/11333 3681/9430/11333 3679/9431/11333
f 3678/9432/11334 3677/9433/11335 3676/9434/11336 3654/9435/11336 3657/9436/11337 3684/9437/11338 3685/9438/11339
f 3653/9439/11340 3652/9440/11341 3637/9441/11342 3636/9442/11342 3644/9443/11343
f 3635/9444/11344 3647/9445/11344 3632/9446/11344 3629/9447/11345
f 3649/9448/11346 3642/9449/11347 3676/9450/11348
f 3697/9451/11349 3683/9452/11350 3637/9453/11351 3656/9454/11352 3684/9455/11350
f 3689/9456/11353 3700/9457/11354 3701/9458/11355 3690/9459/11356
f 3670/9460/11357 3671/9461/11358 3660/9462/11359 3639/9463/11360
f 3656/9454/11361 3657/9464/11362 3684/9455/11363
f 3704/9465/11364 3696/9466/11365 3694/9467/11366 3703/9468/11364
f 3662/9469/11367 3678/9470/11368 3680/9471/11368 3679/9472/11368 3661/9473/11368 3651/9474/11368 3643/9475/11368
f 3649/9476/11369 3677/9433/11370 3678/9432/11371 3662/9477/11372
f 3694/9467/11373 3693/9478/11374 3705/9479/11375 3703/9468/11376
f 3708/9480/11377 3706/9481/11378 3699/9482/11379 3692/9483/11380
f 3646/9484/11381 3641/9485/11382 3633/9486/11383 3632/9487/11382 3648/9488/11384
f 3653/9489/11385 3644/9490/11386 3646/9484/11387 3666/9491/11388 3665/9492/11389
f 3648/9493/11390 3656/9494/11391 3647/9495/11392
f 3656/9496/11393 3667/9497/11394 3684/9498/11395
f 3656/9494/11396 3648/9493/11397 3654/9499/11398 3657/9500/11399
f 3666/9491/11382 3646/9484/11381 3648/9488/11384 3654/9501/11382 3676/9502/11382 3642/9503/11382 3629/9504/11400 3632/9487/11401 3633/9486/11382 3625/9505/11382 3634/9506/11382 3650/9507/11382 3663/9508/11382
f 3637/9453/11402 3667/9509/11403 3656/9454/11404
f 3667/9497/11405 3656/9496/11406 3647/9510/11407
f 3685/9511/11408 3658/9512/11409 3671/9461/11408 3670/9460/11410
f 3647/9445/11411 3635/9444/11411 3643/9513/11411 3639/9514/11411
f 3651/9515/11412 3645/9516/11413 3640/9517/11414 3631/9518/11415 3638/9519/11416
f 3626/9520/11417 3627/9521/11418 3625/9522/11419 3633/9523/11420 3630/9524/11421
f 3644/9525/11422 3636/9526/11423 3630/9524/11424 3633/9523/11425 3641/9527/11426 3646/9528/11422
f 3675/9529/11427 3681/9530/11428 3665/9492/11428 3666/9491/11428 3663/9508/11429
f 3656/9494/11430 3639/9531/11431 3647/9495/11432
f 3697/9451/11433 3706/9532/11434 3708/9533/11435 3683/9452/11436
f 3659/9534/11437 3674/9535/11438 3673/9536/11439 3672/9537/11440
f 3671/9461/11441 3658/9512/11442 3659/9538/11443 3672/9539/11444
f 3700/9457/11445 3703/9468/11445 3705/9479/11445 3701/9458/11446
f 3669/9540/11447 3670/9460/11448 3639/9463/11449 3668/9541/11450
f 3693/9542/11451 3694/9543/11452 3669/9544/11453 3668/9545/11454 3682/9546/11455
f 3688/9547/11456 3672/9537/11457 3673/9536/11458 3689/9426/11459 3690/9548/11460
f 3675/9549/11461 3664/9550/11462 3661/9551/11463 3679/9431/11464 3681/9430/11465
f 3634/9506/11466 3640/9552/11467 3645/9553/11468 3655/9554/11469 3650/9507/11470
f 3676/9450/11471 3677/9555/11472 3649/9448/11473
f 3648/9556/11474 3632/9557/11475 3633/9421/11476 3641/9420/11477
f 3648/9556/11478 3647/9558/11479 3632/9557/11480
f 3671/9461/11481 3672/9539/11482 3688/9559/11483 3660/9462/11484
f 3651/9515/11485 3661/9560/11486 3664/9561/11487 3655/9562/11488 3645/9516/11489
f 3686/9563/11490 3687/9564/11490 3669/9544/11491 3694/9543/11492 3696/9565/11493
f 3626/9566/11494 3628/9567/11495 3638/9568/11496 3631/9569/11496 3627/9570/11497
f 3637/9453/11498 3683/9452/11498 3695/9571/11498 3667/9509/11498
f 3695/9572/11499 3683/9573/11500 3708/9574/11501 3707/9575/11502
f 3674/9535/11503 3691/9423/11503 3689/9426/11503 3673/9536/11503
f 3631/9569/11504 3640/9576/11505 3634/9577/11506 3625/9578/11507 3627/9570/11508
f 3632/9446/11509 3647/9445/11510 3656/9579/11511
f 3708/9480/11512 3692/9483/11512 3698/9580/11513 3707/9581/11513
f 3646/9419/11514 3654/9582/11514 3648/9556/11515 3641/9420/11515
f 3659/9583/11516 3658/9584/11517 3685/9585/11518 3687/9586/11519 3686/9587/11520 3697/9588/11520 3684/9589/11521 3657/9590/11522 3654/9591/11523 3646/9592/11524 3699/9593/11525 3691/9594/11526 3674/9595/11517
f 3697/9588/11527 3686/9587/11527 3696/9596/11527 3704/9597/11527 3702/9598/11527 3691/9594/11527 3699/9593/11528 3706/9599/11527
f 3656/9494/11529 3667/9600/11530 3639/9531/11531
f 3656/9601/11532 3648/9602/11533 3632/9603/11534
f 3642/9449/11535 3649/9448/11536 3635/9604/11537 3629/9605/11538
f 3647/9445/11539 3639/9514/11540 3667/9606/11541
f 3698/9607/11542 3690/9608/11542 3701/9609/11542 3705/9610/11542 3693/9611/11543 3682/9612/11544 3695/9572/11545 3707/9575/11542
f 3650/9507/11546 3655/9554/11547 3664/9613/11548 3675/9529/11549 3663/9508/11550
f 3700/9457/11551 3702/9614/11551 3704/9465/11551 3703/9468/11551
f 3669/9544/11552 3687/9564/11553 3685/9615/11554 3670/9616/11555
f 3635/9617/11556 3649/9618/11557 3662/9469/11558 3643/9475/11559
f 3667/9619/11560 3628/9620/11561 3626/9621/11562 3630/9622/11563 3636/9442/11564 3637/9441/11565
o MeshBody4_(51)_MeshBody4_(51).001
v 2.374477 1.636806 0.355438
v 2.371727 1.631378 0.355603
v 2.371727 1.636746 0.353853
v 2.368979 1.632316 0.356879
v 2.374477 1.648544 0.356054
v 2.371727 1.628956 0.358274
v 2.371727 1.648767 0.354484
v 2.374477 1.634195 0.359427
v 2.374477 1.630337 0.359050
v 2.374477 1.650465 0.360229
v 2.371727 1.627823 0.362198
v 2.368979 1.629408 0.362282
v 2.368979 1.648544 0.356054
v 2.371727 1.649842 0.362068
v 2.374477 1.654272 0.360355
v 2.368979 1.650465 0.360229
v 2.371727 1.628508 0.366215
v 2.371727 1.655747 0.359785
v 2.374477 1.629974 0.365598
v 2.369788 1.635560 0.359861
v 2.368979 1.651616 0.363451
v 2.374477 1.651616 0.363451
v 2.368979 1.654272 0.360355
v 2.368979 1.631696 0.367978
v 2.371727 1.630608 0.369140
v 2.374477 1.633867 0.365652
v 2.369744 1.633434 0.362501
v 2.369788 1.635260 0.365351
v 2.366210 1.636769 0.359924
v 2.371717 1.638823 0.365538
v 2.374945 1.638169 0.365503
v 2.371717 1.639114 0.360046
v 2.368979 1.653983 0.366802
v 2.374477 1.653983 0.366802
v 2.371727 1.655404 0.367521
v 2.371727 1.635796 0.371467
v 2.374477 1.636025 0.369895
v 2.367658 1.632233 0.359687
v 2.365031 1.637682 0.362725
v 2.371714 1.640553 0.362875
v 2.378414 1.637697 0.362726
v 2.380555 1.632533 0.362455
v 2.378975 1.632225 0.365191
v 2.374237 1.631918 0.362422
v 2.371727 1.653200 0.370234
v 2.368979 1.650167 0.366544
v 2.374477 1.647687 0.367343
v 2.371727 1.647611 0.365757
v 2.368979 1.647840 0.370514
v 2.371727 1.647917 0.372100
v 2.374477 1.647840 0.370514
v 2.364498 1.620767 0.359061
v 2.369238 1.621037 0.361829
v 2.367658 1.631925 0.365176
v 2.366210 1.636472 0.365415
v 2.377238 1.636780 0.359924
v 2.378975 1.632532 0.359702
v 2.380557 1.620459 0.361797
v 2.378975 1.620769 0.359061
v 2.378975 1.620434 0.364550
v 2.374234 1.621031 0.361829
v 2.366170 1.616362 0.358821
v 2.364947 1.615180 0.361509
v 2.368618 1.618379 0.358931
v 2.366170 1.616016 0.364308
v 2.368618 1.618038 0.364418
v 2.374852 1.618394 0.358932
v 2.374852 1.618053 0.364419
v 2.375700 1.612921 0.361386
v 2.375002 1.614519 0.358720
v 2.375002 1.614169 0.364207
v 2.371725 1.612008 0.361336
v 2.371722 1.613417 0.364165
v 2.371722 1.613768 0.358680
v 2.371718 1.616590 0.364339
v 2.371718 1.616934 0.358851
v 2.371715 1.618346 0.361683
vt 0.853882 0.733826
vt 0.854004 0.734192
vt 0.853638 0.734192
vt 0.853516 0.733826
vt 0.515320 0.522858
vt 0.515320 0.524101
vt 0.515015 0.524117
vt 0.515015 0.522842
vt 0.851196 0.501007
vt 0.851562 0.500351
vt 0.852295 0.500275
vt 0.852783 0.500854
vt 0.852783 0.502579
vt 0.852539 0.502594
vt 0.852173 0.502914
vt 0.851562 0.502701
vt 0.770569 0.855103
vt 0.770203 0.855225
vt 0.770264 0.854858
vt 0.770386 0.854370
vt 0.770691 0.854492
vt 0.855225 0.743462
vt 0.855225 0.741081
vt 0.855591 0.741188
vt 0.855591 0.743347
vt 0.820557 0.853722
vt 0.820801 0.853607
vt 0.820801 0.854164
vt 0.820862 0.855446
vt 0.820557 0.855438
vt 0.793701 0.855019
vt 0.793518 0.853493
vt 0.794006 0.853348
vt 0.794006 0.855072
vt 0.488403 0.847855
vt 0.488220 0.847496
vt 0.487732 0.847641
vt 0.487244 0.847816
vt 0.487671 0.847191
vt 0.488037 0.847122
vt 0.488586 0.847374
vt 0.488586 0.849541
vt 0.487976 0.849808
vt 0.487671 0.849731
vt 0.487244 0.849068
vt 0.487732 0.848053
vt 0.487671 0.849319
vt 0.487976 0.849472
vt 0.488342 0.849319
vt 0.854614 0.542725
vt 0.855103 0.543823
vt 0.854736 0.543945
vt 0.854370 0.543213
vt 0.854248 0.542725
vt 0.812500 0.851013
vt 0.812805 0.850845
vt 0.812744 0.851013
vt 0.812500 0.851318
vt 0.855103 0.544495
vt 0.855103 0.544006
vt 0.855469 0.543945
vt 0.855469 0.544434
vt 0.515015 0.724121
vt 0.515381 0.724106
vt 0.515381 0.724762
vt 0.515015 0.724907
vt 0.794006 0.855209
vt 0.515015 0.722839
vt 0.514771 0.724098
vt 0.514771 0.722855
vt 0.514771 0.722397
vt 0.515015 0.722290
vt 0.507324 0.854553
vt 0.507568 0.854614
vt 0.507568 0.854980
vt 0.507324 0.855347
vt 0.855957 0.499184
vt 0.856323 0.499046
vt 0.856323 0.499397
vt 0.813110 0.850983
vt 0.813049 0.851288
vt 0.854126 0.820297
vt 0.853882 0.820595
vt 0.853882 0.819336
vt 0.854126 0.819145
vt 0.854492 0.819336
vt 0.854492 0.820595
vt 0.854736 0.542114
vt 0.854858 0.542542
vt 0.854248 0.542358
vt 0.854370 0.541931
vt 0.812073 0.851288
vt 0.812439 0.850601
vt 0.812805 0.850510
vt 0.813354 0.850754
vt 0.813599 0.851212
vt 0.813293 0.852432
vt 0.812134 0.852539
vt 0.854858 0.541565
vt 0.855103 0.541809
vt 0.854614 0.541687
vt 0.855225 0.852539
vt 0.854980 0.852600
vt 0.854980 0.851807
vt 0.855347 0.851929
vt 0.770691 0.855713
vt 0.770386 0.855957
vt 0.851074 0.501007
vt 0.851196 0.500443
vt 0.851562 0.500198
vt 0.854492 0.818924
vt 0.515442 0.524757
vt 0.515137 0.524910
vt 0.515076 0.524666
vt 0.795959 0.855713
vt 0.796021 0.856018
vt 0.795715 0.855530
vt 0.853638 0.733582
vt 0.854004 0.733704
vt 0.854492 0.817207
vt 0.853882 0.818924
vt 0.853760 0.817451
vt 0.854248 0.817062
vt 0.847351 0.853180
vt 0.847656 0.852982
vt 0.847717 0.853371
vt 0.847412 0.853394
vt 0.809814 0.855286
vt 0.809814 0.855835
vt 0.809448 0.855774
vt 0.809448 0.855286
vt 0.514832 0.522224
vt 0.515137 0.522072
vt 0.514771 0.522858
vt 0.793274 0.853142
vt 0.793457 0.855072
vt 0.793152 0.853622
vt 0.514771 0.724754
vt 0.488159 0.847710
vt 0.487732 0.847870
vt 0.854980 0.743347
vt 0.854980 0.741653
vt 0.854980 0.741188
vt 0.796021 0.855347
vt 0.813477 0.852905
vt 0.813599 0.853012
vt 0.812927 0.853363
vt 0.812927 0.853195
vt 0.507080 0.855286
vt 0.507080 0.854675
vt 0.770142 0.855835
vt 0.770020 0.855225
vt 0.855835 0.826904
vt 0.855835 0.827271
vt 0.855469 0.827393
vt 0.855469 0.826904
vt 0.821106 0.854172
vt 0.821167 0.855423
vt 0.855957 0.498764
vt 0.855713 0.499046
vt 0.855713 0.497574
vt 0.855957 0.497871
vt 0.856323 0.497581
vt 0.847229 0.854698
vt 0.847046 0.855057
vt 0.846863 0.854576
vt 0.847168 0.853119
vt 0.847717 0.854843
vt 0.812622 0.852676
vt 0.813110 0.852798
vt 0.812378 0.852966
vt 0.812622 0.852280
vt 0.515381 0.722855
vt 0.490479 0.851280
vt 0.490479 0.851128
vt 0.490845 0.851036
vt 0.491333 0.851135
vt 0.491211 0.851280
vt 0.490845 0.851463
vt 0.507446 0.854065
vt 0.507812 0.854187
vt 0.855347 0.852844
vt 0.854980 0.852905
vt 0.855713 0.827515
vt 0.854736 0.852478
vt 0.854858 0.851807
vt 0.507812 0.855652
vt 0.507446 0.855774
vt 0.515442 0.522224
vt 0.820862 0.853363
vt 0.821167 0.853508
vt 0.487549 0.849876
vt 0.487976 0.849976
vt 0.790527 0.817459
vt 0.790527 0.817947
vt 0.789917 0.817947
vt 0.789917 0.817459
vt 0.789917 0.816017
vt 0.790283 0.815880
vt 0.790527 0.816017
vt 0.491699 0.851944
vt 0.491699 0.853188
vt 0.491211 0.853813
vt 0.490479 0.853821
vt 0.490112 0.853188
vt 0.490112 0.851936
vn 0.8265 0.2464 0.5061
vn 0.8264 0.2465 0.5062
vn 0.1875 0.8207 0.5397
vn 0.1896 0.8193 0.5412
vn 0.4982 0.0454 -0.8658
vn 0.4986 0.0456 -0.8656
vn -1.0000 0.0000 -0.0000
vn -1.0000 0.0001 0.0000
vn -1.0000 0.0004 0.0000
vn 0.4923 0.6746 0.5500
vn 0.4925 0.6751 0.5493
vn 0.4838 0.2904 0.8256
vn 0.4844 0.2916 0.8248
vn 0.4784 0.2894 0.8291
vn -0.8103 0.3058 0.4999
vn -0.8195 -0.3410 0.4605
vn -0.8170 -0.3403 0.4656
vn -0.8156 0.3023 0.4934
vn -0.4798 -0.3554 0.8022
vn -0.4842 -0.3584 0.7982
vn -0.4983 -0.0453 0.8658
vn -0.4979 -0.0452 0.8661
vn -0.4979 -0.0453 0.8660
vn 0.4985 -0.0454 0.8657
vn 0.4984 -0.0454 0.8657
vn -0.0008 -0.0528 0.9986
vn -0.0002 -0.0525 0.9986
vn -0.0001 -0.0526 0.9986
vn -0.0004 -0.0529 0.9986
vn -0.0000 -0.0524 0.9986
vn -0.0002 -0.0524 0.9986
vn 0.0007 -0.0524 0.9986
vn -0.0003 -0.0544 0.9985
vn -0.0005 -0.0542 0.9985
vn -0.0001 -0.0538 0.9985
vn -0.0000 -0.0538 0.9985
vn -0.0001 -0.0540 0.9985
vn -0.0001 -0.0539 0.9985
vn -0.0002 -0.0539 0.9985
vn -0.4851 -0.2673 -0.8326
vn -0.4982 0.0453 -0.8659
vn -0.4986 0.0454 -0.8657
vn -0.4824 -0.2727 -0.8324
vn -0.4801 -0.2722 -0.8339
vn -0.5580 0.6986 -0.4478
vn -0.5585 0.6980 -0.4483
vn -0.8274 0.3031 -0.4728
vn -0.8275 0.3031 -0.4727
vn -0.1667 -0.8279 -0.5355
vn -0.1617 -0.8268 -0.5387
vn -0.1634 -0.8268 -0.5383
vn -0.1679 -0.8272 -0.5363
vn 0.8161 -0.3423 0.4657
vn 0.8202 -0.3400 0.4601
vn 0.5505 -0.7046 0.4478
vn 0.5469 -0.7062 0.4497
vn 0.4896 -0.8630 0.1248
vn 0.4898 -0.8627 0.1260
vn 0.4922 -0.8607 0.1304
vn 0.8669 0.0273 -0.4977
vn 0.8669 0.0272 -0.4977
vn 0.8131 0.3575 -0.4593
vn 0.8140 0.3569 -0.4583
vn 0.8097 0.3599 -0.4636
vn 0.1735 0.8261 0.5362
vn 0.5158 0.6734 0.5297
vn 0.5152 0.6745 0.5287
vn 0.5277 -0.6633 -0.5306
vn 0.5261 -0.6645 -0.5307
vn 0.5212 -0.6706 -0.5279
vn 0.8225 0.3205 -0.4699
vn 0.8373 0.3019 -0.4559
vn 0.1874 0.8790 -0.4385
vn 0.1887 0.8786 -0.4387
vn -0.8669 -0.0270 0.4977
vn -0.8670 -0.0270 0.4977
vn -0.8672 0.0273 -0.4972
vn -0.8671 0.0271 -0.4973
vn -0.8670 0.0273 -0.4976
vn -0.4898 -0.8378 -0.2414
vn -0.4907 -0.6447 -0.5862
vn -0.4919 -0.6433 -0.5867
vn -0.4902 -0.8374 -0.2418
vn -0.0001 0.0545 -0.9985
vn -0.0001 0.0543 -0.9985
vn -0.0003 0.0535 -0.9986
vn -0.0006 0.0540 -0.9985
vn -0.4934 -0.7065 0.5073
vn -0.4909 -0.8588 0.1464
vn -0.4912 -0.8587 0.1465
vn -0.4908 -0.7072 0.5090
vn -0.1923 -0.8183 -0.5417
vn -0.5471 -0.6456 -0.5328
vn 0.4908 0.8605 -0.1365
vn 0.4917 0.8599 -0.1368
vn 0.4920 0.8441 0.2132
vn 0.4924 0.8440 0.2128
vn -0.4836 0.2879 0.8266
vn -0.4851 0.2872 0.8260
vn -0.4811 0.2930 0.8263
vn -0.4930 0.6743 0.5498
vn -0.4929 0.6753 0.5486
vn -0.8348 -0.2631 -0.4837
vn -0.8163 -0.2854 -0.5022
vn -0.8158 -0.2857 -0.5028
vn 0.4903 -0.6440 -0.5872
vn 0.4905 -0.6448 -0.5861
vn 0.4849 -0.2707 -0.8317
vn 0.4856 -0.2713 -0.8310
vn 0.4799 -0.2690 -0.8350
vn -0.5058 0.8558 -0.1082
vn -0.4900 0.8593 -0.1464
vn -0.4910 0.8588 -0.1461
vn -0.5706 0.6298 0.5271
vn -0.5551 0.6388 0.5326
vn -0.8205 0.2686 0.5047
vn -0.8342 0.2530 0.4900
vn 1.0000 -0.0000 -0.0000
vn 1.0000 -0.0001 -0.0000
vn 1.0000 -0.0005 -0.0000
vn 0.4901 -0.6647 -0.5639
vn 0.4921 -0.6652 -0.5616
vn 0.4940 -0.6694 -0.5548
vn 0.4932 -0.6689 -0.5562
vn 0.4922 0.6353 0.5951
vn 0.4854 0.6253 0.6111
vn 0.5060 0.8402 0.1951
vn 0.4892 0.8393 0.2374
vn -0.4896 0.7262 -0.4826
vn -0.4894 0.7270 -0.4817
vn -0.4828 0.3737 -0.7920
vn -0.4767 0.3715 -0.7967
vn -0.4765 0.2526 0.8421
vn -0.4985 -0.0454 0.8657
vn -0.4985 -0.0453 0.8657
vn -0.4766 0.2520 0.8422
vn 0.8172 -0.2890 -0.4987
vn 0.5448 -0.6487 -0.5314
vn 0.8162 -0.2855 -0.5022
vn 0.8156 -0.2850 -0.5036
vn -0.1645 -0.8812 0.4432
vn -0.1680 -0.8791 0.4460
vn -0.1645 -0.8792 0.4471
vn -0.1627 -0.8817 0.4428
vn -0.8137 0.3569 -0.4588
vn -0.8152 0.3527 -0.4594
vn -0.8189 -0.2844 -0.4985
vn -0.8193 -0.2842 -0.4980
vn -0.8156 -0.2853 -0.5034
vn -0.4945 0.6974 -0.5188
vn -0.4890 0.6896 -0.5342
vn -0.4888 0.6895 -0.5344
vn -0.5169 0.7256 -0.4542
vn -0.5166 0.7261 -0.4538
vn -0.1772 0.8771 -0.4465
vn -0.1760 0.8776 -0.4458
vn 0.1734 0.8782 -0.4458
vn 0.5153 0.7269 -0.4540
vn 0.1741 0.8781 -0.4456
vn 0.1729 0.8780 -0.4463
vn -0.4910 0.8603 -0.1368
vn -0.4919 0.8442 0.2129
vn -0.4925 0.8439 0.2128
vn -0.4905 0.8605 -0.1373
vn -0.4912 -0.8466 -0.2051
vn -0.4931 -0.8445 -0.2089
vn -0.4916 -0.6695 -0.5569
vn -0.4948 -0.6623 -0.5626
vn 0.4980 -0.0454 0.8660
vn 0.4984 -0.0453 0.8658
vn 0.4987 -0.0454 0.8656
vn 0.4977 -0.0454 0.8662
vn 0.8381 -0.3056 0.4518
vn 0.8382 -0.3054 0.4517
vn 0.8670 -0.0271 0.4976
vn 0.8670 -0.0272 0.4976
vn 0.8669 0.0271 -0.4978
vn 0.8669 0.0271 -0.4977
vn -0.4738 0.3228 -0.8193
vn -0.4892 0.3384 -0.8038
vn -0.4986 0.0455 -0.8656
vn -0.4986 0.0456 -0.8656
vn 0.4982 0.0455 -0.8659
vn 0.4981 0.0455 -0.8659
vn 0.0002 0.0527 -0.9986
vn -0.0001 0.0528 -0.9986
vn -0.0003 0.0524 -0.9986
vn -0.0001 0.0525 -0.9986
vn -0.0000 0.0531 -0.9986
vn -0.8234 -0.3381 0.4558
vn -0.8248 -0.3098 0.4730
vn -0.8234 -0.3380 0.4558
vn 0.8255 -0.2522 -0.5049
vn 0.8246 -0.2842 -0.4891
vn 0.8255 -0.2518 -0.5051
vn 0.8669 -0.0270 0.4977
vn 0.4906 -0.8590 0.1464
vn 0.4907 -0.8589 0.1464
vn 0.4899 -0.8377 -0.2415
vn 0.4893 -0.8379 -0.2418
vn 0.4891 -0.8382 -0.2414
vn 0.4907 -0.8589 0.1465
vn -0.5156 0.6738 0.5293
vn -0.1765 0.8258 0.5356
vn -0.1766 0.8254 0.5362
vn -0.1769 0.8253 0.5363
vn 0.1943 -0.8178 -0.5417
vn -0.4929 -0.8610 0.1258
vn -0.4902 -0.8617 0.1307
vn -0.4930 -0.8611 0.1245
vn -0.1941 -0.8783 0.4369
vn -0.5521 -0.7014 0.4509
vn -0.5531 -0.7012 0.4499
vn 0.8103 0.3049 0.5005
vn 0.8098 0.3042 0.5017
vn 0.8110 0.3101 0.4961
vn 0.8115 0.3104 0.4951
vn 0.4791 0.3759 -0.7932
vn 0.4898 0.7268 -0.4814
vn 0.4820 0.3697 -0.7944
vn 0.4835 0.3694 -0.7936
vn 0.4940 -0.7045 0.5095
vn 0.4912 -0.7075 0.5081
vn 0.4844 -0.3541 0.8000
vn 0.4863 -0.3541 0.7988
vn 0.4811 -0.3586 0.8000
vn 0.1960 -0.8778 0.4371
vn -1.0000 0.0000 -0.0005
vn 1.0000 -0.0003 -0.0000
vn 1.0000 0.0001 0.0000
vn 1.0000 -0.0002 -0.0000
usemtl Steel_-_Satin.001
s 1
f 3785/9623/11566 3761/9624/11567 3774/9625/11568 3783/9626/11569
f 3713/9627/11570 3709/9628/11570 3711/9629/11570 3715/9630/11571
f 3757/9631/11572 3741/9632/11572 3731/9633/11572 3721/9634/11572 3712/9635/11573 3746/9636/11574 3720/9637/11574 3732/9638/11572
f 3742/9639/11575 3743/9640/11576 3753/9641/11577 3758/9642/11578 3759/9643/11579
f 3747/9644/11580 3771/9645/11581 3773/9646/11582 3763/9647/11583
f 3732/9648/11584 3733/9649/11585 3744/9650/11586 3758/9651/11587 3757/9652/11588
f 3722/9653/11589 3728/9654/11589 3716/9655/11590 3718/9656/11589
f 3762/9657/11591 3736/9658/11592 3734/9659/11593 3751/9660/11594 3739/9661/11595 3738/9662/11596 3763/9663/11597 3773/9664/11598 3781/9665/11599 3779/9666/11600 3768/9667/11601 3727/9668/11602 3776/9669/11603 3783/9670/11604 3774/9671/11603
f 3712/9672/11605 3721/9673/11606 3715/9674/11607 3711/9675/11608 3710/9676/11609
f 3775/9677/11610 3784/9678/11611 3785/9679/11612 3769/9680/11613
f 3752/9681/11614 3735/9682/11615 3728/9683/11616 3716/9684/11617
f 3766/9685/11618 3768/9686/11619 3779/9687/11620 3777/9688/11621
f 3722/9653/11622 3718/9656/11623 3730/9689/11624
f 3750/9690/11625 3766/9685/11626 3767/9691/11625 3765/9692/11627 3764/9693/11628 3749/9694/11629
f 3748/9695/11630 3738/9696/11630 3739/9697/11631 3749/9698/11632
f 3735/9699/11633 3746/9700/11634 3728/9701/11635
f 3772/9702/11636 3761/9703/11637 3785/9679/11638 3784/9678/11639
f 3769/9704/11640 3776/9705/11641 3727/9706/11640 3752/9707/11642 3717/9708/11643 3775/9709/11644
f 3720/9710/11645 3746/9711/11646 3712/9672/11647 3710/9676/11646 3714/9712/11645 3719/9713/11648
f 3767/9714/11649 3778/9715/11649 3782/9716/11649 3770/9717/11649 3760/9718/11650 3746/9719/11651 3772/9702/11649 3784/9678/11649 3775/9677/11650 3765/9720/11652
f 3733/9721/11653 3732/9722/11654 3720/9710/11654 3719/9713/11655 3725/9723/11656
f 3782/9724/11657 3780/9725/11657 3771/9726/11658 3770/9727/11657
f 3723/9728/11659 3726/9729/11660 3743/9640/11661 3742/9639/11662
f 3741/9632/11663 3757/9631/11664 3758/9730/11665 3753/9731/11666 3743/9732/11667
f 3752/9707/11668 3716/9733/11669 3717/9708/11670
f 3717/9734/11671 3714/9735/11672 3710/9736/11673 3711/9629/11674 3709/9628/11675
f 3735/9737/11676 3746/9738/11677 3762/9739/11678
f 3785/9623/11679 3783/9626/11680 3776/9740/11681 3769/9741/11682
f 3718/9742/11683 3716/9733/11684 3752/9707/11683 3734/9743/11683 3755/9744/11683 3730/9745/11685
f 3722/9746/11686 3730/9747/11687 3755/9748/11688 3756/9749/11689
f 3716/9750/11690 3728/9751/11691 3735/9752/11692 3752/9753/11693
f 3731/9754/11694 3726/9755/11695 3715/9630/11696 3721/9756/11697
f 3746/9757/11698 3728/9654/11699 3722/9653/11699 3724/9758/11700 3737/9759/11701
f 3766/9685/11702 3777/9688/11703 3778/9760/11704 3767/9691/11705
f 3734/9659/11706 3736/9658/11707 3735/9761/11708 3752/9762/11709
f 3747/9644/11710 3737/9763/11711 3760/9764/11712 3770/9765/11713 3771/9645/11714
f 3762/9739/11715 3736/9766/11716 3735/9737/11717
f 3737/9767/11718 3747/9768/11719 3748/9769/11720 3740/9770/11721
f 3751/9660/11594 3734/9659/11593 3727/9668/11602 3768/9667/11601
f 3748/9695/11722 3749/9698/11723 3764/9771/11724 3740/9772/11725
f 3731/9773/11726 3741/9774/11727 3743/9640/11728 3726/9729/11729
f 3754/9775/11730 3729/9776/11731 3722/9777/11732 3756/9778/11733
f 3758/9651/11734 3744/9650/11735 3745/9779/11736 3759/9780/11737
f 3720/9781/11738 3735/9699/11739 3762/9782/11740 3774/9783/11741 3761/9784/11741
f 3772/9785/11742 3746/9700/11742 3720/9781/11743 3761/9784/11742
f 3736/9786/11744 3762/9787/11745 3763/9788/11746 3754/9789/11747 3756/9749/11748 3755/9748/11749 3734/9790/11749
f 3716/9791/11750 3728/9792/11751 3746/9719/11651 3760/9718/11650 3737/9767/11752 3740/9770/11753 3764/9793/11754 3765/9720/11652 3775/9677/11650 3717/9794/11754
f 3734/9743/11755 3752/9707/11756 3727/9706/11757
f 3720/9781/11758 3746/9700/11759 3735/9699/11760
f 3750/9690/11761 3751/9795/11761 3768/9686/11761 3766/9685/11761
f 3727/9796/11762 3725/9797/11763 3719/9798/11764 3714/9799/11765 3717/9800/11766 3752/9801/11767
f 3747/9802/11768 3763/9803/11769 3738/9696/11770 3748/9695/11771
f 3778/9804/11772 3777/9805/11772 3780/9725/11772 3782/9724/11772
f 3729/9776/11773 3724/9806/11774 3722/9777/11775
f 3781/9807/11776 3773/9808/11777 3771/9726/11778 3780/9725/11776
f 3739/9697/11779 3751/9809/11780 3750/9810/11781 3749/9698/11782
f 3715/9630/11783 3726/9755/11784 3723/9811/11785 3713/9627/11786
f 3733/9649/11787 3725/9812/11788 3727/9813/11789 3745/9779/11790 3744/9650/11791
f 3777/9814/11792 3779/9666/11792 3781/9665/11792 3780/9815/11792
f 3763/9816/11793 3762/9817/11573 3746/9818/11573 3737/9819/11572 3724/9820/11572 3729/9821/11573 3754/9822/11573
f 3727/9796/11794 3752/9801/11683 3717/9800/11795 3709/9823/11683 3713/9824/11794 3723/9825/11796 3742/9826/11683 3759/9827/11683 3745/9828/11683
o MeshBody4_(52)_MeshBody4_(52).001
v 2.374477 1.669093 0.357133
v 2.371727 1.663671 0.357298
v 2.371727 1.669011 0.355546
v 2.368979 1.664626 0.358573
v 2.374477 1.680850 0.357466
v 2.374477 1.680442 0.360617
v 2.371727 1.661287 0.359976
v 2.374477 1.666539 0.361125
v 2.374477 1.662678 0.360748
v 2.371727 1.681721 0.362739
v 2.371727 1.660209 0.363903
v 2.368979 1.661794 0.363985
v 2.368979 1.680850 0.357466
v 2.371727 1.686135 0.358149
v 2.371726 1.666600 0.364243
v 2.374477 1.683696 0.362837
v 2.374477 1.686637 0.361625
v 2.368979 1.680442 0.360617
v 2.368979 1.683696 0.362837
v 2.368979 1.662405 0.367300
v 2.371727 1.660949 0.367923
v 2.368979 1.665315 0.366056
v 2.368979 1.685033 0.359296
v 2.374477 1.662405 0.367300
v 2.369788 1.667908 0.361558
v 2.371724 1.668073 0.367072
v 2.374477 1.687190 0.364866
v 2.368979 1.687190 0.364866
v 2.374477 1.666296 0.367353
v 2.371727 1.688777 0.364907
v 2.366210 1.669117 0.361620
v 2.371717 1.671249 0.367179
v 2.374945 1.670594 0.367161
v 2.371717 1.671465 0.361686
v 2.368979 1.686425 0.368074
v 2.374477 1.683567 0.366707
v 2.368979 1.668511 0.371599
v 2.371727 1.668304 0.373172
v 2.374477 1.668511 0.371599
v 2.367658 1.664581 0.361383
v 2.365031 1.670069 0.364397
v 2.371714 1.672944 0.364478
v 2.378414 1.670084 0.364397
v 2.380555 1.664919 0.364153
v 2.378975 1.664649 0.366893
v 2.374237 1.664304 0.364121
v 2.371727 1.685684 0.371523
v 2.368979 1.682606 0.367908
v 2.374477 1.684657 0.370317
v 2.374477 1.680137 0.368769
v 2.371727 1.680040 0.367186
v 2.368979 1.680329 0.371934
v 2.369238 1.653422 0.363550
v 2.366210 1.668896 0.367113
v 2.377238 1.669128 0.361620
v 2.380557 1.652844 0.363520
v 2.378975 1.653116 0.360782
v 2.378975 1.652857 0.366274
v 2.374234 1.653417 0.363550
v 2.366170 1.648709 0.360551
v 2.364947 1.647565 0.363244
v 2.368618 1.650725 0.360656
v 2.366170 1.648440 0.366041
v 2.368618 1.650461 0.366148
v 2.374852 1.650741 0.360657
v 2.374852 1.650476 0.366149
v 2.375700 1.645305 0.363126
v 2.375002 1.646865 0.360455
v 2.375002 1.646592 0.365945
v 2.371725 1.644392 0.363076
v 2.371722 1.645839 0.365905
v 2.371722 1.646114 0.360415
v 2.371718 1.649013 0.366072
v 2.371718 1.649280 0.360580
v 2.371715 1.650731 0.363410
vt 0.515015 0.635839
vt 0.514771 0.635672
vt 0.514771 0.635324
vt 0.515015 0.635415
vt 0.855896 0.620483
vt 0.856079 0.621216
vt 0.855835 0.621094
vt 0.855713 0.620483
vt 0.855713 0.777649
vt 0.855713 0.777344
vt 0.855957 0.777039
vt 0.855957 0.777527
vt 0.493958 0.853516
vt 0.493591 0.853668
vt 0.493591 0.853485
vt 0.493896 0.853195
vt 0.851929 0.779785
vt 0.852417 0.779724
vt 0.852417 0.780045
vt 0.851929 0.780014
vt 0.818726 0.855118
vt 0.818542 0.853653
vt 0.819031 0.853516
vt 0.819031 0.854980
vt 0.785156 0.810562
vt 0.785400 0.810898
vt 0.785400 0.811142
vt 0.784790 0.810791
vt 0.784790 0.810486
vt 0.855957 0.619751
vt 0.855713 0.620117
vt 0.779785 0.855499
vt 0.779419 0.855637
vt 0.779419 0.855427
vt 0.779419 0.855019
vt 0.779785 0.855225
vt 0.818481 0.854980
vt 0.818176 0.853775
vt 0.829346 0.855591
vt 0.829590 0.855408
vt 0.829590 0.855774
vt 0.829346 0.855713
vt 0.779541 0.853767
vt 0.779785 0.854084
vt 0.780151 0.853794
vt 0.780151 0.855057
vt 0.856323 0.619873
vt 0.856262 0.620483
vt 0.852295 0.733704
vt 0.852417 0.734192
vt 0.852051 0.734192
vt 0.856323 0.620728
vt 0.819031 0.855316
vt 0.796814 0.853233
vt 0.797119 0.853511
vt 0.797363 0.853472
vt 0.797363 0.854940
vt 0.797119 0.854761
vt 0.796509 0.854679
vt 0.784424 0.810562
vt 0.784546 0.811035
vt 0.784180 0.811035
vt 0.784058 0.810776
vt 0.855591 0.494629
vt 0.855530 0.494263
vt 0.855896 0.494263
vt 0.855957 0.494629
vt 0.818481 0.855316
vt 0.792236 0.855591
vt 0.792725 0.855835
vt 0.792480 0.855896
vt 0.808594 0.854309
vt 0.808960 0.854431
vt 0.808960 0.855164
vt 0.808594 0.855286
vt 0.515381 0.635326
vt 0.515015 0.633054
vt 0.515381 0.633184
vt 0.824585 0.853770
vt 0.824341 0.853229
vt 0.824341 0.851958
vt 0.824524 0.851939
vt 0.824707 0.853622
vt 0.855591 0.494019
vt 0.855957 0.494019
vt 0.856323 0.777222
vt 0.856323 0.777649
vt 0.493286 0.851395
vt 0.492859 0.852020
vt 0.492676 0.851990
vt 0.492920 0.851440
vt 0.514771 0.660065
vt 0.514771 0.659409
vt 0.514771 0.658157
vt 0.515076 0.658142
vt 0.515076 0.659973
vt 0.792725 0.855408
vt 0.825867 0.853615
vt 0.825256 0.853864
vt 0.824951 0.853342
vt 0.825500 0.853490
vt 0.514771 0.657516
vt 0.515076 0.657364
vt 0.515381 0.657516
vt 0.515381 0.658157
vt 0.783936 0.811661
vt 0.784302 0.811325
vt 0.784546 0.812424
vt 0.784912 0.812607
vt 0.785278 0.812469
vt 0.785400 0.812637
vt 0.785156 0.812805
vt 0.784546 0.812820
vt 0.792114 0.854370
vt 0.792480 0.854675
vt 0.792725 0.854370
vt 0.792114 0.855408
vt 0.506104 0.852862
vt 0.506104 0.854693
vt 0.505798 0.854807
vt 0.505798 0.854132
vt 0.505798 0.852900
vt 0.824890 0.851279
vt 0.825256 0.851198
vt 0.825867 0.851468
vt 0.825684 0.853138
vt 0.825623 0.851682
vt 0.825256 0.851531
vt 0.824951 0.851686
vt 0.824951 0.852933
vt 0.506409 0.852456
vt 0.506409 0.854129
vt 0.506409 0.854597
vt 0.506104 0.852336
vt 0.797363 0.853150
vt 0.856323 0.778259
vt 0.855957 0.778320
vt 0.808960 0.853455
vt 0.808594 0.853333
vt 0.795563 0.855225
vt 0.795715 0.855347
vt 0.795532 0.855713
vt 0.795349 0.855591
vt 0.515381 0.659866
vt 0.797119 0.854963
vt 0.796814 0.855068
vt 0.825562 0.852013
vt 0.825256 0.851731
vt 0.855713 0.778259
vt 0.808594 0.855591
vt 0.808350 0.855469
vt 0.808350 0.855164
vt 0.818359 0.853302
vt 0.808350 0.854431
vt 0.515381 0.635674
vt 0.493286 0.853928
vt 0.492859 0.853256
vt 0.493347 0.852249
vt 0.493286 0.853516
vt 0.493896 0.852249
vt 0.493896 0.851944
vt 0.494202 0.851562
vt 0.494202 0.853729
vt 0.493591 0.854004
vt 0.852417 0.780426
vt 0.852051 0.780426
vt 0.792236 0.856018
vt 0.784668 0.812180
vt 0.785156 0.812134
vt 0.514771 0.633178
vt 0.818726 0.853516
vt 0.780029 0.855465
vt 0.493591 0.851318
vt 0.493591 0.851654
vt 0.493347 0.851837
vt 0.797363 0.855203
vt 0.808960 0.855469
vt 0.795715 0.856079
vt 0.795593 0.856323
vt 0.795410 0.856323
vt 0.795288 0.856079
vn -0.1931 -0.8736 0.4467
vn -0.5501 -0.6977 0.4590
vn -0.5507 -0.6979 0.4580
vn 0.4914 0.8471 0.2024
vn 0.4916 0.6849 0.5378
vn 0.4918 0.8470 0.2019
vn 0.1728 0.8347 0.5229
vn 0.5142 0.6832 0.5186
vn 0.5129 0.6841 0.5186
vn 0.1880 0.8261 0.5312
vn 0.1906 0.8248 0.5323
vn 0.8281 0.2482 0.5026
vn 0.8279 0.2480 0.5030
vn -0.4919 -0.8479 -0.1974
vn -0.4897 -0.8502 -0.1932
vn -0.4895 -0.8499 -0.1948
vn -0.4923 -0.8476 -0.1981
vn 0.4983 -0.0243 0.8667
vn 0.4856 -0.2730 -0.8305
vn 0.4871 -0.2722 -0.8299
vn 0.4814 -0.2697 -0.8340
vn 0.4916 -0.6485 -0.5812
vn 0.4918 -0.6486 -0.5809
vn 0.4925 0.7172 -0.4930
vn 0.4926 0.8576 -0.1479
vn 0.4919 0.8581 -0.1474
vn -0.1633 -0.8322 -0.5299
vn -0.1647 -0.8321 -0.5296
vn -0.1681 -0.8327 -0.5276
vn -0.8164 -0.2872 -0.5010
vn -0.8172 -0.2868 -0.4999
vn -0.8362 -0.2638 -0.4809
vn -0.8361 -0.2642 -0.4808
vn -0.4981 -0.0244 0.8668
vn -0.4979 -0.0259 0.8669
vn -0.4987 -0.0243 0.8664
vn -0.4984 -0.0243 0.8666
vn 0.4898 0.8420 0.2261
vn 0.4896 0.8422 0.2260
vn 0.5072 0.8421 0.1832
vn 0.5079 0.8417 0.1831
vn -0.8670 0.0263 -0.4977
vn -0.8669 -0.0260 0.4977
vn -0.8670 -0.0260 0.4977
vn -0.4921 0.8580 -0.1474
vn -0.4928 0.8577 -0.1466
vn -0.4914 0.8584 -0.1471
vn -0.4934 0.7173 -0.4919
vn -0.4891 0.8579 -0.1572
vn -0.4890 0.8579 -0.1575
vn -0.5051 0.8546 -0.1201
vn -0.4921 0.6836 0.5390
vn -0.4915 0.6844 0.5385
vn -0.4922 0.8466 0.2024
vn -0.4914 0.8471 0.2024
vn 0.4910 -0.3009 0.8175
vn 0.4741 -0.3329 0.8151
vn 0.4741 -0.3334 0.8149
vn -0.4983 0.0245 -0.8667
vn 0.4983 0.0245 -0.8666
vn 0.4983 0.0244 -0.8666
vn -0.4982 0.0244 -0.8667
vn -0.4983 0.0244 -0.8667
vn 0.4905 -0.8405 -0.2303
vn 0.4905 -0.8405 -0.2302
vn 0.4897 -0.8575 0.1579
vn -0.8218 0.2706 0.5015
vn -0.8348 0.2555 0.4876
vn -0.5717 0.6350 0.5196
vn -0.5559 0.6434 0.5263
vn -0.4892 -0.7098 0.5068
vn -0.4924 -0.7094 0.5044
vn -0.4942 -0.7127 0.4978
vn 0.1676 -0.8333 -0.5269
vn 0.1723 -0.8309 -0.5291
vn 0.1696 -0.8306 -0.5303
vn 0.8148 -0.3407 0.4691
vn 0.8186 -0.3390 0.4637
vn 0.5483 -0.7012 0.4557
vn 0.5448 -0.7024 0.4580
vn -0.8209 -0.2859 -0.4944
vn -0.8171 -0.2873 -0.4998
vn -0.8111 0.3539 -0.4658
vn -0.8120 0.3520 -0.4655
vn 0.8083 0.3569 -0.4682
vn 0.8668 0.0262 -0.4979
vn 0.8102 0.3555 -0.4660
vn -0.8262 0.3018 -0.4758
vn -0.8262 0.3019 -0.4757
vn -0.5561 0.6951 -0.4556
vn -0.5564 0.6950 -0.4555
vn 0.1743 0.8711 -0.4591
vn 0.5166 0.7183 -0.4660
vn 0.1752 0.8707 -0.4596
vn 0.1734 0.8704 -0.4608
vn 0.8115 0.3074 0.4970
vn 0.8117 0.3054 0.4979
vn 0.8137 0.3137 0.4894
vn 0.8141 0.3144 0.4883
vn -0.4820 0.3074 0.8204
vn -0.4979 -0.0247 0.8669
vn -0.4767 0.3117 0.8220
vn 0.5299 -0.6683 -0.5220
vn 0.5243 -0.6745 -0.5198
vn 0.5309 -0.6664 -0.5235
vn 0.0017 0.0364 -0.9993
vn -0.0020 0.0369 -0.9993
vn 0.0093 0.0410 -0.9991
vn 0.0014 0.0372 -0.9993
vn -0.0041 0.0360 -0.9993
vn -0.4799 -0.3537 0.8029
vn -0.4894 -0.7023 0.5170
vn -0.4890 -0.7028 0.5167
vn -0.4837 -0.3566 0.7993
vn 0.4894 -0.7036 0.5152
vn 0.4837 -0.3539 0.8005
vn 0.4844 -0.3529 0.8005
vn 0.4791 -0.3568 0.8020
vn 1.0000 -0.0001 0.0000
vn 1.0000 -0.0000 0.0000
vn 1.0000 0.0003 0.0000
vn 0.8670 -0.0261 0.4976
vn 0.8667 0.0260 -0.4982
vn 0.8669 0.0261 -0.4978
vn 0.8670 0.0261 -0.4977
vn 0.8670 -0.0262 0.4976
vn 0.8670 -0.0262 0.4977
vn 0.4989 0.0247 -0.8663
vn 0.4780 0.3567 -0.8027
vn 0.4840 0.3513 -0.8015
vn -0.0006 0.0522 -0.9986
vn -0.0002 0.0523 -0.9986
vn 0.0005 0.0521 -0.9986
vn -0.0003 0.0523 -0.9986
vn -0.0008 0.0523 -0.9986
vn -0.4867 -0.2687 -0.8312
vn -0.4790 0.3520 -0.8041
vn -0.4774 0.3523 -0.8049
vn -0.4830 0.3562 -0.7999
vn -0.4822 -0.2729 -0.8325
vn -0.4815 -0.2731 -0.8328
vn 0.4883 -0.6749 -0.5532
vn 0.4891 -0.6761 -0.5511
vn 0.4917 -0.6799 -0.5440
vn -0.5189 0.7168 -0.4658
vn -0.5185 0.7172 -0.4656
vn -0.1776 0.8698 -0.4604
vn -0.1774 0.8703 -0.4595
vn 0.8670 -0.0260 0.4976
vn -0.4899 -0.8574 0.1579
vn 0.4981 -0.0246 0.8668
vn 0.4762 0.3077 0.8238
vn 0.4813 0.3112 0.8194
vn -0.4711 0.3194 -0.8222
vn -0.4720 0.3194 -0.8217
vn -0.4870 0.3365 -0.8060
vn -0.4864 0.3369 -0.8061
vn 0.8211 0.3195 -0.4729
vn 0.8357 0.3009 -0.4594
vn 0.1857 0.8744 -0.4483
vn 0.1873 0.8747 -0.4471
vn -0.5136 0.6837 0.5184
vn -0.1760 0.8338 0.5233
vn -0.1750 0.8338 0.5236
vn -0.1749 0.8342 0.5230
vn 0.1955 -0.8235 -0.5326
vn 0.1951 -0.8237 -0.5324
vn -0.4908 0.2344 0.8391
vn -0.4784 0.2538 0.8407
vn -0.4792 0.2541 0.8402
vn 0.8170 -0.2870 -0.5002
vn 0.8191 -0.2898 -0.4950
vn 0.5467 -0.6529 -0.5242
vn 0.8170 -0.2880 -0.4995
vn -0.5492 -0.6497 -0.5255
vn -0.1933 -0.8241 -0.5325
vn -0.1928 -0.8239 -0.5329
vn -0.1930 -0.8236 -0.5333
vn -0.0006 -0.0524 0.9986
vn -0.0004 -0.0526 0.9986
vn -0.0003 -0.0524 0.9986
vn -0.0001 -0.0524 0.9986
vn -0.0007 -0.0524 0.9986
vn -1.0000 -0.0003 0.0000
vn -1.0000 0.0003 0.0000
vn 0.1705 -0.8747 0.4538
vn 0.1645 -0.8746 0.4560
vn 0.1669 -0.8754 0.4536
vn 0.4920 -0.8487 -0.1941
vn 0.4903 -0.8487 -0.1984
vn 0.4917 -0.8480 -0.1980
vn 0.4934 -0.8482 -0.1929
vn 0.4894 0.3158 -0.8128
vn 0.4754 0.3390 -0.8118
vn 0.4899 0.3158 -0.8126
vn -0.8187 0.3042 0.4869
vn -0.8108 0.3082 0.4977
vn -0.8180 -0.3395 0.4644
vn -0.8165 -0.3359 0.4695
vn -0.5044 0.8340 0.2238
vn -0.4847 0.8551 0.1842
vn -0.4851 0.8548 0.1843
vn -0.8234 -0.3094 0.4758
vn -0.8231 -0.3093 0.4762
vn -0.8213 -0.3382 0.4595
vn -0.8213 -0.3381 0.4595
vn 0.0012 -0.0372 0.9993
vn 0.0009 -0.0368 0.9993
vn 0.0097 -0.0411 0.9991
vn 0.0012 -0.0370 0.9993
vn -0.0005 -0.0520 0.9986
vn -0.0001 -0.0520 0.9986
vn -0.0003 -0.0522 0.9986
vn 0.4933 0.6831 -0.5386
vn 0.4867 0.6967 -0.5270
vn 0.4866 0.6968 -0.5269
vn 0.1950 -0.8731 0.4468
vn -0.4928 -0.6481 -0.5806
vn -0.4940 -0.6475 -0.5803
vn -0.4940 -0.6481 -0.5796
vn -0.4907 -0.8404 -0.2302
vn -0.4910 -0.8401 -0.2304
vn -0.4903 -0.8406 -0.2300
usemtl Steel_-_Satin.001
s 1
f 3855/9829/11797 3856/9830/11797 3848/9831/11798 3846/9832/11799
f 3815/9833/11800 3832/9834/11801 3834/9835/11800 3812/9836/11802
f 3817/9837/11803 3818/9838/11804 3828/9839/11805 3827/9840/11803
f 3849/9841/11806 3858/9842/11807 3860/9843/11808 3838/9844/11809
f 3795/9845/11810 3836/9846/11811 3833/9847/11812 3804/9848/11813
f 3795/9849/11814 3810/9850/11814 3793/9851/11814 3791/9852/11814
f 3787/9853/11815 3788/9854/11816 3786/9855/11817 3794/9856/11818 3792/9857/11819
f 3799/9858/11820 3815/9833/11821 3812/9836/11822 3802/9859/11820
f 3800/9860/11823 3810/9861/11824 3793/9862/11825
f 3793/9862/11826 3794/9863/11827 3831/9864/11828 3800/9860/11829
f 3810/9850/11830 3795/9849/11831 3803/9865/11832 3816/9866/11833
f 3831/9867/11834 3793/9868/11835 3810/9869/11836 3800/9870/11837
f 3794/9863/11838 3850/9871/11838 3844/9872/11839 3851/9873/11840 3809/9874/11840 3831/9864/11838
f 3808/9875/11841 3813/9876/11842 3815/9833/11843 3799/9858/11844
f 3825/9877/11845 3807/9878/11846 3800/9879/11847
f 3820/9880/11848 3832/9834/11849 3815/9833/11850 3813/9876/11851
f 3795/9849/11852 3791/9852/11853 3801/9881/11854
f 3833/9882/11855 3836/9883/11856 3835/9884/11856 3814/9885/11857 3811/9886/11858 3839/9887/11859
f 3796/9888/11860 3792/9857/11861 3794/9856/11860 3831/9889/11862 3809/9890/11862 3806/9891/11862
f 3851/9892/11863 3844/9893/11864 3860/9894/11865 3858/9895/11866
f 3795/9849/11867 3804/9896/11868 3803/9865/11869
f 3807/9897/11870 3810/9898/11871 3800/9899/11872
f 3841/9900/11873 3843/9901/11874 3854/9902/11875 3852/9903/11876
f 3845/9904/11877 3846/9832/11878 3826/9905/11879 3816/9906/11880
f 3828/9907/11881 3829/9908/11882 3841/9909/11882 3842/9910/11882 3840/9911/11883
f 3860/9894/11884 3844/9893/11885 3850/9912/11886 3859/9913/11887
f 3827/9840/11888 3828/9839/11889 3840/9914/11890 3819/9915/11891
f 3818/9916/11892 3830/9917/11893 3829/9918/11894 3828/9919/11895
f 3820/9920/11896 3837/9921/11897 3822/9922/11897 3823/9923/11897 3832/9924/11898
f 3825/9925/11899 3810/9898/11900 3807/9897/11901
f 3816/9926/11902 3819/9927/11903 3840/9911/11904 3793/9928/11905 3810/9929/11906
f 3822/9922/11907 3805/9930/11908 3806/9931/11909 3823/9923/11910
f 3806/9931/11911 3809/9932/11912 3824/9933/11913 3823/9923/11914
f 3824/9934/11915 3809/9890/11915 3831/9889/11915 3814/9935/11915 3835/9936/11915 3821/9937/11915 3801/9938/11916 3802/9939/11915 3812/9940/11915 3834/9941/11917
f 3849/9942/11918 3838/9943/11919 3847/9944/11920 3825/9925/11921 3807/9897/11922 3805/9945/11923
f 3788/9946/11924 3799/9947/11925 3802/9948/11926 3790/9949/11924 3786/9950/11924
f 3840/9911/11927 3842/9910/11928 3853/9951/11928 3857/9952/11928 3845/9953/11928 3816/9926/11929 3810/9929/11930 3825/9954/11930 3847/9955/11930 3859/9956/11928 3850/9957/11928 3794/9958/11928 3793/9928/11931
f 3789/9959/11932 3798/9960/11933 3808/9961/11934 3799/9947/11935 3788/9946/11936 3787/9962/11937
f 3836/9883/11938 3821/9963/11939 3835/9884/11940
f 3816/9964/11941 3826/9965/11942 3827/9840/11943 3819/9915/11944
f 3830/9966/11945 3843/9901/11945 3841/9900/11945 3829/9967/11945
f 3806/9968/11946 3805/9969/11946 3797/9970/11946 3796/9971/11946
f 3824/9933/11947 3834/9972/11948 3832/9924/11949 3823/9923/11947
f 3811/9886/11950 3800/9973/11951 3807/9974/11952 3839/9887/11953
f 3847/9955/11954 3838/9975/11955 3860/9976/11956 3859/9956/11957
f 3826/9965/11958 3839/9977/11959 3817/9837/11960 3827/9840/11961
f 3852/9903/11962 3855/9978/11962 3857/9979/11963 3853/9980/11962
f 3810/9850/11964 3816/9866/11965 3825/9981/11966
f 3842/9982/11967 3841/9900/11968 3852/9903/11969 3853/9980/11970
f 3846/9832/11971 3845/9904/11972 3857/9983/11973 3855/9829/11974
f 3854/9984/11975 3843/9985/11976 3809/9986/11977 3851/9987/11975 3858/9842/11978 3849/9841/11975 3805/9988/11975 3807/9989/11979 3839/9990/11979 3848/9991/11979 3856/9992/11975
f 3820/9993/11980 3813/9994/11980 3804/9848/11981 3833/9847/11980
f 3807/9897/11982 3800/9899/11983 3811/9995/11984
f 3801/9938/11985 3821/9937/11986 3836/9996/11987 3795/9997/11988
f 3811/9886/11989 3814/9885/11990 3800/9973/11991
f 3839/9998/11992 3826/9905/11993 3846/9832/11994 3848/9831/11995
f 3825/9981/11996 3800/9999/11997 3810/9850/11998
f 3800/9860/11999 3831/9864/12000 3809/9874/12001 3814/10000/12002
f 3818/9916/12003 3817/10001/12004 3839/9990/12005 3807/9989/12006 3811/10002/12007 3814/10003/12008 3809/9986/11977 3843/9985/11976 3830/9917/12009
f 3800/9973/12010 3814/9885/12011 3831/10004/12012
f 3855/9978/12013 3852/9903/12013 3854/9902/12013 3856/10005/12013
f 3825/10006/12014 3789/10007/12015 3787/10008/12016 3792/10009/12017 3796/9971/12018 3797/9970/12019
o MeshBody4_(53)_MeshBody4_(53).001
v 2.374477 1.701435 0.358043
v 2.371727 1.696008 0.358340
v 2.371727 1.701336 0.356459
v 2.368979 1.696978 0.359591
v 2.374477 1.713194 0.358344
v 2.374477 1.712819 0.361496
v 2.371727 1.693653 0.361074
v 2.371727 1.713380 0.356767
v 2.374477 1.698921 0.362094
v 2.374477 1.695053 0.361812
v 2.371727 1.714120 0.363612
v 2.371727 1.692619 0.365026
v 2.368979 1.694205 0.365067
v 2.371727 1.718485 0.359000
v 2.374477 1.694205 0.365067
v 2.371726 1.699016 0.365208
v 2.374477 1.716096 0.363703
v 2.374477 1.719023 0.362476
v 2.368979 1.712819 0.361496
v 2.368979 1.716096 0.363703
v 2.368979 1.694854 0.368367
v 2.371727 1.693405 0.369025
v 2.368979 1.697750 0.367052
v 2.368979 1.717395 0.360154
v 2.371727 1.720485 0.361863
v 2.374477 1.694854 0.368367
v 2.369788 1.700296 0.362494
v 2.371724 1.700521 0.368001
v 2.374477 1.697750 0.367052
v 2.368979 1.719610 0.365714
v 2.371727 1.721197 0.365748
v 2.366210 1.701507 0.362529
v 2.371717 1.703697 0.368090
v 2.374945 1.703042 0.368072
v 2.371717 1.703855 0.362595
v 2.368979 1.718879 0.368927
v 2.374477 1.716007 0.367574
v 2.374477 1.718879 0.368927
v 2.371727 1.720315 0.369604
v 2.368979 1.701007 0.372515
v 2.371727 1.700817 0.374091
v 2.374477 1.701007 0.372515
v 2.367658 1.696965 0.362400
v 2.365031 1.702488 0.365306
v 2.371714 1.705362 0.365386
v 2.378414 1.702502 0.365306
v 2.374945 1.703202 0.362576
v 2.380555 1.697333 0.365162
v 2.378975 1.697094 0.367905
v 2.371727 1.718174 0.372379
v 2.368979 1.715058 0.368778
v 2.374477 1.712599 0.369650
v 2.371727 1.712486 0.368068
v 2.368979 1.712825 0.372816
v 2.371727 1.712938 0.374398
v 2.374477 1.712825 0.372816
v 2.364498 1.685483 0.362080
v 2.369238 1.685825 0.364838
v 2.366210 1.701344 0.368024
v 2.364498 1.697087 0.367905
v 2.378975 1.697265 0.362409
v 2.380557 1.685246 0.364822
v 2.378975 1.685486 0.362080
v 2.378975 1.685294 0.367574
v 2.374234 1.685820 0.364838
v 2.366170 1.681072 0.361956
v 2.364947 1.679962 0.364675
v 2.368618 1.683091 0.362012
v 2.366170 1.680872 0.367449
v 2.368618 1.682895 0.367506
v 2.374852 1.683107 0.362012
v 2.374852 1.682911 0.367506
v 2.375700 1.677700 0.364611
v 2.375002 1.679227 0.361903
v 2.375002 1.679024 0.367398
v 2.371725 1.676786 0.364585
v 2.371722 1.678270 0.367377
v 2.371722 1.678475 0.361883
v 2.371718 1.681446 0.367466
v 2.371718 1.681645 0.361972
v 2.371715 1.683132 0.364763
vt 0.515381 0.676407
vt 0.515076 0.676392
vt 0.515076 0.675598
vt 0.515381 0.675751
vt 0.787170 0.849152
vt 0.787170 0.847900
vt 0.787476 0.847889
vt 0.787476 0.849117
vt 0.820557 0.853363
vt 0.820557 0.853928
vt 0.820557 0.854950
vt 0.820312 0.855270
vt 0.819824 0.855217
vt 0.819702 0.854836
vt 0.819946 0.853401
vt 0.492310 0.855377
vt 0.492065 0.853912
vt 0.492554 0.853775
vt 0.492554 0.855240
vt 0.855469 0.781235
vt 0.855225 0.781250
vt 0.855225 0.780594
vt 0.855469 0.780441
vt 0.856323 0.738647
vt 0.855957 0.738770
vt 0.855957 0.738342
vt 0.856201 0.738342
vt 0.784790 0.854340
vt 0.784790 0.855606
vt 0.784424 0.855316
vt 0.784180 0.855637
vt 0.784058 0.854385
vt 0.784424 0.854446
vt 0.492004 0.855591
vt 0.492004 0.855240
vt 0.850586 0.808350
vt 0.850281 0.808472
vt 0.850159 0.808105
vt 0.850098 0.807739
vt 0.850464 0.807739
vt 0.787170 0.847324
vt 0.787231 0.847057
vt 0.787537 0.847202
vt 0.852173 0.728447
vt 0.851562 0.728195
vt 0.851562 0.728050
vt 0.852051 0.728134
vt 0.852295 0.728355
vt 0.854980 0.848267
vt 0.855225 0.848450
vt 0.855103 0.848694
vt 0.854858 0.848572
vt 0.788452 0.853287
vt 0.788452 0.853462
vt 0.788147 0.853340
vt 0.788147 0.853035
vt 0.854492 0.801682
vt 0.854614 0.801971
vt 0.854614 0.803238
vt 0.854248 0.802933
vt 0.854004 0.803238
vt 0.854004 0.801773
vt 0.788147 0.853752
vt 0.787659 0.853134
vt 0.788025 0.852081
vt 0.788757 0.853271
vt 0.789062 0.851738
vt 0.789062 0.853462
vt 0.788513 0.853798
vt 0.822144 0.855774
vt 0.822144 0.855408
vt 0.822510 0.855469
vt 0.822510 0.855835
vt 0.840881 0.855957
vt 0.840576 0.855835
vt 0.840576 0.855347
vt 0.840881 0.855347
vt 0.784668 0.853943
vt 0.784424 0.853912
vt 0.842285 0.535690
vt 0.842285 0.536057
vt 0.841919 0.535721
vt 0.852844 0.508221
vt 0.852173 0.508541
vt 0.852173 0.508327
vt 0.852722 0.508064
vt 0.855591 0.762505
vt 0.855591 0.764229
vt 0.855591 0.764664
vt 0.855225 0.764786
vt 0.855225 0.762413
vt 0.855225 0.849121
vt 0.854980 0.849365
vt 0.854736 0.849365
vt 0.854736 0.848999
vt 0.855835 0.780594
vt 0.855835 0.781250
vt 0.787170 0.849667
vt 0.787537 0.849701
vt 0.787231 0.849854
vt 0.514771 0.676407
vt 0.514771 0.675751
vt 0.855988 0.745239
vt 0.855621 0.745239
vt 0.855988 0.744873
vt 0.850098 0.807373
vt 0.850281 0.807007
vt 0.850586 0.807129
vt 0.855835 0.529053
vt 0.855835 0.529846
vt 0.855591 0.529480
vt 0.855591 0.529175
vt 0.853516 0.530518
vt 0.853699 0.530273
vt 0.854004 0.530029
vt 0.854004 0.530518
vt 0.491882 0.853561
vt 0.492310 0.853790
vt 0.788269 0.851456
vt 0.788025 0.851776
vt 0.787537 0.851891
vt 0.787903 0.851227
vt 0.788208 0.851120
vt 0.788818 0.851311
vt 0.788635 0.852020
vt 0.788574 0.851715
vt 0.855957 0.737610
vt 0.856323 0.737732
vt 0.854004 0.801422
vt 0.849976 0.808105
vt 0.849915 0.807739
vt 0.803894 0.854565
vt 0.803894 0.855137
vt 0.803589 0.855071
vt 0.803589 0.854856
vt 0.854568 0.516968
vt 0.854736 0.516479
vt 0.854935 0.516479
vt 0.854935 0.516846
vt 0.851746 0.506176
vt 0.852051 0.506016
vt 0.852051 0.506226
vt 0.851807 0.506516
vt 0.851196 0.728264
vt 0.852173 0.730598
vt 0.851929 0.730583
vt 0.851562 0.730873
vt 0.851196 0.730797
vt 0.850830 0.730141
vt 0.850830 0.728889
vt 0.785889 0.829666
vt 0.785645 0.829590
vt 0.785889 0.829346
vt 0.855835 0.737732
vt 0.855713 0.738342
vt 0.856201 0.529480
vt 0.856201 0.530151
vt 0.855957 0.530273
vt 0.783539 0.812866
vt 0.783264 0.812622
vt 0.783539 0.812500
vt 0.856201 0.529114
vt 0.852417 0.506153
vt 0.852356 0.506500
vt 0.514771 0.677658
vt 0.515076 0.677673
vt 0.515381 0.677658
vt 0.852539 0.728897
vt 0.852539 0.730171
vt 0.852295 0.730728
vt 0.491699 0.854034
vt 0.784180 0.854065
vt 0.784058 0.853760
vt 0.855469 0.782516
vt 0.855225 0.782501
vt 0.855835 0.782501
vt 0.856201 0.528748
vt 0.855957 0.528564
vt 0.492554 0.855591
vt 0.851868 0.508266
vt 0.851379 0.507664
vt 0.851868 0.507408
vt 0.851868 0.507812
vt 0.852356 0.507950
vt 0.852600 0.507595
vt 0.852844 0.506390
vt 0.854980 0.764664
vt 0.854980 0.762993
vt 0.854980 0.762512
vt 0.803284 0.855186
vt 0.802979 0.854820
vt 0.854492 0.848938
vt 0.854614 0.848633
vt 0.854614 0.848328
vt 0.851440 0.508263
vt 0.851196 0.507732
vt 0.515076 0.678223
vt 0.514771 0.678284
vt 0.803101 0.853365
vt 0.803406 0.853621
vt 0.803711 0.853550
vt 0.855957 0.745605
vt 0.851318 0.506435
vt 0.851746 0.505772
vt 0.852051 0.505684
vt 0.852661 0.505936
vt 0.855835 0.738708
vt 0.854614 0.799835
vt 0.854614 0.801300
vt 0.854004 0.801285
vt 0.853882 0.800095
vt 0.854126 0.799744
vt 0.829224 0.851273
vt 0.829590 0.851196
vt 0.829956 0.851273
vt 0.830444 0.851944
vt 0.830444 0.853180
vt 0.829956 0.853806
vt 0.829224 0.853821
vt 0.828857 0.853180
vt 0.828857 0.851929
vn 0.4858 -0.3349 0.8073
vn 0.4806 -0.3385 0.8090
vn 0.4912 -0.6947 0.5255
vn 0.4851 -0.3353 0.8076
vn 0.4986 0.0222 -0.8666
vn 1.0000 0.0000 0.0000
vn 1.0000 0.0001 -0.0000
vn 0.4986 -0.0221 0.8666
vn 0.4983 -0.0221 0.8667
vn 0.4986 -0.0221 0.8665
vn 0.8163 -0.3297 0.4744
vn 0.8201 -0.3276 0.4692
vn 0.5492 -0.6930 0.4670
vn 0.5504 -0.6919 0.4674
vn 0.1944 -0.8320 -0.5197
vn -0.8670 0.0142 -0.4981
vn -0.8670 -0.0138 0.4982
vn -0.8670 -0.0139 0.4981
vn -0.8670 -0.0139 0.4982
vn -0.4904 -0.7048 0.5127
vn -0.4899 -0.7068 0.5103
vn -0.4933 -0.7093 0.5036
vn 0.4909 0.8572 -0.1554
vn 0.4927 0.8561 -0.1560
vn 0.4919 0.8488 0.1937
vn 0.4926 0.8485 0.1934
vn 0.4915 0.7135 -0.4993
vn 0.4913 0.7140 -0.4989
vn 0.4827 0.3465 -0.8044
vn 0.4843 0.3462 -0.8035
vn 0.4783 0.3515 -0.8048
vn -0.4923 0.8563 -0.1560
vn -0.4922 0.8565 -0.1555
vn -0.4918 0.8567 -0.1553
vn -0.4914 0.7136 -0.4993
vn -0.4915 0.7140 -0.4987
vn -0.4909 -0.8549 0.1680
vn -0.5706 0.6442 0.5094
vn -0.5541 0.6531 0.5161
vn -0.8205 0.2820 0.4972
vn -0.8348 0.2653 0.4824
vn 0.8670 -0.0139 0.4981
vn 0.8670 -0.0139 0.4982
vn 0.8670 -0.0140 0.4981
vn 0.8669 0.0140 -0.4983
vn 0.8670 0.0140 -0.4982
vn -0.0004 -0.0280 0.9996
vn -0.2123 -0.5820 0.7850
vn -0.0001 -0.0280 0.9996
vn 0.8269 0.2599 0.4987
vn 0.8266 0.2602 0.4991
vn 0.1868 0.8348 0.5178
vn 0.1894 0.8332 0.5195
vn -0.4920 -0.8498 -0.1893
vn -0.4924 -0.8497 -0.1886
vn -0.4904 -0.8517 -0.1847
vn -0.4905 -0.8514 -0.1857
vn -0.8161 -0.2978 -0.4953
vn -0.8159 -0.2979 -0.4956
vn -0.8348 -0.2747 -0.4772
vn -0.8347 -0.2748 -0.4772
vn -0.5060 0.8528 -0.1289
vn -0.4902 0.8554 -0.1671
vn -0.4898 0.8556 -0.1674
vn -0.5165 0.7148 -0.4715
vn -0.1768 0.8662 -0.4674
vn -0.1761 0.8666 -0.4669
vn -0.5170 0.7143 -0.4718
vn -0.8187 -0.3234 0.4745
vn -0.8145 0.3146 0.4875
vn -0.8155 0.3143 0.4860
vn -0.8103 0.3168 0.4930
vn -0.8197 -0.3285 0.4693
vn -0.4899 -0.8434 -0.2205
vn -0.4894 -0.8438 -0.2201
vn -0.4904 -0.6594 -0.5698
vn -0.4916 -0.6581 -0.5703
vn -0.4897 -0.6587 -0.5712
vn -0.4899 -0.8435 -0.2202
vn 0.8170 -0.3024 -0.4910
vn 0.5448 -0.6626 -0.5140
vn 0.8163 -0.2985 -0.4945
vn 0.8156 -0.2979 -0.4960
vn 0.4843 -0.2911 -0.8251
vn 0.4850 -0.2911 -0.8246
vn 0.4793 -0.2891 -0.8287
vn 0.4888 -0.6591 -0.5715
vn 0.4886 -0.6596 -0.5712
vn -0.4860 -0.3383 0.8058
vn -0.4818 -0.3350 0.8097
vn -0.4908 -0.6928 0.5283
vn -0.4911 -0.6933 0.5274
vn -0.1625 -0.8397 -0.5182
vn -0.1637 -0.8399 -0.5174
vn -0.1677 -0.8401 -0.5159
vn 0.4922 0.6887 0.5324
vn 0.4827 0.3148 0.8172
vn 0.4836 0.3147 0.8168
vn 0.4797 0.3105 0.8207
vn 0.4907 0.6887 0.5337
vn 0.1735 0.8674 -0.4663
vn 0.5145 0.7161 -0.4718
vn 0.1740 0.8673 -0.4664
vn 0.1732 0.8670 -0.4673
vn 0.5064 0.8446 0.1738
vn 0.5064 0.8446 0.1736
vn 0.4887 0.8452 0.2167
vn 0.4890 0.8451 0.2163
vn -0.5028 0.8373 0.2147
vn -0.4841 0.8574 0.1749
vn -0.4844 0.8572 0.1749
vn -0.1247 -0.5319 0.8376
vn -0.0005 -0.0280 0.9996
vn 0.0009 -0.0280 0.9996
vn -0.1920 -0.8327 -0.5194
vn -0.5469 -0.6596 -0.5156
vn -0.1924 -0.8325 -0.5195
vn -0.1924 -0.8325 -0.5196
vn 0.5274 -0.6766 -0.5139
vn 0.5271 -0.6771 -0.5134
vn 0.5220 -0.6830 -0.5109
vn -0.4919 0.8488 0.1938
vn -0.4928 0.6880 0.5328
vn -0.4929 0.6883 0.5323
vn -0.4922 0.8486 0.1939
vn -0.4923 0.8485 0.1941
vn 0.4771 0.3215 -0.8179
vn 0.4773 0.3216 -0.8178
vn 0.4899 0.2998 -0.8186
vn 0.4911 -0.8504 -0.1887
vn 0.4919 -0.8509 -0.1845
vn 0.4914 -0.8510 -0.1853
vn 0.4906 -0.8505 -0.1896
vn -0.5585 0.6860 -0.4663
vn -0.5587 0.6858 -0.4664
vn -0.8271 0.2907 -0.4810
vn -0.8275 0.2904 -0.4806
vn -1.0000 0.0000 -0.0000
vn -1.0000 -0.0004 0.0000
vn 0.1720 -0.8682 0.4654
vn 0.1668 -0.8681 0.4675
vn 0.1678 -0.8685 0.4664
vn -0.5521 -0.6890 0.4694
vn -0.5498 -0.6916 0.4683
vn -0.1944 -0.8661 0.4604
vn -0.1940 -0.8664 0.4602
vn 0.8097 0.3181 0.4932
vn 0.8099 0.3163 0.4940
vn 0.8123 0.3202 0.4875
vn 0.8115 0.3225 0.4872
vn 0.4899 -0.6804 -0.5451
vn 0.4926 -0.6844 -0.5376
vn 0.4889 -0.6793 -0.5473
vn 0.1735 0.8388 0.5160
vn 0.5155 0.6862 0.5133
vn 0.5148 0.6868 0.5131
vn 0.1883 0.8675 -0.4605
vn 0.8225 0.3079 -0.4783
vn 0.8365 0.2902 -0.4648
vn 0.1858 0.8672 -0.4620
vn -0.4979 -0.0220 0.8670
vn -0.4977 -0.0221 0.8671
vn -0.4979 -0.0221 0.8670
vn -0.4983 -0.0220 0.8667
vn 0.4979 -0.0221 0.8670
vn 0.4982 -0.0220 0.8668
vn 0.4974 -0.0220 0.8672
vn -0.4841 -0.2869 -0.8266
vn -0.4762 0.3481 -0.8075
vn -0.4820 0.3520 -0.8023
vn -0.4987 0.0222 -0.8665
vn -0.4801 -0.2909 -0.8276
vn -0.4789 -0.2922 -0.8278
vn -0.4771 0.2724 0.8356
vn -0.4988 -0.0221 0.8664
vn -0.4988 -0.0221 0.8665
vn -0.4772 0.2726 0.8354
vn -0.5282 -0.7049 0.4734
vn -0.5271 -0.7063 0.4727
vn -0.5214 -0.7124 0.4697
vn 0.8669 -0.0139 0.4982
vn 0.8670 0.0140 -0.4981
vn 0.8672 0.0139 -0.4977
vn -0.1771 0.8381 0.5161
vn -0.1766 0.8382 0.5161
vn -0.1765 0.8382 0.5160
vn -0.5148 0.6871 0.5128
vn 0.4945 -0.7031 0.5110
vn 0.4929 -0.7051 0.5099
vn 0.4901 -0.7105 0.5050
vn -0.0001 0.0279 -0.9996
vn 0.0001 0.0281 -0.9996
vn 0.0002 0.0281 -0.9996
vn 0.0002 0.0280 -0.9996
vn -0.0002 0.0281 -0.9996
vn -0.0006 0.0281 -0.9996
vn 0.0003 0.0280 -0.9996
vn -0.8135 0.3458 -0.4676
vn -0.8123 0.3413 -0.4730
vn -0.8185 -0.2981 -0.4911
vn -0.8194 -0.2967 -0.4905
vn -0.8159 -0.2977 -0.4956
vn -0.4753 0.3026 -0.8261
vn -0.4739 0.3028 -0.8269
vn -0.4883 0.3189 -0.8123
vn -0.4878 0.3192 -0.8125
vn 0.4896 -0.8437 -0.2202
vn 0.4893 -0.8437 -0.2208
vn 0.4895 -0.8437 -0.2202
vn 0.4909 -0.8549 0.1680
vn 0.4908 -0.8549 0.1680
vn 0.8097 0.3481 -0.4724
vn 0.8089 0.3485 -0.4735
vn 0.8132 0.3458 -0.4681
vn 0.8140 0.3454 -0.4670
vn -0.4781 0.3159 0.8195
vn -0.4832 0.3117 0.8181
vn -0.4839 0.3107 0.8181
vn -0.4782 0.3157 0.8195
vn -0.4984 0.0222 -0.8667
vn -0.4985 0.0222 -0.8666
vn -0.4984 0.0223 -0.8666
vn 0.4980 0.0223 -0.8669
vn 0.4979 0.0222 -0.8670
vn 0.4979 0.0223 -0.8669
vn 0.1662 -0.8408 -0.5153
vn 0.1712 -0.8383 -0.5177
vn 0.1705 -0.8389 -0.5169
vn -0.8240 -0.2990 0.4813
vn -0.8244 -0.2982 0.4811
vn 0.0000 0.0280 -0.9996
vn 0.0006 0.0280 -0.9996
vn 0.1960 -0.8659 0.4602
vn -1.0000 -0.0001 -0.0000
vn -1.0000 -0.0003 0.0000
vn -1.0000 0.0004 0.0000
vn 1.0000 0.0003 0.0000
usemtl Steel_-_Satin.001
s 1
f 3902/10010/12020 3901/10011/12021 3882/10012/12022 3886/10013/12023
f 3863/10014/12024 3868/10015/12024 3865/10016/12024 3861/10017/12024
f 3889/10018/12025 3894/10019/12026 3912/10020/12026 3897/10021/12026 3877/10022/12026 3866/10023/12026 3869/10024/12026
f 3871/10025/12027 3887/10026/12028 3869/10027/12029 3866/10028/12027
f 3922/10029/12030 3924/10030/12031 3935/10031/12032 3933/10032/12033
f 3934/10033/12034 3933/10034/12034 3936/10035/12034 3938/10036/12034
f 3870/10037/12035 3931/10038/12035 3925/10039/12036 3932/10040/12037 3886/10041/12038 3875/10042/12035
f 3871/10025/12039 3880/10043/12040 3879/10044/12041
f 3878/10045/12042 3885/10046/12043 3891/10047/12044 3899/10048/12044 3898/10049/12045
f 3874/10050/12046 3885/10051/12047 3878/10052/12048 3865/10016/12049 3868/10015/12050
f 3884/10053/12051 3890/10054/12052 3891/10055/12053 3885/10056/12054 3874/10057/12055
f 3882/10058/12056 3881/10059/12056 3873/10060/12056 3872/10061/12056
f 3941/10062/12057 3939/10063/12058 3932/10064/12059 3925/10065/12060
f 3883/10066/12061 3881/10067/12062 3930/10068/12063 3918/10069/12064 3928/10070/12065 3903/10071/12065
f 3935/10072/12066 3924/10073/12066 3886/10074/12067 3932/10064/12066 3939/10063/12066 3930/10075/12066 3920/10076/12068 3929/10077/12066 3937/10078/12066
f 3941/10079/12069 3918/10080/12070 3930/10081/12071 3939/10082/12072
f 3880/10083/12073 3871/10084/12074 3913/10085/12075 3911/10086/12076
f 3869/10087/12077 3870/10037/12078 3875/10042/12079 3876/10088/12080
f 3876/10089/12081 3903/10090/12082 3883/10091/12083
f 3904/10092/12084 3905/10093/12085 3895/10094/12086 3892/10095/12087
f 3929/10096/12088 3920/10097/12089 3919/10098/12090 3904/10099/12091 3927/10100/12092
f 3872/10061/12093 3873/10060/12094 3903/10101/12095 3864/10102/12096 3862/10103/12097 3867/10104/12098
f 3922/10029/12099 3933/10032/12100 3934/10105/12101 3923/10106/12102
f 3862/10107/12103 3863/10014/12104 3861/10017/12105 3870/10108/12106 3867/10109/12107
f 3901/10011/12108 3900/10110/12109 3881/10111/12110 3882/10012/12111
f 3876/10112/12112 3887/10113/12113 3869/10114/12114
f 3899/10048/12115 3910/10115/12116 3915/10116/12117 3916/10117/12118 3898/10049/12119
f 3905/10118/12120 3906/10119/12121 3907/10120/12122 3895/10121/12123
f 3887/10122/12124 3876/10123/12125 3889/10124/12126 3869/10125/12127
f 3903/10126/12128 3876/10127/12129 3887/10026/12130
f 3888/10128/12068 3889/10129/12131 3886/10074/12067 3924/10073/12066 3909/10130/12068 3894/10131/12068 3893/10132/12068 3919/10133/12132 3920/10076/12068 3930/10075/12066 3881/10134/12068 3883/10135/12133
f 3936/10035/12134 3927/10136/12135 3926/10137/12136 3938/10036/12137
f 3883/10066/12138 3903/10071/12139 3887/10138/12140
f 3890/10139/12141 3896/10140/12142 3910/10115/12143 3899/10048/12144 3891/10047/12145
f 3894/10141/12146 3889/10142/12147 3876/10143/12148 3888/10144/12148
f 3913/10145/12149 3871/10146/12150 3877/10147/12151 3897/10148/12152
f 3931/10149/12153 3940/10150/12154 3941/10151/12155 3925/10152/12156
f 3896/10153/12157 3890/10054/12157 3884/10053/12157 3864/10154/12157 3903/10155/12157 3873/10156/12157 3881/10157/12158 3900/10158/12157 3914/10159/12157
f 3883/10160/12159 3876/10161/12160 3888/10162/12161
f 3929/10163/12162 3927/10136/12163 3936/10035/12164 3937/10164/12165
f 3894/10165/12166 3909/10166/12167 3908/10167/12168 3906/10119/12169
f 3897/10168/12170 3912/10169/12171 3913/10170/12172
f 3905/10118/12173 3893/10171/12173 3894/10165/12174 3906/10119/12175
f 3940/10150/12176 3928/10172/12177 3918/10173/12178 3941/10151/12179
f 3914/10174/12180 3900/10110/12181 3901/10011/12182 3915/10175/12183
f 3915/10175/12184 3901/10011/12185 3902/10010/12186 3916/10176/12185
f 3864/10154/12187 3884/10053/12188 3874/10057/12189 3868/10177/12190 3863/10178/12191 3862/10179/12192
f 3903/10126/12193 3887/10026/12194 3871/10025/12194 3879/10044/12195 3892/10180/12196
f 3876/10088/12197 3889/10181/12198 3888/10182/12199
f 3908/10183/12200 3909/10184/12200 3924/10030/12200 3922/10029/12200
f 3923/10106/12201 3921/10185/12202 3908/10183/12201 3922/10029/12201
f 3919/10186/12203 3893/10171/12204 3905/10118/12205 3904/10187/12206
f 3871/10025/12207 3866/10028/12208 3877/10188/12209
f 3892/10095/12210 3895/10094/12211 3907/10189/12212 3921/10190/12212 3931/10149/12213 3870/10191/12214 3869/10192/12212 3887/10193/12212 3903/10194/12215 3917/10195/12216
f 3904/10099/12217 3892/10196/12218 3917/10197/12219 3926/10198/12220 3927/10100/12221
f 3888/10144/12222 3876/10143/12223 3883/10199/12224 3919/10200/12225
f 3872/10061/12226 3867/10104/12227 3870/10201/12228 3875/10202/12229 3886/10203/12230 3882/10058/12229
f 3906/10204/12231 3908/10205/12232 3921/10190/12233 3907/10189/12234
f 3910/10206/12235 3896/10207/12236 3914/10174/12237 3915/10175/12238
f 3888/10144/12239 3919/10200/12240 3911/10208/12241 3913/10209/12242 3912/10210/12243 3894/10141/12244
f 3883/10211/12245 3887/10113/12246 3876/10112/12247
f 3889/10181/12131 3876/10088/12248 3875/10042/12249 3886/10041/12067
f 3940/10150/12250 3931/10149/12213 3921/10190/12212 3923/10212/12250 3934/10213/12250 3938/10214/12250 3926/10215/12251 3917/10195/12216 3903/10194/12215 3928/10172/12250
f 3935/10216/12252 3937/10164/12252 3936/10035/12252 3933/10034/12252
f 3911/10217/12157 3919/10218/12253 3883/10066/12254 3903/10071/12255 3892/10219/12157 3879/10220/12157 3880/10221/12157
f 3886/10222/12025 3875/10223/12025 3870/10224/12256 3861/10225/12025 3865/10226/12025 3878/10227/12025 3898/10228/12025 3916/10229/12025 3902/10230/12025
o MeshBody4_(54)_MeshBody4_(54).001
v 2.374477 1.733783 0.358825
v 2.371727 1.728360 0.359147
v 2.371727 1.733668 0.357241
v 2.368979 1.729342 0.360394
v 2.374477 1.745543 0.359087
v 2.374477 1.745200 0.362246
v 2.371727 1.726032 0.361893
v 2.371727 1.745715 0.357509
v 2.374477 1.731310 0.362888
v 2.374477 1.727440 0.362623
v 2.371727 1.746523 0.364343
v 2.371727 1.725039 0.365849
v 2.368979 1.726626 0.365884
v 2.368979 1.745543 0.359087
v 2.371727 1.750844 0.359670
v 2.374477 1.726626 0.365884
v 2.371726 1.731437 0.366001
v 2.374477 1.748499 0.364405
v 2.374477 1.751415 0.363136
v 2.368979 1.745200 0.362246
v 2.368979 1.748499 0.364405
v 2.368979 1.727308 0.369182
v 2.371727 1.725866 0.369845
v 2.368979 1.730190 0.367853
v 2.371727 1.752872 0.362503
v 2.374477 1.727308 0.369182
v 2.369788 1.732689 0.363281
v 2.371724 1.732969 0.368787
v 2.374477 1.730190 0.367853
v 2.368979 1.751415 0.363136
v 2.366210 1.733900 0.363310
v 2.371717 1.736145 0.368861
v 2.374945 1.735491 0.368847
v 2.371717 1.736249 0.363364
v 2.368979 1.751332 0.369588
v 2.374477 1.748448 0.368276
v 2.374477 1.751332 0.369588
v 2.371727 1.752775 0.370245
v 2.368979 1.733501 0.373300
v 2.371727 1.733327 0.374877
v 2.374477 1.733501 0.373300
v 2.367658 1.729358 0.363203
v 2.365031 1.734909 0.366083
v 2.371714 1.737783 0.366150
v 2.378414 1.734923 0.366083
v 2.374945 1.735596 0.363350
v 2.380555 1.729754 0.365962
v 2.378975 1.729543 0.368708
v 2.368979 1.747512 0.369495
v 2.374477 1.745061 0.370402
v 2.371727 1.744933 0.368821
v 2.368979 1.745319 0.373564
v 2.371727 1.745447 0.375144
v 2.374477 1.745319 0.373564
v 2.364498 1.717874 0.362935
v 2.369238 1.718245 0.365694
v 2.366210 1.733792 0.368807
v 2.364498 1.729535 0.368708
v 2.378975 1.729658 0.363211
v 2.380557 1.717666 0.365681
v 2.378975 1.717877 0.362935
v 2.378975 1.717742 0.368432
v 2.374234 1.718239 0.365694
v 2.366170 1.713463 0.362832
v 2.364947 1.712381 0.365557
v 2.368618 1.715482 0.362880
v 2.366170 1.713321 0.368328
v 2.368618 1.715343 0.368376
v 2.374852 1.715497 0.362880
v 2.374852 1.715358 0.368376
v 2.375700 1.710119 0.365504
v 2.375002 1.711617 0.362790
v 2.375002 1.711472 0.368285
v 2.371725 1.709205 0.365482
v 2.371722 1.710718 0.368268
v 2.371722 1.710865 0.362771
v 2.371718 1.713894 0.368341
v 2.371718 1.714035 0.362845
v 2.371715 1.715551 0.365631
vt 0.515320 0.542629
vt 0.515320 0.543854
vt 0.515015 0.543892
vt 0.515015 0.542637
vt 0.797974 0.855347
vt 0.797852 0.855652
vt 0.797546 0.855530
vt 0.797668 0.855164
vt 0.814209 0.855057
vt 0.813965 0.853592
vt 0.814453 0.853439
vt 0.814453 0.854919
vt 0.515076 0.584000
vt 0.515076 0.583237
vt 0.515381 0.583221
vt 0.515381 0.583847
vt 0.854004 0.855469
vt 0.854004 0.856262
vt 0.853760 0.856201
vt 0.853760 0.855591
vt 0.853333 0.526905
vt 0.853638 0.526642
vt 0.853577 0.527214
vt 0.853271 0.527122
vt 0.853149 0.849487
vt 0.853149 0.848633
vt 0.853394 0.848755
vt 0.853394 0.849365
vt 0.853760 0.855286
vt 0.854004 0.854980
vt 0.855103 0.494263
vt 0.855164 0.494019
vt 0.855530 0.494019
vt 0.855469 0.494263
vt 0.853027 0.527214
vt 0.852722 0.526821
vt 0.514771 0.581314
vt 0.515076 0.581161
vt 0.515076 0.581955
vt 0.514771 0.581970
vt 0.854736 0.738342
vt 0.854614 0.737579
vt 0.854980 0.737579
vt 0.855103 0.738220
vt 0.814453 0.855270
vt 0.767090 0.855927
vt 0.767334 0.855652
vt 0.767700 0.855774
vt 0.785583 0.829773
vt 0.785767 0.829651
vt 0.785767 0.830017
vt 0.515015 0.665909
vt 0.515015 0.665115
vt 0.515381 0.665268
vt 0.515381 0.665924
vt 0.824951 0.853867
vt 0.825317 0.854172
vt 0.825562 0.853867
vt 0.825562 0.855331
vt 0.825073 0.855438
vt 0.824951 0.855133
vt 0.515015 0.667740
vt 0.514771 0.667801
vt 0.514771 0.667175
vt 0.515015 0.667191
vt 0.499268 0.853561
vt 0.499023 0.853073
vt 0.499512 0.853180
vt 0.499634 0.852615
vt 0.499756 0.851593
vt 0.499512 0.851242
vt 0.499146 0.851242
vt 0.498901 0.850937
vt 0.499634 0.850937
vt 0.500122 0.851562
vt 0.500122 0.852814
vt 0.499634 0.853470
vt 0.854004 0.845398
vt 0.854248 0.845520
vt 0.854248 0.845886
vt 0.853760 0.845764
vt 0.790222 0.853271
vt 0.790527 0.851738
vt 0.790527 0.853462
vt 0.789978 0.853790
vt 0.789612 0.853752
vt 0.789124 0.853134
vt 0.789001 0.851891
vt 0.789490 0.851776
vt 0.789490 0.852081
vt 0.789612 0.853340
vt 0.789917 0.853462
vt 0.514771 0.665924
vt 0.514771 0.665268
vt 0.854492 0.738312
vt 0.854370 0.737671
vt 0.813904 0.854919
vt 0.813599 0.853714
vt 0.813782 0.853241
vt 0.766968 0.855255
vt 0.767090 0.854523
vt 0.767334 0.854675
vt 0.767700 0.854401
vt 0.767578 0.855103
vt 0.767334 0.855133
vt 0.853760 0.845215
vt 0.854248 0.845154
vt 0.781677 0.853219
vt 0.782166 0.853326
vt 0.782349 0.852960
vt 0.782593 0.851741
vt 0.782593 0.853417
vt 0.782043 0.853713
vt 0.781677 0.853677
vt 0.781189 0.853099
vt 0.781494 0.851592
vt 0.781616 0.852815
vt 0.498901 0.853485
vt 0.498535 0.852814
vt 0.498535 0.851578
vt 0.498901 0.851608
vt 0.854858 0.738647
vt 0.855103 0.738464
vt 0.854370 0.855286
vt 0.854370 0.855591
vt 0.515076 0.544403
vt 0.515381 0.544434
vt 0.515076 0.544590
vt 0.514771 0.542618
vt 0.514832 0.541927
vt 0.515076 0.541794
vt 0.515076 0.542061
vt 0.515381 0.581314
vt 0.515381 0.581970
vt 0.499512 0.851608
vt 0.499023 0.851456
vt 0.499756 0.853622
vt 0.499268 0.853729
vt 0.498901 0.853622
vt 0.855530 0.494629
vt 0.855164 0.494629
vt 0.781799 0.851411
vt 0.782104 0.851531
vt 0.782043 0.851882
vt 0.781799 0.851626
vt 0.853271 0.525665
vt 0.853577 0.525311
vt 0.853577 0.525620
vt 0.514771 0.583847
vt 0.514771 0.583221
vt 0.514771 0.544273
vt 0.852844 0.849365
vt 0.852844 0.848755
vt 0.813904 0.855270
vt 0.854858 0.736328
vt 0.855103 0.736450
vt 0.854980 0.737183
vt 0.789917 0.853294
vt 0.790161 0.852982
vt 0.789368 0.851227
vt 0.789673 0.851120
vt 0.790283 0.851311
vt 0.790100 0.852020
vt 0.790039 0.851715
vt 0.789734 0.851456
vt 0.854492 0.736633
vt 0.854614 0.736542
vt 0.515381 0.667175
vt 0.852966 0.525383
vt 0.854370 0.856201
vt 0.767456 0.855286
vt 0.781067 0.851878
vt 0.781433 0.851192
vt 0.781738 0.851083
vt 0.782349 0.851298
vt 0.812439 0.855713
vt 0.812134 0.855713
vt 0.812073 0.855225
vt 0.812439 0.855225
vt 0.766968 0.855469
vt 0.781311 0.853698
vt 0.781006 0.853183
vt 0.515381 0.541939
vt 0.767578 0.855652
vt 0.825562 0.855682
vt 0.854614 0.738556
vt 0.797974 0.856018
vt 0.797791 0.856262
vt 0.797424 0.856323
vt 0.797424 0.855957
vn 0.4983 0.0193 -0.8668
vn 0.4978 0.0194 -0.8671
vn 0.4986 0.0193 -0.8666
vn -0.4904 -0.8534 0.1765
vn -0.4900 -0.8537 0.1766
vn 0.4985 -0.0197 0.8667
vn 0.4979 -0.0198 0.8670
vn 0.4985 -0.0198 0.8667
vn 0.4910 0.6953 0.5249
vn 0.4826 0.3265 0.8127
vn 0.4771 0.3240 0.8169
vn 0.4905 0.6950 0.5257
vn -0.1768 0.8426 0.5087
vn -0.5172 0.6902 0.5061
vn -0.1769 0.8426 0.5087
vn -0.1765 0.8425 0.5090
vn 0.4898 0.2960 -0.8201
vn 0.4768 0.3171 -0.8198
vn 0.4768 0.3171 -0.8199
vn 0.4899 0.2958 -0.8201
vn 0.4919 0.8550 -0.1644
vn 0.4910 0.8511 0.1861
vn 0.4914 0.8509 0.1855
vn 0.4914 0.8553 -0.1640
vn 0.1732 0.8436 0.5083
vn 0.5161 0.6905 0.5069
vn 0.5154 0.6910 0.5069
vn 0.1741 0.8429 0.5091
vn -0.8266 0.2885 -0.4833
vn -0.5578 0.6828 -0.4719
vn -0.5578 0.6825 -0.4723
vn -0.8266 0.2885 -0.4832
vn -0.4734 0.2981 -0.8289
vn -0.4732 0.2986 -0.8288
vn -0.4872 0.3151 -0.8144
vn -0.4869 0.3152 -0.8146
vn -0.4905 -0.6889 0.5337
vn -0.4932 -0.6883 0.5320
vn -0.4850 -0.3341 0.8082
vn -0.4802 -0.3317 0.8120
vn -0.1930 -0.8371 -0.5119
vn -0.5484 -0.6633 -0.5092
vn -0.1929 -0.8371 -0.5119
vn -0.1926 -0.8370 -0.5122
vn 0.4947 -0.6970 0.5192
vn 0.4939 -0.6987 0.5176
vn 0.4918 -0.7039 0.5125
vn 0.1718 -0.8428 -0.5100
vn 0.1712 -0.8435 -0.5092
vn 0.1666 -0.8452 -0.5078
vn 0.1713 -0.8642 0.4730
vn 0.1663 -0.8641 0.4751
vn 0.1673 -0.8641 0.4746
vn 0.8171 -0.3057 -0.4888
vn 0.5451 -0.6666 -0.5084
vn 0.8163 -0.3019 -0.4924
vn 0.8163 -0.3007 -0.4932
vn 0.8670 -0.0118 0.4981
vn 0.8667 0.0116 -0.4987
vn 0.8670 0.0116 -0.4982
vn 0.8673 -0.0117 0.4977
vn 0.8670 -0.0117 0.4982
vn 0.8120 0.3252 0.4847
vn 0.8114 0.3195 0.4895
vn 0.8106 0.3192 0.4909
vn 0.8117 0.3250 0.4854
vn 1.0000 -0.0003 -0.0000
vn 1.0000 -0.0000 0.0000
vn 1.0000 0.0000 -0.0001
vn 1.0000 0.0003 -0.0000
vn 1.0000 0.0005 -0.0000
vn 1.0000 -0.0006 -0.0000
vn -0.4848 0.8587 0.1661
vn -0.4845 0.8589 0.1661
vn -0.5038 0.8389 0.2059
vn -0.4898 0.8540 -0.1757
vn -0.4897 0.8540 -0.1759
vn -0.5056 0.8517 -0.1376
vn 0.0005 -0.0233 0.9997
vn 0.0001 -0.0233 0.9997
vn -0.0000 -0.0234 0.9997
vn -0.0001 -0.0234 0.9997
vn -0.0004 -0.0234 0.9997
vn 0.8154 -0.3273 0.4774
vn 0.8194 -0.3246 0.4724
vn 0.5485 -0.6896 0.4729
vn 0.5469 -0.6906 0.4731
vn -0.1936 -0.8623 0.4680
vn -0.1932 -0.8622 0.4682
vn -0.5512 -0.6854 0.4757
vn -0.5504 -0.6872 0.4741
vn -0.4983 -0.0198 0.8668
vn -0.4979 -0.0209 0.8670
vn -0.4774 0.2768 0.8339
vn -0.4770 0.2768 0.8341
vn -0.8670 0.0118 -0.4982
vn -0.8669 -0.0116 0.4983
vn -0.8672 -0.0113 0.4978
vn -0.8669 -0.0115 0.4983
vn 0.4900 0.8465 0.2082
vn 0.4901 0.8464 0.2082
vn 0.5067 0.8461 0.1652
vn 0.5062 0.8465 0.1652
vn -0.0003 0.0234 -0.9997
vn -0.0002 0.0234 -0.9997
vn 0.0002 0.0233 -0.9997
vn 0.0001 0.0233 -0.9997
vn 0.1950 -0.8365 -0.5120
vn 0.1720 0.8633 -0.4744
vn 0.5141 0.7125 -0.4775
vn 0.1724 0.8631 -0.4747
vn 0.1724 0.8628 -0.4752
vn 0.4855 -0.2950 -0.8230
vn 0.4862 -0.2954 -0.8224
vn 0.4808 -0.2927 -0.8265
vn 0.4901 -0.6631 -0.5657
vn 0.4897 -0.6637 -0.5654
vn -0.4781 0.3371 -0.8110
vn -0.4925 0.7070 -0.5074
vn -0.4925 0.7073 -0.5072
vn -0.4832 0.3398 -0.8069
vn -0.4841 0.3397 -0.8064
vn 0.4806 -0.3351 0.8104
vn 0.4916 -0.6897 0.5317
vn 0.4841 -0.3307 0.8101
vn 0.4852 -0.3303 0.8097
vn 0.4906 -0.8525 -0.1803
vn 0.4925 -0.8524 -0.1759
vn 0.4918 -0.8526 -0.1768
vn 0.4904 -0.8525 -0.1811
vn 0.4903 -0.8535 0.1766
vn 0.4901 -0.8456 -0.2117
vn 0.4900 -0.8456 -0.2117
vn 0.4900 -0.8456 -0.2118
vn -0.8352 0.2682 0.4802
vn -0.5708 0.6486 0.5035
vn -0.5560 0.6568 0.5094
vn -0.8211 0.2846 0.4948
vn 0.1881 0.8625 -0.4699
vn 0.8221 0.3053 -0.4806
vn 0.8358 0.2879 -0.4675
vn 0.1872 0.8629 -0.4694
vn 0.4893 -0.6852 -0.5395
vn 0.4892 -0.6867 -0.5377
vn 0.4912 -0.6906 -0.5309
vn -0.4822 0.3228 0.8144
vn -0.4832 0.3223 0.8140
vn -0.4773 0.3267 0.8158
vn -0.4909 0.6955 0.5247
vn -0.4859 -0.2920 -0.8238
vn -0.4988 0.0193 -0.8665
vn -0.4980 0.0193 -0.8670
vn -0.4823 -0.2967 -0.8242
vn -0.4807 -0.2964 -0.8253
vn -0.4911 0.8555 -0.1644
vn -0.4910 0.8513 0.1851
vn -0.4915 0.8509 0.1856
vn -0.4915 0.8551 -0.1650
vn -0.4942 -0.7028 0.5117
vn -0.4907 -0.6987 0.5206
vn -0.4917 -0.6997 0.5184
vn -0.4981 -0.0192 0.8669
vn 0.4980 -0.0192 0.8670
vn -0.8161 -0.3024 -0.4926
vn -0.8132 0.3433 -0.4700
vn -0.8116 0.3387 -0.4760
vn -0.8194 -0.3001 -0.4885
vn -0.8201 -0.2997 -0.4874
vn 0.8275 0.2623 0.4964
vn 0.8275 0.2626 0.4963
vn 0.1871 0.8390 0.5110
vn 0.1901 0.8377 0.5120
vn 0.0014 -0.0234 0.9997
vn -0.8154 0.3171 0.4844
vn -0.8161 0.3169 0.4832
vn -0.8109 0.3208 0.4895
vn -0.8190 -0.3260 0.4722
vn -0.8170 -0.3222 0.4781
vn 0.8670 -0.0115 0.4982
vn 0.8670 0.0117 -0.4982
vn 0.4983 0.0198 -0.8668
vn 0.4979 0.0200 -0.8670
vn -0.4986 0.0201 -0.8666
vn -0.4982 0.0200 -0.8668
vn 0.4980 0.0200 -0.8670
vn -0.5158 0.7110 -0.4779
vn -0.1765 0.8621 -0.4750
vn -0.1755 0.8625 -0.4747
vn -0.5161 0.7109 -0.4778
vn -0.8235 -0.2959 0.4840
vn -0.8237 -0.2960 0.4836
vn -0.8223 -0.3247 0.4673
vn -0.8225 -0.3246 0.4671
vn -0.4925 -0.8513 -0.1810
vn -0.4903 -0.8526 -0.1809
vn -0.4899 -0.8538 -0.1762
vn -0.4912 -0.8529 -0.1768
vn -0.1622 -0.8441 -0.5111
vn -0.1639 -0.8441 -0.5105
vn -0.1683 -0.8444 -0.5085
vn 0.8133 0.3431 -0.4699
vn 0.8091 0.3448 -0.4759
vn 0.8084 0.3460 -0.4763
vn 0.8125 0.3435 -0.4710
vn 0.4846 0.3351 -0.8080
vn 0.4783 0.3405 -0.8095
vn 0.4917 0.7079 -0.5071
vn 0.4918 0.7080 -0.5068
vn 0.4839 0.3362 -0.8080
vn -0.8352 -0.2772 -0.4750
vn -0.8163 -0.3004 -0.4933
vn -0.8164 -0.3005 -0.4931
vn -0.8354 -0.2773 -0.4745
vn -0.5282 -0.7007 0.4796
vn -0.5260 -0.7028 0.4789
vn -0.5202 -0.7088 0.4764
vn 0.5295 -0.6795 -0.5079
vn 0.5272 -0.6812 -0.5079
vn 0.5224 -0.6872 -0.5048
vn 0.1956 -0.8617 0.4682
vn -0.4906 -0.8453 -0.2114
vn -0.4930 -0.6630 -0.5633
vn -0.4930 -0.6618 -0.5648
vn -0.4900 -0.6646 -0.5641
vn -0.4901 -0.8456 -0.2117
usemtl Steel_-_Satin.001
s 1
f 3946/10231/12257 3942/10232/12258 3944/10233/12259 3949/10234/12259
f 3963/10235/12260 3954/10236/12260 3953/10237/12260 3964/10238/12261
f 3952/10239/12262 3968/10240/12263 3950/10241/12264 3947/10242/12264
f 3979/10243/12265 3994/10244/12266 3995/10245/12267 3978/10246/12268
f 3985/10247/12269 3984/10248/12270 3998/10249/12271 3973/10250/12272
f 3969/10251/12273 3974/10252/12274 3970/10253/12275 3958/10254/12276
f 3966/10255/12277 3979/10256/12278 3978/10257/12279 3960/10258/12280
f 3973/10250/12281 3974/10259/12282 3986/10260/12283 3985/10247/12284
f 4004/10261/12285 4010/10262/12286 4019/10263/12287 4020/10264/12288
f 3969/10251/12289 3958/10254/12290 3965/10265/12291 3998/10266/12292
f 3963/10267/12293 3964/10268/12294 3981/10269/12295 3980/10270/12296
f 4015/10271/12297 4006/10272/12298 4005/10273/12299 4017/10274/12300
f 3952/10239/12301 3947/10242/12302 3959/10275/12303
f 3968/10276/12304 3958/10277/12305 3965/10278/12306
f 3965/10279/12307 3958/10280/12308 3969/10281/12309
f 4001/10282/12310 4012/10283/12311 4013/10284/12312 4002/10285/12313
f 4009/10286/12314 3997/10287/12315 4007/10288/12316 3983/10289/12316 3965/10290/12317 3963/10291/12318
f 3986/10292/12319 3974/10293/12320 3989/10294/12321 3988/10295/12322
f 3957/10296/12323 3950/10297/12324 3970/10298/12324 3974/10299/12324 3991/10300/12325 3977/10301/12325 3959/10302/12324 3960/10303/12326 3978/10304/12327 3995/10305/12324 3982/10306/12324 3967/10307/12328
f 3958/10308/12329 3968/10309/12330 3983/10310/12331
f 3983/10310/12332 3965/10311/12333 3958/10308/12334
f 4009/10312/12335 3999/10313/12336 4008/10314/12337 4016/10315/12337 4014/10316/12338 4003/10317/12338 3989/10318/12337 3970/10319/12339 3967/10320/12338 4011/10321/12337 4018/10322/12338
f 4001/10282/12340 4003/10323/12341 4014/10324/12342 4012/10283/12343
f 4015/10271/12344 4016/10325/12345 4008/10326/12346 4006/10272/12347
f 3968/10240/12348 3952/10239/12349 3961/10327/12348 3972/10328/12350 3983/10329/12351
f 3951/10330/12352 4010/10331/12352 4004/10332/12353 4011/10333/12354 3967/10334/12355 3957/10335/12352
f 3970/10336/12356 3950/10337/12357 3968/10309/12358 3958/10308/12359
f 3950/10338/12360 3968/10339/12360 3983/10340/12361 3996/10341/12362 3972/10342/12360 3975/10343/12360 3987/10344/12360 4000/10345/12361 4010/10346/12363 3951/10347/12360
f 3951/10348/12324 3942/10349/12324 3946/10350/12324 3960/10303/12326 3959/10302/12324 3947/10351/12324 3950/10297/12324 3957/10296/12323
f 4012/10352/12364 4015/10271/12364 4017/10274/12364 4013/10353/12364
f 3985/10247/12365 3986/10260/12366 3987/10354/12367 3975/10355/12368
f 3943/10356/12369 3944/10233/12370 3942/10232/12371 3951/10357/12372 3948/10358/12373
f 3955/10359/12374 3971/10360/12375 3966/10361/12376 3956/10362/12377 3949/10234/12378
f 3981/10269/12379 3964/10268/12380 3967/10363/12381 3982/10364/12382
f 3992/10365/12383 3952/10366/12384 3959/10302/12385 3977/10301/12386
f 3967/10307/12387 3964/10367/12387 3953/10368/12388 3948/10369/12389 3951/10348/12390 3957/10296/12387
f 4004/10261/12391 4020/10264/12392 4018/10370/12393 4011/10371/12394
f 4019/10372/12395 4007/10373/12396 3997/10374/12397 4020/10375/12398
f 3992/10376/12399 3977/10377/12400 3991/10378/12401
f 3976/10379/12402 3993/10380/12403 3994/10244/12404 3979/10243/12405
f 3945/10381/12406 3955/10359/12407 3949/10234/12408 3944/10233/12409 3943/10356/12410
f 3971/10382/12411 3976/10383/12412 3979/10256/12413 3966/10255/12414
f 3961/10327/12415 3952/10239/12416 3962/10384/12417
f 3993/10380/12418 3980/10270/12418 3981/10269/12418 3994/10244/12418
f 3982/10364/12419 3995/10245/12419 3994/10244/12419 3981/10269/12419
f 4006/10272/12420 3984/10385/12421 3972/10386/12422 3996/10387/12423 4005/10273/12424
f 4020/10388/12425 3997/10389/12426 4009/10312/12427 4018/10322/12428
f 3974/10390/12336 3973/10391/12336 3998/10392/12336 3999/10313/12336 4009/10312/12335 3963/10393/12336 3965/10394/12429 3969/10395/12336 3970/10319/12339 3989/10318/12337
f 3999/10396/12430 3998/10397/12431 3984/10385/12432 4006/10272/12433 4008/10326/12434
f 3988/10295/12435 3989/10294/12435 4003/10323/12435 4001/10282/12435
f 4002/10285/12436 4000/10398/12436 3988/10295/12436 4001/10282/12436
f 3991/10378/12437 3974/10252/12438 3969/10251/12439 3998/10266/12440 3990/10399/12440 3992/10376/12441
f 3984/10248/12442 3985/10247/12443 3975/10355/12444 3972/10400/12445
f 3958/10277/12446 3957/10335/12447 3967/10334/12448 3970/10401/12449
f 4007/10373/12363 4019/10372/12363 4010/10346/12363 4000/10345/12361 4002/10402/12363 4013/10403/12363 4017/10404/12363 4005/10405/12363 3996/10341/12362 3983/10340/12361
f 3962/10406/12450 3952/10407/12451 3992/10408/12452 3990/10409/12453
f 3958/10277/12454 3968/10276/12455 3950/10410/12456
f 3987/10344/12457 3986/10411/12458 3988/10412/12459 4000/10345/12460
f 3946/10231/12461 3949/10234/12462 3956/10362/12463 3966/10361/12464 3960/10413/12465
f 3958/10277/12466 3950/10410/12467 3951/10330/12468 3957/10335/12469
f 3958/10277/12470 3970/10401/12471 3969/10414/12472
f 3965/10290/12473 3983/10289/12474 3968/10415/12475
f 4015/10271/12476 4012/10352/12476 4014/10416/12476 4016/10325/12476
f 3954/10236/12477 3983/10417/12478 3945/10418/12479 3943/10419/12480 3948/10420/12481 3953/10237/12481
o MeshBody4_(55)_MeshBody4_(55).001
v 2.374477 1.766148 0.359273
v 2.371727 1.760725 0.359674
v 2.371727 1.766019 0.357692
v 2.368979 1.761719 0.360907
v 2.374477 1.777598 0.362537
v 2.371727 1.758421 0.362452
v 2.368979 1.766148 0.359273
v 2.371727 1.778075 0.357800
v 2.374477 1.763710 0.363372
v 2.374477 1.759836 0.363163
v 2.374477 1.782151 0.361130
v 2.371727 1.778937 0.364635
v 2.371727 1.757464 0.366423
v 2.368979 1.759051 0.366435
v 2.368979 1.777916 0.359379
v 2.371727 1.783221 0.359957
v 2.371726 1.763864 0.366484
v 2.374477 1.780914 0.364697
v 2.368979 1.777598 0.362537
v 2.368979 1.780914 0.364697
v 2.368979 1.759763 0.369720
v 2.371727 1.758327 0.370405
v 2.368979 1.762633 0.368351
v 2.371727 1.785272 0.362776
v 2.374477 1.759763 0.369720
v 2.369788 1.765092 0.363746
v 2.371724 1.765420 0.369246
v 2.374477 1.784463 0.366645
v 2.368979 1.783820 0.363420
v 2.374477 1.763653 0.369605
v 2.371727 1.786050 0.366645
v 2.366210 1.766304 0.363756
v 2.371717 1.768596 0.369275
v 2.374945 1.767942 0.369269
v 2.371717 1.768654 0.363777
v 2.368979 1.783788 0.369871
v 2.374477 1.780893 0.368568
v 2.374477 1.783788 0.369871
v 2.371727 1.785235 0.370518
v 2.368979 1.765991 0.373751
v 2.371727 1.765830 0.375330
v 2.374477 1.765991 0.373751
v 2.367658 1.761759 0.363715
v 2.365031 1.767337 0.366515
v 2.371714 1.770212 0.366541
v 2.378414 1.767351 0.366515
v 2.374945 1.768000 0.363771
v 2.380555 1.762180 0.366467
v 2.378975 1.761994 0.369215
v 2.374237 1.761565 0.366463
v 2.371727 1.783144 0.373338
v 2.368979 1.779967 0.369788
v 2.374477 1.777523 0.370695
v 2.371727 1.777383 0.369113
v 2.368979 1.777806 0.373857
v 2.371727 1.777947 0.375438
v 2.374477 1.777806 0.373857
v 2.364498 1.750271 0.363611
v 2.369238 1.750668 0.366364
v 2.366210 1.766243 0.369254
v 2.364498 1.761986 0.369215
v 2.378975 1.762060 0.363719
v 2.380557 1.750089 0.366359
v 2.378975 1.750273 0.363611
v 2.378975 1.750191 0.369109
v 2.374234 1.750663 0.366364
v 2.366170 1.745857 0.363572
v 2.364947 1.744803 0.366311
v 2.368618 1.747878 0.363590
v 2.366170 1.745770 0.369069
v 2.368618 1.747793 0.369087
v 2.374852 1.747893 0.363590
v 2.374852 1.747808 0.369087
v 2.375700 1.742541 0.366261
v 2.375002 1.744011 0.363546
v 2.375002 1.743921 0.369043
v 2.371725 1.741626 0.366241
v 2.371722 1.743167 0.369025
v 2.371722 1.743259 0.363528
v 2.371718 1.746343 0.369074
v 2.371718 1.746430 0.363577
v 2.371715 1.747974 0.366340
vt 0.503418 0.853821
vt 0.504028 0.854034
vt 0.504028 0.854156
vt 0.503662 0.854095
vt 0.503296 0.853882
vt 0.515076 0.572662
vt 0.515076 0.573456
vt 0.514771 0.573471
vt 0.514771 0.572815
vt 0.515076 0.575287
vt 0.515076 0.575500
vt 0.514771 0.575348
vt 0.514771 0.574722
vt 0.515076 0.574738
vt 0.798218 0.853683
vt 0.798401 0.853210
vt 0.798584 0.853561
vt 0.798828 0.855026
vt 0.798523 0.854889
vt 0.799072 0.853424
vt 0.799072 0.854889
vt 0.851746 0.514198
vt 0.852051 0.514114
vt 0.852661 0.514374
vt 0.852844 0.514839
vt 0.852539 0.516052
vt 0.852417 0.514595
vt 0.852051 0.514450
vt 0.851746 0.514610
vt 0.851318 0.516113
vt 0.851318 0.514870
vt 0.819092 0.853760
vt 0.819336 0.853699
vt 0.819336 0.854614
vt 0.819092 0.854492
vt 0.855865 0.547607
vt 0.855759 0.547241
vt 0.856064 0.547241
vt 0.856323 0.547485
vt 0.856354 0.547852
vt 0.856094 0.547974
vt 0.511414 0.853531
vt 0.511414 0.853706
vt 0.511108 0.853584
vt 0.511108 0.853279
vt 0.503662 0.853577
vt 0.503662 0.853333
vt 0.504150 0.853333
vt 0.504150 0.853638
vt 0.766357 0.855591
vt 0.766602 0.855896
vt 0.766235 0.856018
vt 0.819702 0.853760
vt 0.819702 0.854553
vt 0.503540 0.853180
vt 0.503174 0.853088
vt 0.503540 0.851929
vt 0.504150 0.851654
vt 0.504028 0.852112
vt 0.514771 0.564018
vt 0.514771 0.563675
vt 0.515015 0.563766
vt 0.515137 0.564186
vt 0.515015 0.672241
vt 0.515015 0.672806
vt 0.514771 0.672699
vt 0.514771 0.670998
vt 0.515015 0.670967
vt 0.848877 0.552002
vt 0.849182 0.551880
vt 0.848999 0.552246
vt 0.509521 0.854919
vt 0.509766 0.855591
vt 0.509399 0.855774
vt 0.509277 0.855347
vt 0.851746 0.516724
vt 0.851440 0.516693
vt 0.851196 0.516151
vt 0.783325 0.854380
vt 0.783203 0.855635
vt 0.782837 0.855322
vt 0.782593 0.855616
vt 0.782593 0.854355
vt 0.782959 0.854179
vt 0.803802 0.855347
vt 0.803619 0.855591
vt 0.803436 0.855591
vt 0.803650 0.855225
vt 0.849304 0.552124
vt 0.849304 0.552490
vt 0.848816 0.552490
vt 0.509277 0.854553
vt 0.509644 0.854614
vt 0.509033 0.854980
vt 0.509033 0.854675
vt 0.488159 0.855354
vt 0.488220 0.855545
vt 0.487915 0.855659
vt 0.487610 0.855270
vt 0.511536 0.851959
vt 0.511230 0.851700
vt 0.510925 0.851913
vt 0.510986 0.852325
vt 0.510620 0.853378
vt 0.510498 0.852135
vt 0.510864 0.851471
vt 0.511169 0.851364
vt 0.511780 0.851555
vt 0.512024 0.851982
vt 0.511719 0.853516
vt 0.511597 0.852264
vt 0.782959 0.853905
vt 0.782593 0.853947
vt 0.515381 0.572815
vt 0.515381 0.573471
vt 0.766846 0.855469
vt 0.766846 0.855896
vt 0.487915 0.853821
vt 0.488220 0.854095
vt 0.488464 0.854065
vt 0.488464 0.855537
vt 0.851807 0.515862
vt 0.851807 0.516273
vt 0.852295 0.516411
vt 0.852661 0.516525
vt 0.852112 0.516785
vt 0.855835 0.579346
vt 0.855713 0.578979
vt 0.856079 0.578857
vt 0.856262 0.579346
vt 0.855957 0.579468
vt 0.855804 0.546875
vt 0.856094 0.546509
vt 0.856354 0.546631
vt 0.515381 0.672905
vt 0.515076 0.673050
vt 0.515320 0.672241
vt 0.855286 0.796875
vt 0.855652 0.796753
vt 0.855652 0.797119
vt 0.855286 0.797241
vt 0.799072 0.855240
vt 0.854309 0.810913
vt 0.853882 0.811035
vt 0.854095 0.810791
vt 0.766357 0.854370
vt 0.766602 0.854675
vt 0.766846 0.854431
vt 0.766235 0.855347
vt 0.852112 0.514641
vt 0.851868 0.514931
vt 0.515381 0.574722
vt 0.514771 0.561951
vt 0.514771 0.561523
vt 0.515137 0.561401
vt 0.515381 0.670547
vt 0.515320 0.670998
vt 0.515076 0.670433
vt 0.798523 0.855240
vt 0.855713 0.578613
vt 0.855774 0.578247
vt 0.856018 0.578613
vt 0.855957 0.577759
vt 0.856262 0.577881
vt 0.819458 0.855591
vt 0.819092 0.855469
vt 0.819702 0.855469
vt 0.783325 0.853973
vt 0.509766 0.854187
vt 0.509399 0.854065
vt 0.819458 0.853333
vt 0.819702 0.853455
vt 0.852356 0.514915
vt 0.515381 0.563675
vt 0.515381 0.564018
vt 0.512024 0.853706
vt 0.511475 0.854034
vt 0.511108 0.853996
vt 0.783203 0.853765
vt 0.852844 0.516663
vt 0.852112 0.516983
vt 0.853973 0.811523
vt 0.854309 0.811401
vt 0.819092 0.853455
vt 0.798767 0.853439
vt 0.785645 0.820679
vt 0.785889 0.820557
vt 0.785889 0.820923
vt 0.515381 0.561531
vt 0.515381 0.563187
vt 0.803802 0.855957
vt 0.803680 0.856323
vt 0.803497 0.856323
vt 0.803375 0.856079
vn -0.4926 0.8533 -0.1708
vn -0.4914 0.8523 0.1789
vn -0.4915 0.8539 -0.1708
vn -0.4907 0.8542 -0.1717
vn -0.4934 -0.6834 0.5381
vn -0.4857 -0.3231 0.8122
vn -0.4806 -0.3211 0.8160
vn -0.4908 -0.6828 0.5411
vn -0.4921 0.6981 0.5202
vn -0.4911 0.6996 0.5190
vn -0.4836 0.3239 0.8132
vn -0.4846 0.3226 0.8131
vn -0.4774 0.3280 0.8151
vn -0.4760 0.2887 0.8307
vn -0.4764 0.2883 0.8306
vn -0.4984 -0.0078 0.8669
vn -0.4985 -0.0073 0.8668
vn 0.4984 -0.0078 0.8669
vn -0.0005 0.0134 -0.9999
vn 0.0006 0.0126 -0.9999
vn -0.0015 0.0092 -1.0000
vn 0.0003 0.0092 -1.0000
vn 0.0004 0.0091 -1.0000
vn 0.0025 0.0143 -0.9999
vn 0.0015 0.0104 -0.9999
vn -0.0001 0.0091 -1.0000
vn -0.0002 0.0090 -1.0000
vn 0.5495 -0.6856 0.4775
vn 0.5495 -0.6855 0.4776
vn 0.8161 -0.3206 0.4809
vn 0.8200 -0.3187 0.4755
vn 0.4897 -0.8478 -0.2036
vn 0.4886 -0.8482 -0.2045
vn 0.4896 -0.8477 -0.2039
vn 0.4907 -0.8516 0.1845
vn 0.4912 -0.8513 0.1845
vn 0.4907 -0.8515 0.1845
vn -0.5700 0.6544 0.4968
vn -0.5543 0.6631 0.5031
vn -0.8205 0.2915 0.4918
vn -0.8349 0.2744 0.4771
vn -0.4929 -0.8524 -0.1746
vn -0.4926 -0.8527 -0.1739
vn -0.4904 -0.8548 -0.1696
vn -0.4912 -0.8542 -0.1703
vn 0.1718 -0.8587 0.4828
vn 0.1677 -0.8588 0.4840
vn 0.1676 -0.8592 0.4834
vn 0.8169 -0.3123 -0.4850
vn 0.5473 -0.6690 -0.5029
vn 0.8160 -0.3084 -0.4890
vn 0.8157 -0.3077 -0.4899
vn -1.0000 -0.0000 -0.0001
vn -1.0000 -0.0001 -0.0000
vn -1.0000 -0.0000 -0.0000
vn -1.0000 -0.0004 -0.0000
vn -0.1923 -0.8590 0.4744
vn -0.5503 -0.6811 0.4831
vn -0.5488 -0.6818 0.4837
vn -0.1931 -0.8585 0.4750
vn 0.4784 0.3390 -0.8101
vn 0.4780 0.3395 -0.8101
vn 0.4831 0.3351 -0.8089
vn 0.4986 0.0079 -0.8668
vn 0.4981 0.0078 -0.8671
vn 0.4899 0.2841 -0.8242
vn 0.4771 0.3056 -0.8240
vn 0.4900 0.2837 -0.8243
vn 0.8099 0.3269 0.4870
vn 0.8100 0.3257 0.4877
vn 0.8108 0.3316 0.4823
vn 0.8116 0.3316 0.4810
vn 0.8141 0.3365 -0.4733
vn 0.8096 0.3397 -0.4787
vn 0.8093 0.3391 -0.4797
vn 0.8132 0.3368 -0.4746
vn -0.8670 0.0046 -0.4983
vn -0.8670 -0.0044 0.4982
vn -0.8673 -0.0043 0.4978
vn -0.8672 0.0048 -0.4979
vn -0.4908 -0.8515 0.1846
vn 0.4887 0.8491 0.2004
vn 0.4888 0.8491 0.2002
vn 0.5068 0.8475 0.1577
vn 0.5063 0.8477 0.1579
vn 0.1735 0.8483 0.5003
vn 0.1730 0.8486 0.5000
vn 0.5157 0.6959 0.4998
vn 0.5151 0.6970 0.4989
vn 0.1735 0.8583 -0.4830
vn 0.5145 0.7070 -0.4852
vn 0.1727 0.8582 -0.4834
vn 0.1732 0.8581 -0.4833
vn -0.4746 0.2871 -0.8321
vn -0.4744 0.2870 -0.8322
vn -0.4872 0.3036 -0.8188
vn -0.4874 0.3039 -0.8186
vn 0.0002 -0.0090 1.0000
vn 0.0001 -0.0091 1.0000
vn 0.0001 -0.0090 1.0000
vn 0.0001 -0.0092 1.0000
vn 0.0006 -0.0090 1.0000
vn -0.0008 -0.0090 1.0000
vn -0.8246 -0.2890 0.4863
vn -0.8244 -0.2895 0.4863
vn -0.8232 -0.3182 0.4702
vn -0.8232 -0.3182 0.4701
vn 0.4916 -0.6839 0.5391
vn 0.4847 -0.3196 0.8142
vn 0.4860 -0.3194 0.8135
vn 0.4807 -0.3235 0.8151
vn 0.5285 -0.6849 -0.5015
vn 0.5272 -0.6867 -0.5005
vn 0.5218 -0.6925 -0.4982
vn -0.4981 0.0081 -0.8671
vn 0.4985 0.0080 -0.8669
vn -0.4986 0.0080 -0.8668
vn -0.4990 0.0078 -0.8666
vn 0.0004 0.0090 -1.0000
vn 0.4920 0.8536 -0.1711
vn 0.4926 0.8532 -0.1716
vn 0.4927 0.7032 -0.5126
vn 0.4927 0.7034 -0.5123
vn 0.4851 -0.3056 -0.8193
vn 0.4852 -0.3065 -0.8189
vn 0.4807 -0.3035 -0.8226
vn 0.4895 -0.6698 -0.5584
vn 0.4892 -0.6712 -0.5569
vn -0.4918 0.7036 -0.5129
vn -0.4920 0.7040 -0.5121
vn -0.4830 0.3377 -0.8079
vn -0.4835 0.3382 -0.8074
vn -0.4783 0.3359 -0.8114
vn 0.8268 0.2695 0.4937
vn 0.8266 0.2695 0.4940
vn 0.1880 0.8449 0.5008
vn 0.1898 0.8434 0.5027
vn 0.4895 -0.2851 0.8241
vn 0.4738 -0.3165 0.8218
vn 0.4739 -0.3164 0.8218
vn 0.4906 -0.6874 -0.5355
vn 0.4903 -0.6890 -0.5338
vn 0.4934 -0.6924 -0.5265
vn 0.8670 -0.0045 0.4983
vn 0.8672 0.0042 -0.4980
vn 0.8670 0.0045 -0.4984
vn 0.8669 0.0045 -0.4984
vn -0.5583 0.6769 -0.4797
vn -0.5581 0.6771 -0.4796
vn -0.8270 0.2814 -0.4867
vn -0.8271 0.2815 -0.4866
vn -0.4984 -0.0077 0.8669
vn 0.4983 -0.0077 0.8670
vn -0.8189 -0.3140 0.4804
vn -0.8145 0.3243 0.4811
vn -0.8154 0.3235 0.4801
vn -0.8103 0.3273 0.4860
vn -0.8193 -0.3195 0.4762
vn -0.4854 -0.3036 -0.8199
vn -0.4984 0.0078 -0.8669
vn -0.4992 0.0078 -0.8665
vn -0.4801 -0.3064 -0.8220
vn -0.4797 -0.3078 -0.8217
vn -0.4887 -0.6973 0.5244
vn -0.4910 -0.6971 0.5224
vn -0.4926 -0.7010 0.5158
vn 0.4911 0.6993 0.5195
vn 0.4912 0.6992 0.5195
vn 0.4914 0.8524 0.1789
vn 0.4757 0.3247 0.8175
vn 0.4832 0.3266 0.8123
vn 0.4839 0.3280 0.8114
vn 0.4766 0.3257 0.8165
vn 0.8670 -0.0044 0.4983
vn 0.8668 -0.0045 0.4986
vn 0.8669 0.0046 -0.4985
vn 0.8671 0.0045 -0.4981
vn 0.4953 0.6627 -0.5617
vn 0.4899 0.6764 -0.5500
vn 0.4891 0.6771 -0.5498
vn -0.8160 -0.3073 -0.4897
vn -0.8157 -0.3076 -0.4899
vn -0.8350 -0.2838 -0.4715
vn -0.8349 -0.2838 -0.4715
vn 0.1666 -0.8503 -0.4993
vn 0.1714 -0.8478 -0.5018
vn 0.1707 -0.8481 -0.5015
vn -0.1771 0.8474 0.5006
vn -0.1759 0.8474 0.5010
vn -0.1765 0.8476 0.5004
vn -0.5154 0.6961 0.4998
vn 0.1957 -0.8402 -0.5057
vn 0.8227 0.2983 -0.4839
vn 0.8367 0.2814 -0.4699
vn 0.1862 0.8577 -0.4792
vn 0.1879 0.8578 -0.4785
vn -0.5501 -0.6670 -0.5025
vn -0.1929 -0.8408 -0.5058
vn -0.1930 -0.8406 -0.5060
vn -0.1933 -0.8408 -0.5056
vn 0.0007 -0.0118 0.9999
vn 0.0002 -0.0125 0.9999
vn -0.0005 -0.0135 0.9999
vn -0.0013 -0.0139 0.9999
vn 0.0000 -0.0092 1.0000
vn -0.1636 -0.8496 -0.5014
vn -0.1685 -0.8495 -0.5000
vn -0.1629 -0.8491 -0.5024
vn -0.5165 0.7058 -0.4848
vn -0.5165 0.7059 -0.4848
vn -0.1773 0.8572 -0.4834
vn -0.1765 0.8579 -0.4826
vn 0.4933 -0.8530 -0.1705
vn 0.4915 -0.8531 -0.1750
vn 0.4903 -0.8541 -0.1737
vn 0.4931 -0.8533 -0.1693
vn 0.1947 -0.8583 0.4748
vn -0.4844 0.8604 0.1585
vn -0.4844 0.8603 0.1587
vn -0.5032 0.8410 0.1987
vn -0.5061 0.8503 -0.1448
vn -0.4901 0.8521 -0.1834
vn -0.4902 0.8519 -0.1841
vn -0.8156 -0.3085 -0.4894
vn -0.8138 0.3368 -0.4736
vn -0.8128 0.3317 -0.4790
vn -0.8191 -0.3066 -0.4849
vn -0.8197 -0.3063 -0.4840
vn -0.4902 -0.8473 -0.2043
vn -0.4897 -0.8477 -0.2040
vn -0.4923 -0.6693 -0.5565
vn -0.4912 -0.6690 -0.5578
vn -0.4906 -0.6700 -0.5572
vn -0.4893 -0.8479 -0.2042
usemtl Steel_-_Satin.001
s 1
f 4049/10421/12482 4056/10422/12483 4059/10423/12483 4051/10424/12484 4044/10425/12485
f 4042/10426/12486 4061/10427/12487 4060/10428/12488 4041/10429/12489
f 4071/10430/12490 4059/10431/12491 4056/10432/12492 4075/10433/12493 4076/10434/12494
f 4052/10435/12495 4063/10436/12496 4046/10437/12497 4032/10438/12498 4039/10439/12497
f 4029/10440/12499 4025/10441/12499 4032/10438/12499 4046/10437/12499
f 4095/10442/12500 4099/10443/12501 4087/10444/12502 4078/10445/12503 4063/10446/12504 4089/10447/12505 4101/10448/12506 4092/10449/12507 4082/10450/12504 4084/10451/12508
f 4096/10452/12509 4094/10453/12510 4083/10454/12511 4085/10455/12512
f 4033/10456/12513 4026/10457/12514 4030/10458/12515 4070/10459/12516 4045/10460/12517 4042/10461/12518
f 4102/10462/12519 4100/10463/12520 4093/10464/12521 4086/10465/12522
f 4040/10466/12523 4032/10467/12524 4074/10468/12525 4072/10469/12526
f 4043/10470/12527 4037/10471/12528 4047/10472/12529
f 4083/10454/12530 4094/10453/12531 4095/10473/12532 4084/10474/12533
f 4039/10475/12534 4040/10466/12535 4072/10469/12534 4056/10422/12534 4049/10421/12535 4035/10476/12534 4027/10477/12536 4063/10478/12537 4052/10479/12535
f 4098/10480/12538 4090/10481/12539 4088/10482/12540 4097/10483/12541
f 4028/10484/12542 4036/10485/12543 4031/10486/12544 4021/10487/12545 4023/10488/12546
f 4047/10489/12547 4050/10490/12548 4037/10491/12549
f 4054/10492/12550 4069/10493/12551 4068/10494/12552 4066/10495/12553
f 4067/10496/12554 4066/10497/12555 4068/10498/12556 4082/10450/12557
f 4030/10499/12558 4092/10500/12558 4086/10501/12559 4093/10502/12560 4045/10503/12559 4070/10504/12561
f 4041/10505/12562 4034/10506/12562 4033/10507/12562 4042/10508/12562
f 4070/10509/12563 4029/10510/12564 4046/10511/12565 4037/10491/12566
f 4065/10512/12567 4053/10513/12568 4054/10492/12569 4066/10495/12570
f 4065/10512/12571 4066/10495/12572 4067/10514/12573 4055/10515/12574
f 4047/10516/12575 4037/10517/12576 4043/10518/12577 4080/10519/12578
f 4043/10520/12579 4047/10521/12579 4050/10522/12579 4045/10523/12580 4085/10524/12579 4069/10525/12579 4054/10526/12579 4053/10527/12581 4080/10528/12579 4081/10529/12582 4091/10530/12583 4041/10531/12584
f 4037/10532/12585 4070/10504/12586 4045/10503/12587 4050/10533/12588
f 4042/10426/12589 4045/10534/12590 4062/10535/12591 4061/10427/12592
f 4043/10470/12593 4063/10536/12594 4046/10537/12595
f 4072/10538/12596 4074/10539/12597 4073/10540/12597 4050/10541/12597 4047/10516/12598 4080/10519/12599
f 4067/10496/12600 4082/10450/12504 4092/10449/12507 4030/10542/12600 4029/10543/12600 4046/10544/12600 4063/10446/12504 4078/10445/12503 4052/10545/12600 4055/10546/12600
f 4044/10547/12601 4051/10548/12602 4048/10549/12601 4031/10550/12603 4036/10551/12604
f 4022/10552/12605 4023/10553/12606 4021/10554/12607 4030/10458/12608 4026/10457/12609
f 4049/10555/12610 4044/10556/12611 4036/10485/12612 4028/10484/12613 4035/10557/12614
f 4102/10558/12615 4079/10559/12616 4091/10560/12617 4100/10561/12618
f 4032/10438/12619 4025/10441/12620 4038/10562/12621
f 4074/10563/12622 4057/10564/12623 4073/10565/12624
f 4091/10566/12625 4079/10567/12626 4089/10568/12627 4063/10536/12628 4043/10470/12625 4041/10569/12625
f 4092/10449/12629 4101/10448/12630 4102/10570/12631 4086/10571/12632
f 4076/10434/12633 4075/10433/12633 4060/10428/12633 4061/10427/12633
f 4076/10434/12634 4061/10427/12634 4062/10535/12634 4077/10572/12634
f 4090/10481/12635 4081/10573/12636 4080/10574/12637 4064/10575/12638 4088/10482/12639
f 4024/10576/12640 4027/10577/12641 4035/10557/12642 4028/10484/12642 4023/10488/12643 4022/10578/12644
f 4032/10438/12645 4040/10579/12646 4039/10439/12647
f 4059/10580/12648 4071/10581/12649 4058/10582/12650 4048/10549/12650 4051/10548/12650
f 4058/10582/12651 4071/10581/12652 4076/10583/12653 4077/10584/12654
f 4068/10585/12655 4069/10586/12655 4085/10455/12656 4083/10454/12655
f 4084/10474/12657 4082/10587/12658 4068/10585/12657 4083/10454/12657
f 4037/10491/12659 4050/10490/12660 4070/10509/12661
f 4029/10588/12662 4030/10499/12663 4070/10504/12664 4037/10532/12665
f 4043/10470/12666 4046/10537/12667 4037/10471/12668
f 4080/10589/12669 4053/10513/12670 4065/10512/12671 4064/10590/12672
f 4095/10473/12673 4094/10453/12673 4097/10591/12673 4099/10592/12673
f 4089/10447/12674 4079/10593/12675 4102/10570/12676 4101/10448/12677
f 4088/10482/12678 4087/10594/12679 4099/10595/12680 4097/10483/12681
f 4085/10524/12579 4045/10523/12580 4093/10464/12682 4100/10463/12683 4091/10530/12583 4081/10529/12582 4090/10596/12684 4098/10597/12685 4096/10598/12686
f 4046/10599/12687 4029/10588/12688 4037/10532/12689
f 4052/10545/12690 4064/10600/12691 4065/10601/12692 4055/10546/12693
f 4038/10602/12694 4057/10564/12695 4074/10563/12696 4032/10603/12697
f 4096/10452/12698 4098/10604/12698 4097/10591/12698 4094/10453/12698
f 4037/10605/12699 4046/10437/12700 4063/10436/12701
f 4037/10606/12702 4063/10607/12703 4043/10608/12704
f 4088/10482/12705 4064/10575/12706 4052/10609/12707 4078/10610/12708 4087/10594/12709
f 4033/10507/12710 4034/10506/12711 4063/10611/12712 4024/10612/12713 4022/10613/12714 4026/10614/12715
o MeshBody4_(56)_MeshBody4_(56).001
v 2.374477 1.798528 0.359456
v 2.371727 1.793106 0.359894
v 2.371727 1.798388 0.357875
v 2.368979 1.794109 0.361120
v 2.374477 1.810003 0.362642
v 2.371727 1.790822 0.362687
v 2.374477 1.796118 0.363571
v 2.374477 1.792242 0.363389
v 2.371727 1.809854 0.364223
v 2.371727 1.789894 0.366664
v 2.368979 1.791481 0.366666
v 2.368979 1.798807 0.362617
v 2.371727 1.815612 0.360028
v 2.374477 1.813333 0.364779
v 2.374477 1.816232 0.363492
v 2.368979 1.810003 0.362642
v 2.368979 1.813333 0.364779
v 2.368979 1.792217 0.369946
v 2.371727 1.790787 0.370642
v 2.368979 1.795077 0.368559
v 2.368979 1.814549 0.361204
v 2.374477 1.792217 0.369946
v 2.371727 1.796243 0.366669
v 2.371724 1.797870 0.369434
v 2.371724 1.797893 0.363935
v 2.371727 1.812133 0.366715
v 2.374477 1.816894 0.366716
v 2.368979 1.816894 0.366716
v 2.374477 1.796105 0.369805
v 2.371727 1.818481 0.366716
v 2.371717 1.801046 0.369441
v 2.374945 1.800391 0.369440
v 2.371717 1.801065 0.363943
v 2.368979 1.813336 0.368650
v 2.374477 1.813336 0.368650
v 2.368979 1.798472 0.373935
v 2.371727 1.798322 0.375514
v 2.374477 1.798472 0.373935
v 2.367658 1.794170 0.363929
v 2.364498 1.794463 0.363929
v 2.362916 1.794596 0.366677
v 2.365031 1.799767 0.366690
v 2.371714 1.802643 0.366696
v 2.378414 1.799782 0.366690
v 2.380555 1.794611 0.366677
v 2.378975 1.794443 0.369427
v 2.374237 1.793995 0.366676
v 2.371727 1.815614 0.373410
v 2.368979 1.814548 0.372231
v 2.374477 1.814548 0.372231
v 2.374477 1.809980 0.370800
v 2.371727 1.809829 0.369221
v 2.368979 1.809980 0.370800
v 2.368979 1.810282 0.373960
v 2.368979 1.804377 0.372379
v 2.364497 1.782679 0.363903
v 2.369238 1.783098 0.366652
v 2.366210 1.798693 0.369436
v 2.364498 1.794436 0.369427
v 2.377238 1.798726 0.363938
v 2.378975 1.794470 0.363929
v 2.380557 1.782519 0.366651
v 2.378975 1.782682 0.363903
v 2.378975 1.782643 0.369401
v 2.374234 1.783092 0.366652
v 2.366170 1.778266 0.363864
v 2.364947 1.777233 0.366605
v 2.368618 1.780286 0.363882
v 2.366170 1.778221 0.369362
v 2.368618 1.780244 0.369380
v 2.374852 1.780301 0.363882
v 2.374852 1.780260 0.369380
v 2.375700 1.774970 0.366584
v 2.375002 1.776419 0.363848
v 2.375002 1.776372 0.369345
v 2.371725 1.774056 0.366575
v 2.371722 1.775619 0.369339
v 2.371722 1.775667 0.363841
v 2.371718 1.778795 0.369367
v 2.371718 1.778839 0.363870
v 2.371715 1.780404 0.366632
vt 0.515381 0.713806
vt 0.515381 0.714447
vt 0.515076 0.714600
vt 0.515076 0.713837
vt 0.515381 0.612366
vt 0.515015 0.612366
vt 0.515137 0.611542
vt 0.515381 0.611694
vt 0.515381 0.654526
vt 0.515076 0.654678
vt 0.515076 0.654457
vt 0.515015 0.653915
vt 0.515320 0.653885
vt 0.780151 0.854553
vt 0.780273 0.854614
vt 0.780396 0.854980
vt 0.780151 0.854919
vt 0.856018 0.600342
vt 0.855896 0.601074
vt 0.855713 0.601074
vt 0.855774 0.600708
vt 0.853271 0.805557
vt 0.853516 0.805252
vt 0.853577 0.805573
vt 0.853271 0.805756
vt 0.855042 0.547974
vt 0.855103 0.546509
vt 0.855408 0.546570
vt 0.855347 0.547821
vt 0.854736 0.507874
vt 0.855103 0.507812
vt 0.855103 0.508179
vt 0.854736 0.508240
vt 0.515015 0.614655
vt 0.515015 0.616501
vt 0.514771 0.616463
vt 0.514771 0.615227
vt 0.514771 0.614746
vt 0.853271 0.809016
vt 0.853027 0.809240
vt 0.852905 0.809173
vt 0.853149 0.808836
vt 0.843994 0.853821
vt 0.843994 0.854088
vt 0.843628 0.854279
vt 0.843628 0.853874
vt 0.854675 0.494629
vt 0.854614 0.494263
vt 0.854980 0.494263
vt 0.855042 0.494629
vt 0.515381 0.616463
vt 0.515381 0.616882
vt 0.515015 0.617012
vt 0.515381 0.614738
vt 0.855713 0.546539
vt 0.855652 0.547729
vt 0.852783 0.803970
vt 0.852844 0.804382
vt 0.852478 0.805420
vt 0.852356 0.804184
vt 0.852722 0.803528
vt 0.853027 0.803421
vt 0.853638 0.803604
vt 0.853882 0.804031
vt 0.853455 0.804321
vt 0.853394 0.804016
vt 0.853088 0.803757
vt 0.843750 0.853645
vt 0.852905 0.811033
vt 0.853149 0.811131
vt 0.853149 0.811338
vt 0.852783 0.811220
vt 0.844360 0.854279
vt 0.844238 0.855537
vt 0.843994 0.855232
vt 0.843628 0.855537
vt 0.850525 0.853729
vt 0.850464 0.853912
vt 0.850159 0.853760
vt 0.850220 0.853439
vt 0.855713 0.760864
vt 0.855835 0.760559
vt 0.856079 0.760681
vt 0.856079 0.761108
vt 0.855957 0.761292
vt 0.855591 0.761292
vt 0.780640 0.854614
vt 0.780640 0.854980
vt 0.829590 0.854004
vt 0.829956 0.853821
vt 0.829834 0.854279
vt 0.829590 0.854248
vt 0.830078 0.854828
vt 0.829590 0.854980
vt 0.830078 0.854462
vt 0.829346 0.854828
vt 0.854675 0.494019
vt 0.855042 0.494019
vt 0.515137 0.614166
vt 0.515015 0.613632
vt 0.515381 0.613617
vt 0.515381 0.614059
vt 0.853516 0.809270
vt 0.853516 0.808862
vt 0.853760 0.809223
vt 0.839966 0.854980
vt 0.840454 0.854919
vt 0.840576 0.855438
vt 0.854980 0.508545
vt 0.856201 0.601074
vt 0.856323 0.601685
vt 0.856018 0.601807
vt 0.829712 0.855377
vt 0.829468 0.855408
vt 0.780884 0.855347
vt 0.780640 0.855469
vt 0.502319 0.852133
vt 0.501953 0.852207
vt 0.502197 0.851917
vt 0.853271 0.530151
vt 0.853516 0.530090
vt 0.853516 0.530640
vt 0.852661 0.809748
vt 0.852539 0.809121
vt 0.852783 0.808687
vt 0.853394 0.808477
vt 0.853882 0.808758
vt 0.853760 0.810893
vt 0.853516 0.810848
vt 0.853638 0.810392
vt 0.839844 0.854675
vt 0.839966 0.853424
vt 0.840210 0.853760
vt 0.840576 0.853455
vt 0.514771 0.614388
vt 0.515137 0.614220
vt 0.856079 0.761963
vt 0.855835 0.762146
vt 0.806274 0.855286
vt 0.806213 0.854927
vt 0.806519 0.855019
vt 0.806519 0.855171
vt 0.514771 0.614227
vt 0.514771 0.613617
vt 0.515076 0.652084
vt 0.515381 0.651993
vt 0.514099 0.812500
vt 0.514282 0.812439
vt 0.514282 0.813232
vt 0.514099 0.813110
vt 0.780640 0.853760
vt 0.780884 0.853943
vt 0.855835 0.601685
vt 0.514771 0.712097
vt 0.515076 0.712006
vt 0.514771 0.713806
vt 0.856323 0.600464
vt 0.853882 0.805756
vt 0.853333 0.806091
vt 0.852966 0.806046
vt 0.852966 0.805634
vt 0.844360 0.853874
vt 0.503052 0.852219
vt 0.503052 0.854134
vt 0.502808 0.854277
vt 0.502197 0.854162
vt 0.501587 0.852547
vt 0.501831 0.851810
vt 0.502197 0.853659
vt 0.502441 0.853956
vt 0.502930 0.853865
vt 0.503052 0.853474
vt 0.502563 0.852064
vt 0.502563 0.851662
vt 0.806580 0.854980
vt 0.806519 0.853722
vt 0.806824 0.853691
vt 0.806824 0.855164
vt 0.806274 0.853691
vt 0.805969 0.854897
vt 0.515381 0.712585
vt 0.515381 0.712097
vt 0.851257 0.853508
vt 0.850830 0.854164
vt 0.850464 0.854248
vt 0.849915 0.853966
vt 0.849731 0.853500
vt 0.850037 0.852295
vt 0.850830 0.853760
vt 0.851257 0.852264
vt 0.514771 0.654343
vt 0.514771 0.652184
vt 0.855347 0.548004
vt 0.855042 0.548218
vt 0.514771 0.612366
vt 0.806519 0.853493
vt 0.806824 0.853355
vt 0.853027 0.530518
vt 0.844238 0.853645
vt 0.855774 0.548218
vt 0.841553 0.535645
vt 0.841553 0.536011
vt 0.841248 0.535889
vt 0.853882 0.811047
vt 0.853638 0.811267
vn -0.4803 -0.3157 0.8183
vn -0.4912 -0.6790 0.5456
vn -0.4917 -0.6786 0.5457
vn -0.4855 -0.3175 0.8145
vn 0.8167 -0.3082 -0.4879
vn 0.8184 -0.3117 -0.4828
vn 0.5465 -0.6744 -0.4965
vn 0.8164 -0.3099 -0.4873
vn 0.4887 -0.6736 -0.5544
vn 0.4901 -0.6741 -0.5526
vn 0.4850 -0.3110 -0.8173
vn 0.4855 -0.3123 -0.8166
vn 0.4811 -0.3086 -0.8206
vn 0.1952 -0.8451 -0.4977
vn 0.4913 0.7027 -0.5146
vn 0.4915 0.8529 -0.1760
vn 0.4915 0.8529 -0.1759
vn 0.4921 0.7012 -0.5160
vn 0.8273 0.2712 0.4919
vn 0.8273 0.2711 0.4920
vn 0.1877 0.8475 0.4966
vn 0.1900 0.8463 0.4977
vn 0.4983 -0.0019 0.8670
vn 0.4890 -0.2800 0.8261
vn 0.4731 -0.3117 0.8240
vn 0.4925 -0.8534 0.1706
vn 0.4894 -0.8552 0.1707
vn -0.8167 -0.3086 -0.4876
vn -0.8668 0.0011 -0.4986
vn -0.8197 -0.3074 -0.4833
vn -0.8204 -0.3070 -0.4824
vn -0.4896 -0.2826 -0.8249
vn -0.4895 -0.2823 -0.8251
vn -0.4738 -0.3120 -0.8235
vn -0.4733 -0.3123 -0.8237
vn -0.8249 -0.2853 0.4880
vn -0.8246 -0.2858 0.4881
vn -0.8231 -0.3151 0.4724
vn -0.8235 -0.3147 0.4720
vn -0.8212 0.2926 0.4898
vn -0.8347 0.2765 0.4762
vn -0.5723 0.6555 0.4927
vn -0.5558 0.6647 0.4992
vn -0.8148 0.3273 0.4786
vn -0.8154 0.3269 0.4777
vn -0.8105 0.3306 0.4836
vn -0.8670 -0.0010 0.4982
vn -0.8187 -0.3189 0.4775
vn -0.8176 -0.3140 0.4827
vn -0.4984 -0.0019 0.8669
vn -0.4981 -0.0019 0.8671
vn 0.0001 -0.0021 1.0000
vn -0.0003 -0.0025 1.0000
vn 0.0002 -0.0022 1.0000
vn -0.0003 -0.0022 1.0000
vn -0.0006 -0.0023 1.0000
vn 0.0000 -0.0022 1.0000
vn -0.0005 -0.0023 1.0000
vn -0.0001 -0.0025 1.0000
vn -0.0005 -0.0018 1.0000
vn -0.5288 -0.6921 0.4912
vn -0.5267 -0.6939 0.4910
vn -0.5212 -0.7001 0.4881
vn -0.4907 -0.8502 0.1907
vn -0.8670 -0.0009 0.4983
vn -0.8670 0.0013 -0.4983
vn -0.8670 -0.0009 0.4982
vn 0.1855 0.8552 -0.4839
vn 0.1871 0.8551 -0.4835
vn 0.8217 0.2975 -0.4861
vn 0.8362 0.2801 -0.4715
vn 0.4896 -0.8493 -0.1977
vn 0.4893 -0.8493 -0.1981
vn 0.4901 -0.8490 -0.1974
vn 0.4905 -0.8503 0.1907
vn 0.4906 -0.8503 0.1908
vn 0.4905 -0.8503 0.1908
vn 0.1953 -0.8536 0.4829
vn 0.5163 0.6988 0.4950
vn 0.5162 0.6993 0.4945
vn 0.1744 0.8513 0.4949
vn 0.1739 0.8515 0.4947
vn -0.5171 0.7017 -0.4901
vn -0.5163 0.7025 -0.4899
vn -0.1771 0.8538 -0.4895
vn -0.1758 0.8546 -0.4887
vn -0.1764 0.8510 0.4946
vn -0.1761 0.8509 0.4949
vn -0.1767 0.8510 0.4945
vn -0.5156 0.6994 0.4949
vn -0.8265 0.2802 -0.4882
vn -0.5571 0.6749 -0.4839
vn -0.5578 0.6742 -0.4840
vn -0.8267 0.2798 -0.4882
vn 0.8097 0.3354 -0.4815
vn 0.8669 0.0012 -0.4985
vn 0.8131 0.3336 -0.4770
vn 0.8140 0.3333 -0.4757
vn -0.4924 -0.8536 0.1699
vn -0.4937 -0.8538 0.1650
vn -0.4886 -0.3082 0.8163
vn -0.4875 -0.3085 0.8168
vn 0.5283 -0.6888 -0.4965
vn 0.5267 -0.6906 -0.4957
vn 0.5205 -0.6969 -0.4934
vn 0.4928 -0.8543 -0.1652
vn 0.4908 -0.8546 -0.1695
vn 0.4931 -0.8544 -0.1641
vn -0.4925 0.8526 0.1746
vn -0.4920 0.8530 0.1740
vn -0.4924 0.7001 0.5171
vn -0.4919 0.7012 0.5161
vn -0.8121 0.3279 -0.4826
vn -0.8138 0.3325 -0.4766
vn -0.8135 0.3337 -0.4763
vn -0.8123 0.3287 -0.4818
vn -0.1933 -0.8541 0.4828
vn -0.5503 -0.6780 0.4873
vn -0.5496 -0.6796 0.4859
vn 0.4954 0.6591 -0.5658
vn 0.4901 0.6722 -0.5549
vn 0.4907 0.6717 -0.5550
vn -0.4909 -0.8556 -0.1643
vn -0.4911 -0.8553 -0.1653
vn -0.4927 -0.8536 -0.1693
vn -0.4909 0.8495 0.1933
vn -0.4882 0.8516 0.1906
vn -0.4905 0.8495 0.1941
vn -1.0000 0.0000 -0.0000
vn -0.7728 -0.0556 -0.6322
vn -0.5929 -0.5202 -0.6147
vn 0.8670 -0.0011 0.4983
vn 0.8669 0.0011 -0.4985
vn 0.8669 0.0011 -0.4984
vn -0.5487 -0.6715 -0.4980
vn -0.1937 -0.8456 -0.4974
vn -0.1933 -0.8456 -0.4976
vn 0.4858 -0.3138 0.8158
vn 0.4804 -0.3175 0.8176
vn 0.4913 -0.6806 0.5435
vn 0.4850 -0.3145 0.8160
vn 0.1286 -0.8626 -0.4892
vn 0.1695 -0.8436 -0.5096
vn 0.1702 -0.8434 -0.5096
vn 0.1283 -0.8626 -0.4893
vn 0.8102 0.3301 0.4844
vn 0.8100 0.3292 0.4854
vn 0.8112 0.3346 0.4796
vn 0.8116 0.3348 0.4789
vn 0.4985 0.0019 -0.8669
vn 0.4769 0.3346 -0.8128
vn 0.4827 0.3294 -0.8115
vn 0.1725 0.8548 -0.4895
vn 0.1731 0.8549 -0.4890
vn 0.5149 0.7035 -0.4898
vn 0.1727 0.8551 -0.4889
vn 0.5488 -0.6813 0.4843
vn 0.5468 -0.6818 0.4860
vn 0.8151 -0.3201 0.4829
vn 0.8191 -0.3177 0.4776
vn 0.4916 0.8533 0.1740
vn 0.4924 0.7012 0.5157
vn 0.4913 0.8535 0.1740
vn 0.4920 0.8532 0.1734
vn 0.4774 0.3296 0.8145
vn 0.4834 0.3310 0.8104
vn 0.4982 -0.0019 0.8671
vn 0.4982 -0.0019 0.8670
vn -0.4923 0.8525 -0.1757
vn -0.4922 0.8526 -0.1753
vn -0.4927 0.8522 -0.1761
vn -0.4919 0.7019 -0.5151
vn 0.0002 -0.0091 1.0000
vn 0.0004 -0.0090 1.0000
vn -0.0004 -0.0083 1.0000
vn 0.0007 -0.0085 1.0000
vn 0.0001 -0.0086 1.0000
vn -0.8164 -0.3104 -0.4869
vn -0.8160 -0.3104 -0.4877
vn -0.8343 -0.2876 -0.4704
vn -0.8347 -0.2870 -0.4701
vn 1.0000 -0.0000 0.0000
vn 1.0000 0.0004 -0.0000
vn 0.4983 0.0021 -0.8670
vn 0.4982 0.0021 -0.8670
vn -0.4984 0.0021 -0.8670
vn -0.4984 0.0021 -0.8669
vn -0.4738 0.2813 -0.8345
vn -0.4733 0.2814 -0.8348
vn -0.4870 0.2984 -0.8208
vn -0.4983 0.0021 -0.8670
vn -0.4983 -0.0019 0.8670
vn -0.4977 -0.0019 0.8674
vn -0.4777 0.3342 0.8125
vn -0.4834 0.3292 0.8111
vn -0.0005 0.0079 -1.0000
vn 0.0002 0.0090 -1.0000
vn -0.0005 0.0089 -1.0000
vn 0.0008 0.0084 -1.0000
vn -0.0006 0.0020 -1.0000
vn -0.0002 0.0025 -1.0000
vn -0.0004 0.0090 -1.0000
vn -0.0003 0.0091 -1.0000
vn -0.0003 0.0024 -1.0000
vn -0.0005 0.0022 -1.0000
vn -0.4855 -0.3088 -0.8179
vn -0.4766 0.3303 -0.8147
vn -0.4836 0.3320 -0.8099
vn -0.4808 -0.3126 -0.8192
vn -0.4801 -0.3133 -0.8193
vn 0.4904 0.8497 0.1940
vn 0.4909 0.8501 0.1907
vn 0.4897 0.8507 0.1910
vn 0.4888 0.8505 0.1944
vn 0.8670 -0.0010 0.4982
vn 0.4861 -0.3095 -0.8173
vn 0.4697 -0.2859 -0.8353
vn 0.4893 -0.6916 -0.5312
vn 0.4904 -0.6922 -0.5295
vn -0.4912 0.8505 -0.1880
vn -0.4902 0.8508 -0.1895
vn -0.4920 0.8502 -0.1870
vn -0.5273 -0.6917 -0.4934
vn -0.5195 -0.6957 -0.4962
vn -0.5295 -0.6909 -0.4922
vn -0.4896 0.2726 0.8283
vn -0.4781 0.2939 0.8277
vn -0.4780 0.2941 0.8277
vn 0.1372 -0.8538 0.5021
vn 0.1369 -0.8537 0.5024
vn 0.1724 -0.8560 0.4873
vn -0.4898 -0.8491 -0.1977
vn -0.4927 -0.6728 -0.5519
vn -0.4899 -0.8491 -0.1976
vn -0.4900 -0.8490 -0.1978
usemtl Steel_-_Satin.001
s 1
f 4138/10615/12716 4120/10616/12717 4121/10617/12718 4139/10618/12719
f 4165/10619/12720 4164/10620/12721 4175/10621/12722 4176/10622/12723
f 4110/10623/12724 4108/10624/12725 4104/10625/12726 4105/10626/12727 4103/10627/12728
f 4176/10628/12729 4175/10629/12729 4178/10630/12729 4180/10631/12729
f 4115/10632/12730 4132/10633/12731 4129/10634/12732 4117/10635/12733
f 4183/10636/12734 4159/10637/12735 4172/10638/12736 4181/10639/12737
f 4109/10640/12738 4107/10641/12738 4111/10642/12738 4127/10643/12738
f 4111/10644/12739 4107/10645/12740 4116/10646/12741 4128/10647/12742
f 4169/10648/12743 4143/10649/12744 4142/10650/12744 4158/10651/12745 4168/10652/12746
f 4128/10653/12747 4154/10654/12748 4155/10655/12749 4136/10656/12750
f 4125/10657/12751 4149/10658/12752 4124/10659/12753 4131/10660/12754
f 4174/10661/12755 4167/10662/12756 4183/10663/12757 4181/10664/12758
f 4161/10665/12759 4160/10666/12760 4144/10667/12761 4143/10649/12762 4169/10648/12763 4171/10668/12764
f 4127/10643/12765 4111/10642/12766 4118/10669/12765 4114/10670/12765
f 4131/10671/12767 4124/10672/12768 4166/10673/12769 4148/10674/12770 4134/10675/12771 4133/10676/12770 4160/10677/12772 4161/10678/12773 4172/10638/12774 4120/10679/12770 4122/10680/12772 4126/10681/12775
f 4125/10657/12776 4131/10660/12777 4126/10682/12778
f 4120/10683/12779 4113/10684/12779 4112/10685/12779 4121/10686/12779
f 4124/10659/12780 4149/10658/12781 4110/10687/12781 4173/10688/12781 4167/10689/12780 4174/10690/12782
f 4183/10691/12783 4182/10692/12784 4170/10693/12785 4159/10694/12786
f 4112/10695/12787 4108/10696/12788 4110/10697/12789 4149/10698/12790 4124/10699/12791 4121/10700/12792
f 4178/10630/12793 4175/10629/12793 4177/10701/12793 4179/10702/12793
f 4134/10703/12794 4146/10704/12795 4145/10705/12796 4133/10706/12797
f 4114/10707/12798 4144/10708/12799 4145/10705/12800 4135/10709/12801
f 4160/10710/12802 4133/10706/12803 4145/10705/12804 4144/10708/12805
f 4167/10662/12806 4173/10711/12807 4182/10712/12808 4183/10663/12809
f 4146/10713/12810 4147/10714/12811 4164/10620/12811 4165/10619/12811 4163/10715/12812 4162/10716/12813
f 4111/10717/12814 4128/10653/12815 4119/10718/12816 4118/10719/12817
f 4122/10720/12818 4141/10721/12819 4114/10722/12820
f 4116/10646/12821 4137/10723/12822 4128/10647/12823
f 4132/10633/12824 4130/10724/12825 4151/10725/12826 4150/10726/12827
f 4142/10727/12828 4143/10728/12829 4144/10708/12830 4114/10707/12831
f 4179/10702/12832 4171/10729/12833 4169/10730/12834 4178/10630/12832
f 4125/10731/12835 4131/10732/12836 4149/10733/12837
f 4128/10653/12838 4136/10656/12839 4119/10718/12840
f 4125/10734/12841 4127/10735/12842 4141/10736/12843
f 4136/10656/12844 4155/10655/12844 4157/10737/12844 4156/10738/12844 4151/10739/12844 4130/10740/12844 4123/10741/12844 4106/10742/12845 4141/10743/12846 4114/10744/12844 4118/10719/12844 4119/10718/12844
f 4122/10720/12847 4120/10745/12847 4172/10746/12847 4159/10747/12848 4170/10748/12849 4141/10721/12849
f 4169/10648/12850 4168/10652/12851 4180/10749/12852 4178/10750/12852
f 4140/10751/12853 4139/10752/12854 4121/10700/12855 4124/10699/12856
f 4122/10753/12857 4114/10754/12858 4127/10755/12859 4125/10756/12860
f 4134/10757/12861 4148/10758/12862 4147/10714/12863 4146/10713/12864
f 4105/10626/12865 4115/10759/12866 4117/10760/12867 4103/10627/12865
f 4135/10761/12868 4145/10762/12869 4146/10763/12870 4162/10764/12871
f 4177/10701/12872 4175/10629/12873 4164/10765/12874 4166/10766/12875
f 4132/10633/12876 4150/10726/12877 4152/10767/12878 4129/10634/12879
f 4152/10768/12880 4150/10769/12881 4139/10618/12882 4140/10770/12883
f 4123/10771/12884 4130/10724/12885 4132/10633/12886 4115/10632/12887
f 4172/10638/12774 4161/10678/12773 4171/10772/12888 4179/10773/12889 4177/10774/12890 4166/10673/12769 4124/10672/12768 4174/10775/12891 4181/10639/12892
f 4109/10776/12893 4110/10687/12894 4149/10658/12895 4125/10657/12896
f 4103/10777/12897 4117/10778/12897 4129/10779/12897 4152/10780/12898 4140/10781/12897 4124/10782/12897 4149/10733/12897 4131/10732/12897 4153/10783/12897 4137/10784/12897 4116/10785/12897 4107/10786/12897 4109/10787/12897 4110/10788/12897
f 4126/10789/12899 4154/10790/12900 4153/10791/12899 4131/10792/12899
f 4155/10793/12901 4154/10790/12902 4126/10789/12903 4125/10756/12904 4122/10753/12905 4160/10794/12906
f 4156/10795/12907 4138/10615/12908 4139/10618/12907 4150/10769/12909 4151/10796/12910
f 4165/10797/12911 4176/10798/12912 4180/10799/12913 4168/10800/12914 4158/10801/12915 4141/10802/12916 4170/10693/12917 4182/10692/12918 4173/10803/12919 4163/10804/12920
f 4106/10805/12921 4123/10806/12922 4115/10759/12923 4105/10626/12924 4104/10625/12925
f 4127/10643/12926 4125/10807/12927 4149/10808/12928 4109/10640/12929
f 4148/10758/12930 4166/10809/12930 4164/10620/12930 4147/10714/12930
f 4153/10791/12931 4154/10790/12932 4128/10810/12933 4137/10811/12934
f 4141/10736/12935 4122/10812/12936 4125/10734/12937
f 4127/10813/12938 4109/10776/12939 4125/10657/12940
f 4127/10643/12941 4114/10670/12942 4141/10814/12943
f 4122/10815/12944 4125/10816/12945 4126/10817/12946
f 4113/10684/12947 4141/10743/12846 4106/10742/12845 4104/10818/12948 4108/10819/12949 4112/10685/12950
o MeshBody4_(57)_MeshBody4_(57).001
v 2.371727 1.825495 0.359937
v 2.374477 1.826506 0.361156
v 2.368979 1.826506 0.361156
v 2.374477 1.842686 0.359429
v 2.374477 1.842408 0.362591
v 2.371727 1.842824 0.357848
v 2.374477 1.828530 0.363598
v 2.371727 1.843774 0.364672
v 2.371727 1.822325 0.366725
v 2.368979 1.823912 0.366718
v 2.368979 1.842686 0.359429
v 2.371727 1.847999 0.359945
v 2.374477 1.823912 0.366718
v 2.374477 1.845752 0.364710
v 2.374477 1.848641 0.363405
v 2.368979 1.844831 0.363490
v 2.371727 1.823242 0.370697
v 2.371727 1.850085 0.362753
v 2.374477 1.827086 0.366702
v 2.374477 1.824668 0.369994
v 2.371724 1.830306 0.363953
v 2.368979 1.846151 0.366644
v 2.368979 1.848641 0.363405
v 2.368979 1.826522 0.372273
v 2.371727 1.825505 0.373495
v 2.374477 1.828555 0.369831
v 2.369744 1.827944 0.366710
v 2.369788 1.829928 0.369452
v 2.368494 1.832814 0.363944
v 2.371717 1.833494 0.369440
v 2.374945 1.832840 0.369443
v 2.371717 1.833479 0.363942
v 2.368979 1.848691 0.369858
v 2.374477 1.845780 0.368581
v 2.374477 1.848691 0.369858
v 2.371727 1.850147 0.370496
v 2.371727 1.830808 0.375527
v 2.374477 1.830948 0.373947
v 2.367658 1.826584 0.363965
v 2.364498 1.826877 0.363964
v 2.362916 1.827027 0.366713
v 2.365031 1.832198 0.366694
v 2.367846 1.834270 0.366689
v 2.371714 1.835074 0.366685
v 2.375589 1.834283 0.366689
v 2.378414 1.832213 0.366694
v 2.374945 1.832826 0.363944
v 2.380555 1.827042 0.366712
v 2.378975 1.826891 0.369462
v 2.371727 1.848090 0.373327
v 2.374477 1.842438 0.370749
v 2.371727 1.842277 0.369169
v 2.368979 1.842438 0.370749
v 2.368979 1.842761 0.373907
v 2.371727 1.842922 0.375486
v 2.374477 1.842761 0.373907
v 2.364497 1.815093 0.363975
v 2.362916 1.814945 0.366723
v 2.369238 1.815529 0.366724
v 2.367658 1.826591 0.369463
v 2.366210 1.831141 0.369448
v 2.364497 1.815088 0.369473
v 2.364498 1.826884 0.369462
v 2.378975 1.826884 0.363964
v 2.380557 1.814950 0.366723
v 2.378975 1.815096 0.363975
v 2.378975 1.815090 0.369473
v 2.374234 1.815524 0.366724
v 2.366170 1.810680 0.363965
v 2.364947 1.809664 0.366712
v 2.368618 1.812700 0.363969
v 2.368618 1.812692 0.369467
v 2.374852 1.812716 0.363969
v 2.374852 1.812707 0.369467
v 2.367745 1.807392 0.366707
v 2.368445 1.808811 0.369458
v 2.375700 1.807401 0.366707
v 2.375002 1.808832 0.363960
v 2.375002 1.808820 0.369458
v 2.371725 1.806486 0.366705
v 2.371722 1.808080 0.363959
v 2.371718 1.811243 0.369465
v 2.371718 1.811252 0.363966
v 2.371715 1.812835 0.366719
vt 0.515076 0.721527
vt 0.515076 0.722076
vt 0.515076 0.722290
vt 0.514771 0.722137
vt 0.514771 0.721512
vt 0.508911 0.854187
vt 0.508789 0.854309
vt 0.508423 0.853882
vt 0.507935 0.852722
vt 0.508057 0.852661
vt 0.854004 0.833878
vt 0.854370 0.835388
vt 0.854004 0.835098
vt 0.853760 0.835388
vt 0.853760 0.833710
vt 0.515076 0.719696
vt 0.514771 0.719803
vt 0.850220 0.793091
vt 0.850220 0.793457
vt 0.849670 0.793457
vt 0.849731 0.793091
vt 0.851562 0.522644
vt 0.851929 0.522552
vt 0.852356 0.522629
vt 0.852295 0.522781
vt 0.851929 0.522720
vt 0.851624 0.522781
vt 0.515015 0.748062
vt 0.515015 0.747513
vt 0.515015 0.746231
vt 0.515381 0.746246
vt 0.515381 0.747498
vt 0.515381 0.747955
vt 0.508911 0.851685
vt 0.508301 0.851929
vt 0.508179 0.851807
vt 0.508911 0.851501
vt 0.851562 0.525482
vt 0.851257 0.525238
vt 0.851379 0.525116
vt 0.851990 0.525406
vt 0.851929 0.525574
vt 0.851624 0.524918
vt 0.851990 0.525070
vt 0.852295 0.524902
vt 0.852722 0.523407
vt 0.852722 0.524658
vt 0.852295 0.525314
vt 0.851196 0.524658
vt 0.851501 0.523438
vt 0.849121 0.854858
vt 0.849487 0.854919
vt 0.849487 0.855225
vt 0.849121 0.855591
vt 0.849121 0.855225
vt 0.515015 0.745682
vt 0.515015 0.745468
vt 0.515381 0.745621
vt 0.515381 0.584824
vt 0.515015 0.584808
vt 0.515015 0.584015
vt 0.515381 0.584167
vt 0.793518 0.855225
vt 0.793518 0.855957
vt 0.793213 0.855957
vt 0.793152 0.855225
vt 0.855652 0.834778
vt 0.855591 0.834351
vt 0.855896 0.834412
vt 0.855896 0.835144
vt 0.855591 0.835266
vt 0.846375 0.854706
vt 0.846191 0.855057
vt 0.846008 0.854568
vt 0.846313 0.853378
vt 0.846619 0.853394
vt 0.848602 0.538452
vt 0.848450 0.538452
vt 0.848328 0.538086
vt 0.848450 0.537842
vt 0.848602 0.537720
vt 0.507935 0.852112
vt 0.855957 0.748901
vt 0.856201 0.748779
vt 0.856201 0.749207
vt 0.855835 0.749084
vt 0.855591 0.749329
vt 0.855713 0.748291
vt 0.856079 0.748230
vt 0.855774 0.546387
vt 0.856079 0.546021
vt 0.856079 0.546509
vt 0.855591 0.833984
vt 0.855896 0.834045
vt 0.854370 0.833527
vt 0.854370 0.833725
vt 0.851196 0.523407
vt 0.852234 0.523392
vt 0.852234 0.523239
vt 0.851990 0.523056
vt 0.782379 0.812500
vt 0.782379 0.812866
vt 0.782074 0.812622
vt 0.851929 0.524902
vt 0.851685 0.524612
vt 0.515381 0.721512
vt 0.515381 0.722137
vt 0.855347 0.512939
vt 0.855103 0.513000
vt 0.854980 0.512634
vt 0.854980 0.512146
vt 0.855347 0.512207
vt 0.856079 0.775497
vt 0.856079 0.775894
vt 0.855713 0.775650
vt 0.849365 0.794312
vt 0.850098 0.794434
vt 0.850098 0.794739
vt 0.849670 0.794739
vt 0.849304 0.794678
vt 0.852356 0.525482
vt 0.793213 0.856262
vt 0.489380 0.851212
vt 0.489380 0.851044
vt 0.490112 0.851379
vt 0.489990 0.851486
vt 0.855438 0.500000
vt 0.855743 0.499634
vt 0.855743 0.500122
vt 0.852234 0.524612
vt 0.850586 0.794067
vt 0.850708 0.794312
vt 0.850464 0.794617
vt 0.846863 0.853378
vt 0.846863 0.854843
vt 0.849731 0.854492
vt 0.849243 0.854553
vt 0.849365 0.854370
vt 0.855713 0.511414
vt 0.855347 0.511353
vt 0.514771 0.747498
vt 0.514771 0.746246
vt 0.514771 0.745804
vt 0.856079 0.774033
vt 0.855713 0.774338
vt 0.515381 0.719803
vt 0.855347 0.834717
vt 0.855164 0.834473
vt 0.855286 0.834106
vt 0.853027 0.820923
vt 0.852661 0.820923
vt 0.852783 0.820679
vt 0.853149 0.820801
vt 0.514771 0.586075
vt 0.514771 0.584824
vt 0.515015 0.586090
vt 0.515381 0.586075
vt 0.514771 0.584167
vt 0.855347 0.513611
vt 0.855713 0.513428
vt 0.850220 0.528564
vt 0.850525 0.528320
vt 0.850525 0.528687
vt 0.849731 0.855896
vt 0.849365 0.856079
vt 0.846313 0.852982
vt 0.855469 0.774033
vt 0.855469 0.775497
vt 0.853149 0.821228
vt 0.852783 0.821289
vt 0.849060 0.793884
vt 0.849243 0.793152
vt 0.849731 0.792847
vt 0.850037 0.792847
vt 0.850586 0.793030
vt 0.850708 0.793335
vt 0.850098 0.794189
vt 0.850403 0.793335
vt 0.515015 0.586639
vt 0.515381 0.586700
vt 0.515015 0.586853
vt 0.849487 0.794128
vt 0.849792 0.794250
vt 0.855484 0.505249
vt 0.855484 0.505615
vt 0.855118 0.505737
vt 0.855286 0.505249
vt 0.855713 0.749634
vt 0.856201 0.749390
vt 0.846863 0.853027
vt 0.854248 0.831894
vt 0.854492 0.832245
vt 0.853638 0.832245
vt 0.853882 0.831894
vt 0.490234 0.853195
vt 0.489746 0.853821
vt 0.489014 0.853821
vt 0.488647 0.853195
vt 0.488647 0.851944
vt 0.489136 0.851288
vn 0.4786 0.3306 -0.8134
vn 0.4908 0.6989 -0.5202
vn 0.4903 0.6995 -0.5199
vn 0.4827 0.3255 -0.8131
vn 0.4836 0.3242 -0.8131
vn -0.4795 -0.3106 0.8207
vn -0.4850 -0.3125 0.8168
vn -0.4985 0.0029 0.8669
vn -0.8670 -0.0003 -0.4984
vn -0.8670 -0.0003 -0.4983
vn -0.8670 0.0006 0.4984
vn -0.8670 0.0005 0.4984
vn 0.4851 -0.3159 -0.8154
vn 0.4984 -0.0029 -0.8670
vn 0.4796 -0.3139 -0.8194
vn -0.1683 -0.8526 0.4947
vn -0.1680 -0.8533 0.4936
vn -0.1621 -0.8556 0.4916
vn -0.1643 -0.8549 0.4921
vn -0.1761 0.8519 -0.4932
vn 0.1737 0.8518 -0.4942
vn 0.1742 0.8520 -0.4937
vn 0.1735 0.8515 -0.4949
vn -0.1775 0.8511 -0.4941
vn -0.1760 0.8517 -0.4936
vn -0.8167 -0.3112 -0.4860
vn -0.8668 -0.0004 -0.4986
vn -0.8197 -0.3108 -0.4812
vn -0.8205 -0.3098 -0.4805
vn -0.4918 0.8516 -0.1816
vn -0.4921 0.8541 0.1683
vn -0.4909 0.8519 -0.1822
vn -0.5495 -0.6746 -0.4929
vn -0.5482 -0.6749 -0.4939
vn -0.1930 -0.8490 -0.4920
vn -0.1929 -0.8490 -0.4920
vn -0.0003 0.0023 -1.0000
vn 0.0000 0.0022 -1.0000
vn -0.0012 -0.0000 -1.0000
vn 0.0003 -0.0019 -1.0000
vn 0.0005 0.0022 -1.0000
vn -0.0000 0.0025 -1.0000
vn 0.0001 0.0025 -1.0000
vn -0.0002 0.0024 -1.0000
vn 0.0003 -0.0008 -1.0000
vn -0.0009 -0.0014 -1.0000
vn 0.1733 0.8548 0.4893
vn 0.1732 0.8548 0.4893
vn 0.5158 0.7022 0.4909
vn 0.5141 0.7037 0.4904
vn 0.1725 0.8552 0.4887
vn -0.5172 0.6991 -0.4937
vn -0.5166 0.6996 -0.4937
vn -0.8115 0.3272 -0.4842
vn -0.8120 0.3251 -0.4848
vn -0.8138 0.3296 -0.4786
vn 0.8166 -0.3113 -0.4861
vn 0.8176 -0.3159 -0.4815
vn 0.5464 -0.6778 -0.4920
vn 0.8170 -0.3119 -0.4851
vn -0.4984 0.0029 0.8669
vn -0.4984 0.0030 0.8669
vn 0.4924 -0.6749 0.5496
vn 0.4913 -0.6772 0.5477
vn 0.4845 -0.3095 0.8182
vn 0.4854 -0.3094 0.8177
vn 0.4813 -0.3143 0.8183
vn -0.4740 0.2770 -0.8358
vn -0.4876 0.2934 -0.8223
vn -0.4986 -0.0028 -0.8668
vn -0.4986 -0.0028 -0.8669
vn -0.4904 -0.8499 -0.1928
vn -0.4900 -0.8502 -0.1925
vn -0.4925 -0.6757 -0.5485
vn -0.4925 -0.6754 -0.5489
vn -0.4910 -0.6770 -0.5483
vn -0.4837 0.3341 0.8090
vn -0.4844 0.3331 0.8090
vn -0.4817 0.3392 0.8080
vn -0.4928 0.7036 0.5119
vn -0.4923 0.7044 0.5113
vn -0.4901 0.2765 0.8266
vn -0.4771 0.2984 0.8266
vn -0.4765 0.2988 0.8268
vn 0.4739 0.2795 0.8350
vn 0.4985 0.0029 0.8669
vn -0.4927 -0.8548 -0.1628
vn -0.4906 -0.8569 -0.1585
vn -0.4925 -0.8548 -0.1637
vn 0.4906 -0.8491 0.1959
vn -0.5311 -0.6930 -0.4874
vn -0.5276 -0.6947 -0.4889
vn -0.5206 -0.6979 -0.4918
vn -0.0008 -0.0029 -1.0000
vn 0.0003 -0.0032 -1.0000
vn 0.0000 -0.0033 -1.0000
vn -0.0002 -0.0034 -1.0000
vn 0.0001 -0.0034 -1.0000
vn -0.0011 -0.0034 -1.0000
vn 0.0001 -0.0032 -1.0000
vn -0.4942 0.6674 -0.5571
vn -0.4943 0.6672 -0.5572
vn -0.4883 0.6587 -0.5725
vn 0.1858 0.8519 -0.4896
vn 0.1872 0.8520 -0.4890
vn 0.8217 0.2950 -0.4877
vn 0.8355 0.2778 -0.4740
vn -0.4836 0.3286 -0.8113
vn -0.4790 0.3242 -0.8157
vn -0.4894 0.6990 -0.5214
vn -0.4906 0.6994 -0.5198
vn -0.4825 0.3285 -0.8120
vn 0.4922 0.7037 0.5124
vn 0.4930 0.7032 0.5123
vn 0.4839 0.3358 0.8081
vn 0.4838 0.3374 0.8075
vn 0.4779 0.3355 0.8118
vn 0.5269 -0.6934 -0.4915
vn 0.5214 -0.6994 -0.4889
vn 0.5296 -0.6910 -0.4920
vn 0.1953 -0.8504 0.4885
vn -0.1933 -0.8510 0.4883
vn 0.1952 -0.8504 0.4885
vn 0.1951 -0.8483 -0.4922
vn -0.4929 -0.8530 0.1717
vn -0.4904 -0.8535 0.1765
vn -0.4931 -0.8531 0.1704
vn 0.4903 -0.8501 -0.1920
vn 0.4898 -0.8503 -0.1925
vn 0.4922 -0.6774 -0.5467
vn -0.1687 -0.8561 -0.4885
vn -0.1673 -0.8559 -0.4894
vn -0.1621 -0.8559 -0.4911
vn -0.5568 0.6722 -0.4880
vn -0.5568 0.6722 -0.4881
vn -0.8265 0.2777 -0.4896
vn -0.8263 0.2781 -0.4898
vn -0.5491 -0.6782 0.4885
vn -0.8173 -0.3115 0.4847
vn -0.8171 -0.3108 0.4855
vn -0.8180 -0.3159 0.4807
vn -0.5514 -0.6750 0.4902
vn 0.4983 -0.0028 -0.8670
vn -0.1758 0.8538 0.4900
vn -0.1755 0.8540 0.4897
vn -0.1763 0.8541 0.4893
vn -0.5158 0.7031 0.4894
vn -0.5151 0.7026 0.4909
vn 0.4982 0.0029 0.8671
vn -0.8670 0.0005 0.4983
vn -0.8147 0.3296 0.4771
vn -0.8155 0.3296 0.4757
vn -0.8104 0.3330 0.4821
vn 0.8669 -0.0005 -0.4984
vn -0.4806 -0.3176 -0.8174
vn -0.4855 -0.3139 -0.8160
vn -0.4991 -0.0028 -0.8666
vn -0.4985 -0.0029 -0.8669
vn -0.4938 -0.6760 0.5470
vn -0.4922 -0.6750 0.5497
vn -0.4906 -0.8490 0.1959
vn -0.4907 -0.8490 0.1959
vn -0.4917 -0.6772 0.5474
vn -0.5727 0.6586 0.4882
vn -0.5555 0.6685 0.4945
vn -0.8214 0.2951 0.4880
vn -0.8355 0.2786 0.4737
vn 0.8671 0.0005 0.4982
vn 0.8669 -0.0004 -0.4985
vn 0.8671 -0.0005 -0.4981
vn 0.8667 -0.0003 -0.4988
vn 0.5483 -0.6785 0.4888
vn 0.5483 -0.6781 0.4894
vn 0.8153 -0.3170 0.4846
vn 0.8192 -0.3146 0.4795
vn 0.4904 0.8524 -0.1814
vn 0.4915 0.8544 0.1689
vn 0.4913 0.8545 0.1684
vn 0.4905 0.8524 -0.1809
vn 0.4939 -0.6883 0.5314
vn 0.4926 -0.6900 0.5304
vn 0.4907 -0.6950 0.5256
vn 0.8107 0.3324 0.4820
vn 0.8101 0.3319 0.4833
vn 0.8109 0.3377 0.4778
vn 0.8117 0.3377 0.4766
vn -0.4937 -0.6927 -0.5258
vn -0.4933 -0.6942 -0.5242
vn -0.4905 -0.7004 -0.5186
vn 0.8669 0.0004 0.4985
vn 0.8278 0.2723 0.4906
vn 0.8277 0.2728 0.4903
vn 0.1876 0.8508 0.4908
vn 0.1902 0.8494 0.4924
vn -0.0010 0.0016 1.0000
vn 0.0014 0.0001 1.0000
vn -0.0006 0.0031 1.0000
vn -0.0005 0.0030 1.0000
vn -0.0002 0.0030 1.0000
vn -0.0005 0.0032 1.0000
vn 0.0005 0.0018 1.0000
vn -0.0012 0.0001 1.0000
vn -0.0004 0.0031 1.0000
vn 0.0001 0.0035 1.0000
vn 0.8095 0.3333 -0.4834
vn 0.8091 0.3333 -0.4840
vn 0.8132 0.3310 -0.4787
vn 0.5162 0.7002 -0.4932
vn 0.5161 0.7003 -0.4931
vn 0.0006 -0.0020 1.0000
vn 0.0002 -0.0024 1.0000
vn 0.0000 -0.0022 1.0000
vn 0.0002 -0.0021 1.0000
vn 0.0004 -0.0022 1.0000
vn 0.4921 -0.8559 -0.1594
vn 0.4916 -0.8552 -0.1638
vn 0.4913 -0.8556 -0.1631
vn 0.4929 -0.8556 -0.1583
vn 0.4928 0.6678 0.5579
vn 0.4930 0.6677 0.5578
vn 0.4861 0.6575 0.5756
vn 0.4863 0.6576 0.5755
vn 0.4896 -0.6946 -0.5271
vn 0.4896 -0.6964 -0.5248
vn 0.4931 -0.6993 -0.5175
vn 1.0000 0.0003 0.0000
vn 1.0000 -0.0001 0.0000
vn 1.0000 0.0000 0.0000
vn 1.0000 -0.0003 -0.0000
usemtl Steel_-_Satin.001
s 1
f 4189/10820/12951 4195/10821/12952 4201/10822/12953 4198/10823/12954 4187/10824/12955
f 4207/10825/12956 4208/10826/12957 4220/10827/12958 4238/10828/12958 4237/10829/12958
f 4202/10830/12959 4256/10831/12960 4251/10832/12961 4257/10833/12962 4209/10834/12961
f 4184/10835/12963 4189/10820/12964 4187/10824/12964 4185/10836/12965
f 4211/10837/12966 4210/10838/12967 4202/10839/12968 4209/10840/12969
f 4226/10841/12970 4227/10842/12971 4228/10843/12972 4230/10844/12973 4215/10845/12974 4212/10846/12975
f 4253/10847/12976 4241/10848/12977 4224/10849/12977 4223/10850/12977 4240/10851/12978 4252/10852/12979
f 4206/10853/12980 4216/10854/12981 4219/10855/12981 4201/10856/12982
f 4258/10857/12983 4253/10858/12984 4252/10859/12985 4264/10860/12986 4263/10861/12986
f 4254/10862/12987 4266/10863/12988 4256/10864/12989 4247/10865/12990 4249/10866/12991 4261/10867/12992 4264/10860/12993 4252/10859/12994 4240/10868/12995 4222/10869/12996
f 4227/10870/12997 4213/10871/12998 4214/10872/12999 4229/10873/13000 4228/10874/13001
f 4225/10875/13002 4226/10876/13003 4212/10877/13004 4223/10850/13005 4224/10849/13006
f 4249/10878/13007 4248/10879/13008 4260/10880/13009 4261/10881/13010
f 4215/10882/13011 4191/10883/13011 4199/10884/13012 4212/10885/13011
f 4208/10886/13013 4200/10887/13014 4203/10888/13015 4221/10889/13016 4220/10890/13017
f 4211/10891/13018 4243/10892/13019 4244/10893/13020 4236/10894/13020 4235/10895/13021
f 4192/10896/13022 4193/10897/13023 4222/10898/13024 4186/10899/13025 4184/10900/13026
f 4216/10854/13027 4237/10829/13028 4238/10828/13029 4233/10901/13030 4219/10855/13031
f 4215/10902/13032 4212/10903/13033 4222/10904/13034 4204/10905/13035 4190/10906/13036 4188/10907/13036 4191/10908/13036
f 4191/10909/13037 4235/10910/13038 4205/10911/13039
f 4200/10887/13040 4192/10912/13040 4196/10913/13040 4203/10888/13040
f 4202/10830/13041 4204/10914/13042 4190/10915/13043
f 4222/10869/12996 4240/10868/12995 4223/10916/13044 4212/10846/13045 4215/10845/13046 4230/10844/13047 4247/10865/12990 4256/10864/12989 4202/10917/13048 4190/10918/13049 4204/10919/13050
f 4210/10920/13051 4243/10921/13052 4211/10922/13053
f 4267/10923/13054 4266/10863/13055 4254/10862/13056 4242/10924/13057
f 4189/10820/13058 4194/10925/13059 4206/10926/13060 4201/10822/13061 4195/10821/13062
f 4218/10927/13063 4219/10928/13064 4233/10929/13065 4238/10930/13066 4239/10931/13067
f 4222/10932/13068 4204/10933/13069 4210/10934/13070
f 4262/10935/13071 4259/10936/13072 4258/10937/13072 4263/10938/13071 4260/10939/13073
f 4260/10940/13074 4263/10861/13074 4264/10860/13074 4261/10867/13074
f 4205/10941/13075 4199/10884/13076 4191/10883/13077
f 4196/10942/13078 4192/10943/13079 4184/10944/13080 4185/10945/13079
f 4204/10946/13081 4202/10947/13082 4210/10948/13083
f 4256/10864/13084 4266/10863/13085 4267/10923/13086 4251/10949/13087
f 4258/10937/13088 4259/10936/13089 4245/10950/13090 4241/10951/13091 4253/10952/13092
f 4211/10891/13093 4235/10895/13093 4234/10953/13093 4209/10954/13093
f 4244/10955/13094 4213/10871/13095 4227/10870/13096 4226/10956/13097 4225/10957/13098
f 4221/10958/13099 4239/10931/13099 4238/10930/13099 4220/10959/13099
f 4241/10848/13100 4245/10960/13100 4246/10961/13101 4244/10962/13102 4225/10875/13103 4224/10849/13100
f 4254/10963/13104 4222/10932/13104 4210/10934/13104 4242/10964/13104
f 4184/10835/13105 4186/10965/13106 4194/10925/13107 4189/10820/13108
f 4208/10886/13109 4207/10966/13110 4243/10967/13111 4193/10968/13112 4192/10912/13112 4200/10887/13113
f 4267/10969/13114 4265/10970/13115 4257/10971/13116 4251/10972/13117
f 4232/10973/13118 4250/10974/13118 4248/10879/13118 4231/10975/13118
f 4249/10878/13119 4247/10976/13120 4231/10975/13120 4248/10879/13121
f 4262/10977/13122 4260/10880/13123 4248/10879/13124 4250/10974/13125
f 4201/10978/13126 4219/10928/13127 4218/10927/13128 4198/10979/13129
f 4191/10980/13130 4188/10981/13131 4197/10982/13132
f 4214/10872/13133 4232/10983/13134 4231/10984/13135 4229/10873/13136
f 4235/10895/13137 4236/10894/13138 4205/10985/13139
f 4255/10986/13140 4242/10964/13140 4210/10934/13140 4243/10987/13140
f 4267/10969/13141 4242/10988/13142 4255/10989/13143 4265/10970/13144
f 4209/10840/13145 4250/10990/13146 4232/10991/13147 4214/10992/13148 4213/10993/13149 4244/10994/13150 4246/10995/13151 4255/10996/13152 4243/10997/13153 4211/10837/13154
f 4229/10998/13155 4231/10975/13156 4247/10976/13157 4230/10999/13158 4228/11000/13159
f 4245/10950/13160 4259/10936/13161 4262/10935/13162 4250/10990/13146 4209/10840/13145 4257/11001/13163 4265/11002/13164 4255/10996/13152 4246/10995/13151
f 4197/11003/13165 4217/11004/13166 4235/11005/13167 4191/11006/13168
f 4202/11007/13169 4190/10906/13170 4204/10905/13171 4210/11008/13172
f 4235/10895/13173 4217/11009/13174 4234/10953/13175
f 4197/11010/13176 4188/11011/13177 4190/10915/13177 4202/10830/13177 4209/10834/13177 4234/11012/13177 4217/11013/13177
f 4196/10942/13178 4185/10945/13178 4187/11014/13178 4198/11015/13179 4218/11016/13179 4239/11017/13178 4221/11018/13179 4203/11019/13178
o MeshBody4_(58)_MeshBody4_(58).001
v 2.374477 1.863277 0.359347
v 2.371727 1.857881 0.359829
v 2.371727 1.863113 0.357767
v 2.368979 1.858898 0.361048
v 2.374477 1.875006 0.359278
v 2.374477 1.874777 0.362439
v 2.371727 1.855633 0.362636
v 2.368979 1.863277 0.359347
v 2.371727 1.875120 0.357697
v 2.374477 1.860935 0.363482
v 2.374477 1.857062 0.363329
v 2.371727 1.876173 0.364515
v 2.371727 1.854756 0.366617
v 2.368979 1.856343 0.366609
v 2.368979 1.875006 0.359278
v 2.374477 1.878150 0.364549
v 2.374477 1.881013 0.363236
v 2.368979 1.877210 0.363332
v 2.371727 1.855700 0.370589
v 2.371727 1.882442 0.362580
v 2.374477 1.857122 0.369886
v 2.371724 1.862713 0.363832
v 2.368979 1.878582 0.366481
v 2.368979 1.881013 0.363236
v 2.368979 1.881756 0.366455
v 2.368979 1.858994 0.372163
v 2.371727 1.857982 0.373386
v 2.374477 1.861013 0.369715
v 2.369744 1.860376 0.366595
v 2.369788 1.862384 0.369332
v 2.368494 1.865217 0.363817
v 2.371717 1.865955 0.369310
v 2.374945 1.865299 0.369314
v 2.371717 1.865881 0.363813
v 2.368979 1.881181 0.369686
v 2.374477 1.878244 0.368418
v 2.374477 1.881181 0.369686
v 2.371727 1.882651 0.370321
v 2.371727 1.863322 0.375406
v 2.374477 1.863448 0.373824
v 2.367658 1.858995 0.363855
v 2.364498 1.859287 0.363853
v 2.362916 1.859458 0.366600
v 2.365031 1.864630 0.366570
v 2.367846 1.866701 0.366558
v 2.371714 1.867505 0.366553
v 2.375589 1.866715 0.366558
v 2.378414 1.864644 0.366570
v 2.374945 1.865228 0.363817
v 2.380555 1.859473 0.366600
v 2.378975 1.859343 0.369350
v 2.374236 1.858857 0.366604
v 2.371727 1.880642 0.373158
v 2.374477 1.874931 0.370595
v 2.371727 1.874745 0.369017
v 2.368979 1.874931 0.370595
v 2.368979 1.875303 0.373752
v 2.371727 1.875489 0.375330
v 2.374477 1.875303 0.373752
v 2.367658 1.847798 0.363894
v 2.369238 1.847960 0.366642
v 2.367658 1.859042 0.369352
v 2.366210 1.863598 0.369325
v 2.364498 1.859336 0.369350
v 2.378975 1.859295 0.363853
v 2.374234 1.847955 0.366642
v 2.366170 1.843093 0.363909
v 2.364947 1.842095 0.366662
v 2.366170 1.843119 0.369407
v 2.368618 1.845141 0.369401
v 2.375815 1.847795 0.363894
v 2.378505 1.842090 0.366662
v 2.377287 1.843095 0.363909
v 2.377287 1.843121 0.369407
v 2.374852 1.845157 0.369401
v 2.369842 1.844085 0.363907
v 2.373607 1.844095 0.363907
v 2.371725 1.838917 0.366673
v 2.371722 1.840516 0.369415
v 2.371722 1.840493 0.363919
v 2.371718 1.843692 0.369406
v 2.371715 1.845266 0.366651
vt 0.514771 0.601219
vt 0.515076 0.601189
vt 0.515015 0.602455
vt 0.514771 0.602455
vt 0.807251 0.855530
vt 0.807129 0.854065
vt 0.807495 0.854065
vt 0.807495 0.855408
vt 0.847534 0.847534
vt 0.847839 0.848053
vt 0.847717 0.848114
vt 0.847168 0.847565
vt 0.847168 0.847382
vt 0.852905 0.793640
vt 0.853149 0.793518
vt 0.853149 0.793884
vt 0.807251 0.853333
vt 0.807495 0.853455
vt 0.503906 0.854614
vt 0.503784 0.855591
vt 0.503418 0.855560
vt 0.503174 0.855850
vt 0.503174 0.854584
vt 0.503540 0.854416
vt 0.806885 0.854065
vt 0.806885 0.853455
vt 0.515320 0.602455
vt 0.515381 0.603119
vt 0.515076 0.603264
vt 0.847168 0.848236
vt 0.846680 0.848145
vt 0.846924 0.847900
vt 0.847229 0.848022
vt 0.847351 0.849365
vt 0.847595 0.849365
vt 0.847412 0.849792
vt 0.847168 0.849670
vt 0.854370 0.813843
vt 0.854370 0.814331
vt 0.854004 0.814270
vt 0.854004 0.813965
vt 0.855347 0.498871
vt 0.855469 0.497803
vt 0.855774 0.497711
vt 0.855713 0.498962
vt 0.832642 0.854004
vt 0.832520 0.854492
vt 0.832153 0.854431
vt 0.832153 0.854065
vt 0.832275 0.853882
vt 0.815491 0.850891
vt 0.815369 0.850800
vt 0.816162 0.850525
vt 0.816101 0.850677
vt 0.855713 0.610962
vt 0.856049 0.610962
vt 0.856262 0.611206
vt 0.856293 0.611572
vt 0.856018 0.611694
vt 0.855804 0.611328
vt 0.514832 0.603119
vt 0.847290 0.850189
vt 0.847290 0.850342
vt 0.846497 0.850128
vt 0.846680 0.850037
vt 0.855103 0.530235
vt 0.854858 0.530594
vt 0.854736 0.530113
vt 0.855042 0.528908
vt 0.855347 0.528938
vt 0.832520 0.854797
vt 0.832153 0.855164
vt 0.832153 0.854797
vt 0.855774 0.499634
vt 0.855347 0.499207
vt 0.855042 0.499359
vt 0.855164 0.497925
vt 0.515381 0.600777
vt 0.515381 0.601219
vt 0.515076 0.600655
vt 0.846191 0.848389
vt 0.846008 0.848389
vt 0.846130 0.847809
vt 0.846375 0.847534
vt 0.846497 0.847687
vt 0.845581 0.502747
vt 0.845703 0.502380
vt 0.845825 0.502502
vt 0.856079 0.779663
vt 0.856369 0.780273
vt 0.856262 0.780396
vt 0.856018 0.780029
vt 0.855911 0.779663
vt 0.774475 0.855713
vt 0.774170 0.855835
vt 0.773987 0.855103
vt 0.774353 0.855103
vt 0.503906 0.854202
vt 0.855591 0.767059
vt 0.855225 0.767166
vt 0.855225 0.765335
vt 0.855591 0.765350
vt 0.514893 0.550247
vt 0.514771 0.549622
vt 0.515076 0.549637
vt 0.515137 0.550186
vt 0.515137 0.550400
vt 0.832642 0.855469
vt 0.832275 0.855591
vt 0.852539 0.793884
vt 0.852539 0.793274
vt 0.846191 0.502563
vt 0.846069 0.502808
vt 0.845825 0.502625
vt 0.806885 0.855347
vt 0.854492 0.808121
vt 0.854248 0.807892
vt 0.854370 0.807816
vt 0.855164 0.497559
vt 0.774048 0.854736
vt 0.774170 0.854370
vt 0.774475 0.854492
vt 0.503174 0.854172
vt 0.855103 0.528557
vt 0.515015 0.547791
vt 0.515076 0.547546
vt 0.515381 0.547684
vt 0.515320 0.548355
vt 0.515015 0.548355
vt 0.855743 0.610596
vt 0.856018 0.610229
vt 0.856293 0.610352
vt 0.854370 0.808441
vt 0.854126 0.808273
vt 0.853882 0.807541
vt 0.854248 0.806351
vt 0.854858 0.806076
vt 0.854614 0.806702
vt 0.845825 0.502136
vt 0.846191 0.502197
vt 0.773926 0.855835
vt 0.773865 0.855469
vt 0.773804 0.855103
vt 0.514893 0.836060
vt 0.515015 0.836304
vt 0.514343 0.836182
vt 0.514343 0.835693
vt 0.514526 0.835999
vt 0.845581 0.502014
vt 0.855591 0.528900
vt 0.855591 0.530380
vt 0.515381 0.549606
vt 0.815674 0.852753
vt 0.816162 0.852661
vt 0.816162 0.852875
vt 0.815613 0.852966
vt 0.852539 0.794678
vt 0.852905 0.794556
vt 0.853149 0.794861
vt 0.514771 0.547897
vt 0.831909 0.854797
vt 0.831909 0.854492
vt 0.831909 0.854187
vt 0.854980 0.767059
vt 0.854980 0.765350
vt 0.854980 0.764893
vt 0.855225 0.764786
vt 0.854858 0.807816
vt 0.847046 0.849854
vt 0.847290 0.848419
vt 0.846558 0.848358
vt 0.846863 0.847565
vt 0.847839 0.849823
vt 0.856354 0.779053
vt 0.856369 0.779297
vt 0.856003 0.779175
vt 0.856232 0.778931
vt 0.514587 0.835510
vt 0.846741 0.849518
vt 0.515015 0.835754
vt 0.816162 0.853333
vt 0.815796 0.853363
vt 0.815247 0.853058
vt 0.815125 0.852600
vt 0.815735 0.851135
vt 0.815430 0.852600
vt 0.816162 0.852448
vt 0.816345 0.851196
vt 0.816040 0.851013
vt 0.816650 0.851013
vt 0.816650 0.852753
vn 0.4984 -0.0051 -0.8669
vn 0.8670 -0.0017 -0.4983
vn 0.8181 -0.3188 -0.4786
vn 0.8165 -0.3155 -0.4835
vn 0.8090 0.3311 -0.4857
vn 0.8086 0.3315 -0.4860
vn 0.8123 0.3292 -0.4814
vn 0.5151 0.6969 -0.4990
vn 0.5139 0.6977 -0.4991
vn 0.5293 -0.6884 0.4960
vn 0.5272 -0.6888 0.4975
vn 0.5214 -0.6919 0.4994
vn 0.5482 -0.6785 -0.4890
vn 0.1951 -0.8513 -0.4870
vn 0.5475 -0.6783 -0.4900
vn -0.8669 -0.0017 -0.4984
vn -0.8670 -0.0017 -0.4984
vn -0.8669 0.0019 0.4984
vn -0.8670 0.0018 0.4983
vn -0.8669 -0.0017 -0.4985
vn 0.1952 -0.8473 0.4939
vn 0.1952 -0.8474 0.4939
vn 0.5454 -0.6759 0.4957
vn -0.4755 0.3234 -0.8181
vn -0.4872 0.6940 -0.5301
vn -0.4872 0.6944 -0.5295
vn -0.4809 0.3266 -0.8137
vn -0.1659 -0.8608 -0.4812
vn -0.1625 -0.8594 -0.4849
vn -0.5286 -0.6977 -0.4834
vn -0.5208 -0.7018 -0.4861
vn -0.8268 0.2747 -0.4909
vn -0.8259 0.2974 -0.4790
vn -0.8261 0.2973 -0.4787
vn -0.8269 0.2747 -0.4907
vn 0.4874 0.6610 0.5705
vn 0.4936 0.6707 0.5536
vn 0.4945 0.6705 0.5531
vn 0.4875 0.6610 0.5705
vn -0.4983 0.0052 0.8670
vn -0.1773 0.8580 0.4821
vn -0.1769 0.8579 0.4823
vn -0.5171 0.7058 0.4842
vn -0.5175 0.7049 0.4851
vn -0.5503 -0.6716 0.4961
vn -0.5492 -0.6724 0.4962
vn -0.1932 -0.8479 0.4937
vn 0.4900 -0.8514 -0.1873
vn 0.4902 -0.8513 -0.1870
vn 0.4901 -0.8481 0.2015
vn 0.4900 -0.8481 0.2015
vn 0.4760 0.3277 -0.8161
vn 0.4867 0.6953 -0.5288
vn 0.4809 0.3228 -0.8152
vn 0.4823 0.3217 -0.8148
vn -0.1927 -0.8517 -0.4873
vn -0.1923 -0.8522 -0.4866
vn -0.5483 -0.6778 -0.4898
vn -0.1937 -0.8521 -0.4861
vn -0.4730 0.2738 -0.8374
vn -0.4860 0.2905 -0.8243
vn -0.4984 -0.0051 -0.8669
vn -0.4984 -0.0051 -0.8670
vn -0.4983 -0.0051 -0.8670
vn 0.1742 0.8586 0.4822
vn 0.5172 0.7050 0.4853
vn 0.5180 0.7052 0.4842
vn -0.4916 0.2796 0.8247
vn -0.4769 0.3019 0.8255
vn -0.4772 0.3018 0.8254
vn 0.4744 0.2822 0.8338
vn 0.4980 0.0052 0.8672
vn 0.4980 0.0052 0.8671
vn -0.4859 -0.3167 -0.8146
vn -0.4987 -0.0051 -0.8668
vn -0.4810 -0.3197 -0.8164
vn -0.4808 -0.3215 -0.8158
vn -0.8112 0.3242 -0.4867
vn -0.8132 0.3278 -0.4810
vn -0.5151 0.6968 -0.4991
vn -0.5151 0.6969 -0.4991
vn -0.8119 0.3244 -0.4853
vn -0.1926 0.8483 -0.4932
vn -0.1932 0.8473 -0.4947
vn -0.1908 0.8486 -0.4934
vn -0.4903 -0.8513 -0.1870
vn -0.4927 -0.6781 -0.5455
vn -0.4924 -0.6790 -0.5446
vn -0.4903 -0.8513 -0.1869
vn 0.4887 0.8501 -0.1962
vn 0.4895 0.8495 -0.1969
vn 0.4935 0.8563 0.1526
vn -0.8355 -0.2907 -0.4663
vn -0.8166 -0.3152 -0.4835
vn -0.8167 -0.3149 -0.4837
vn -0.8207 -0.3127 -0.4781
vn -0.8168 -0.3145 -0.4837
vn -0.8667 -0.0016 -0.4988
vn -0.8669 -0.0018 -0.4984
vn -0.4856 0.3364 0.8068
vn -0.4862 0.3353 0.8069
vn -0.4811 0.3406 0.8078
vn -0.4958 0.7075 0.5035
vn -0.4951 0.7087 0.5026
vn 0.8110 0.3341 0.4803
vn 0.8108 0.3330 0.4814
vn 0.8119 0.3391 0.4752
vn 0.8126 0.3392 0.4740
vn 0.5291 -0.6946 -0.4874
vn 0.5276 -0.6963 -0.4867
vn 0.5221 -0.7026 -0.4835
vn -0.5726 0.6617 0.4840
vn -0.5554 0.6712 0.4909
vn -0.8214 0.2981 0.4863
vn -0.8347 0.2820 0.4730
vn 0.8670 0.0019 0.4984
vn 0.8196 -0.3117 0.4807
vn 0.8155 -0.3141 0.4862
vn -0.4917 -0.8508 0.1852
vn -0.4891 -0.8511 0.1906
vn -0.4918 -0.8510 0.1841
vn 0.4902 -0.6854 0.5384
vn 0.4884 -0.6905 0.5336
vn 0.4901 -0.6840 0.5403
vn 0.4854 0.3384 0.8061
vn 0.4858 0.3396 0.8054
vn 0.4802 0.3374 0.8097
vn 0.4947 0.7082 0.5037
vn 0.4948 0.7085 0.5032
vn -0.8239 -0.2814 0.4920
vn -0.8226 -0.3102 0.4766
vn -0.8227 -0.3101 0.4764
vn -0.4959 -0.6987 -0.5157
vn -0.4933 -0.7049 -0.5097
vn -0.4969 -0.6967 -0.5174
vn 0.4915 -0.6738 0.5517
vn 0.4902 -0.6753 0.5511
vn 0.4832 -0.3055 0.8205
vn 0.4849 -0.3056 0.8194
vn 0.4803 -0.3098 0.8205
vn 0.4923 -0.6788 -0.5449
vn 0.4856 -0.3200 -0.8135
vn 0.4866 -0.3202 -0.8128
vn 0.4815 -0.3173 -0.8170
vn 0.4913 -0.6789 -0.5456
vn -1.0000 0.0001 -0.0000
vn -1.0000 0.0000 -0.0000
vn 0.1900 0.8525 0.4870
vn 0.1862 0.8543 0.4853
vn 0.1874 0.8532 0.4867
vn 0.1905 0.8525 0.4868
vn -0.4892 0.8496 -0.1972
vn -0.4934 0.8563 0.1526
vn -0.4935 0.8563 0.1526
vn -0.4889 0.8495 -0.1982
vn 1.0000 0.0000 0.0000
vn 1.0000 0.0005 -0.0000
vn 0.1892 0.8488 -0.4937
vn 0.1860 0.8487 -0.4951
vn 0.5593 0.6634 -0.4971
vn 0.5589 0.6637 -0.4971
vn 0.4983 -0.0051 -0.8670
vn 0.4983 -0.0052 -0.8670
vn 0.4984 0.0054 0.8670
vn -0.1663 -0.8490 0.5016
vn -0.1628 -0.8516 0.4983
vn -0.1643 -0.8513 0.4983
vn -0.1679 -0.8489 0.5012
vn 0.8669 -0.0017 -0.4984
vn 0.8669 -0.0017 -0.4985
vn 0.8669 0.0017 0.4984
vn -0.4984 0.0054 0.8669
vn -0.4781 -0.3070 0.8229
vn -0.4812 -0.3115 0.8194
vn -0.1750 0.8470 -0.5020
vn 0.1735 0.8472 -0.5021
vn 0.1734 0.8480 -0.5008
vn 0.1719 0.8475 -0.5021
vn -0.1758 0.8472 -0.5013
vn -0.1749 0.8476 -0.5009
vn -0.8170 -0.3087 0.4870
vn -0.8156 0.3312 0.4745
vn -0.8165 0.3308 0.4733
vn -0.8111 0.3353 0.4793
vn -0.8668 0.0019 0.4986
vn -0.8184 -0.3129 0.4820
vn -0.4922 -0.8576 -0.1493
vn -0.4916 -0.8587 -0.1448
vn -0.4942 -0.8564 -0.1495
vn -0.0002 -0.0037 -1.0000
vn 0.0002 -0.0038 -1.0000
vn -0.0004 -0.0035 -1.0000
vn -0.0003 -0.0036 -1.0000
vn -0.0004 -0.0034 -1.0000
vn -0.0002 -0.0059 -1.0000
vn 0.0002 -0.0061 -1.0000
vn 0.0003 -0.0059 -1.0000
vn 0.0001 -0.0048 -1.0000
vn 0.0005 -0.0059 -1.0000
vn 0.0001 -0.0059 -1.0000
vn -0.0001 -0.0059 -1.0000
vn -0.0001 -0.0060 -1.0000
vn -0.0015 -0.0042 -1.0000
vn -0.0001 -0.0036 -1.0000
vn -0.4935 -0.6721 0.5520
vn -0.4903 -0.8480 0.2014
vn -0.4903 -0.8479 0.2014
vn -0.4928 -0.6746 0.5496
vn -0.4931 -0.6741 0.5500
vn 0.4920 -0.6992 -0.5186
vn 0.4932 -0.6999 -0.5167
vn 0.4958 -0.7035 -0.5091
vn 0.0005 -0.0034 -1.0000
vn 0.4932 -0.8577 -0.1455
vn 0.4924 -0.8574 -0.1497
vn 0.4939 -0.8567 -0.1491
vn 0.4954 -0.8565 -0.1446
vn -0.0001 0.0061 1.0000
vn -0.0001 0.0062 1.0000
vn -0.0000 0.0061 1.0000
vn -0.0000 0.0058 1.0000
vn 0.0006 0.0039 1.0000
vn 0.0007 0.0035 1.0000
vn -0.0000 0.0059 1.0000
vn -0.0004 0.0059 1.0000
vn -0.0001 0.0038 1.0000
vn 0.0002 0.0034 1.0000
vn 0.0006 0.0033 1.0000
vn -0.0002 0.0038 1.0000
vn 0.0002 0.0031 1.0000
vn 0.0005 0.0031 1.0000
vn 0.0008 0.0056 1.0000
usemtl Steel_-_Satin.001
s 1
f 4268/11020/13180 4270/11021/13180 4276/11022/13180 4272/11023/13180
f 4317/11024/13181 4339/11025/13182 4340/11026/13183 4332/11027/13181
f 4315/11028/13184 4317/11029/13185 4332/11030/13186 4316/11031/13187 4314/11032/13188
f 4296/11033/13189 4297/11034/13190 4329/11035/13191
f 4339/11025/13192 4345/11036/13193 4347/11037/13193 4340/11026/13194
f 4278/11038/13195 4338/11039/13196 4333/11040/13197 4342/11041/13198 4288/11042/13198 4319/11043/13199
f 4341/11044/13200 4346/11045/13201 4345/11036/13201 4339/11025/13202
f 4282/11046/13203 4291/11047/13204 4287/11048/13205 4276/11022/13206
f 4319/11049/13207 4296/11050/13208 4289/11051/13209 4277/11052/13210
f 4333/11053/13211 4338/11054/13212 4344/11055/13213 4349/11056/13214
f 4296/11057/13215 4319/11058/13216 4277/11059/13217 4289/11060/13218
f 4301/11061/13219 4279/11062/13219 4285/11063/13219 4298/11064/13219
f 4330/11065/13220 4299/11066/13221 4313/11067/13220 4312/11068/13222 4311/11069/13223
f 4336/11070/13224 4335/11071/13225 4345/11072/13226 4346/11073/13226
f 4274/11074/13227 4278/11075/13228 4319/11076/13229 4288/11077/13230 4286/11078/13230 4280/11079/13228
f 4276/11022/13231 4287/11048/13232 4284/11080/13233 4272/11023/13234
f 4347/11081/13235 4345/11082/13236 4335/11083/13237 4334/11084/13238
f 4297/11085/13239 4329/11086/13240 4330/11087/13241 4323/11088/13242 4322/11089/13243
f 4313/11067/13244 4299/11066/13244 4300/11090/13245 4315/11091/13246 4314/11092/13244
f 4301/11061/13247 4298/11064/13248 4308/11093/13249 4289/11094/13250 4277/11095/13251 4273/11096/13251 4279/11062/13252
f 4271/11097/13253 4275/11098/13254 4282/11046/13254 4276/11022/13254 4270/11021/13255 4269/11099/13256
f 4309/11100/13257 4310/11101/13258 4311/11102/13259 4312/11103/13260 4298/11104/13261
f 4344/11105/13262 4343/11106/13263 4349/11107/13264
f 4281/11108/13265 4271/11109/13266 4269/11110/13267 4274/11111/13265 4280/11112/13268
f 4284/11113/13269 4287/11114/13270 4305/11115/13271 4304/11116/13271
f 4319/11043/13272 4277/11117/13273 4278/11038/13274
f 4334/11118/13275 4335/11119/13276 4310/11120/13277 4309/11121/13278
f 4302/11122/13279 4324/11123/13280 4325/11124/13281 4320/11125/13282 4305/11126/13283
f 4300/11090/13284 4318/11127/13285 4317/11128/13286 4315/11091/13287
f 4296/11033/13288 4308/11129/13289 4289/11130/13290
f 4349/11107/13291 4348/11131/13292 4342/11132/13293 4333/11133/13294
f 4318/11134/13295 4341/11044/13296 4339/11025/13297 4317/11024/13295
f 4290/11135/13298 4285/11136/13299 4279/11137/13300
f 4273/11096/13301 4283/11138/13302 4279/11062/13303
f 4320/11139/13304 4325/11140/13305 4326/11141/13306 4304/11116/13307 4305/11115/13308
f 4319/11043/13309 4288/11042/13310 4295/11142/13311
f 4323/11088/13312 4290/11143/13313 4322/11089/13314
f 4294/11144/13315 4286/11145/13316 4288/11146/13317 4307/11147/13318 4306/11148/13319
f 4274/11074/13320 4269/11149/13321 4270/11150/13322 4268/11151/13323 4278/11075/13324
f 4285/11136/13325 4290/11135/13326 4292/11152/13326 4291/11153/13325 4282/11154/13325 4275/11155/13326 4308/11156/13326 4298/11157/13325
f 4349/11107/13327 4328/11158/13328 4337/11159/13329 4348/11131/13330
f 4291/11160/13331 4292/11161/13332 4302/11162/13332 4305/11115/13333 4287/11114/13334
f 4283/11163/13335 4284/11164/13336 4304/11165/13335 4321/11166/13335 4303/11167/13335
f 4328/11158/13337 4349/11107/13338 4343/11106/13339 4327/11168/13340
f 4321/11169/13341 4295/11170/13341 4297/11085/13342 4322/11089/13341
f 4325/11124/13343 4306/11148/13343 4307/11147/13343 4326/11171/13343
f 4296/11172/13344 4319/11173/13345 4295/11174/13346 4297/11175/13347
f 4327/11176/13348 4308/11129/13348 4296/11033/13349 4328/11177/13349
f 4337/11178/13350 4328/11177/13350 4296/11033/13350 4329/11035/13350
f 4324/11123/13351 4293/11179/13352 4294/11144/13353 4306/11148/13351 4325/11124/13351
f 4312/11068/13354 4313/11067/13355 4314/11092/13356 4316/11180/13357 4301/11181/13358 4298/11182/13359
f 4336/11183/13360 4331/11184/13361 4330/11185/13362 4311/11186/13363 4310/11120/13364 4335/11119/13365
f 4279/11137/13366 4322/11187/13367 4290/11135/13368
f 4347/11081/13369 4334/11084/13370 4343/11188/13371 4344/11055/13372 4338/11054/13373 4278/11189/13374 4277/11052/13375 4289/11051/13376 4308/11190/13377 4309/11100/13378 4298/11104/13379 4301/11191/13380 4316/11031/13381 4332/11030/13382 4340/11192/13383
f 4293/11193/13384 4329/11194/13385 4281/11108/13385 4280/11112/13386 4286/11195/13387 4294/11196/13388
f 4322/11197/13389 4303/11167/13390 4321/11166/13391
f 4309/11100/13378 4308/11190/13377 4327/11198/13392 4343/11188/13371 4334/11084/13370
f 4283/11163/13393 4303/11167/13394 4322/11197/13395 4279/11199/13396
f 4297/11175/13397 4300/11200/13398 4299/11201/13399 4330/11202/13400 4331/11203/13401 4337/11204/13402 4329/11205/13403
f 4295/11174/13404 4288/11206/13405 4342/11207/13406 4348/11208/13407 4337/11204/13402 4331/11203/13401 4336/11070/13408 4346/11073/13409 4341/11209/13410 4318/11210/13411 4300/11200/13398 4297/11175/13397
