# Blender v3.1.2 OBJ File: ''
# www.blender.org
mtllib RaspberryPi.mtl
o Cube_Cube.001
v -2.198121 -1.454316 0.021668
v -2.198121 1.454316 0.021668
v -2.198121 -1.454316 -0.021668
v -2.198121 1.454316 -0.021668
v 2.219998 -1.454316 0.021668
v 2.219998 1.454316 0.021668
v 2.219998 -1.454316 -0.021668
v 2.219998 1.454316 -0.021668
v 0.010938 -1.454316 -0.021668
v 0.010938 1.454316 -0.021668
v 0.010938 -1.454316 0.021668
v 0.010938 1.454316 0.021668
v -2.176444 1.168306 0.021668
v -2.176444 1.411611 0.021668
v -0.463741 1.168306 0.021668
v -0.463741 1.411611 0.021668
v 0.530170 -0.001521 0.021668
v 0.530170 1.030788 0.021668
v 0.633475 -0.001521 0.021668
v 0.633475 1.030788 0.021668
v -2.176444 1.168306 0.177132
v -2.176444 1.411611 0.177132
v -0.463741 1.168306 0.177132
v -0.463741 1.411611 0.177132
v 0.530170 -0.001521 0.177132
v 0.530170 1.030788 0.177132
v 0.633475 -0.001521 0.177132
v 0.633475 1.030788 0.177132
v -1.315681 0.795259 0.018648
v -1.315681 0.961791 0.018648
v -0.998754 0.795259 0.018648
v -0.998754 0.961791 0.018648
v -1.315681 0.795259 0.088295
v -1.315681 0.961791 0.088295
v -0.998754 0.795259 0.088295
v -0.998754 0.961791 0.088295
v -1.660549 -0.508600 0.021668
v -1.660549 0.578669 0.021668
v -1.524161 -0.508600 0.021668
v -1.524161 0.578669 0.021668
v -1.660549 -0.508600 0.339741
v -1.660549 0.578669 0.339741
v -1.524161 -0.508600 0.339741
v -1.524161 0.578669 0.339741
v -0.462061 -0.283971 0.021667
v -0.462061 0.368700 0.021667
v 0.190681 -0.283971 0.021667
v 0.190680 0.368700 0.021667
v -0.462061 -0.283971 0.067390
v -0.462061 0.368700 0.067390
v 0.190681 -0.283971 0.067390
v 0.190680 0.368700 0.067390
v -0.097355 0.593177 0.021668
v -0.097355 0.681002 0.021668
v 0.067296 0.593177 0.021668
v 0.067295 0.681002 0.021668
v -0.097355 0.593177 0.039690
v -0.097355 0.681002 0.039690
v 0.067295 0.593177 0.039690
v 0.067295 0.681002 0.039690
v -0.097355 0.457378 0.021668
v -0.097355 0.545202 0.021668
v 0.067296 0.457378 0.021668
v 0.067295 0.545202 0.021668
v -0.097355 0.457378 0.039690
v -0.097355 0.545202 0.039690
v 0.067295 0.457378 0.039690
v 0.067295 0.545202 0.039690
v -0.603641 1.107888 0.019304
v -0.603641 1.131930 0.019304
v -0.555164 1.107888 0.019304
v -0.555164 1.131930 0.019304
v -0.603641 1.107888 0.039501
v -0.603641 1.131930 0.039501
v -0.555164 1.107888 0.039501
v -0.555164 1.131930 0.039501
v -1.749386 -0.845345 0.019304
v -1.749386 -0.821302 0.019304
v -1.700909 -0.845345 0.019304
v -1.700909 -0.821302 0.019304
v -1.749386 -0.845345 0.039501
v -1.749386 -0.821302 0.039501
v -1.700909 -0.845345 0.039501
v -1.700909 -0.821302 0.039501
v 0.063260 -0.751308 0.018516
v 0.063260 -0.704487 0.018516
v 0.187667 -0.751308 0.018516
v 0.187667 -0.704487 0.018516
v 0.063260 -0.751308 0.046964
v 0.063260 -0.704487 0.046964
v 0.187667 -0.751308 0.046964
v 0.187667 -0.704487 0.046964
v 0.223662 -0.751308 0.018516
v 0.223662 -0.704487 0.018516
v 0.348070 -0.751308 0.018516
v 0.348070 -0.704487 0.018516
v 0.223662 -0.751308 0.046964
v 0.223662 -0.704487 0.046964
v 0.348070 -0.751308 0.046964
v 0.348070 -0.704487 0.046964
v 1.054332 -0.654467 0.019304
v 1.054332 -0.631373 0.019304
v 1.101861 -0.654467 0.019304
v 1.101861 -0.631373 0.019304
v 1.054332 -0.654467 0.039501
v 1.054332 -0.631373 0.039501
v 1.101861 -0.654467 0.039501
v 1.101861 -0.631373 0.039501
v 1.054332 -0.705878 0.019304
v 1.054332 -0.682784 0.019304
v 1.101861 -0.705878 0.019304
v 1.101861 -0.682784 0.019304
v 1.054332 -0.705878 0.039501
v 1.054332 -0.682784 0.039501
v 1.101861 -0.705878 0.039501
v 1.101861 -0.682784 0.039501
v 1.054332 -0.825621 0.019304
v 1.054332 -0.802528 0.019304
v 1.101861 -0.825621 0.019304
v 1.101861 -0.802528 0.019304
v 1.054332 -0.825621 0.039501
v 1.054332 -0.802528 0.039501
v 1.101861 -0.825621 0.039501
v 1.101861 -0.802528 0.039501
v 1.054332 -0.898783 0.019304
v 1.054332 -0.875690 0.019304
v 1.101861 -0.898783 0.019304
v 1.101861 -0.875690 0.019304
v 1.054332 -0.898783 0.039501
v 1.054332 -0.875690 0.039501
v 1.101861 -0.898783 0.039501
v 1.101861 -0.875690 0.039501
v 1.054332 -1.095042 0.019304
v 1.054332 -1.071948 0.019304
v 1.101861 -1.095042 0.019304
v 1.101861 -1.071948 0.019304
v 1.054332 -1.095042 0.039501
v 1.054332 -1.071948 0.039501
v 1.101861 -1.095042 0.039501
v 1.101861 -1.071948 0.039501
v 1.054332 -1.172871 0.019304
v 1.054332 -1.149777 0.019304
v 1.101861 -1.172871 0.019304
v 1.101861 -1.149777 0.019304
v 1.054332 -1.172871 0.039501
v 1.054332 -1.149777 0.039501
v 1.101861 -1.172871 0.039501
v 1.101861 -1.149777 0.039501
v 0.995487 -0.286415 0.019304
v 0.995487 -0.263322 0.019304
v 1.043015 -0.286415 0.019304
v 1.043015 -0.263322 0.019304
v 0.995487 -0.286415 0.039501
v 0.995487 -0.263322 0.039501
v 1.043015 -0.286415 0.039501
v 1.043015 -0.263322 0.039501
v 1.069533 -0.331992 0.019304
v 1.069533 -0.308898 0.019304
v 1.117061 -0.331992 0.019304
v 1.117061 -0.308898 0.019304
v 1.069533 -0.331992 0.039501
v 1.069533 -0.308898 0.039501
v 1.117061 -0.331992 0.039501
v 1.117061 -0.308898 0.039501
v 1.115077 -0.286415 0.019304
v 1.115077 -0.263322 0.019304
v 1.162605 -0.286415 0.019304
v 1.162605 -0.263322 0.019304
v 1.115077 -0.286415 0.039501
v 1.115077 -0.263322 0.039501
v 1.162605 -0.286415 0.039501
v 1.162605 -0.263322 0.039501
v 1.193854 -0.326319 0.019304
v 1.193854 -0.303226 0.019304
v 1.241382 -0.326319 0.019304
v 1.241382 -0.303226 0.019304
v 1.193854 -0.326319 0.039501
v 1.193854 -0.303226 0.039501
v 1.241382 -0.326319 0.039501
v 1.241382 -0.303226 0.039501
v 1.586215 -0.246607 0.019304
v 1.586215 -0.223514 0.019304
v 1.633743 -0.246607 0.019304
v 1.633743 -0.223514 0.019304
v 1.586215 -0.246607 0.039501
v 1.586215 -0.223514 0.039501
v 1.633743 -0.246607 0.039501
v 1.633743 -0.223514 0.039501
v 1.586215 -0.060971 0.019304
v 1.586215 -0.037878 0.019304
v 1.633743 -0.060971 0.019304
v 1.633743 -0.037878 0.019304
v 1.586215 -0.060971 0.039501
v 1.586215 -0.037878 0.039501
v 1.633743 -0.060971 0.039501
v 1.633743 -0.037878 0.039501
v 0.297728 -0.081887 0.019304
v 0.297728 -0.058793 0.019304
v 0.345256 -0.081887 0.019304
v 0.345256 -0.058793 0.019304
v 0.297728 -0.081887 0.039501
v 0.297728 -0.058793 0.039501
v 0.345256 -0.081887 0.039501
v 0.345256 -0.058793 0.039501
v 0.297728 -0.029685 0.019304
v 0.297728 -0.006591 0.019304
v 0.345256 -0.029685 0.019304
v 0.345256 -0.006591 0.019304
v 0.297728 -0.029685 0.039501
v 0.297728 -0.006591 0.039501
v 0.345256 -0.029685 0.039501
v 0.345256 -0.006591 0.039501
v 0.297728 0.023308 0.019304
v 0.297728 0.046402 0.019304
v 0.345256 0.023308 0.019304
v 0.345256 0.046402 0.019304
v 0.297728 0.023308 0.039501
v 0.297728 0.046402 0.039501
v 0.345256 0.023308 0.039501
v 0.345256 0.046402 0.039501
v 0.297728 0.074719 0.019304
v 0.297728 0.097813 0.019304
v 0.345256 0.074719 0.019304
v 0.345256 0.097813 0.019304
v 0.297728 0.074719 0.039501
v 0.297728 0.097813 0.039501
v 0.345256 0.074719 0.039501
v 0.345256 0.097813 0.039501
v 0.296594 0.217639 0.019304
v 0.296594 0.240733 0.019304
v 0.344122 0.217639 0.019304
v 0.344122 0.240733 0.019304
v 0.296594 0.217639 0.039501
v 0.296594 0.240733 0.039501
v 0.344122 0.217639 0.039501
v 0.344122 0.240733 0.039501
v 0.306189 0.278334 0.018516
v 0.306189 0.321992 0.018516
v 0.384564 0.278334 0.018516
v 0.384564 0.321992 0.018516
v 0.306189 0.278334 0.046964
v 0.306189 0.321992 0.046964
v 0.384564 0.278334 0.046964
v 0.384564 0.321992 0.046964
v 0.837356 -0.135008 0.018516
v 0.837356 -0.091349 0.018516
v 0.915731 -0.135008 0.018516
v 0.915731 -0.091349 0.018516
v 0.837356 -0.135008 0.046964
v 0.837356 -0.091349 0.046964
v 0.915731 -0.135008 0.046964
v 0.915731 -0.091349 0.046964
v 1.334304 -0.135008 0.018516
v 1.334304 -0.091349 0.018516
v 1.412679 -0.135008 0.018516
v 1.412679 -0.091349 0.018516
v 1.334304 -0.135008 0.046964
v 1.334304 -0.091349 0.046964
v 1.412679 -0.135008 0.046964
v 1.412679 -0.091349 0.046964
v 1.603612 0.272283 0.018516
v 1.559954 0.272283 0.018516
v 1.603612 0.350657 0.018516
v 1.559954 0.350657 0.018516
v 1.603612 0.272283 0.046964
v 1.559954 0.272283 0.046964
v 1.603612 0.350657 0.046964
v 1.559954 0.350657 0.046964
v 1.603612 0.457613 0.018516
v 1.559954 0.457613 0.018516
v 1.603612 0.535988 0.018516
v 1.559954 0.535988 0.018516
v 1.603612 0.457613 0.046964
v 1.559954 0.457613 0.046964
v 1.603612 0.535988 0.046964
v 1.559954 0.535988 0.046964
v 1.512590 0.494486 0.018154
v 1.485873 0.494486 0.018154
v 1.512590 0.542448 0.018154
v 1.485873 0.542448 0.018154
v 1.512590 0.494486 0.039430
v 1.485873 0.494486 0.039430
v 1.512590 0.542448 0.039430
v 1.485873 0.542448 0.039430
v 1.315149 0.664009 0.018154
v 1.288432 0.664009 0.018154
v 1.315149 0.711971 0.018154
v 1.288432 0.711971 0.018154
v 1.315149 0.664009 0.039430
v 1.288432 0.664009 0.039430
v 1.315149 0.711971 0.039430
v 1.288432 0.711971 0.039430
v 1.312313 0.776955 0.018154
v 1.285596 0.776955 0.018154
v 1.312313 0.824917 0.018154
v 1.285596 0.824917 0.018154
v 1.312313 0.776955 0.039430
v 1.285596 0.776955 0.039430
v 1.312313 0.824917 0.039430
v 1.285596 0.824917 0.039430
v 1.388243 0.776955 0.018154
v 1.361526 0.776955 0.018154
v 1.388243 0.824917 0.018154
v 1.361526 0.824917 0.018154
v 1.388243 0.776955 0.039430
v 1.361526 0.776955 0.039430
v 1.388243 0.824917 0.039430
v 1.361526 0.824917 0.039430
v 1.674081 1.091162 0.018728
v 1.632336 1.091162 0.018728
v 1.674081 1.179462 0.018728
v 1.632336 1.179462 0.018728
v 1.674081 1.091162 0.047987
v 1.632336 1.091162 0.047987
v 1.674081 1.179462 0.047987
v 1.632336 1.179462 0.047987
v 1.782885 1.091162 0.018728
v 1.741140 1.091162 0.018728
v 1.782885 1.179462 0.018728
v 1.741140 1.179462 0.018728
v 1.782885 1.091162 0.047987
v 1.741140 1.091162 0.047987
v 1.782885 1.179462 0.047987
v 1.741140 1.179462 0.047987
v 1.940881 1.091162 0.018728
v 1.899136 1.091162 0.018728
v 1.940881 1.179462 0.018728
v 1.899136 1.179462 0.018728
v 1.940881 1.091162 0.047987
v 1.899136 1.091162 0.047987
v 1.940881 1.179462 0.047987
v 1.899136 1.179462 0.047987
v 2.045631 1.091162 0.018728
v 2.003886 1.091162 0.018728
v 2.045631 1.179462 0.018728
v 2.003886 1.179462 0.018728
v 2.045631 1.091162 0.047987
v 2.003886 1.091162 0.047987
v 2.045631 1.179462 0.047987
v 2.003886 1.179462 0.047987
v 2.148762 1.091162 0.018728
v 2.107017 1.091162 0.018728
v 2.148762 1.179462 0.018728
v 2.107017 1.179462 0.018728
v 2.148762 1.091162 0.047987
v 2.107017 1.091162 0.047987
v 2.148762 1.179462 0.047987
v 2.107017 1.179462 0.047987
v -0.331474 0.899813 0.020316
v -0.408755 0.899813 0.020316
v -0.331474 1.053717 0.020316
v -0.408755 1.053717 0.020316
v -0.331474 0.899813 0.039737
v -0.408755 0.899813 0.039737
v -0.331474 1.053717 0.039737
v -0.408755 1.053717 0.039737
v -0.724881 0.898868 0.014566
v -0.860931 0.898868 0.014566
v -0.724881 1.052772 0.014566
v -0.860931 1.052772 0.014566
v -0.724881 0.898868 0.098200
v -0.860931 0.898868 0.098200
v -0.724881 1.052772 0.098200
v -0.860931 1.052772 0.098200
v -0.935256 0.998434 0.018154
v -0.963334 0.998434 0.018154
v -0.935256 1.049833 0.018154
v -0.963334 1.049833 0.018154
v -0.935256 0.998434 0.039430
v -0.963334 0.998434 0.039430
v -0.935256 1.049833 0.039430
v -0.963334 1.049833 0.039430
v -1.459813 1.043234 0.018154
v -1.487890 1.043234 0.018154
v -1.459813 1.094632 0.018154
v -1.487890 1.094632 0.018154
v -1.459813 1.043234 0.039430
v -1.487890 1.043234 0.039430
v -1.459813 1.094632 0.039430
v -1.487890 1.094632 0.039430
v -1.539540 1.043234 0.018154
v -1.567617 1.043234 0.018154
v -1.539540 1.094632 0.018154
v -1.567617 1.094632 0.018154
v -1.539540 1.043234 0.039430
v -1.567617 1.043234 0.039430
v -1.539540 1.094632 0.039430
v -1.567617 1.094632 0.039430
v -1.772500 1.043497 0.018154
v -1.800577 1.043497 0.018154
v -1.772500 1.094895 0.018154
v -1.800577 1.094895 0.018154
v -1.772500 1.043497 0.039430
v -1.800577 1.043497 0.039430
v -1.772500 1.094895 0.039430
v -1.800577 1.094895 0.039430
v -1.859448 1.043497 0.018154
v -1.887526 1.043497 0.018154
v -1.859448 1.094895 0.018154
v -1.887526 1.094895 0.018154
v -1.859448 1.043497 0.039430
v -1.887526 1.043497 0.039430
v -1.859448 1.094895 0.039430
v -1.887526 1.094895 0.039430
v -1.911650 1.043497 0.018154
v -1.939728 1.043497 0.018154
v -1.911650 1.094895 0.018154
v -1.939728 1.094895 0.018154
v -1.911650 1.043497 0.039430
v -1.939728 1.043497 0.039430
v -1.911650 1.094895 0.039430
v -1.939728 1.094895 0.039430
v -1.617045 0.914779 0.018154
v -1.645123 0.914779 0.018154
v -1.617045 0.966178 0.018154
v -1.645123 0.966178 0.018154
v -1.617045 0.914779 0.039430
v -1.645123 0.914779 0.039430
v -1.617045 0.966178 0.039430
v -1.645123 0.966178 0.039430
v -1.690469 0.914779 0.018154
v -1.718547 0.914779 0.018154
v -1.690469 0.966178 0.018154
v -1.718547 0.966178 0.018154
v -1.690469 0.914779 0.039430
v -1.718547 0.914779 0.039430
v -1.690469 0.966178 0.039430
v -1.718547 0.966178 0.039430
v -1.435619 0.583503 0.018154
v -1.463696 0.583503 0.018154
v -1.435619 0.634901 0.018154
v -1.463696 0.634901 0.018154
v -1.435619 0.583503 0.039430
v -1.463696 0.583503 0.039430
v -1.435619 0.634901 0.039430
v -1.463696 0.634901 0.039430
v -1.824398 -0.066627 0.018154
v -1.849180 -0.066627 0.018154
v -1.824398 -0.019842 0.018154
v -1.849180 -0.019842 0.018154
v -1.824398 -0.066627 0.039430
v -1.849180 -0.066627 0.039430
v -1.824398 -0.019842 0.039430
v -1.849180 -0.019842 0.039430
v -1.796219 -1.253030 0.018154
v -1.821001 -1.253030 0.018154
v -1.796219 -1.206246 0.018154
v -1.821001 -1.206246 0.018154
v -1.796219 -1.253030 0.039430
v -1.821001 -1.253030 0.039430
v -1.796219 -1.206246 0.039430
v -1.821001 -1.206246 0.039430
v -0.860214 -1.298853 0.018154
v -0.884996 -1.298853 0.018154
v -0.860214 -1.252068 0.018154
v -0.884996 -1.252068 0.018154
v -0.860214 -1.298853 0.039430
v -0.884996 -1.298853 0.039430
v -0.860214 -1.252068 0.039430
v -0.884996 -1.252068 0.039430
v -0.563041 -1.329479 0.018154
v -0.587823 -1.329479 0.018154
v -0.563041 -1.282694 0.018154
v -0.587823 -1.282694 0.018154
v -0.563041 -1.329479 0.039430
v -0.587823 -1.329479 0.039430
v -0.563041 -1.282694 0.039430
v -0.587823 -1.282694 0.039430
v -0.482365 -1.329479 0.018154
v -0.507147 -1.329479 0.018154
v -0.482365 -1.282694 0.018154
v -0.507147 -1.282694 0.018154
v -0.482365 -1.329479 0.039430
v -0.507147 -1.329479 0.039430
v -0.482365 -1.282694 0.039430
v -0.507147 -1.282694 0.039430
v -0.406435 -1.329479 0.018154
v -0.431217 -1.329479 0.018154
v -0.406435 -1.282694 0.018154
v -0.431217 -1.282694 0.018154
v -0.406435 -1.329479 0.039430
v -0.431217 -1.329479 0.039430
v -0.406435 -1.282694 0.039430
v -0.431217 -1.282694 0.039430
v -0.901472 -0.421167 0.018154
v -0.926254 -0.421167 0.018154
v -0.901472 -0.374383 0.018154
v -0.926254 -0.374383 0.018154
v -0.901472 -0.421167 0.039430
v -0.926254 -0.421167 0.039430
v -0.901472 -0.374383 0.039430
v -0.926254 -0.374383 0.039430
v -0.829185 -0.421167 0.018154
v -0.853967 -0.421167 0.018154
v -0.829185 -0.374383 0.018154
v -0.853967 -0.374383 0.018154
v -0.829185 -0.421167 0.039430
v -0.853967 -0.421167 0.039430
v -0.829185 -0.374383 0.039430
v -0.853967 -0.374383 0.039430
v -0.276079 -0.676490 0.018154
v -0.300861 -0.676490 0.018154
v -0.276079 -0.629705 0.018154
v -0.300861 -0.629705 0.018154
v -0.276079 -0.676490 0.039430
v -0.300861 -0.676490 0.039430
v -0.276079 -0.629705 0.039430
v -0.300861 -0.629705 0.039430
v -0.011397 -0.729948 0.018154
v -0.036179 -0.729948 0.018154
v -0.011397 -0.683164 0.018154
v -0.036179 -0.683164 0.018154
v -0.011397 -0.729948 0.039430
v -0.036179 -0.729948 0.039430
v -0.011397 -0.683164 0.039430
v -0.036179 -0.683164 0.039430
v -0.184325 -0.719728 0.018727
v -0.224486 -0.719728 0.018727
v -0.184325 -0.636143 0.018727
v -0.224486 -0.636143 0.018727
v -0.184325 -0.719728 0.047987
v -0.224486 -0.719728 0.047987
v -0.184325 -0.636143 0.047987
v -0.224486 -0.636143 0.047987
v -0.078317 -0.719728 0.018727
v -0.118478 -0.719728 0.018727
v -0.078317 -0.636143 0.018727
v -0.118478 -0.636143 0.018727
v -0.078317 -0.719728 0.047987
v -0.118478 -0.719728 0.047987
v -0.078317 -0.636143 0.047987
v -0.118478 -0.636143 0.047987
v 0.704335 -0.108419 0.018154
v 0.679736 -0.108419 0.018154
v 0.704335 -0.060994 0.018154
v 0.679736 -0.060994 0.018154
v 0.704335 -0.108419 0.039430
v 0.679736 -0.108419 0.039430
v 0.704335 -0.060994 0.039430
v 0.679736 -0.060994 0.039430
v 1.041056 0.664009 0.018154
v 1.067773 0.664009 0.018154
v 1.041056 0.711971 0.018154
v 1.067773 0.711971 0.018154
v 1.041056 0.664009 0.039430
v 1.067773 0.664009 0.039430
v 1.041056 0.711971 0.039430
v 1.067773 0.711971 0.039430
v 1.041056 0.776955 0.018154
v 1.067773 0.776955 0.018154
v 1.041056 0.824917 0.018154
v 1.067773 0.824917 0.018154
v 1.041056 0.776955 0.039430
v 1.067773 0.776955 0.039430
v 1.041056 0.824917 0.039430
v 1.067773 0.824917 0.039430
v 0.975525 0.776955 0.018154
v 1.002242 0.776955 0.018154
v 0.975525 0.824917 0.018154
v 1.002242 0.824917 0.018154
v 0.975525 0.776955 0.039430
v 1.002242 0.776955 0.039430
v 0.975525 0.824917 0.039430
v 1.002242 0.824917 0.039430
v -1.696641 1.073001 0.018154
v -1.724718 1.073001 0.018154
v -1.696641 1.098693 0.018154
v -1.724718 1.098693 0.018154
v -1.696641 1.073001 0.039430
v -1.724718 1.073001 0.039430
v -1.696641 1.098693 0.039430
v -1.724718 1.098693 0.039430
v -1.616888 1.073001 0.018154
v -1.644965 1.073001 0.018154
v -1.616888 1.098693 0.018154
v -1.644965 1.098693 0.018154
v -1.616888 1.073001 0.039430
v -1.644965 1.073001 0.039430
v -1.616888 1.098693 0.039430
v -1.644965 1.098693 0.039430
v -1.696641 1.026203 0.018154
v -1.724718 1.026203 0.018154
v -1.696641 1.051896 0.018154
v -1.724718 1.051896 0.018154
v -1.696641 1.026203 0.039430
v -1.724718 1.026203 0.039430
v -1.696641 1.051896 0.039430
v -1.724718 1.051896 0.039430
v -1.616888 1.026203 0.018154
v -1.644965 1.026203 0.018154
v -1.616888 1.051896 0.018154
v -1.644965 1.051896 0.018154
v -1.616888 1.026203 0.039430
v -1.644965 1.026203 0.039430
v -1.616888 1.051896 0.039430
v -1.644965 1.051896 0.039430
v -1.768904 0.952349 0.018154
v -1.796982 0.952349 0.018154
v -1.768904 0.978042 0.018154
v -1.796982 0.978042 0.018154
v -1.768904 0.952349 0.039430
v -1.796982 0.952349 0.039430
v -1.768904 0.978042 0.039430
v -1.796982 0.978042 0.039430
v -1.768904 0.905552 0.018154
v -1.796982 0.905552 0.018154
v -1.768904 0.931244 0.018154
v -1.796982 0.931244 0.018154
v -1.768904 0.905552 0.039430
v -1.796982 0.905552 0.039430
v -1.768904 0.931244 0.039430
v -1.796982 0.931244 0.039430
v -1.538584 0.952349 0.018154
v -1.566662 0.952349 0.018154
v -1.538584 0.978042 0.018154
v -1.566662 0.978042 0.018154
v -1.538584 0.952349 0.039430
v -1.566662 0.952349 0.039430
v -1.538584 0.978042 0.039430
v -1.566662 0.978042 0.039430
v -1.538584 0.905552 0.018154
v -1.566662 0.905552 0.018154
v -1.538584 0.931244 0.018154
v -1.566662 0.931244 0.018154
v -1.538584 0.905552 0.039430
v -1.566662 0.905552 0.039430
v -1.538584 0.931244 0.039430
v -1.566662 0.931244 0.039430
v -0.719359 -1.001471 0.018346
v -0.855410 -1.001471 0.018346
v -0.719359 -0.847567 0.018346
v -0.855410 -0.847567 0.018346
v -0.719359 -1.001471 0.098063
v -0.855410 -1.001471 0.098063
v -0.719359 -0.847567 0.098063
v -0.855410 -0.847567 0.098063
v -1.287941 -1.171147 0.018516
v -1.287941 -0.880279 0.018516
v -0.956002 -1.171147 0.018516
v -0.956002 -0.880279 0.018516
v -1.287941 -1.171147 0.100709
v -1.287941 -0.880279 0.100709
v -0.956002 -1.171147 0.100709
v -0.956002 -0.880279 0.100709
v -1.708004 -1.280506 0.020092
v -1.708004 -0.967989 0.020092
v -1.376065 -1.280506 0.020092
v -1.376065 -0.967989 0.020092
v -1.708004 -1.280506 0.073133
v -1.708004 -0.967989 0.073133
v -1.376065 -1.280506 0.073133
v -1.376065 -0.967989 0.073133
v 0.952687 0.051810 0.027589
v 0.952687 0.469915 0.027589
v 1.370857 0.051810 0.027589
v 1.370857 0.469915 0.027589
v 0.952687 0.051810 0.055119
v 0.952687 0.469915 0.055119
v 1.370857 0.051810 0.055119
v 1.370857 0.469915 0.055119
v 1.701859 0.741756 0.014079
v 1.566541 0.741756 0.014079
v 1.701859 0.967824 0.014079
v 1.566541 0.967824 0.014079
v 1.701859 0.741756 0.069824
v 1.566541 0.741756 0.069824
v 1.701859 0.967824 0.069824
v 1.566541 0.967824 0.069824
v 2.156917 0.746596 0.014079
v 2.007418 0.746596 0.014079
v 2.156917 0.972664 0.014079
v 2.007418 0.972664 0.014079
v 2.156917 0.746596 0.069824
v 2.007418 0.746596 0.069824
v 2.156917 0.972664 0.069824
v 2.007418 0.972664 0.069824
v 1.934366 0.775674 0.014566
v 1.798316 0.775674 0.014566
v 1.934366 0.944339 0.014566
v 1.798316 0.944339 0.014566
v 1.934366 0.775674 0.111878
v 1.798316 0.775674 0.111878
v 1.934366 0.944339 0.111878
v 1.798316 0.944339 0.111878
v -0.468843 0.906900 0.015522
v -0.632935 0.906900 0.015522
v -0.468843 0.988703 0.015522
v -0.632935 0.988703 0.015522
v -0.468843 0.906900 0.064350
v -0.632935 0.906900 0.064350
v -0.468843 0.988703 0.064350
v -0.632935 0.988703 0.064350
v -0.413738 -1.129158 0.019002
v -0.525852 -1.129158 0.019002
v -0.413738 -1.053158 0.019002
v -0.525852 -1.053158 0.019002
v -0.413738 -1.129158 0.051677
v -0.525852 -1.129158 0.051677
v -0.413738 -1.053158 0.051677
v -0.525852 -1.053158 0.051677
v -0.397920 -0.878041 0.019528
v -0.544834 -0.878041 0.019528
v -0.397920 -0.813115 0.019528
v -0.544834 -0.813115 0.019528
v -0.397920 -0.878041 0.057940
v -0.544834 -0.878041 0.057940
v -0.397920 -0.813115 0.057940
v -0.544834 -0.813115 0.057940
v 0.684162 1.070412 0.019528
v 0.616341 1.070412 0.019528
v 0.684162 1.219178 0.019528
v 0.616341 1.219178 0.019528
v 0.684162 1.070412 0.057940
v 0.616341 1.070412 0.057940
v 0.684162 1.219178 0.057940
v 0.616341 1.219178 0.057940
v 0.073810 0.866774 0.500034
v -0.083988 0.866774 0.500034
v 0.073810 1.393409 0.500034
v -0.083988 1.393409 0.500034
v 0.073810 0.866774 0.595173
v -0.083988 0.866774 0.595173
v 0.073810 1.393409 0.595173
v -0.083988 1.393409 0.595173
v 0.438258 0.866774 0.500034
v 0.280459 0.866774 0.500034
v 0.438258 1.393409 0.500034
v 0.280459 1.393409 0.500034
v 0.438258 0.866774 0.595173
v 0.280459 0.866774 0.595173
v 0.438258 1.393409 0.595173
v 0.280459 1.393409 0.595173
v 0.360319 0.920545 0.060237
v -0.007245 0.920545 0.060237
v 0.395188 1.340834 0.018851
v -0.042114 1.340834 0.018851
v 0.360319 0.920545 0.505969
v -0.007245 0.920545 0.505969
v 0.395188 1.340834 0.547355
v -0.042114 1.340834 0.547355
v 1.480988 0.910215 0.079746
v 0.856219 0.910215 0.079746
v 1.480988 1.437436 0.079746
v 0.856219 1.437436 0.079746
v 1.480988 0.910215 0.374683
v 0.856219 0.910215 0.374683
v 1.480988 1.437436 0.374683
v 0.856219 1.437436 0.374683
v 2.622011 -0.093934 0.055373
v 1.745336 -0.134696 0.014611
v 2.622011 0.507749 0.055373
v 1.745336 0.548511 0.014611
v 2.622011 -0.093941 0.756933
v 1.745336 -0.134696 0.797688
v 2.622011 0.507756 0.756933
v 1.745336 0.548511 0.797688
v 2.332256 -1.302258 0.181217
v 1.227626 -1.351830 0.014582
v 2.332256 -0.527934 0.181217
v 1.227626 -0.478362 0.014582
v 2.332256 -1.302258 0.601698
v 1.227627 -1.351830 0.651269
v 2.332256 -0.527934 0.601698
v 1.227627 -0.478362 0.651269
v 0.475008 -1.544464 0.088994
v -0.236566 -1.544464 0.088994
v 0.497060 -0.975235 0.015888
v -0.258618 -0.975235 0.015888
v 0.475008 -1.544464 0.273271
v -0.236566 -1.544464 0.273271
v 0.497060 -0.975235 0.295323
v -0.258618 -0.975235 0.295323
v -0.188341 -0.983812 0.015888
v -0.245713 -0.983812 0.015888
v -0.188341 -0.903540 0.015888
v -0.245713 -0.903540 0.015888
v -0.188341 -0.983812 0.232752
v -0.245713 -0.983812 0.232752
v -0.188341 -0.903540 0.232752
v -0.245713 -0.903540 0.232752
v 0.482721 -0.983812 0.015888
v 0.425349 -0.983812 0.015888
v 0.482721 -0.903540 0.015888
v 0.425349 -0.903540 0.015888
v 0.482721 -0.983812 0.232752
v 0.425349 -0.983812 0.232752
v 0.482721 -0.903540 0.232752
v 0.425349 -0.903540 0.232752
v -1.959254 -1.238152 0.019458
v -2.196536 -1.227045 0.030565
v -1.959254 -0.891508 0.019458
v -2.196536 -0.902614 0.030565
v -1.959254 -1.238152 0.120455
v -2.196536 -1.227045 0.109349
v -1.959254 -0.891508 0.120455
v -2.196536 -0.902614 0.109349
v 1.115468 1.454316 -0.021668
v 1.115468 -1.454316 0.021668
v 1.115468 -1.454316 -0.021668
v 1.115468 1.454316 0.021668
v -1.093591 -1.454316 -0.021668
v -1.093591 1.454316 0.021668
v -1.093591 1.454316 -0.021668
v -1.093591 -1.454316 0.021668
v -1.645856 -1.454316 -0.021668
v -1.645856 1.454316 0.021668
v -1.645856 1.454316 -0.021668
v -1.645856 -1.454316 0.021668
v 1.667733 1.454316 -0.021668
v 1.667733 -1.454316 0.021668
v 1.667733 -1.454316 -0.021668
v 1.667733 1.454316 0.021668
v 0.563203 -1.454316 -0.021668
v 0.563203 1.454316 0.021668
v 0.563203 1.454316 -0.021668
v 0.563203 -1.454316 0.021668
v -0.546905 1.454316 -0.021668
v -0.546905 -1.454316 0.021668
v -0.546905 -1.454316 -0.021668
v -0.546905 1.454316 0.021668
v 1.398671 0.979679 0.012364
v 0.938535 0.979679 0.012364
v 1.398671 1.367972 0.012364
v 0.938535 1.367972 0.012364
v 1.398671 0.979679 0.098617
v 0.938535 0.979679 0.098617
v 1.398671 1.367972 0.098617
v 0.938535 1.367972 0.098617
v -1.670099 -1.252107 0.085214
v -1.670099 -0.997900 0.085214
v -1.414104 -1.252107 0.085214
v -1.414104 -0.997900 0.085214
v -1.717744 -1.125004 0.085214
v -1.366458 -1.125004 0.085214
v -1.542101 -0.950587 0.085214
v -1.542101 -1.299420 0.085214
v -1.542101 -1.125004 0.085214
v -1.670099 -1.252107 0.396881
v -1.670099 -0.997900 0.396881
v -1.414104 -1.252107 0.396881
v -1.414104 -0.997900 0.396881
v -1.717744 -1.125004 0.396881
v -1.366458 -1.125004 0.396881
v -1.542101 -0.950587 0.396881
v -1.542101 -1.299420 0.396881
v -1.542101 -1.125004 0.396881
v -1.643482 -1.225676 0.070347
v -1.643482 -1.024331 0.070347
v -1.440720 -1.225676 0.070347
v -1.440720 -1.024331 0.070347
v -1.681220 -1.125004 0.070347
v -1.402982 -1.125004 0.070347
v -1.542101 -0.986856 0.070347
v -1.542101 -1.263151 0.070347
v -1.542101 -1.125004 0.070347
v -1.643482 -1.225676 0.091874
v -1.643482 -1.024331 0.091874
v -1.440720 -1.225676 0.091874
v -1.440720 -1.024331 0.091874
v -1.681220 -1.125004 0.091874
v -1.402982 -1.125004 0.091874
v -1.542101 -0.986856 0.091874
v -1.542101 -1.263151 0.091874
v -1.542101 -1.125004 0.091874
v 0.046186 1.329996 0.497949
v 0.046186 1.329996 0.243741
v 0.302181 1.329996 0.497949
v 0.302181 1.329996 0.243741
v -0.001460 1.329996 0.370845
v 0.349826 1.329996 0.370845
v 0.174183 1.329996 0.196429
v 0.174183 1.329996 0.545261
v 0.046186 1.756251 0.497949
v 0.046186 1.756251 0.243741
v 0.302181 1.756251 0.497949
v 0.302181 1.756251 0.243741
v -0.001460 1.756251 0.370845
v 0.349826 1.756251 0.370845
v 0.174183 1.756251 0.196429
v 0.174183 1.756251 0.545261
v 1.058063 1.385932 0.329551
v 0.086868 1.792556 0.457370
v 0.086868 1.792556 0.284320
v 0.261499 1.792556 0.457370
v 0.261499 1.792556 0.284320
v 0.054433 1.792556 0.370845
v 0.293933 1.792556 0.370845
v 0.174183 1.792556 0.252044
v 0.174183 1.792556 0.489646
v 1.058063 1.385932 0.122285
v 1.266787 1.385932 0.329551
v 1.266787 1.385932 0.122285
v 1.019215 1.385932 0.225918
v 1.305635 1.385932 0.225918
v 1.162425 1.385932 0.083708
v 1.162425 1.385932 0.368128
v 1.058063 1.597334 0.329551
v 1.058063 1.597334 0.122285
v 1.266787 1.597334 0.329551
v 1.266787 1.597334 0.122285
v 1.019215 1.597334 0.225918
v 1.305635 1.597334 0.225918
v 1.162425 1.597334 0.083708
v 1.162425 1.597334 0.368128
v 1.085799 1.610390 0.301630
v 1.085799 1.610390 0.150206
v 1.239050 1.610390 0.301630
v 1.239050 1.610390 0.150206
v 1.057418 1.610390 0.225918
v 1.267431 1.610390 0.225918
v 1.162425 1.610390 0.121882
v 1.162425 1.610390 0.329954
v 0.033010 1.792556 0.370845
v 0.071305 1.792556 0.268686
v 0.174183 1.792556 0.230658
v 0.174183 1.792556 0.511032
v 0.277061 1.792556 0.473004
v 0.315356 1.792556 0.370845
v 0.071305 1.792556 0.473004
v 0.277061 1.792556 0.268686
v 0.174183 1.675059 0.370845
v 0.054433 1.675059 0.370845
v 0.293933 1.675059 0.370845
v 0.174183 1.675059 0.489646
v 0.174183 1.675059 0.252044
v 0.086868 1.675059 0.284320
v 0.261499 1.675059 0.457370
v 0.086868 1.675059 0.457370
v 0.261499 1.675059 0.284320
v 1.029648 1.610390 0.225918
v 1.065665 1.610390 0.129834
v 1.162425 1.610390 0.094068
v 1.162425 1.610390 0.357767
v 1.259184 1.610390 0.322001
v 1.295202 1.610390 0.225918
v 1.065665 1.610390 0.322001
v 1.259184 1.610390 0.129834
v 1.162425 1.547727 0.225918
v 1.057418 1.547727 0.225918
v 1.267431 1.547727 0.225918
v 1.162425 1.547727 0.329954
v 1.162425 1.547727 0.121882
v 1.085799 1.547727 0.150206
v 1.239050 1.547727 0.301630
v 1.085799 1.547727 0.301630
v 1.239050 1.547727 0.150206
v 2.332256 -1.351830 0.014582
v 2.332256 -0.478362 0.014582
v 2.332256 -1.351830 0.651269
v 2.332256 -0.478362 0.651269
v 2.332256 -1.104976 0.181217
v 2.332256 -0.718893 0.181217
v 2.332256 -1.080661 0.056248
v 2.332256 -0.746000 0.058041
v 1.965847 -0.718893 0.181217
v 1.965847 -0.527934 0.181217
v 1.965847 -1.302258 0.601698
v 1.965847 -0.527934 0.601698
v 1.965847 -1.302258 0.181217
v 1.965847 -1.104976 0.181217
v 1.965847 -1.080661 0.056248
v 1.965847 -0.746000 0.058041
v 1.745336 0.548511 0.408748
v 2.622011 0.507756 0.449503
v 1.745336 -0.134696 0.408748
v 2.622011 -0.093941 0.449503
v 2.622011 -0.134696 0.797688
v 2.622011 0.548511 0.797688
v 2.622011 0.507749 0.367986
v 2.622011 -0.093934 0.367986
v 2.622011 -0.134696 0.014611
v 2.622011 0.548511 0.014611
v 2.622011 0.548511 0.408748
v 2.622011 -0.134696 0.408748
v 2.392960 -0.093941 0.756933
v 2.392960 0.507756 0.756933
v 2.392960 0.507756 0.449503
v 2.392960 -0.093941 0.449503
v 2.392960 -0.093934 0.055373
v 2.392960 0.507749 0.055373
v 2.392960 0.507749 0.367986
v 2.392960 -0.093934 0.367986
v 2.183673 -0.134696 0.014611
v 2.183673 0.548511 0.014611
v 2.183673 -0.134696 0.797688
v 2.183673 0.548511 0.797688
v 2.183673 -0.134696 0.408748
v 2.183673 0.548511 0.408748
v 0.497060 -1.544464 0.015888
v -0.258618 -1.544464 0.015888
v 0.497060 -1.544464 0.295323
v -0.258618 -1.544464 0.295323
v 0.379495 -1.544464 0.088994
v -0.145795 -1.544464 0.088994
v -0.119700 -1.544464 0.039583
v 0.356804 -1.544464 0.038448
v -0.145795 -1.362399 0.088994
v -0.236566 -1.362399 0.088994
v 0.475008 -1.362399 0.273271
v -0.236566 -1.362399 0.273271
v 0.475008 -1.362399 0.088994
v 0.379495 -1.362399 0.088994
v -0.119700 -1.362399 0.039583
v 0.356804 -1.362399 0.038448
v -2.196536 -0.891508 0.019458
v -2.196536 -1.238152 0.019458
v -2.196536 -0.891508 0.120455
v -2.196536 -1.238152 0.120455
v -2.105554 -0.902614 0.030565
v -2.105554 -1.227045 0.030565
v -2.105554 -0.902614 0.109349
v -2.105554 -1.227045 0.109349
v -2.105554 -0.902614 0.062851
v -2.105554 -1.227045 0.062851
v -2.105554 -0.902614 0.077063
v -2.105554 -1.227045 0.077063
v -2.183655 -0.902614 0.062851
v -2.183655 -1.227045 0.062851
v -2.183655 -0.902614 0.077063
v -2.183655 -1.227045 0.077063
v -0.523085 1.244594 0.171387
v -0.523085 1.220287 0.171387
v -0.523085 1.244594 0.373552
v -0.523085 1.220287 0.373552
v -0.498778 1.220287 0.373552
v -0.498778 1.244594 0.373552
v -0.498778 1.220287 0.171387
v -0.498778 1.244594 0.171387
v -0.523085 1.358835 0.171387
v -0.523085 1.334528 0.171387
v -0.523085 1.358835 0.373552
v -0.523085 1.334528 0.373552
v -0.498778 1.334528 0.373552
v -0.498778 1.358835 0.373552
v -0.498778 1.334528 0.171387
v -0.498778 1.358835 0.171387
v -0.657811 1.244594 0.171387
v -0.657811 1.220287 0.171387
v -0.657811 1.244594 0.373552
v -0.657811 1.220287 0.373552
v -0.633504 1.220287 0.373552
v -0.633504 1.244594 0.373552
v -0.633504 1.220287 0.171387
v -0.633504 1.244594 0.171387
v -0.657811 1.358835 0.171387
v -0.657811 1.334528 0.171387
v -0.657811 1.358835 0.373552
v -0.657811 1.334528 0.373552
v -0.633504 1.334528 0.373552
v -0.633504 1.358835 0.373552
v -0.633504 1.334528 0.171387
v -0.633504 1.358835 0.171387
v -0.792537 1.244594 0.171387
v -0.792537 1.220287 0.171387
v -0.792537 1.244594 0.373552
v -0.792537 1.220287 0.373552
v -0.768229 1.220287 0.373552
v -0.768229 1.244594 0.373552
v -0.768229 1.220287 0.171387
v -0.768229 1.244594 0.171387
v -0.792537 1.358835 0.171387
v -0.792537 1.334528 0.171387
v -0.792537 1.358835 0.373552
v -0.792537 1.334528 0.373552
v -0.768229 1.334528 0.373552
v -0.768229 1.358835 0.373552
v -0.768229 1.334528 0.171387
v -0.768229 1.358835 0.171387
v -0.926072 1.244594 0.171387
v -0.926072 1.220287 0.171387
v -0.926072 1.244594 0.373552
v -0.926072 1.220287 0.373552
v -0.901764 1.220287 0.373552
v -0.901764 1.244594 0.373552
v -0.901764 1.220287 0.171387
v -0.901764 1.244594 0.171387
v -0.926072 1.358835 0.171387
v -0.926072 1.334528 0.171387
v -0.926072 1.358835 0.373552
v -0.926072 1.334528 0.373552
v -0.901764 1.334528 0.373552
v -0.901764 1.358835 0.373552
v -0.901764 1.334528 0.171387
v -0.901764 1.358835 0.171387
v -1.060798 1.244594 0.171387
v -1.060798 1.220287 0.171387
v -1.060798 1.244594 0.373552
v -1.060798 1.220287 0.373552
v -1.036490 1.220287 0.373552
v -1.036490 1.244594 0.373552
v -1.036490 1.220287 0.171387
v -1.036490 1.244594 0.171387
v -1.060798 1.358835 0.171387
v -1.060798 1.334528 0.171387
v -1.060798 1.358835 0.373552
v -1.060798 1.334528 0.373552
v -1.036490 1.334528 0.373552
v -1.036490 1.358835 0.373552
v -1.036490 1.334528 0.171387
v -1.036490 1.358835 0.171387
v -1.195524 1.244594 0.171387
v -1.195524 1.220287 0.171387
v -1.195524 1.244594 0.373552
v -1.195524 1.220287 0.373552
v -1.171216 1.220287 0.373552
v -1.171216 1.244594 0.373552
v -1.171216 1.220287 0.171387
v -1.171216 1.244594 0.171387
v -1.195524 1.358835 0.171387
v -1.195524 1.334528 0.171387
v -1.195524 1.358835 0.373552
v -1.195524 1.334528 0.373552
v -1.171216 1.334528 0.373552
v -1.171216 1.358835 0.373552
v -1.171216 1.334528 0.171387
v -1.171216 1.358835 0.171387
v -1.323613 1.244594 0.171387
v -1.323613 1.220287 0.171387
v -1.323613 1.244594 0.373552
v -1.323613 1.220287 0.373552
v -1.299305 1.220287 0.373552
v -1.299305 1.244594 0.373552
v -1.299305 1.220287 0.171387
v -1.299305 1.244594 0.171387
v -1.323613 1.358835 0.171387
v -1.323613 1.334528 0.171387
v -1.323613 1.358835 0.373552
v -1.323613 1.334528 0.373552
v -1.299305 1.334528 0.373552
v -1.299305 1.358835 0.373552
v -1.299305 1.334528 0.171387
v -1.299305 1.358835 0.171387
v -1.458338 1.244594 0.171387
v -1.458338 1.220287 0.171387
v -1.458338 1.244594 0.373552
v -1.458338 1.220287 0.373552
v -1.434031 1.220287 0.373552
v -1.434031 1.244594 0.373552
v -1.434031 1.220287 0.171387
v -1.434031 1.244594 0.171387
v -1.458338 1.358835 0.171387
v -1.458338 1.334528 0.171387
v -1.458338 1.358835 0.373552
v -1.458338 1.334528 0.373552
v -1.434031 1.334528 0.373552
v -1.434031 1.358835 0.373552
v -1.434031 1.334528 0.171387
v -1.434031 1.358835 0.171387
v -1.593064 1.244594 0.171387
v -1.593064 1.220287 0.171387
v -1.593064 1.244594 0.373552
v -1.593064 1.220287 0.373552
v -1.568757 1.220287 0.373552
v -1.568757 1.244594 0.373552
v -1.568757 1.220287 0.171387
v -1.568757 1.244594 0.171387
v -1.593064 1.358835 0.171387
v -1.593064 1.334528 0.171387
v -1.593064 1.358835 0.373552
v -1.593064 1.334528 0.373552
v -1.568757 1.334528 0.373552
v -1.568757 1.358835 0.373552
v -1.568757 1.334528 0.171387
v -1.568757 1.358835 0.171387
v -1.736946 1.244594 0.171387
v -1.736946 1.220287 0.171387
v -1.736946 1.244594 0.373552
v -1.736946 1.220287 0.373552
v -1.712639 1.220287 0.373552
v -1.712639 1.244594 0.373552
v -1.712639 1.220287 0.171387
v -1.712639 1.244594 0.171387
v -1.736946 1.358835 0.171387
v -1.736946 1.334528 0.171387
v -1.736946 1.358835 0.373552
v -1.736946 1.334528 0.373552
v -1.712639 1.334528 0.373552
v -1.712639 1.358835 0.373552
v -1.712639 1.334528 0.171387
v -1.712639 1.358835 0.171387
v -1.871672 1.244594 0.171387
v -1.871672 1.220287 0.171387
v -1.871672 1.244594 0.373552
v -1.871672 1.220287 0.373552
v -1.847364 1.220287 0.373552
v -1.847364 1.244594 0.373552
v -1.847364 1.220287 0.171387
v -1.847364 1.244594 0.171387
v -1.871672 1.358835 0.171387
v -1.871672 1.334528 0.171387
v -1.871672 1.358835 0.373552
v -1.871672 1.334528 0.373552
v -1.847364 1.334528 0.373552
v -1.847364 1.358835 0.373552
v -1.847364 1.334528 0.171387
v -1.847364 1.358835 0.171387
v -2.006398 1.244594 0.171387
v -2.006398 1.220287 0.171387
v -2.006398 1.244594 0.373552
v -2.006398 1.220287 0.373552
v -1.982090 1.220287 0.373552
v -1.982090 1.244594 0.373552
v -1.982090 1.220287 0.171387
v -1.982090 1.244594 0.171387
v -2.006398 1.358835 0.171387
v -2.006398 1.334528 0.171387
v -2.006398 1.358835 0.373552
v -2.006398 1.334528 0.373552
v -1.982090 1.334528 0.373552
v -1.982090 1.358835 0.373552
v -1.982090 1.334528 0.171387
v -1.982090 1.358835 0.171387
v -2.132195 1.244594 0.171387
v -2.132195 1.220287 0.171387
v -2.132195 1.244594 0.373552
v -2.132195 1.220287 0.373552
v -2.107887 1.220287 0.373552
v -2.107887 1.244594 0.373552
v -2.107887 1.220287 0.171387
v -2.107887 1.244594 0.171387
v -2.132195 1.358835 0.171387
v -2.132195 1.334528 0.171387
v -2.132195 1.358835 0.373552
v -2.132195 1.334528 0.373552
v -2.107887 1.334528 0.373552
v -2.107887 1.358835 0.373552
v -2.107887 1.334528 0.171387
v -2.107887 1.358835 0.171387
v 0.567874 0.869376 0.171387
v 0.567874 0.845069 0.171387
v 0.567874 0.869376 0.373552
v 0.567874 0.845069 0.373552
v 0.592181 0.845069 0.373552
v 0.592181 0.869376 0.373552
v 0.592181 0.845069 0.171387
v 0.592181 0.869376 0.171387
v 0.567874 0.983617 0.171387
v 0.567874 0.959310 0.171387
v 0.567874 0.983617 0.373552
v 0.567874 0.959310 0.373552
v 0.592181 0.959310 0.373552
v 0.592181 0.983617 0.373552
v 0.592181 0.959310 0.171387
v 0.592181 0.983617 0.171387
v 0.567874 0.622615 0.171387
v 0.567874 0.598307 0.171387
v 0.567874 0.622615 0.373552
v 0.567874 0.598307 0.373552
v 0.592181 0.598307 0.373552
v 0.592181 0.622615 0.373552
v 0.592181 0.598307 0.171387
v 0.592181 0.622615 0.171387
v 0.567874 0.736856 0.171387
v 0.567874 0.712549 0.171387
v 0.567874 0.736856 0.373552
v 0.567874 0.712549 0.373552
v 0.592181 0.712549 0.373552
v 0.592181 0.736856 0.373552
v 0.592181 0.712549 0.171387
v 0.592181 0.736856 0.171387
v 0.567874 0.364508 0.171387
v 0.567874 0.340201 0.171387
v 0.567874 0.364508 0.373552
v 0.567874 0.340201 0.373552
v 0.592181 0.340201 0.373552
v 0.592181 0.364508 0.373552
v 0.592181 0.340201 0.171387
v 0.592181 0.364508 0.171387
v 0.567874 0.478750 0.171387
v 0.567874 0.454442 0.171387
v 0.567874 0.478750 0.373552
v 0.567874 0.454442 0.373552
v 0.592181 0.454442 0.373552
v 0.592181 0.478750 0.373552
v 0.592181 0.454442 0.171387
v 0.592181 0.478750 0.171387
v 0.567874 0.096947 0.171387
v 0.567874 0.072640 0.171387
v 0.567874 0.096947 0.373552
v 0.567874 0.072640 0.373552
v 0.592181 0.072640 0.373552
v 0.592181 0.096947 0.373552
v 0.592181 0.072640 0.171387
v 0.592181 0.096947 0.171387
v 0.567874 0.211189 0.171387
v 0.567874 0.186881 0.171387
v 0.567874 0.211189 0.373552
v 0.567874 0.186881 0.373552
v 0.592181 0.186881 0.373552
v 0.592181 0.211189 0.373552
v 0.592181 0.186881 0.171387
v 0.592181 0.211189 0.171387
v -1.746377 -0.352783 0.019012
v -1.746377 0.415011 0.019012
v -1.650064 -0.352783 0.062783
v -1.650064 0.415011 0.062783
v -1.698221 0.415011 0.062783
v -1.698221 -0.352783 0.062783
v -1.746377 0.031114 0.019012
v -1.650064 0.031114 0.062783
v -1.698221 0.031114 0.062783
v -1.460824 -0.352783 0.019012
v -1.460824 0.415011 0.019012
v -1.557137 -0.352783 0.062783
v -1.557137 0.415011 0.062783
v -1.508981 0.415011 0.062783
v -1.508981 -0.352783 0.062783
v -1.460824 0.031114 0.019012
v -1.557137 0.031114 0.062783
v -1.508981 0.031114 0.062783
v 0.892921 -1.403630 0.021667
v 0.892921 -0.316361 0.021667
v 0.756532 -1.403630 0.021667
v 0.756532 -0.316361 0.021667
v 0.892921 -1.403630 0.339741
v 0.892921 -0.316361 0.339741
v 0.756532 -1.403630 0.339741
v 0.756532 -0.316361 0.339741
v 0.978749 -1.247813 0.019012
v 0.978749 -0.480020 0.019012
v 0.882436 -1.247813 0.062783
v 0.882436 -0.480020 0.062783
v 0.930592 -0.480020 0.062783
v 0.930592 -1.247813 0.062783
v 0.978749 -0.863917 0.019012
v 0.882436 -0.863917 0.062783
v 0.930592 -0.863917 0.062783
v 0.693195 -1.247813 0.019012
v 0.693195 -0.480020 0.019012
v 0.789508 -1.247813 0.062783
v 0.789508 -0.480020 0.062783
v 0.741352 -0.480020 0.062783
v 0.741352 -1.247813 0.062783
v 0.693195 -0.863917 0.019012
v 0.789508 -0.863917 0.062783
v 0.741352 -0.863917 0.062783
v -0.144916 -0.838905 0.019012
v 0.107162 -0.838905 0.019012
v -0.144916 -0.982868 0.062783
v 0.107162 -0.913155 0.062783
v 0.107162 -0.982868 0.062783
v -0.144916 -0.913156 0.062783
v 0.359241 -0.838905 0.019012
v 0.359241 -0.982868 0.062783
v 0.359241 -0.913155 0.062783
v -1.922322 -0.979609 0.019012
v -1.922322 -1.141082 0.019012
v -1.959923 -0.979609 0.062783
v -1.939846 -1.141082 0.062783
v -1.959923 -1.141082 0.062783
v -1.939846 -0.979609 0.062783
v 0.070199 -0.684766 0.019012
v 0.182430 -0.684766 0.019012
v 0.070199 -0.707904 0.037081
v 0.182430 -0.698765 0.037081
v 0.182430 -0.707904 0.037081
v 0.070199 -0.698765 0.037081
v 0.070199 -0.772901 0.019012
v 0.182430 -0.772901 0.019012
v 0.070199 -0.749762 0.037081
v 0.182430 -0.758901 0.037081
v 0.182430 -0.749762 0.037081
v 0.070199 -0.758901 0.037081
v 0.229779 -0.684766 0.019012
v 0.342010 -0.684766 0.019012
v 0.229779 -0.707904 0.037081
v 0.342010 -0.698765 0.037081
v 0.342010 -0.707904 0.037081
v 0.229779 -0.698765 0.037081
v 0.229779 -0.772901 0.019012
v 0.342010 -0.772901 0.019012
v 0.229779 -0.749762 0.037081
v 0.342010 -0.758901 0.037081
v 0.342010 -0.749762 0.037081
v 0.229779 -0.758901 0.037081
v 1.160964 0.027252 0.037081
v 1.160964 -0.001519 0.019012
v 1.160964 0.055541 0.037081
v 0.966697 -0.001519 0.019012
v 1.355230 -0.001519 0.019012
v 0.966697 0.055541 0.037081
v 1.355230 0.027252 0.037081
v 1.355230 0.055541 0.037081
v 0.966697 0.027252 0.037081
v 1.160964 0.487362 0.037081
v 1.160964 0.516134 0.019012
v 1.160964 0.459073 0.037081
v 0.966697 0.516134 0.019012
v 1.355230 0.516134 0.019012
v 0.966697 0.459073 0.037081
v 1.355230 0.487362 0.037081
v 1.355230 0.459073 0.037081
v 0.966697 0.487362 0.037081
v 0.937057 0.257307 0.037081
v 0.909054 0.257307 0.019012
v 0.964590 0.257307 0.037081
v 0.909054 0.451574 0.019012
v 0.909054 0.063040 0.019012
v 0.964590 0.451574 0.037081
v 0.937057 0.063040 0.037081
v 0.964590 0.063040 0.037081
v 0.937057 0.451574 0.037081
v 1.384870 0.257307 0.037081
v 1.412873 0.257307 0.019012
v 1.357337 0.257307 0.037081
v 1.412873 0.451574 0.019012
v 1.412873 0.063040 0.019012
v 1.357337 0.451574 0.037081
v 1.384870 0.063040 0.037081
v 1.357337 0.063040 0.037081
v 1.384870 0.451574 0.037081
v -0.515318 -0.992032 0.019012
v -0.496175 -0.992032 0.019012
v -0.515318 -1.054686 0.037081
v -0.496175 -1.023509 0.037081
v -0.496175 -1.054686 0.037081
v -0.515318 -1.023510 0.037081
v -0.482262 -0.992032 0.019012
v -0.463119 -0.992032 0.019012
v -0.482262 -1.054686 0.037081
v -0.463119 -1.023509 0.037081
v -0.463119 -1.054686 0.037081
v -0.482262 -1.023510 0.037081
v -0.447687 -0.992032 0.019012
v -0.428544 -0.992032 0.019012
v -0.447687 -1.054686 0.037081
v -0.428544 -1.023509 0.037081
v -0.428544 -1.054686 0.037081
v -0.447687 -1.023510 0.037081
v -0.515318 -1.190049 0.019012
v -0.496175 -1.190049 0.019012
v -0.515318 -1.127396 0.037081
v -0.496175 -1.158572 0.037081
v -0.496175 -1.127396 0.037081
v -0.515318 -1.158572 0.037081
v -0.482262 -1.190049 0.019012
v -0.463119 -1.190049 0.019012
v -0.482262 -1.127396 0.037081
v -0.463119 -1.158572 0.037081
v -0.463119 -1.127396 0.037081
v -0.482262 -1.158572 0.037081
v -0.447687 -1.190049 0.019012
v -0.428544 -1.190049 0.019012
v -0.447687 -1.127396 0.037081
v -0.428544 -1.158572 0.037081
v -0.428544 -1.127396 0.037081
v -0.447687 -1.158572 0.037081
v -0.477323 -0.758711 0.019012
v -0.458180 -0.758711 0.019012
v -0.477323 -0.821364 0.037081
v -0.458180 -0.790188 0.037081
v -0.458180 -0.821364 0.037081
v -0.477323 -0.790188 0.037081
v -0.528237 -0.933931 0.019012
v -0.509094 -0.933931 0.019012
v -0.528237 -0.871277 0.037081
v -0.509094 -0.902454 0.037081
v -0.509094 -0.871277 0.037081
v -0.528237 -0.902453 0.037081
v -0.431349 -0.933931 0.019012
v -0.412206 -0.933931 0.019012
v -0.431349 -0.871277 0.037081
v -0.412206 -0.902454 0.037081
v -0.412206 -0.871277 0.037081
v -0.431349 -0.902453 0.037081
v -1.302797 0.662467 0.004964
v -1.261329 0.662467 0.004964
v -1.302797 0.798187 0.044105
v -1.261329 0.730653 0.044105
v -1.261329 0.798187 0.044105
v -1.302797 0.730653 0.044105
v -1.179669 0.662467 0.004964
v -1.138202 0.662467 0.004964
v -1.179669 0.798187 0.044105
v -1.138202 0.730653 0.044105
v -1.138202 0.798187 0.044105
v -1.179669 0.730653 0.044105
v -1.061456 0.662467 0.004964
v -1.019989 0.662467 0.004964
v -1.061456 0.798187 0.044105
v -1.019989 0.730653 0.044105
v -1.019989 0.798187 0.044105
v -1.061456 0.730653 0.044105
v -1.243673 1.091949 0.021394
v -1.076913 1.091949 0.021394
v -1.243673 0.956230 0.044105
v -1.076913 1.023764 0.044105
v -1.076913 0.956230 0.044105
v -1.243673 1.023764 0.044105
v -0.615538 1.038658 0.019012
v -0.596395 1.038658 0.019012
v -0.615538 0.976004 0.037081
v -0.596395 1.007181 0.037081
v -0.596395 0.976004 0.037081
v -0.615538 1.007181 0.037081
v -0.509607 1.038658 0.019012
v -0.490464 1.038658 0.019012
v -0.509607 0.976004 0.037081
v -0.490464 1.007181 0.037081
v -0.490464 0.976004 0.037081
v -0.509607 1.007181 0.037081
v -0.616632 0.859790 0.019012
v -0.597489 0.859790 0.019012
v -0.616632 0.922444 0.037081
v -0.597489 0.891267 0.037081
v -0.597489 0.922444 0.037081
v -0.616632 0.891267 0.037081
v -0.562238 0.859790 0.019012
v -0.543095 0.859790 0.019012
v -0.562238 0.922444 0.037081
v -0.543095 0.891267 0.037081
v -0.543095 0.922444 0.037081
v -0.562238 0.891267 0.037081
v -0.509607 0.859790 0.019012
v -0.490464 0.859790 0.019012
v -0.509607 0.922444 0.037081
v -0.490464 0.891267 0.037081
v -0.490464 0.922444 0.037081
v -0.509607 0.891267 0.037081
v -1.270051 -1.338522 0.020642
v -1.219240 -1.338522 0.020642
v -1.270051 -1.161063 0.078335
v -1.219240 -1.198461 0.078335
v -1.219240 -1.161063 0.078335
v -1.270051 -1.198461 0.078335
v -1.025546 -1.338522 0.020642
v -0.974736 -1.338522 0.020642
v -1.025546 -1.161063 0.078335
v -0.974736 -1.198461 0.078335
v -0.974736 -1.161063 0.078335
v -1.025546 -1.198461 0.078335
v -1.149244 -1.161063 0.078335
v -1.098433 -1.221441 0.078335
v -1.098433 -1.161063 0.078335
v -1.149244 -1.221441 0.078335
v 0.570572 1.131422 0.019012
v 0.570572 1.150565 0.019012
v 0.633225 1.131422 0.037081
v 0.602049 1.150565 0.037081
v 0.633225 1.150565 0.037081
v 0.602049 1.131422 0.037081
v 0.732113 1.077772 0.019012
v 0.732113 1.096915 0.019012
v 0.669460 1.077772 0.037081
v 0.700636 1.096915 0.037081
v 0.669460 1.096915 0.037081
v 0.700636 1.077772 0.037081
v 0.732113 1.174661 0.019012
v 0.732113 1.193803 0.019012
v 0.669460 1.174661 0.037081
v 0.700636 1.193803 0.037081
v 0.669460 1.193803 0.037081
v 0.700636 1.174661 0.037081
v -0.843626 1.092089 0.027254
v -0.741404 1.092089 0.027254
v -0.843626 1.048107 0.041176
v -0.741404 1.070354 0.041176
v -0.741404 1.048107 0.041176
v -0.843626 1.070354 0.041176
v -0.843626 0.857875 0.027254
v -0.741404 0.857875 0.027254
v -0.843626 0.901858 0.041176
v -0.741404 0.879611 0.041176
v -0.741404 0.901858 0.041176
v -0.843626 0.879611 0.041176
v 1.815472 0.978636 0.027254
v 1.917694 0.978636 0.027254
v 1.815472 0.934653 0.041176
v 1.917694 0.956901 0.041176
v 1.917694 0.934653 0.041176
v 1.815472 0.956901 0.041176
v 1.815472 0.744422 0.027254
v 1.917694 0.744422 0.027254
v 1.815472 0.788405 0.041176
v 1.917694 0.766157 0.041176
v 1.917694 0.788405 0.041176
v 1.815472 0.766157 0.041176
v 1.571281 1.013109 0.025546
v 1.692315 1.013109 0.025546
v 1.571281 0.961032 0.042030
v 1.692315 0.987374 0.042030
v 1.692315 0.961032 0.042030
v 1.571281 0.987374 0.042030
v 1.571281 0.697974 0.025546
v 1.692315 0.697974 0.025546
v 1.571281 0.750051 0.042030
v 1.692315 0.723709 0.042030
v 1.692315 0.750051 0.042030
v 1.571281 0.723709 0.042030
v 2.018287 1.013109 0.025546
v 2.139322 1.013109 0.025546
v 2.018287 0.961032 0.042030
v 2.139322 0.987374 0.042030
v 2.139322 0.961032 0.042030
v 2.018287 0.987374 0.042030
v 2.018287 0.697974 0.025546
v 2.139322 0.697974 0.025546
v 2.018287 0.750051 0.042030
v 2.139322 0.723709 0.042030
v 2.139322 0.750051 0.042030
v 2.018287 0.723709 0.042030
v -0.840789 -0.808709 0.027254
v -0.738567 -0.808709 0.027254
v -0.840789 -0.852691 0.041176
v -0.738567 -0.830444 0.041176
v -0.738567 -0.852691 0.041176
v -0.840789 -0.830444 0.041176
v -0.840789 -1.042923 0.027254
v -0.738567 -1.042923 0.027254
v -0.840789 -0.998940 0.041176
v -0.738567 -1.021188 0.041176
v -0.738567 -0.998940 0.041176
v -0.840789 -1.021187 0.041176
v -1.269186 -0.803617 0.010409
v -0.981437 -0.803617 0.010409
v -1.269186 -0.887245 0.049598
v -0.981437 -0.864800 0.049598
v -0.981437 -0.887245 0.049598
v -1.269186 -0.864801 0.049598
v -1.597119 -0.833034 0.026686
v -1.488647 -0.833034 0.026686
v -1.597119 -0.931069 0.041459
v -1.488647 -0.870543 0.041459
v -1.488647 -0.931069 0.041459
v -1.597119 -0.870543 0.041459
v -1.542035 -0.904171 0.020092
v -1.542035 -1.280506 0.020092
v -1.542035 -0.904171 0.073133
v -1.542035 -1.280506 0.073133
v -1.597119 -1.356410 0.026686
v -1.488647 -1.356410 0.026686
v -1.597119 -1.258376 0.041459
v -1.488647 -1.318902 0.041459
v -1.488647 -1.258376 0.041459
v -1.597119 -1.318902 0.041459
v -0.402163 1.076641 0.019012
v -0.337425 1.076641 0.019012
v -0.402163 1.051350 0.037081
v -0.337425 1.063529 0.037081
v -0.337425 1.051350 0.037081
v -0.402163 1.063529 0.037081
v -0.402163 0.878145 0.019012
v -0.337425 0.878145 0.019012
v -0.402163 0.903436 0.037081
v -0.337425 0.891257 0.037081
v -0.337425 0.903436 0.037081
v -0.402163 0.891257 0.037081
v 0.089180 0.669759 0.019012
v 0.089180 0.605021 0.019012
v 0.063889 0.669759 0.037081
v 0.076068 0.605021 0.037081
v 0.063889 0.605021 0.037081
v 0.076068 0.669759 0.037081
v -0.120478 0.669759 0.019012
v -0.120478 0.605021 0.019012
v -0.095187 0.669759 0.037081
v -0.107365 0.605021 0.037081
v -0.095187 0.605021 0.037081
v -0.107365 0.669759 0.037081
v 0.089180 0.533851 0.019012
v 0.089180 0.469114 0.019012
v 0.063889 0.533851 0.037081
v 0.076068 0.469114 0.037081
v 0.063889 0.469114 0.037081
v 0.076068 0.533851 0.037081
v -0.120478 0.533851 0.019012
v -0.120478 0.469114 0.019012
v -0.095187 0.533851 0.037081
v -0.107365 0.469114 0.037081
v -0.095187 0.469114 0.037081
v -0.107365 0.533851 0.037081
v -0.214855 -0.612768 0.019012
v -0.195712 -0.612768 0.019012
v -0.214855 -0.641499 0.037081
v -0.195712 -0.626737 0.037081
v -0.195712 -0.641499 0.037081
v -0.214855 -0.626737 0.037081
v -0.214855 -0.743001 0.019012
v -0.195712 -0.743001 0.019012
v -0.214855 -0.714270 0.037081
v -0.195712 -0.729033 0.037081
v -0.195712 -0.714270 0.037081
v -0.214855 -0.729033 0.037081
v -0.108164 -0.612768 0.019012
v -0.089021 -0.612768 0.019012
v -0.108164 -0.641499 0.037081
v -0.089021 -0.626737 0.037081
v -0.089021 -0.641499 0.037081
v -0.108164 -0.626737 0.037081
v -0.108164 -0.743001 0.019012
v -0.089021 -0.743001 0.019012
v -0.108164 -0.714270 0.037081
v -0.089021 -0.729033 0.037081
v -0.089021 -0.714270 0.037081
v -0.108164 -0.729033 0.037081
v -0.294568 -0.614853 0.020671
v -0.282328 -0.614853 0.020671
v -0.294568 -0.633224 0.032225
v -0.282328 -0.623785 0.032225
v -0.282328 -0.633224 0.032225
v -0.294568 -0.623785 0.032225
v -0.294568 -0.692108 0.020671
v -0.282328 -0.692108 0.020671
v -0.294568 -0.673737 0.032225
v -0.282328 -0.683176 0.032225
v -0.282328 -0.673737 0.032225
v -0.294568 -0.683176 0.032225
v -0.030298 -0.667828 0.020671
v -0.018058 -0.667828 0.020671
v -0.030298 -0.686198 0.032225
v -0.018058 -0.676759 0.032225
v -0.018058 -0.686198 0.032225
v -0.030298 -0.676759 0.032225
v -0.030298 -0.745083 0.020671
v -0.018058 -0.745083 0.020671
v -0.030298 -0.726712 0.032225
v -0.018058 -0.736151 0.032225
v -0.018058 -0.726712 0.032225
v -0.030298 -0.736151 0.032225
v -0.879387 -1.236603 0.020671
v -0.867147 -1.236603 0.020671
v -0.879387 -1.254973 0.032224
v -0.867147 -1.245534 0.032224
v -0.867147 -1.254973 0.032224
v -0.879387 -1.245534 0.032224
v -0.879387 -1.313857 0.020671
v -0.867147 -1.313857 0.020671
v -0.879387 -1.295487 0.032224
v -0.867147 -1.304926 0.032224
v -0.867147 -1.295487 0.032224
v -0.879387 -1.304926 0.032224
v -0.847581 -0.359238 0.020671
v -0.835341 -0.359238 0.020671
v -0.847581 -0.377609 0.032225
v -0.835341 -0.368170 0.032225
v -0.835341 -0.377609 0.032225
v -0.847581 -0.368170 0.032225
v -0.847581 -0.436493 0.020671
v -0.835341 -0.436493 0.020671
v -0.847581 -0.418122 0.032225
v -0.835341 -0.427561 0.032225
v -0.835341 -0.418122 0.032225
v -0.847581 -0.427561 0.032225
v -0.920405 -0.359238 0.020671
v -0.908165 -0.359238 0.020671
v -0.920405 -0.377609 0.032225
v -0.908165 -0.368170 0.032225
v -0.908165 -0.377609 0.032225
v -0.920405 -0.368170 0.032225
v -0.920405 -0.436493 0.020671
v -0.908165 -0.436493 0.020671
v -0.920405 -0.418122 0.032225
v -0.908165 -0.427561 0.032225
v -0.908165 -0.418122 0.032225
v -0.920405 -0.427561 0.032225
v -1.843300 -0.004792 0.020671
v -1.831060 -0.004792 0.020671
v -1.843300 -0.023162 0.032225
v -1.831060 -0.013723 0.032225
v -1.831060 -0.023162 0.032225
v -1.843300 -0.013723 0.032225
v -1.843300 -0.082047 0.020671
v -1.831060 -0.082047 0.020671
v -1.843300 -0.063676 0.032225
v -1.831060 -0.073115 0.032225
v -1.831060 -0.063676 0.032225
v -1.843300 -0.073115 0.032225
v -1.815183 -1.191157 0.020671
v -1.802943 -1.191157 0.020671
v -1.815183 -1.209527 0.032225
v -1.802943 -1.200089 0.032225
v -1.802943 -1.209527 0.032225
v -1.815183 -1.200089 0.032225
v -1.815183 -1.268412 0.020671
v -1.802943 -1.268412 0.020671
v -1.815183 -1.250041 0.032225
v -1.802943 -1.259480 0.032225
v -1.802943 -1.250041 0.032225
v -1.815183 -1.259480 0.032225
v -1.455999 0.647906 0.020672
v -1.443759 0.647906 0.020672
v -1.455999 0.629536 0.032225
v -1.443759 0.638974 0.032225
v -1.443759 0.629536 0.032225
v -1.455999 0.638974 0.032225
v -1.455999 0.570651 0.020672
v -1.443759 0.570651 0.020672
v -1.455999 0.589022 0.032225
v -1.443759 0.579583 0.032225
v -1.443759 0.589022 0.032225
v -1.455999 0.579583 0.032225
v -1.479986 1.107262 0.020672
v -1.467746 1.107262 0.020672
v -1.479986 1.088891 0.032225
v -1.467746 1.098330 0.032225
v -1.467746 1.088891 0.032225
v -1.479986 1.098330 0.032225
v -1.479986 1.030007 0.020672
v -1.467746 1.030007 0.020672
v -1.479986 1.048378 0.032225
v -1.467746 1.038939 0.032225
v -1.467746 1.048378 0.032225
v -1.479986 1.038939 0.032225
v -1.560961 1.107262 0.020672
v -1.548721 1.107262 0.020672
v -1.560961 1.088891 0.032225
v -1.548721 1.098330 0.032225
v -1.548721 1.088891 0.032225
v -1.560961 1.098330 0.032225
v -1.560961 1.030007 0.020672
v -1.548721 1.030007 0.020672
v -1.560961 1.048378 0.032225
v -1.548721 1.038939 0.032225
v -1.548721 1.048378 0.032225
v -1.560961 1.038939 0.032225
v -1.793493 1.108356 0.020672
v -1.781253 1.108356 0.020672
v -1.793493 1.089986 0.032225
v -1.781253 1.099425 0.032225
v -1.781253 1.089986 0.032225
v -1.793493 1.099424 0.032225
v -1.793493 1.031101 0.020672
v -1.781253 1.031101 0.020672
v -1.793493 1.049472 0.032225
v -1.781253 1.040033 0.032225
v -1.781253 1.049472 0.032225
v -1.793493 1.040033 0.032225
v -1.879940 1.108356 0.020672
v -1.867700 1.108356 0.020672
v -1.879940 1.089986 0.032225
v -1.867700 1.099425 0.032225
v -1.867700 1.089986 0.032225
v -1.879940 1.099424 0.032225
v -1.879940 1.031101 0.020672
v -1.867700 1.031101 0.020672
v -1.879940 1.049472 0.032225
v -1.867700 1.040033 0.032225
v -1.867700 1.049472 0.032225
v -1.879940 1.040033 0.032225
v -1.933011 1.108356 0.020672
v -1.920771 1.108356 0.020672
v -1.933011 1.089986 0.032225
v -1.920771 1.099425 0.032225
v -1.920771 1.089986 0.032225
v -1.933011 1.099424 0.032225
v -1.933011 1.031101 0.020672
v -1.920771 1.031101 0.020672
v -1.933011 1.049472 0.032225
v -1.920771 1.040033 0.032225
v -1.920771 1.049472 0.032225
v -1.933011 1.040033 0.032225
v -1.710876 0.978139 0.020672
v -1.698636 0.978139 0.020672
v -1.710876 0.959768 0.032225
v -1.698636 0.969207 0.032225
v -1.698636 0.959768 0.032225
v -1.710876 0.969207 0.032225
v -1.710876 0.900884 0.020672
v -1.698636 0.900884 0.020672
v -1.710876 0.919254 0.032225
v -1.698636 0.909815 0.032225
v -1.698636 0.919254 0.032225
v -1.710876 0.909815 0.032225
v -1.637560 0.978139 0.020672
v -1.625320 0.978139 0.020672
v -1.637560 0.959768 0.032225
v -1.625320 0.969207 0.032225
v -1.625320 0.959768 0.032225
v -1.637560 0.969207 0.032225
v -1.637560 0.900884 0.020672
v -1.625320 0.900884 0.020672
v -1.637560 0.919254 0.032225
v -1.625320 0.909815 0.032225
v -1.625320 0.919254 0.032225
v -1.637560 0.909815 0.032225
v -0.956032 1.062678 0.020672
v -0.943792 1.062678 0.020672
v -0.956032 1.044308 0.032225
v -0.943792 1.053747 0.032225
v -0.943792 1.044308 0.032225
v -0.956032 1.053747 0.032225
v -0.956032 0.985423 0.020672
v -0.943792 0.985423 0.020672
v -0.956032 1.003794 0.032225
v -0.943792 0.994355 0.032225
v -0.943792 1.003794 0.032225
v -0.956032 0.994355 0.032225
v 0.685427 -0.045816 0.020672
v 0.697667 -0.045816 0.020672
v 0.685427 -0.064186 0.032225
v 0.697667 -0.054747 0.032225
v 0.697667 -0.064186 0.032225
v 0.685427 -0.054747 0.032225
v 0.685427 -0.123070 0.020672
v 0.697667 -0.123070 0.020672
v 0.685427 -0.104700 0.032225
v 0.697667 -0.114139 0.032225
v 0.697667 -0.104700 0.032225
v 0.685427 -0.114139 0.032225
v 0.982652 0.838788 0.020672
v 0.994892 0.838788 0.020672
v 0.982652 0.820418 0.032225
v 0.994892 0.829857 0.032225
v 0.994892 0.820418 0.032225
v 0.982652 0.829857 0.032225
v 0.982652 0.761534 0.020672
v 0.994892 0.761534 0.020672
v 0.982652 0.779904 0.032225
v 0.994892 0.770465 0.032225
v 0.994892 0.779904 0.032225
v 0.982652 0.770465 0.032225
v 1.048194 0.838788 0.020672
v 1.060434 0.838788 0.020672
v 1.048194 0.820418 0.032225
v 1.060434 0.829857 0.032225
v 1.060434 0.820418 0.032225
v 1.048194 0.829857 0.032225
v 1.048194 0.761534 0.020672
v 1.060434 0.761534 0.020672
v 1.048194 0.779904 0.032225
v 1.060434 0.770465 0.032225
v 1.060434 0.779904 0.032225
v 1.048194 0.770465 0.032225
v 1.047878 0.727019 0.020672
v 1.060117 0.727019 0.020672
v 1.047878 0.708648 0.032225
v 1.060117 0.718087 0.032225
v 1.060117 0.708648 0.032225
v 1.047878 0.718087 0.032225
v 1.047878 0.649764 0.020672
v 1.060117 0.649764 0.020672
v 1.047878 0.668135 0.032225
v 1.060117 0.658696 0.032225
v 1.060117 0.668135 0.032225
v 1.047878 0.658696 0.032225
v 1.294634 0.727019 0.020672
v 1.306874 0.727019 0.020672
v 1.294634 0.708648 0.032225
v 1.306874 0.718087 0.032225
v 1.306874 0.708648 0.032225
v 1.294634 0.718087 0.032225
v 1.294634 0.649764 0.020672
v 1.306874 0.649764 0.020672
v 1.294634 0.668135 0.032225
v 1.306874 0.658696 0.032225
v 1.306874 0.668135 0.032225
v 1.294634 0.658696 0.032225
v 1.292735 0.839865 0.020672
v 1.304974 0.839865 0.020672
v 1.292735 0.821494 0.032225
v 1.304974 0.830934 0.032225
v 1.304974 0.821494 0.032225
v 1.292735 0.830933 0.032225
v 1.292735 0.762610 0.020672
v 1.304974 0.762610 0.020672
v 1.292735 0.780981 0.032225
v 1.304974 0.771542 0.032225
v 1.304974 0.780981 0.032225
v 1.292735 0.771542 0.032225
v 1.368373 0.839865 0.020672
v 1.380613 0.839865 0.020672
v 1.368373 0.821494 0.032225
v 1.380613 0.830934 0.032225
v 1.380613 0.821494 0.032225
v 1.368373 0.830933 0.032225
v 1.368373 0.762610 0.020672
v 1.380613 0.762610 0.020672
v 1.368373 0.780981 0.032225
v 1.380613 0.771542 0.032225
v 1.380613 0.780981 0.032225
v 1.368373 0.771542 0.032225
v 1.493177 0.556882 0.020672
v 1.505416 0.556882 0.020672
v 1.493177 0.538512 0.032225
v 1.505416 0.547951 0.032225
v 1.505416 0.538512 0.032225
v 1.493177 0.547951 0.032225
v 1.493177 0.479628 0.020672
v 1.505416 0.479628 0.020672
v 1.493177 0.497998 0.032225
v 1.505416 0.488559 0.032225
v 1.505416 0.497998 0.032225
v 1.493177 0.488559 0.032225
v 1.571227 0.560499 0.015693
v 1.591379 0.560499 0.015693
v 1.571227 0.530253 0.034714
v 1.591379 0.545794 0.034714
v 1.591379 0.530253 0.034714
v 1.571227 0.545794 0.034714
v 1.571227 0.433304 0.015693
v 1.591379 0.433304 0.015693
v 1.571227 0.463550 0.034714
v 1.591379 0.448009 0.034714
v 1.591379 0.463550 0.034714
v 1.571227 0.448009 0.034714
v 1.571227 0.376116 0.015693
v 1.591379 0.376116 0.015693
v 1.571227 0.345870 0.034714
v 1.591379 0.361411 0.034714
v 1.591379 0.345870 0.034714
v 1.571227 0.361410 0.034714
v 1.571227 0.248920 0.015693
v 1.591379 0.248920 0.015693
v 1.571227 0.279166 0.034714
v 1.591379 0.263626 0.034714
v 1.591379 0.279166 0.034714
v 1.571227 0.263626 0.034714
v 1.642468 1.197521 0.015693
v 1.662620 1.197521 0.015693
v 1.642468 1.167275 0.034714
v 1.662620 1.182816 0.034714
v 1.662620 1.167275 0.034714
v 1.642468 1.182816 0.034714
v 1.642468 1.070326 0.015693
v 1.662620 1.070326 0.015693
v 1.642468 1.100572 0.034714
v 1.662620 1.085031 0.034714
v 1.662620 1.100572 0.034714
v 1.642468 1.085031 0.034714
v 1.751969 1.197521 0.015693
v 1.772121 1.197521 0.015693
v 1.751969 1.167275 0.034714
v 1.772121 1.182816 0.034714
v 1.772121 1.167275 0.034714
v 1.751969 1.182816 0.034714
v 1.751969 1.070326 0.015693
v 1.772121 1.070326 0.015693
v 1.751969 1.100572 0.034714
v 1.772121 1.085031 0.034714
v 1.772121 1.100572 0.034714
v 1.751969 1.085031 0.034714
v 1.910181 1.197521 0.015693
v 1.930333 1.197521 0.015693
v 1.910181 1.167275 0.034714
v 1.930333 1.182816 0.034714
v 1.930333 1.167275 0.034714
v 1.910181 1.182816 0.034714
v 1.910181 1.070326 0.015693
v 1.930333 1.070326 0.015693
v 1.910181 1.100572 0.034714
v 1.930333 1.085031 0.034714
v 1.930333 1.100572 0.034714
v 1.910181 1.085031 0.034714
v 2.015048 1.197521 0.015693
v 2.035200 1.197521 0.015693
v 2.015048 1.167275 0.034714
v 2.035200 1.182816 0.034714
v 2.035200 1.167275 0.034714
v 2.015048 1.182816 0.034714
v 2.015048 1.070326 0.015693
v 2.035200 1.070326 0.015693
v 2.015048 1.100572 0.034714
v 2.035200 1.085031 0.034714
v 2.035200 1.100572 0.034714
v 2.015048 1.085031 0.034714
v 2.119004 1.197521 0.015693
v 2.139156 1.197521 0.015693
v 2.119004 1.167275 0.034714
v 2.139156 1.182816 0.034714
v 2.139156 1.167275 0.034714
v 2.119004 1.182816 0.034714
v 2.119004 1.070326 0.015693
v 2.139156 1.070326 0.015693
v 2.119004 1.100572 0.034714
v 2.139156 1.085031 0.034714
v 2.139156 1.100572 0.034714
v 2.119004 1.085031 0.034714
v 0.281805 0.223337 0.020672
v 0.281805 0.235577 0.020672
v 0.300176 0.223337 0.032225
v 0.290737 0.235577 0.032225
v 0.300176 0.235577 0.032225
v 0.290737 0.223337 0.032225
v 0.359060 0.223337 0.020672
v 0.359060 0.235577 0.020672
v 0.340689 0.223337 0.032225
v 0.350128 0.235577 0.032225
v 0.340689 0.235577 0.032225
v 0.350128 0.223337 0.032225
v 0.281805 0.079988 0.020672
v 0.281805 0.092228 0.020672
v 0.300176 0.079988 0.032225
v 0.290737 0.092228 0.032225
v 0.300176 0.092228 0.032225
v 0.290737 0.079988 0.032225
v 0.359060 0.079988 0.020672
v 0.359060 0.092228 0.020672
v 0.340689 0.079988 0.032225
v 0.350128 0.092228 0.032225
v 0.340689 0.092228 0.032225
v 0.350128 0.079988 0.032225
v 0.281805 0.029105 0.020672
v 0.281805 0.041345 0.020672
v 0.300176 0.029105 0.032225
v 0.290737 0.041345 0.032225
v 0.300176 0.041345 0.032225
v 0.290737 0.029105 0.032225
v 0.359060 0.029105 0.020672
v 0.359060 0.041345 0.020672
v 0.340689 0.029105 0.032225
v 0.350128 0.041345 0.032225
v 0.340689 0.041345 0.032225
v 0.350128 0.029105 0.032225
v 0.281805 -0.024088 0.020672
v 0.281805 -0.011849 0.020672
v 0.300176 -0.024088 0.032225
v 0.290737 -0.011849 0.032225
v 0.300176 -0.011849 0.032225
v 0.290737 -0.024088 0.032225
v 0.359060 -0.024088 0.020672
v 0.359060 -0.011849 0.020672
v 0.340689 -0.024088 0.032225
v 0.350128 -0.011849 0.032225
v 0.340689 -0.011849 0.032225
v 0.350128 -0.024088 0.032225
v 0.281805 -0.076015 0.020672
v 0.281805 -0.063775 0.020672
v 0.300176 -0.076015 0.032225
v 0.290737 -0.063775 0.032225
v 0.300176 -0.063775 0.032225
v 0.290737 -0.076015 0.032225
v 0.359060 -0.076015 0.020672
v 0.359060 -0.063775 0.020672
v 0.340689 -0.076015 0.032225
v 0.350128 -0.063775 0.032225
v 0.340689 -0.063775 0.032225
v 0.350128 -0.076015 0.032225
v 0.288787 0.290354 0.016276
v 0.288787 0.309578 0.016276
v 0.317640 0.290354 0.034422
v 0.302815 0.309578 0.034422
v 0.317640 0.309578 0.034422
v 0.302815 0.290354 0.034422
v 0.401947 0.290354 0.016276
v 0.401947 0.309578 0.016276
v 0.373094 0.290354 0.034422
v 0.387919 0.309578 0.034422
v 0.373094 0.309578 0.034422
v 0.387919 0.290354 0.034422
v -1.763113 -0.839550 0.020671
v -1.763113 -0.827310 0.020671
v -1.744743 -0.839550 0.032225
v -1.754182 -0.827310 0.032225
v -1.744743 -0.827310 0.032225
v -1.754182 -0.839550 0.032225
v -1.685859 -0.839550 0.020671
v -1.685859 -0.827310 0.020671
v -1.704229 -0.839550 0.032225
v -1.694790 -0.827310 0.032225
v -1.704229 -0.827310 0.032225
v -1.694790 -0.839550 0.032225
v -0.618951 1.114160 0.020672
v -0.618951 1.126400 0.020672
v -0.600581 1.114160 0.032225
v -0.610020 1.126400 0.032225
v -0.600581 1.126400 0.032225
v -0.610020 1.114160 0.032225
v -0.541696 1.114160 0.020672
v -0.541696 1.126400 0.020672
v -0.560067 1.114160 0.032225
v -0.550628 1.126400 0.032225
v -0.560067 1.126400 0.032225
v -0.550628 1.114160 0.032225
v 1.039521 -1.167477 0.020671
v 1.039521 -1.155237 0.020671
v 1.057892 -1.167477 0.032225
v 1.048453 -1.155237 0.032225
v 1.057892 -1.155237 0.032225
v 1.048453 -1.167477 0.032225
v 1.116776 -1.167477 0.020671
v 1.116776 -1.155237 0.020671
v 1.098405 -1.167477 0.032225
v 1.107844 -1.155237 0.032225
v 1.098405 -1.155237 0.032225
v 1.107844 -1.167477 0.032225
v 1.039521 -1.090219 0.020671
v 1.039521 -1.077980 0.020671
v 1.057892 -1.090219 0.032225
v 1.048453 -1.077980 0.032225
v 1.057892 -1.077980 0.032225
v 1.048453 -1.090219 0.032225
v 1.116776 -1.090219 0.020671
v 1.116776 -1.077980 0.020671
v 1.098405 -1.090219 0.032225
v 1.107844 -1.077980 0.032225
v 1.098405 -1.077980 0.032225
v 1.107844 -1.090219 0.032225
v 1.039521 -0.893252 0.020671
v 1.039521 -0.881012 0.020671
v 1.057892 -0.893252 0.032225
v 1.048453 -0.881012 0.032225
v 1.057892 -0.881012 0.032225
v 1.048453 -0.893252 0.032225
v 1.116776 -0.893252 0.020671
v 1.116776 -0.881012 0.020671
v 1.098405 -0.893252 0.032225
v 1.107844 -0.881012 0.032225
v 1.098405 -0.881012 0.032225
v 1.107844 -0.893252 0.032225
v 1.039521 -0.821213 0.020671
v 1.039521 -0.808973 0.020671
v 1.057892 -0.821213 0.032225
v 1.048453 -0.808973 0.032225
v 1.057892 -0.808973 0.032225
v 1.048453 -0.821213 0.032225
v 1.116776 -0.821213 0.020671
v 1.116776 -0.808973 0.020671
v 1.098405 -0.821213 0.032225
v 1.107844 -0.808973 0.032225
v 1.098405 -0.808973 0.032225
v 1.107844 -0.821213 0.032225
v 1.039521 -0.700844 0.020671
v 1.039521 -0.688604 0.020671
v 1.057892 -0.700844 0.032225
v 1.048453 -0.688604 0.032225
v 1.057892 -0.688604 0.032225
v 1.048453 -0.700844 0.032225
v 1.116776 -0.700844 0.020671
v 1.116776 -0.688604 0.020671
v 1.098405 -0.700844 0.032225
v 1.107844 -0.688604 0.032225
v 1.098405 -0.688604 0.032225
v 1.107844 -0.700844 0.032225
v 1.039521 -0.649170 0.020671
v 1.039521 -0.636930 0.020671
v 1.057892 -0.649170 0.032225
v 1.048453 -0.636930 0.032225
v 1.057892 -0.636930 0.032225
v 1.048453 -0.649170 0.032225
v 1.116776 -0.649170 0.020671
v 1.116776 -0.636930 0.020671
v 1.098405 -0.649170 0.032225
v 1.107844 -0.636930 0.032225
v 1.098405 -0.636930 0.032225
v 1.107844 -0.649170 0.032225
v 1.054403 -0.326353 0.020671
v 1.054403 -0.314113 0.020671
v 1.072773 -0.326353 0.032225
v 1.063334 -0.314113 0.032225
v 1.072773 -0.314113 0.032225
v 1.063334 -0.326353 0.032225
v 1.131657 -0.326353 0.020671
v 1.131657 -0.314113 0.020671
v 1.113287 -0.326353 0.032225
v 1.122726 -0.314113 0.032225
v 1.113287 -0.314113 0.032225
v 1.122726 -0.326353 0.032225
v 0.980628 -0.281392 0.020671
v 0.980628 -0.269152 0.020671
v 0.998999 -0.281392 0.032225
v 0.989560 -0.269152 0.032225
v 0.998999 -0.269152 0.032225
v 0.989560 -0.281392 0.032225
v 1.057883 -0.281392 0.020671
v 1.057883 -0.269152 0.020671
v 1.039513 -0.281392 0.032225
v 1.048952 -0.269152 0.032225
v 1.039513 -0.269152 0.032225
v 1.048952 -0.281392 0.032225
v 1.099997 -0.281392 0.020671
v 1.099997 -0.269152 0.020671
v 1.118368 -0.281392 0.032225
v 1.108929 -0.269152 0.032225
v 1.118368 -0.269152 0.032225
v 1.108929 -0.281392 0.032225
v 1.177252 -0.281392 0.020671
v 1.177252 -0.269152 0.020671
v 1.158881 -0.281392 0.032225
v 1.168320 -0.269152 0.032225
v 1.158881 -0.269152 0.032225
v 1.168320 -0.281392 0.032225
v 1.179154 -0.320970 0.020671
v 1.179154 -0.308730 0.020671
v 1.197524 -0.320970 0.032225
v 1.188085 -0.308730 0.032225
v 1.197524 -0.308730 0.032225
v 1.188086 -0.320970 0.032225
v 1.256409 -0.320970 0.020671
v 1.256409 -0.308730 0.020671
v 1.238038 -0.320970 0.032225
v 1.247477 -0.308730 0.032225
v 1.238038 -0.308730 0.032225
v 1.247477 -0.320970 0.032225
v 1.570678 -0.240915 0.020671
v 1.570678 -0.228675 0.020671
v 1.589049 -0.240915 0.032225
v 1.579610 -0.228675 0.032225
v 1.589049 -0.228675 0.032225
v 1.579610 -0.240915 0.032225
v 1.647933 -0.240915 0.020671
v 1.647933 -0.228675 0.020671
v 1.629562 -0.240915 0.032225
v 1.639001 -0.228675 0.032225
v 1.629562 -0.228675 0.032225
v 1.639001 -0.240915 0.032225
v 1.570678 -0.055802 0.020671
v 1.570678 -0.043562 0.020671
v 1.589049 -0.055802 0.032225
v 1.579610 -0.043562 0.032225
v 1.589049 -0.043562 0.032225
v 1.579610 -0.055802 0.032225
v 1.647933 -0.055802 0.020671
v 1.647933 -0.043562 0.020671
v 1.629562 -0.055802 0.032225
v 1.639001 -0.043562 0.032225
v 1.629562 -0.043562 0.032225
v 1.639001 -0.055802 0.032225
v 1.306686 -0.123527 0.015132
v 1.306686 -0.102485 0.015132
v 1.338267 -0.123527 0.034994
v 1.322040 -0.102485 0.034994
v 1.338267 -0.102485 0.034994
v 1.322041 -0.123527 0.034994
v 1.439499 -0.123527 0.015132
v 1.439499 -0.102485 0.015132
v 1.407917 -0.123527 0.034994
v 1.424145 -0.102485 0.034994
v 1.407917 -0.102485 0.034994
v 1.424145 -0.123527 0.034994
v 0.810002 -0.123527 0.015132
v 0.810002 -0.102485 0.015132
v 0.841583 -0.123527 0.034994
v 0.825356 -0.102485 0.034994
v 0.841583 -0.102485 0.034994
v 0.825357 -0.123527 0.034994
v 0.942816 -0.123527 0.015132
v 0.942816 -0.102485 0.015132
v 0.911233 -0.123527 0.034994
v 0.927461 -0.102485 0.034994
v 0.911233 -0.102485 0.034994
v 0.927461 -0.123527 0.034994
v -0.581866 -1.267741 0.020671
v -0.569626 -1.267741 0.020671
v -0.581866 -1.286112 0.032224
v -0.569626 -1.276673 0.032224
v -0.569626 -1.286112 0.032224
v -0.581866 -1.276673 0.032224
v -0.581866 -1.344996 0.020671
v -0.569626 -1.344996 0.020671
v -0.581866 -1.326626 0.032224
v -0.569626 -1.336065 0.032224
v -0.569626 -1.326626 0.032224
v -0.581866 -1.336065 0.032224
v -0.500693 -1.267741 0.020671
v -0.488453 -1.267741 0.020671
v -0.500693 -1.286112 0.032224
v -0.488453 -1.276673 0.032224
v -0.488453 -1.286112 0.032224
v -0.500693 -1.276673 0.032224
v -0.500693 -1.344996 0.020671
v -0.488453 -1.344996 0.020671
v -0.500693 -1.326626 0.032224
v -0.488453 -1.336065 0.032224
v -0.488453 -1.326626 0.032224
v -0.500693 -1.336065 0.032224
v -0.424835 -1.267741 0.020671
v -0.412595 -1.267741 0.020671
v -0.424835 -1.286112 0.032224
v -0.412595 -1.276673 0.032224
v -0.412595 -1.286112 0.032224
v -0.424835 -1.276673 0.032224
v -0.424835 -1.344996 0.020671
v -0.412595 -1.344996 0.020671
v -0.424835 -1.326626 0.032224
v -0.412595 -1.336065 0.032224
v -0.412595 -1.326626 0.032224
v -0.424835 -1.336065 0.032224
v 0.395188 0.920545 0.018851
v -0.042114 0.920545 0.018851
v 0.395188 0.920545 0.547355
v -0.042114 0.920545 0.547355
v 0.360319 1.111543 0.060237
v -0.007245 1.111543 0.060237
v 0.360319 1.111543 0.505969
v -0.007245 1.111543 0.505969
v -1.320093 1.411611 0.021668
v -1.320093 1.168306 0.021668
v -1.320093 1.411611 0.177132
v -1.320093 1.168306 0.177132
v 0.530170 0.514634 0.021668
v 0.633475 0.514634 0.021668
v 0.530170 0.514634 0.177132
v 0.633475 0.514634 0.177132
vt 0.004515 0.003167
vt 0.031584 0.595037
vt 0.031584 0.595037
vt 0.004515 0.003167
vt 0.871997 0.002091
vt 0.850619 0.595037
vt 0.967624 0.595037
vt 0.995923 0.001937
vt 0.967624 0.595037
vt 0.995923 0.001937
vt 0.128441 0.003013
vt 0.148589 0.595037
vt 0.871997 0.002091
vt 0.148589 0.595037
vt 0.616609 0.595037
vt 0.499604 0.595037
vt 0.499604 0.595037
vt 0.616609 0.595037
vt 0.375041 0.002707
vt 0.500219 0.002552
vt 0.500219 0.002552
vt 0.375041 0.002707
vt 0.624145 0.002398
vt 0.381417 0.595037
vt 0.201932 0.598801
vt 0.001425 0.598801
vt 0.001425 0.676055
vt 0.201932 0.676055
vt 0.200732 0.674389
vt 0.200732 0.600466
vt 0.001272 0.600466
vt 0.001272 0.674389
vt 0.201932 0.598801
vt 0.201932 0.676055
vt 0.001425 0.676055
vt 0.001425 0.598801
vt 0.127524 0.674389
vt 0.001272 0.674389
vt 0.001272 0.600466
vt 0.127524 0.600466
vt 0.929938 0.741203
vt 0.929938 0.777161
vt 0.952914 0.777161
vt 0.952914 0.741203
vt 0.994198 0.781511
vt 0.898144 0.781511
vt 0.898144 0.744294
vt 0.994198 0.744294
vt 0.928187 0.779623
vt 0.953590 0.779623
vt 0.953590 0.741395
vt 0.928187 0.741395
vt 0.995486 0.747430
vt 0.899098 0.747430
vt 0.899098 0.776581
vt 0.995486 0.776581
vt 0.994198 0.781511
vt 0.898414 0.781511
vt 0.898414 0.744294
vt 0.994198 0.744294
vt 0.929938 0.777161
vt 0.929938 0.741203
vt 0.952914 0.741203
vt 0.952914 0.777161
vt 0.995486 0.747430
vt 0.898702 0.747430
vt 0.898702 0.776581
vt 0.995486 0.776581
vt 0.953590 0.779623
vt 0.928187 0.779623
vt 0.928187 0.741395
vt 0.953590 0.741395
vt 0.402439 0.598801
vt 0.001425 0.598801
vt 0.001425 0.676055
vt 0.402439 0.676055
vt 0.889802 0.856177
vt 0.889802 0.880578
vt 0.821185 0.881439
vt 0.821185 0.857513
vt 0.057707 0.718262
vt 0.057707 0.733974
vt 0.057707 0.733974
vt 0.057707 0.718262
vt 0.057206 0.733974
vt 0.057206 0.733974
vt 0.057206 0.718262
vt 0.057206 0.718262
vt 0.402439 0.598801
vt 0.001425 0.598801
vt 0.001425 0.676055
vt 0.402439 0.676055
vt 0.431930 0.599649
vt 0.431930 0.827269
vt 0.403878 0.827269
vt 0.403878 0.599649
vt 0.626371 0.666472
vt 0.626371 0.743726
vt 0.626371 0.743726
vt 0.626371 0.666472
vt 0.432334 0.827726
vt 0.403532 0.827726
vt 0.403532 0.806820
vt 0.432334 0.806820
vt 0.403532 0.827726
vt 0.432334 0.827726
vt 0.432334 0.806820
vt 0.403532 0.806820
vt 0.416473 0.827549
vt 0.416473 0.600852
vt 0.403656 0.600852
vt 0.403656 0.827549
vt 0.402439 0.598801
vt 0.001425 0.598801
vt 0.001425 0.676055
vt 0.402439 0.676055
vt 0.671646 0.843499
vt 0.671645 0.986859
vt 0.528270 0.986859
vt 0.528270 0.843499
vt 0.057707 0.718262
vt 0.057707 0.733974
vt 0.057707 0.733974
vt 0.057707 0.718262
vt 0.057206 0.733974
vt 0.057206 0.733974
vt 0.057206 0.718262
vt 0.057206 0.718262
vt 0.402439 0.598801
vt 0.001425 0.598801
vt 0.001425 0.676055
vt 0.402439 0.676055
vt 0.766120 0.842388
vt 0.812048 0.842388
vt 0.812048 0.901586
vt 0.766120 0.901586
vt 0.673724 0.667009
vt 0.673724 0.744263
vt 0.673724 0.744263
vt 0.673724 0.667009
vt 0.811773 0.839237
vt 0.811773 0.902572
vt 0.766616 0.902572
vt 0.766616 0.839237
vt 0.811773 0.902572
vt 0.811773 0.839237
vt 0.766616 0.839237
vt 0.766616 0.902572
vt 0.668010 0.742713
vt 0.668010 0.665459
vt 0.668010 0.665459
vt 0.668010 0.742713
vt 0.402439 0.598801
vt 0.001425 0.598801
vt 0.001425 0.676055
vt 0.402439 0.676055
vt 0.766072 0.842388
vt 0.812000 0.842388
vt 0.812000 0.901586
vt 0.766072 0.901586
vt 0.673724 0.667009
vt 0.673724 0.744263
vt 0.673724 0.744263
vt 0.673724 0.667009
vt 0.811773 0.839237
vt 0.811773 0.902572
vt 0.766616 0.902572
vt 0.766616 0.839237
vt 0.811773 0.902572
vt 0.811773 0.839237
vt 0.766616 0.839237
vt 0.766616 0.902572
vt 0.668010 0.742713
vt 0.668010 0.665459
vt 0.668010 0.665459
vt 0.668010 0.742713
vt 0.402439 0.598801
vt 0.001425 0.598801
vt 0.001425 0.676055
vt 0.402439 0.676055
vt 0.739062 0.902626
vt 0.764573 0.902626
vt 0.764573 0.938040
vt 0.739062 0.938040
vt 0.057707 0.718262
vt 0.057707 0.733974
vt 0.057707 0.733974
vt 0.057707 0.718262
vt 0.057206 0.733974
vt 0.057206 0.733974
vt 0.057206 0.718262
vt 0.057206 0.718262
vt 0.402439 0.598801
vt 0.001425 0.598801
vt 0.001425 0.676055
vt 0.402439 0.676055
vt 0.739073 0.902627
vt 0.764583 0.902627
vt 0.764583 0.938040
vt 0.739073 0.938040
vt 0.057707 0.718262
vt 0.057707 0.733974
vt 0.057707 0.733974
vt 0.057707 0.718262
vt 0.057206 0.733974
vt 0.057206 0.733974
vt 0.057206 0.718262
vt 0.057206 0.718262
vt 0.402439 0.598801
vt 0.001425 0.598801
vt 0.001425 0.676055
vt 0.402439 0.676055
vt 0.998294 0.623000
vt 0.998294 0.678203
vt 0.896783 0.678203
vt 0.896783 0.623000
vt 0.402439 0.676055
vt 0.402439 0.598801
vt 0.057707 0.733974
vt 0.057206 0.733974
vt 0.057206 0.733974
vt 0.057707 0.733974
vt 0.057206 0.718262
vt 0.057707 0.718262
vt 0.057707 0.718262
vt 0.057206 0.718262
vt 0.402439 0.598801
vt 0.001425 0.598801
vt 0.001425 0.676055
vt 0.402439 0.676055
vt 0.998620 0.623000
vt 0.998620 0.678203
vt 0.896621 0.678203
vt 0.896621 0.623000
vt 0.057707 0.718262
vt 0.057707 0.733974
vt 0.057707 0.733974
vt 0.057707 0.718262
vt 0.057206 0.733974
vt 0.057206 0.733974
vt 0.057206 0.718262
vt 0.057206 0.718262
vt 0.402439 0.598801
vt 0.001425 0.598801
vt 0.001425 0.676055
vt 0.402439 0.676055
vt 0.739089 0.902628
vt 0.764557 0.902628
vt 0.764557 0.938039
vt 0.739089 0.938039
vt 0.057707 0.718262
vt 0.057707 0.733974
vt 0.057707 0.733974
vt 0.057707 0.718262
vt 0.057206 0.733974
vt 0.057206 0.733974
vt 0.402439 0.598801
vt 0.001425 0.598801
vt 0.001425 0.676055
vt 0.402439 0.598801
vt 0.001425 0.598801
vt 0.001425 0.676055
vt 0.402439 0.676055
vt 0.739098 0.902628
vt 0.764565 0.902628
vt 0.764565 0.938039
vt 0.739098 0.938039
vt 0.057707 0.718262
vt 0.057707 0.733974
vt 0.057707 0.733974
vt 0.057707 0.718262
vt 0.057206 0.733974
vt 0.057206 0.733974
vt 0.402439 0.598801
vt 0.001425 0.598801
vt 0.001425 0.676055
vt 0.402439 0.598801
vt 0.001425 0.598801
vt 0.001425 0.676055
vt 0.402439 0.676055
vt 0.739091 0.902629
vt 0.764559 0.902629
vt 0.764559 0.938040
vt 0.739091 0.938040
vt 0.057707 0.718262
vt 0.057707 0.733974
vt 0.057707 0.733974
vt 0.057707 0.718262
vt 0.057206 0.733974
vt 0.057206 0.733974
vt 0.057206 0.718262
vt 0.057206 0.718262
vt 0.402439 0.598801
vt 0.001425 0.598801
vt 0.001425 0.676055
vt 0.402439 0.676055
vt 0.739088 0.902629
vt 0.764556 0.902629
vt 0.764556 0.938040
vt 0.739088 0.938040
vt 0.057707 0.718262
vt 0.057707 0.733974
vt 0.057707 0.733974
vt 0.057707 0.718262
vt 0.057206 0.733974
vt 0.057206 0.733974
vt 0.057206 0.718262
vt 0.057206 0.718262
vt 0.402439 0.598801
vt 0.001425 0.598801
vt 0.001425 0.676055
vt 0.402439 0.676055
vt 0.739101 0.902631
vt 0.764567 0.902631
vt 0.764567 0.938040
vt 0.739101 0.938040
vt 0.057707 0.718262
vt 0.057707 0.733974
vt 0.057707 0.733974
vt 0.057707 0.718262
vt 0.057206 0.733974
vt 0.057206 0.733974
vt 0.057206 0.718262
vt 0.057206 0.718262
vt 0.402439 0.598801
vt 0.001425 0.598801
vt 0.001425 0.676055
vt 0.402439 0.676055
vt 0.739088 0.902631
vt 0.764556 0.902631
vt 0.764556 0.938040
vt 0.739088 0.938040
vt 0.057707 0.718262
vt 0.057707 0.733974
vt 0.057707 0.733974
vt 0.057707 0.718262
vt 0.057206 0.733974
vt 0.057206 0.733974
vt 0.057206 0.718262
vt 0.057206 0.718262
vt 0.402439 0.598801
vt 0.001425 0.598801
vt 0.001425 0.676055
vt 0.402439 0.676055
vt 0.739068 0.902630
vt 0.764540 0.902630
vt 0.764540 0.938040
vt 0.739068 0.938040
vt 0.057707 0.718262
vt 0.057707 0.733974
vt 0.057707 0.733974
vt 0.057707 0.718262
vt 0.057206 0.733974
vt 0.057206 0.733974
vt 0.057206 0.718262
vt 0.057206 0.718262
vt 0.402439 0.598801
vt 0.001425 0.598801
vt 0.001425 0.676055
vt 0.402439 0.676055
vt 0.739090 0.902628
vt 0.764558 0.902628
vt 0.764558 0.938039
vt 0.739090 0.938039
vt 0.057707 0.718262
vt 0.057707 0.733974
vt 0.057707 0.733974
vt 0.057707 0.718262
vt 0.057206 0.733974
vt 0.057206 0.733974
vt 0.057206 0.718262
vt 0.057206 0.718262
vt 0.402439 0.598801
vt 0.001425 0.598801
vt 0.001425 0.676055
vt 0.402439 0.676055
vt 0.739073 0.902629
vt 0.764544 0.902629
vt 0.764544 0.938040
vt 0.739073 0.938040
vt 0.057707 0.718262
vt 0.057707 0.733974
vt 0.057707 0.733974
vt 0.057707 0.718262
vt 0.057206 0.733974
vt 0.057206 0.733974
vt 0.057206 0.718262
vt 0.057206 0.718262
vt 0.402439 0.598801
vt 0.001425 0.598801
vt 0.001425 0.676055
vt 0.402439 0.676055
vt 0.739100 0.902630
vt 0.764566 0.902630
vt 0.764566 0.938040
vt 0.739100 0.938040
vt 0.057707 0.718262
vt 0.057707 0.733974
vt 0.057707 0.733974
vt 0.057707 0.718262
vt 0.057206 0.733974
vt 0.057206 0.733974
vt 0.057206 0.718262
vt 0.057206 0.718262
vt 0.402439 0.598801
vt 0.001425 0.598801
vt 0.001425 0.676055
vt 0.402439 0.676055
vt 0.739106 0.902627
vt 0.764572 0.902627
vt 0.764572 0.938039
vt 0.739106 0.938039
vt 0.057707 0.718262
vt 0.057707 0.733974
vt 0.057707 0.733974
vt 0.057707 0.718262
vt 0.057206 0.733974
vt 0.057206 0.733974
vt 0.057206 0.718262
vt 0.057206 0.718262
vt 0.402439 0.598801
vt 0.001425 0.598801
vt 0.001425 0.676055
vt 0.402439 0.676055
vt 0.739107 0.902627
vt 0.764572 0.902627
vt 0.764572 0.938039
vt 0.739107 0.938039
vt 0.057707 0.718262
vt 0.057707 0.733974
vt 0.057707 0.733974
vt 0.057707 0.718262
vt 0.057206 0.733974
vt 0.057206 0.733974
vt 0.057206 0.718262
vt 0.057206 0.718262
vt 0.402439 0.598801
vt 0.001425 0.598801
vt 0.001425 0.676055
vt 0.402439 0.676055
vt 0.743115 0.844712
vt 0.761426 0.844185
vt 0.761235 0.879097
vt 0.742680 0.878891
vt 0.708668 0.698081
vt 0.708668 0.716617
vt 0.708668 0.716617
vt 0.708668 0.698081
vt 0.612451 0.716617
vt 0.612451 0.716617
vt 0.612451 0.698081
vt 0.612451 0.698081
vt 0.402439 0.598801
vt 0.001425 0.598801
vt 0.001425 0.676055
vt 0.402439 0.676055
vt 0.739079 0.902629
vt 0.764566 0.902629
vt 0.764566 0.938040
vt 0.739079 0.938040
vt 0.057707 0.718262
vt 0.057707 0.733974
vt 0.057707 0.733974
vt 0.057707 0.718262
vt 0.057206 0.733974
vt 0.057206 0.733974
vt 0.057206 0.718262
vt 0.057206 0.718262
vt 0.402439 0.598801
vt 0.001425 0.598801
vt 0.001425 0.676055
vt 0.402439 0.676055
vt 0.739079 0.902629
vt 0.764566 0.902629
vt 0.764566 0.938040
vt 0.739079 0.938040
vt 0.057707 0.718262
vt 0.057707 0.733974
vt 0.057707 0.733974
vt 0.057707 0.718262
vt 0.057206 0.733974
vt 0.057206 0.733974
vt 0.057206 0.718262
vt 0.057206 0.718262
vt 0.402439 0.598801
vt 0.001425 0.598801
vt 0.001425 0.676055
vt 0.402439 0.676055
vt 0.739079 0.902629
vt 0.764566 0.902629
vt 0.764566 0.938040
vt 0.739079 0.938040
vt 0.057707 0.718262
vt 0.057707 0.733974
vt 0.057707 0.733974
vt 0.057707 0.718262
vt 0.057206 0.733974
vt 0.057206 0.733974
vt 0.057206 0.718262
vt 0.057206 0.718262
vt 0.402439 0.598801
vt 0.001425 0.598801
vt 0.001425 0.676055
vt 0.402439 0.676055
vt 0.739079 0.902629
vt 0.764566 0.902629
vt 0.764566 0.938040
vt 0.739079 0.938040
vt 0.057707 0.718262
vt 0.057707 0.733974
vt 0.057707 0.733974
vt 0.057707 0.718262
vt 0.057206 0.733974
vt 0.057206 0.733974
vt 0.057206 0.718262
vt 0.057206 0.718262
vt 0.402439 0.598801
vt 0.001425 0.598801
vt 0.001425 0.676055
vt 0.402439 0.676055
vt 0.739079 0.902629
vt 0.764566 0.902629
vt 0.764566 0.938040
vt 0.739079 0.938040
vt 0.057707 0.718262
vt 0.057707 0.733974
vt 0.057707 0.733974
vt 0.057707 0.718262
vt 0.057206 0.733974
vt 0.057206 0.733974
vt 0.057206 0.718262
vt 0.057206 0.718262
vt 0.402439 0.598801
vt 0.001425 0.598801
vt 0.001425 0.676055
vt 0.402439 0.676055
vt 0.739088 0.902629
vt 0.764554 0.902629
vt 0.764554 0.938040
vt 0.739088 0.938040
vt 0.057707 0.718262
vt 0.057707 0.733974
vt 0.057707 0.733974
vt 0.057707 0.718262
vt 0.057206 0.733974
vt 0.057206 0.733974
vt 0.057206 0.718262
vt 0.057206 0.718262
vt 0.402439 0.598801
vt 0.001425 0.598801
vt 0.001425 0.676055
vt 0.402439 0.676055
vt 0.739098 0.902629
vt 0.764562 0.902629
vt 0.764562 0.938040
vt 0.739098 0.938040
vt 0.057707 0.718262
vt 0.057707 0.733974
vt 0.057707 0.733974
vt 0.057707 0.718262
vt 0.057206 0.733974
vt 0.057206 0.733974
vt 0.057206 0.718262
vt 0.057206 0.718262
vt 0.402439 0.598801
vt 0.001425 0.598801
vt 0.001425 0.676055
vt 0.402439 0.676055
vt 0.764566 0.938040
vt 0.739079 0.938040
vt 0.739079 0.902629
vt 0.764566 0.902629
vt 0.057707 0.718262
vt 0.057707 0.733974
vt 0.057707 0.733974
vt 0.057707 0.718262
vt 0.057206 0.733974
vt 0.057206 0.733974
vt 0.057206 0.718262
vt 0.057206 0.718262
vt 0.402439 0.598801
vt 0.001425 0.598801
vt 0.001425 0.676055
vt 0.402439 0.676055
vt 0.764566 0.938040
vt 0.739079 0.938040
vt 0.739079 0.902629
vt 0.764566 0.902629
vt 0.057707 0.718262
vt 0.057707 0.733974
vt 0.057707 0.733974
vt 0.057707 0.718262
vt 0.057206 0.733974
vt 0.057206 0.733974
vt 0.057206 0.718262
vt 0.057206 0.718262
vt 0.402439 0.598801
vt 0.001425 0.598801
vt 0.001425 0.676055
vt 0.402439 0.676055
vt 0.764566 0.938040
vt 0.739079 0.938040
vt 0.739079 0.902629
vt 0.764566 0.902629
vt 0.057707 0.718262
vt 0.057707 0.733974
vt 0.057707 0.733974
vt 0.057707 0.718262
vt 0.057206 0.733974
vt 0.057206 0.733974
vt 0.057206 0.718262
vt 0.057206 0.718262
vt 0.402439 0.598801
vt 0.001425 0.598801
vt 0.001425 0.676055
vt 0.402439 0.676055
vt 0.764566 0.938040
vt 0.739079 0.938040
vt 0.739079 0.902629
vt 0.764566 0.902629
vt 0.402439 0.676055
vt 0.402439 0.598801
vt 0.057707 0.733974
vt 0.057206 0.733974
vt 0.057206 0.733974
vt 0.057707 0.733974
vt 0.057206 0.718262
vt 0.057707 0.718262
vt 0.057707 0.718262
vt 0.057206 0.718262
vt 0.402439 0.598801
vt 0.001425 0.598801
vt 0.001425 0.676055
vt 0.402439 0.676055
vt 0.764566 0.938040
vt 0.739079 0.938040
vt 0.739079 0.902629
vt 0.764566 0.902629
vt 0.057707 0.718262
vt 0.057707 0.733974
vt 0.057707 0.733974
vt 0.057707 0.718262
vt 0.057206 0.733974
vt 0.057206 0.733974
vt 0.057206 0.718262
vt 0.057206 0.718262
vt 0.402439 0.598801
vt 0.001425 0.598801
vt 0.001425 0.676055
vt 0.402439 0.676055
vt 0.760449 0.878844
vt 0.742528 0.878844
vt 0.742528 0.846671
vt 0.760449 0.846671
vt 0.708668 0.698081
vt 0.708668 0.716617
vt 0.708668 0.716617
vt 0.708668 0.698081
vt 0.612451 0.716617
vt 0.612451 0.716617
vt 0.612451 0.698081
vt 0.612451 0.698081
vt 0.402439 0.598801
vt 0.001425 0.598801
vt 0.001425 0.676055
vt 0.402439 0.676055
vt 0.763864 0.994862
vt 0.739950 0.994862
vt 0.739950 0.951257
vt 0.763864 0.951257
vt 0.708668 0.698081
vt 0.708668 0.716617
vt 0.708668 0.716617
vt 0.708668 0.698081
vt 0.612451 0.716617
vt 0.612451 0.716617
vt 0.612451 0.698081
vt 0.612451 0.698081
vt 0.402439 0.598801
vt 0.001425 0.598801
vt 0.001425 0.676055
vt 0.402439 0.676055
vt 0.763839 0.994744
vt 0.739806 0.994744
vt 0.739806 0.951067
vt 0.763839 0.951067
vt 0.708668 0.698081
vt 0.708668 0.716617
vt 0.708668 0.716617
vt 0.708668 0.698081
vt 0.612451 0.716617
vt 0.612451 0.716617
vt 0.612451 0.698081
vt 0.612451 0.698081
vt 0.402439 0.598801
vt 0.001425 0.598801
vt 0.001425 0.676055
vt 0.402439 0.676055
vt 0.763532 0.994668
vt 0.739966 0.994668
vt 0.739966 0.951147
vt 0.763532 0.951147
vt 0.708668 0.698081
vt 0.708668 0.716617
vt 0.708668 0.716617
vt 0.708668 0.698081
vt 0.612451 0.716617
vt 0.612451 0.716617
vt 0.612451 0.698081
vt 0.612451 0.698081
vt 0.402439 0.598801
vt 0.001425 0.598801
vt 0.001425 0.676055
vt 0.402439 0.676055
vt 0.763637 0.994856
vt 0.739923 0.994856
vt 0.739923 0.951055
vt 0.763637 0.951055
vt 0.708668 0.698081
vt 0.708668 0.716617
vt 0.708668 0.716617
vt 0.708668 0.698081
vt 0.612451 0.716617
vt 0.612451 0.716617
vt 0.612451 0.698081
vt 0.612451 0.698081
vt 0.402439 0.598801
vt 0.001425 0.598801
vt 0.001425 0.676055
vt 0.402439 0.676055
vt 0.763731 0.994856
vt 0.739773 0.994856
vt 0.739773 0.951055
vt 0.763731 0.951055
vt 0.708668 0.698081
vt 0.708668 0.716617
vt 0.708668 0.716617
vt 0.708668 0.698081
vt 0.612451 0.716617
vt 0.612451 0.716617
vt 0.612451 0.698081
vt 0.612451 0.698081
vt 0.402439 0.598801
vt 0.001425 0.598801
vt 0.001425 0.676055
vt 0.402439 0.676055
vt 0.811775 0.901602
vt 0.766101 0.901602
vt 0.766101 0.842470
vt 0.811775 0.842470
vt 0.670623 0.673210
vt 0.670623 0.750464
vt 0.670623 0.750464
vt 0.670623 0.673210
vt 0.807350 0.902457
vt 0.807350 0.839238
vt 0.770766 0.839238
vt 0.770766 0.902457
vt 0.807350 0.839238
vt 0.807350 0.902457
vt 0.770766 0.902457
vt 0.770766 0.839238
vt 0.668010 0.741163
vt 0.668010 0.663909
vt 0.668010 0.663909
vt 0.668010 0.741163
vt 0.402439 0.598801
vt 0.001425 0.598801
vt 0.001425 0.676055
vt 0.402439 0.676055
vt 0.737565 0.890628
vt 0.688406 0.890628
vt 0.688406 0.840878
vt 0.737565 0.840878
vt 0.057707 0.718262
vt 0.057707 0.733974
vt 0.057707 0.733974
vt 0.057707 0.718262
vt 0.057206 0.733974
vt 0.057206 0.733974
vt 0.057206 0.718262
vt 0.057206 0.718262
vt 0.402439 0.598801
vt 0.001425 0.598801
vt 0.001425 0.676055
vt 0.402439 0.676055
vt 0.764566 0.938040
vt 0.739079 0.938040
vt 0.739079 0.902629
vt 0.764566 0.902629
vt 0.057707 0.718262
vt 0.057707 0.733974
vt 0.057707 0.733974
vt 0.057707 0.718262
vt 0.057206 0.733974
vt 0.057206 0.733974
vt 0.057206 0.718262
vt 0.057206 0.718262
vt 0.402439 0.598801
vt 0.001425 0.598801
vt 0.001425 0.676055
vt 0.402439 0.676055
vt 0.764566 0.938040
vt 0.739079 0.938040
vt 0.739079 0.902629
vt 0.764566 0.902629
vt 0.057707 0.718262
vt 0.057707 0.733974
vt 0.057707 0.733974
vt 0.057707 0.718262
vt 0.057206 0.733974
vt 0.057206 0.733974
vt 0.057206 0.718262
vt 0.057206 0.718262
vt 0.402439 0.598801
vt 0.001425 0.598801
vt 0.001425 0.676055
vt 0.402439 0.676055
vt 0.764566 0.938040
vt 0.739079 0.938040
vt 0.739079 0.902629
vt 0.764566 0.902629
vt 0.057707 0.718262
vt 0.057707 0.733974
vt 0.057707 0.733974
vt 0.057707 0.718262
vt 0.057206 0.733974
vt 0.057206 0.733974
vt 0.057206 0.718262
vt 0.057206 0.718262
vt 0.402439 0.598801
vt 0.001425 0.598801
vt 0.001425 0.676055
vt 0.402439 0.676055
vt 0.764566 0.938040
vt 0.739079 0.938040
vt 0.739079 0.902629
vt 0.764566 0.902629
vt 0.057707 0.718262
vt 0.057707 0.733974
vt 0.057707 0.733974
vt 0.057707 0.718262
vt 0.057206 0.733974
vt 0.057206 0.733974
vt 0.057206 0.718262
vt 0.057206 0.718262
vt 0.402439 0.598801
vt 0.001425 0.598801
vt 0.001425 0.676055
vt 0.402439 0.676055
vt 0.764566 0.938040
vt 0.739079 0.938040
vt 0.739079 0.902629
vt 0.764566 0.902629
vt 0.057707 0.718262
vt 0.057707 0.733974
vt 0.057707 0.733974
vt 0.057707 0.718262
vt 0.057206 0.733974
vt 0.057206 0.733974
vt 0.057206 0.718262
vt 0.057206 0.718262
vt 0.402439 0.598801
vt 0.001425 0.598801
vt 0.001425 0.676055
vt 0.402439 0.676055
vt 0.764566 0.938040
vt 0.739079 0.938040
vt 0.739079 0.902629
vt 0.764566 0.902629
vt 0.057707 0.718262
vt 0.057707 0.733974
vt 0.057707 0.733974
vt 0.057707 0.718262
vt 0.057206 0.733974
vt 0.057206 0.733974
vt 0.057206 0.718262
vt 0.057206 0.718262
vt 0.402439 0.598801
vt 0.001425 0.598801
vt 0.001425 0.676055
vt 0.402439 0.676055
vt 0.764566 0.938040
vt 0.739079 0.938040
vt 0.739079 0.902629
vt 0.764566 0.902629
vt 0.057707 0.718262
vt 0.057707 0.733974
vt 0.057707 0.733974
vt 0.057707 0.718262
vt 0.057206 0.733974
vt 0.057206 0.733974
vt 0.057206 0.718262
vt 0.057206 0.718262
vt 0.402439 0.598801
vt 0.001425 0.598801
vt 0.001425 0.676055
vt 0.402439 0.676055
vt 0.764566 0.938040
vt 0.739079 0.938040
vt 0.739079 0.902629
vt 0.764566 0.902629
vt 0.057707 0.718262
vt 0.057707 0.733974
vt 0.057707 0.733974
vt 0.057707 0.718262
vt 0.057206 0.733974
vt 0.057206 0.733974
vt 0.057206 0.718262
vt 0.057206 0.718262
vt 0.402439 0.598801
vt 0.001425 0.598801
vt 0.001425 0.676055
vt 0.402439 0.676055
vt 0.764566 0.938040
vt 0.739079 0.938040
vt 0.739079 0.902629
vt 0.764566 0.902629
vt 0.057707 0.718262
vt 0.057707 0.733974
vt 0.057707 0.733974
vt 0.057707 0.718262
vt 0.057206 0.733974
vt 0.057206 0.733974
vt 0.057206 0.718262
vt 0.057206 0.718262
vt 0.402439 0.598801
vt 0.001425 0.598801
vt 0.001425 0.676055
vt 0.402439 0.676055
vt 0.764566 0.938040
vt 0.739079 0.938040
vt 0.739079 0.902629
vt 0.764566 0.902629
vt 0.057707 0.718262
vt 0.057707 0.733974
vt 0.057707 0.733974
vt 0.057707 0.718262
vt 0.057206 0.733974
vt 0.057206 0.733974
vt 0.057206 0.718262
vt 0.057206 0.718262
vt 0.402439 0.598801
vt 0.001425 0.598801
vt 0.001425 0.676055
vt 0.402439 0.676055
vt 0.764566 0.938040
vt 0.739079 0.938040
vt 0.739079 0.902629
vt 0.764566 0.902629
vt 0.057707 0.718262
vt 0.057707 0.733974
vt 0.057707 0.733974
vt 0.057707 0.718262
vt 0.057206 0.733974
vt 0.057206 0.733974
vt 0.057206 0.718262
vt 0.057206 0.718262
vt 0.402439 0.598801
vt 0.001425 0.598801
vt 0.001425 0.676055
vt 0.402439 0.676055
vt 0.764566 0.938040
vt 0.739079 0.938040
vt 0.739079 0.902629
vt 0.764566 0.902629
vt 0.057707 0.718262
vt 0.057707 0.733974
vt 0.057707 0.733974
vt 0.057707 0.718262
vt 0.057206 0.733974
vt 0.057206 0.733974
vt 0.057206 0.718262
vt 0.057206 0.718262
vt 0.402439 0.598801
vt 0.001425 0.598801
vt 0.001425 0.676055
vt 0.402439 0.676055
vt 0.761295 0.879425
vt 0.742386 0.879425
vt 0.742386 0.843729
vt 0.761295 0.843729
vt 0.708668 0.698081
vt 0.708668 0.716617
vt 0.708668 0.716617
vt 0.708668 0.698081
vt 0.612451 0.716617
vt 0.612451 0.716617
vt 0.612451 0.698081
vt 0.612451 0.698081
vt 0.402439 0.598801
vt 0.001425 0.598801
vt 0.001425 0.676055
vt 0.402439 0.676055
vt 0.764566 0.938040
vt 0.739079 0.938040
vt 0.739079 0.902629
vt 0.764566 0.902629
vt 0.057707 0.718262
vt 0.057707 0.733974
vt 0.057707 0.733974
vt 0.057707 0.718262
vt 0.057206 0.733974
vt 0.057206 0.733974
vt 0.057206 0.718262
vt 0.057206 0.718262
vt 0.402439 0.598801
vt 0.001425 0.598801
vt 0.001425 0.676055
vt 0.402439 0.676055
vt 0.764566 0.938040
vt 0.739079 0.938040
vt 0.739079 0.902629
vt 0.764566 0.902629
vt 0.057707 0.718262
vt 0.057707 0.733974
vt 0.057707 0.733974
vt 0.057707 0.718262
vt 0.057206 0.733974
vt 0.057206 0.733974
vt 0.057206 0.718262
vt 0.057206 0.718262
vt 0.402439 0.598801
vt 0.001425 0.598801
vt 0.001425 0.676055
vt 0.402439 0.676055
vt 0.764566 0.938040
vt 0.739079 0.938040
vt 0.739079 0.902629
vt 0.764566 0.902629
vt 0.057707 0.718262
vt 0.057707 0.733974
vt 0.057707 0.733974
vt 0.057707 0.718262
vt 0.057206 0.733974
vt 0.057206 0.733974
vt 0.057206 0.718262
vt 0.057206 0.718262
vt 0.402439 0.598801
vt 0.001425 0.598801
vt 0.001425 0.676055
vt 0.402439 0.676055
vt 0.764566 0.938040
vt 0.739079 0.938040
vt 0.739079 0.902629
vt 0.764566 0.902629
vt 0.057707 0.718262
vt 0.057707 0.733974
vt 0.057707 0.733974
vt 0.057707 0.718262
vt 0.057206 0.733974
vt 0.057206 0.733974
vt 0.057206 0.718262
vt 0.057206 0.718262
vt 0.402439 0.598801
vt 0.001425 0.598801
vt 0.001425 0.676055
vt 0.402439 0.676055
vt 0.764566 0.938040
vt 0.739079 0.938040
vt 0.739079 0.902629
vt 0.764566 0.902629
vt 0.057707 0.718262
vt 0.057707 0.733974
vt 0.057707 0.733974
vt 0.057707 0.718262
vt 0.057206 0.733974
vt 0.057206 0.733974
vt 0.057206 0.718262
vt 0.057206 0.718262
vt 0.402439 0.598801
vt 0.001425 0.598801
vt 0.001425 0.676055
vt 0.402439 0.676055
vt 0.764566 0.938040
vt 0.739079 0.938040
vt 0.739079 0.902629
vt 0.764566 0.902629
vt 0.057707 0.718262
vt 0.057707 0.733974
vt 0.057707 0.733974
vt 0.057707 0.718262
vt 0.057206 0.733974
vt 0.057206 0.733974
vt 0.057206 0.718262
vt 0.057206 0.718262
vt 0.402439 0.598801
vt 0.001425 0.598801
vt 0.001425 0.676055
vt 0.402439 0.676055
vt 0.764566 0.938040
vt 0.739079 0.938040
vt 0.739079 0.902629
vt 0.764566 0.902629
vt 0.057707 0.718262
vt 0.057707 0.733974
vt 0.057707 0.733974
vt 0.057707 0.718262
vt 0.057206 0.733974
vt 0.057206 0.733974
vt 0.057206 0.718262
vt 0.057206 0.718262
vt 0.402439 0.598801
vt 0.001425 0.598801
vt 0.001425 0.676055
vt 0.402439 0.676055
vt 0.764566 0.938040
vt 0.739079 0.938040
vt 0.739079 0.902629
vt 0.764566 0.902629
vt 0.057707 0.718262
vt 0.057707 0.733974
vt 0.057707 0.733974
vt 0.057707 0.718262
vt 0.057206 0.733974
vt 0.057206 0.733974
vt 0.057206 0.718262
vt 0.057206 0.718262
vt 0.402439 0.598801
vt 0.001425 0.598801
vt 0.001425 0.676055
vt 0.402439 0.676055
vt 0.764566 0.938040
vt 0.739079 0.938040
vt 0.739079 0.902629
vt 0.764566 0.902629
vt 0.057707 0.718262
vt 0.057707 0.733974
vt 0.057707 0.733974
vt 0.057707 0.718262
vt 0.057206 0.733974
vt 0.057206 0.733974
vt 0.057206 0.718262
vt 0.057206 0.718262
vt 0.402439 0.598801
vt 0.001425 0.598801
vt 0.001425 0.676055
vt 0.402439 0.676055
vt 0.739079 0.938040
vt 0.764566 0.938040
vt 0.764566 0.902629
vt 0.739079 0.902629
vt 0.057707 0.718262
vt 0.057707 0.733974
vt 0.057707 0.733974
vt 0.057707 0.718262
vt 0.057206 0.733974
vt 0.057206 0.733974
vt 0.057206 0.718262
vt 0.057206 0.718262
vt 0.402439 0.598801
vt 0.001425 0.598801
vt 0.001425 0.676055
vt 0.402439 0.676055
vt 0.739079 0.938040
vt 0.764566 0.938040
vt 0.764566 0.902629
vt 0.739079 0.902629
vt 0.057707 0.718262
vt 0.057707 0.733974
vt 0.057707 0.733974
vt 0.057707 0.718262
vt 0.057206 0.733974
vt 0.057206 0.733974
vt 0.057206 0.718262
vt 0.057206 0.718262
vt 0.402439 0.598801
vt 0.001425 0.598801
vt 0.001425 0.676055
vt 0.402439 0.676055
vt 0.742425 0.879038
vt 0.760985 0.879038
vt 0.760985 0.845719
vt 0.742425 0.845719
vt 0.708668 0.698081
vt 0.708668 0.716617
vt 0.708668 0.716617
vt 0.708668 0.698081
vt 0.612451 0.716617
vt 0.612451 0.716617
vt 0.612451 0.698081
vt 0.612451 0.698081
vt 0.402439 0.598801
vt 0.001425 0.598801
vt 0.001425 0.676055
vt 0.402439 0.676055
vt 0.758631 0.880215
vt 0.744887 0.880215
vt 0.744887 0.867638
vt 0.758631 0.867638
vt 0.708668 0.698081
vt 0.708668 0.716617
vt 0.708668 0.716617
vt 0.708668 0.698081
vt 0.612451 0.716617
vt 0.612451 0.716617
vt 0.612451 0.698081
vt 0.612451 0.698081
vt 0.402439 0.598801
vt 0.001425 0.598801
vt 0.001425 0.676055
vt 0.402439 0.676055
vt 0.758267 0.879859
vt 0.744799 0.879859
vt 0.744799 0.867535
vt 0.758267 0.867535
vt 0.708668 0.698081
vt 0.708668 0.716617
vt 0.708668 0.716617
vt 0.708668 0.698081
vt 0.612451 0.716617
vt 0.612451 0.716617
vt 0.612451 0.698081
vt 0.612451 0.698081
vt 0.402439 0.598801
vt 0.001425 0.598801
vt 0.001425 0.676055
vt 0.402439 0.676055
vt 0.758631 0.857308
vt 0.744887 0.857308
vt 0.744887 0.844731
vt 0.758631 0.844731
vt 0.708668 0.698081
vt 0.708668 0.716617
vt 0.708668 0.716617
vt 0.708668 0.698081
vt 0.612451 0.716617
vt 0.612451 0.716617
vt 0.612451 0.698081
vt 0.612451 0.698081
vt 0.402439 0.598801
vt 0.001425 0.598801
vt 0.001425 0.676055
vt 0.402439 0.676055
vt 0.758267 0.857411
vt 0.744799 0.857411
vt 0.744799 0.845087
vt 0.758267 0.845087
vt 0.708668 0.698081
vt 0.708668 0.716617
vt 0.708668 0.716617
vt 0.708668 0.698081
vt 0.612451 0.716617
vt 0.612451 0.716617
vt 0.612451 0.698081
vt 0.612451 0.698081
vt 0.402439 0.598801
vt 0.001425 0.598801
vt 0.001425 0.676055
vt 0.402439 0.676055
vt 0.758375 0.880684
vt 0.744183 0.880684
vt 0.744183 0.867697
vt 0.758375 0.867697
vt 0.708668 0.698081
vt 0.708668 0.716617
vt 0.708668 0.716617
vt 0.708668 0.698081
vt 0.612451 0.716617
vt 0.612451 0.716617
vt 0.612451 0.698081
vt 0.612451 0.698081
vt 0.402439 0.598801
vt 0.001425 0.598801
vt 0.001425 0.676055
vt 0.402439 0.676055
vt 0.758375 0.857030
vt 0.744183 0.857030
vt 0.744183 0.844043
vt 0.758375 0.844043
vt 0.708668 0.698081
vt 0.708668 0.716617
vt 0.708668 0.716617
vt 0.708668 0.698081
vt 0.612451 0.716617
vt 0.612451 0.716617
vt 0.612451 0.698081
vt 0.612451 0.698081
vt 0.402439 0.598801
vt 0.001425 0.598801
vt 0.001425 0.676055
vt 0.402439 0.676055
vt 0.758039 0.880101
vt 0.744488 0.880101
vt 0.744488 0.867700
vt 0.758039 0.867700
vt 0.708668 0.698081
vt 0.708668 0.716617
vt 0.708668 0.716617
vt 0.708668 0.698081
vt 0.612451 0.716617
vt 0.612451 0.716617
vt 0.612451 0.698081
vt 0.612451 0.698081
vt 0.402439 0.598801
vt 0.001425 0.598801
vt 0.001425 0.676055
vt 0.402439 0.676055
vt 0.758039 0.857515
vt 0.744488 0.857515
vt 0.744488 0.845114
vt 0.758039 0.845114
vt 0.708668 0.698081
vt 0.708668 0.716617
vt 0.708668 0.716617
vt 0.708668 0.698081
vt 0.612451 0.716617
vt 0.612451 0.716617
vt 0.612451 0.698081
vt 0.612451 0.698081
vt 0.402439 0.598801
vt 0.001425 0.598801
vt 0.001425 0.676055
vt 0.402439 0.676055
vt 0.737354 0.890324
vt 0.688194 0.890324
vt 0.688194 0.840832
vt 0.737354 0.840832
vt 0.057707 0.718262
vt 0.057707 0.733974
vt 0.057707 0.733974
vt 0.057707 0.718262
vt 0.057206 0.733974
vt 0.057206 0.733974
vt 0.057206 0.718262
vt 0.057206 0.718262
vt 0.402439 0.598801
vt 0.001425 0.598801
vt 0.001425 0.676055
vt 0.402439 0.676055
vt 0.893310 0.749145
vt 0.893310 0.803921
vt 0.790611 0.803921
vt 0.790611 0.749145
vt 0.057707 0.718262
vt 0.057707 0.733974
vt 0.057707 0.733974
vt 0.057707 0.718262
vt 0.057206 0.733974
vt 0.057206 0.733974
vt 0.057206 0.718262
vt 0.057206 0.718262
vt 0.201932 0.598801
vt 0.001425 0.598801
vt 0.001425 0.676055
vt 0.201932 0.676055
vt 0.841639 0.750145
vt 0.841639 0.802434
vt 0.813870 0.802434
vt 0.813870 0.750145
vt 0.057707 0.718262
vt 0.057707 0.733974
vt 0.057707 0.733974
vt 0.057707 0.718262
vt 0.092613 0.733974
vt 0.057206 0.733974
vt 0.057206 0.733974
vt 0.092613 0.733974
vt 0.092613 0.718262
vt 0.092613 0.718262
vt 0.057206 0.718262
vt 0.057206 0.718262
vt 0.402439 0.598801
vt 0.001425 0.598801
vt 0.001425 0.676055
vt 0.402439 0.676055
vt 0.671323 0.842600
vt 0.671323 0.986353
vt 0.527549 0.986353
vt 0.527549 0.842600
vt 0.057707 0.718262
vt 0.057707 0.733974
vt 0.057707 0.733974
vt 0.057707 0.718262
vt 0.057206 0.733974
vt 0.057206 0.733974
vt 0.057206 0.718262
vt 0.057206 0.718262
vt 0.402439 0.598801
vt 0.001425 0.598801
vt 0.001425 0.676055
vt 0.402439 0.676055
vt 0.737638 0.982425
vt 0.689015 0.982425
vt 0.689015 0.918551
vt 0.737638 0.918551
vt 0.708668 0.698081
vt 0.708668 0.716617
vt 0.708668 0.716617
vt 0.708668 0.698081
vt 0.612451 0.716617
vt 0.612451 0.716617
vt 0.612451 0.698081
vt 0.612451 0.698081
vt 0.402439 0.598801
vt 0.001425 0.598801
vt 0.001425 0.676055
vt 0.402439 0.676055
vt 0.738284 0.983734
vt 0.688925 0.983734
vt 0.688925 0.918698
vt 0.738284 0.918698
vt 0.708668 0.698081
vt 0.708668 0.716617
vt 0.708668 0.716617
vt 0.708668 0.698081
vt 0.612451 0.716617
vt 0.612451 0.716617
vt 0.612451 0.698081
vt 0.612451 0.698081
vt 0.402439 0.598801
vt 0.001425 0.598801
vt 0.001425 0.676055
vt 0.402439 0.676055
vt 0.737448 0.890566
vt 0.688289 0.890566
vt 0.688289 0.840643
vt 0.737448 0.840643
vt 0.057707 0.718262
vt 0.057707 0.733974
vt 0.057707 0.733974
vt 0.057707 0.718262
vt 0.057206 0.733974
vt 0.057206 0.733974
vt 0.057206 0.718262
vt 0.057206 0.718262
vt 0.402439 0.598801
vt 0.001425 0.598801
vt 0.001425 0.676055
vt 0.402439 0.676055
vt 0.893817 0.967971
vt 0.814917 0.967971
vt 0.814917 0.936698
vt 0.893817 0.936698
vt 0.057707 0.718262
vt 0.057707 0.733974
vt 0.057707 0.733974
vt 0.057707 0.718262
vt 0.057206 0.733974
vt 0.057206 0.733974
vt 0.057206 0.718262
vt 0.057206 0.718262
vt 0.402439 0.598801
vt 0.001425 0.598801
vt 0.001425 0.676055
vt 0.402439 0.676055
vt 0.998264 0.933670
vt 0.897470 0.933670
vt 0.897470 0.888462
vt 0.998264 0.888462
vt 0.057707 0.718262
vt 0.057707 0.733974
vt 0.057707 0.733974
vt 0.057707 0.718262
vt 0.057206 0.733974
vt 0.057206 0.733974
vt 0.057206 0.718262
vt 0.057206 0.718262
vt 0.402439 0.598801
vt 0.001425 0.598801
vt 0.001425 0.676055
vt 0.402439 0.676055
vt 0.997999 0.779560
vt 0.897430 0.779560
vt 0.897430 0.740939
vt 0.997999 0.740939
vt 0.057707 0.718262
vt 0.057707 0.733974
vt 0.057707 0.733974
vt 0.057707 0.718262
vt 0.057206 0.733974
vt 0.057206 0.733974
vt 0.057206 0.718262
vt 0.057206 0.718262
vt 0.402439 0.598801
vt 0.001425 0.598801
vt 0.001425 0.676055
vt 0.402439 0.676055
vt 0.996097 0.742711
vt 0.996097 0.781410
vt 0.899799 0.781410
vt 0.899799 0.742711
vt 0.057707 0.718262
vt 0.057707 0.733974
vt 0.057707 0.733974
vt 0.057707 0.718262
vt 0.057206 0.733974
vt 0.057206 0.733974
vt 0.057206 0.718262
vt 0.057206 0.718262
vt 0.402439 0.598801
vt 0.001425 0.598801
vt 0.001425 0.676055
vt 0.402439 0.676055
vt 0.145214 0.826576
vt 0.100859 0.826576
vt 0.100859 0.678547
vt 0.145214 0.678547
vt 0.132726 0.777685
vt 0.132726 0.818577
vt 0.108071 0.818577
vt 0.108071 0.777685
vt 0.124790 0.826378
vt 0.124790 0.691677
vt 0.100456 0.691677
vt 0.100456 0.826378
vt 0.124790 0.691677
vt 0.124790 0.826378
vt 0.100456 0.826378
vt 0.100456 0.691677
vt 0.132726 0.818577
vt 0.132726 0.777685
vt 0.108071 0.777685
vt 0.108071 0.818577
vt 0.402439 0.598801
vt 0.001425 0.598801
vt 0.001425 0.676055
vt 0.402439 0.676055
vt 0.247654 0.826576
vt 0.203300 0.826576
vt 0.203300 0.678547
vt 0.247654 0.678547
vt 0.132726 0.683240
vt 0.132726 0.724133
vt 0.108071 0.724133
vt 0.108071 0.683240
vt 0.124790 0.826378
vt 0.124790 0.691677
vt 0.100456 0.691677
vt 0.100456 0.826378
vt 0.124790 0.691677
vt 0.124790 0.826378
vt 0.100456 0.826378
vt 0.100456 0.691677
vt 0.132726 0.724133
vt 0.132726 0.683240
vt 0.108071 0.683240
vt 0.108071 0.724133
vt 0.402439 0.598801
vt 0.001425 0.598801
vt 0.001425 0.676055
vt 0.402439 0.676055
vt 0.207686 0.811797
vt 0.140492 0.811797
vt 0.140492 0.693661
vt 0.207686 0.693661
vt 0.247168 0.710514
vt 0.247168 0.823839
vt 0.110209 0.823839
vt 0.110209 0.710514
vt 0.247866 0.819278
vt 0.247866 0.711778
vt 0.112687 0.711778
vt 0.112687 0.819278
vt 0.247866 0.711778
vt 0.247866 0.819278
vt 0.112687 0.819278
vt 0.112687 0.711778
vt 0.111303 0.822745
vt 0.246073 0.822745
vt 0.246073 0.822745
vt 0.111303 0.822745
vt 0.402439 0.598801
vt 0.001425 0.598801
vt 0.001425 0.676055
vt 0.402439 0.676055
vt 0.400818 0.827169
vt 0.252201 0.827169
vt 0.252201 0.679000
vt 0.400818 0.679000
vt 0.398191 0.799243
vt 0.253228 0.799243
vt 0.253228 0.731119
vt 0.398191 0.731119
vt 0.398766 0.798103
vt 0.398766 0.736715
vt 0.355411 0.736715
vt 0.355411 0.798103
vt 0.398766 0.736715
vt 0.398766 0.798103
vt 0.355411 0.798103
vt 0.355411 0.736715
vt 0.253228 0.799243
vt 0.398191 0.799243
vt 0.398191 0.731119
vt 0.253228 0.731119
vt 0.402439 0.637428
vt 0.001425 0.637428
vt 0.001425 0.676055
vt 0.402439 0.676055
vt 0.390956 0.995796
vt 0.268382 0.995796
vt 0.268382 0.833933
vt 0.390956 0.833933
vt 0.493324 0.712040
vt 0.473687 0.712040
vt 0.473687 0.600205
vt 0.493324 0.600205
vt 0.137992 0.984376
vt 0.137992 0.850178
vt 0.214389 0.850178
vt 0.214389 0.984376
vt 0.139757 0.857488
vt 0.139757 0.972508
vt 0.139757 0.972508
vt 0.139757 0.857488
vt 0.493323 0.712040
vt 0.594992 0.712040
vt 0.594992 0.600205
vt 0.493324 0.600205
vt 0.402439 0.598801
vt 0.001425 0.598801
vt 0.001425 0.676055
vt 0.402439 0.676055
vt 0.253814 0.995617
vt 0.003539 0.995617
vt 0.003539 0.834011
vt 0.253814 0.834011
vt 0.244076 0.854705
vt 0.019273 0.854705
vt 0.019273 0.984278
vt 0.244076 0.984278
vt 0.087641 0.989358
vt 0.087641 0.839802
vt 0.196655 0.839803
vt 0.196655 0.989358
vt 0.197723 0.891058
vt 0.197451 0.941966
vt 0.197451 0.941966
vt 0.197723 0.891058
vt 0.019273 0.854705
vt 0.244076 0.854705
vt 0.244076 0.984278
vt 0.019273 0.984278
vt 0.402439 0.598801
vt 0.001425 0.598801
vt 0.001425 0.676055
vt 0.402439 0.676055
vt 0.594219 0.601682
vt 0.594219 0.824932
vt 0.436369 0.824932
vt 0.436369 0.601682
vt 0.242618 0.962570
vt 0.025840 0.962570
vt 0.025840 0.882410
vt 0.242618 0.882410
vt 0.148910 0.977107
vt 0.148910 0.856950
vt 0.207894 0.856950
vt 0.207894 0.977107
vt 0.148910 0.856950
vt 0.148910 0.977107
vt 0.207894 0.977107
vt 0.207894 0.856950
vt 0.224680 0.962200
vt 0.039512 0.962200
vt 0.039512 0.962200
vt 0.224680 0.962200
vt 0.402439 0.598801
vt 0.001425 0.598801
vt 0.001425 0.676055
vt 0.402439 0.676055
vt 0.596972 0.864333
vt 0.596972 0.875581
vt 0.538585 0.875581
vt 0.538585 0.864333
vt 0.574212 0.899678
vt 0.561303 0.899678
vt 0.561303 0.850882
vt 0.574212 0.850882
vt 0.580931 0.872055
vt 0.580931 0.858702
vt 0.544856 0.858702
vt 0.544856 0.872055
vt 0.580931 0.858702
vt 0.580931 0.872055
vt 0.544856 0.872055
vt 0.544856 0.858702
vt 0.001425 0.598801
vt 0.001425 0.676055
vt 0.402439 0.598801
vt 0.001425 0.598801
vt 0.001425 0.676055
vt 0.402439 0.676055
vt 0.596972 0.864333
vt 0.596972 0.875581
vt 0.538585 0.875581
vt 0.538585 0.864333
vt 0.575610 0.899678
vt 0.562701 0.899678
vt 0.562701 0.850882
vt 0.575610 0.850882
vt 0.580931 0.872055
vt 0.580931 0.858702
vt 0.544856 0.858702
vt 0.544856 0.872055
vt 0.580931 0.858702
vt 0.580931 0.872055
vt 0.544856 0.872055
vt 0.544856 0.858702
vt 0.001425 0.598801
vt 0.001425 0.676055
vt 0.402439 0.598801
vt 0.001425 0.598801
vt 0.001425 0.676055
vt 0.402439 0.676055
vt 0.758372 0.821908
vt 0.599526 0.821908
vt 0.599526 0.601852
vt 0.758372 0.601852
vt 0.692722 0.728080
vt 0.605951 0.728080
vt 0.605951 0.691147
vt 0.692722 0.691147
vt 0.212019 0.986549
vt 0.178980 0.986549
vt 0.178980 0.986549
vt 0.212019 0.986549
vt 0.699689 0.658261
vt 0.699689 0.762503
vt 0.669318 0.762503
vt 0.669318 0.658261
vt 0.605951 0.728080
vt 0.692722 0.728080
vt 0.692722 0.691147
vt 0.605951 0.691147
vt 0.850619 0.595037
vt 0.733614 0.595037
vt 0.748071 0.002244
vt 0.733614 0.595037
vt 0.624145 0.002398
vt 0.748071 0.002244
vt 0.128441 0.003013
vt 0.265594 0.595037
vt 0.252367 0.002859
vt 0.252367 0.002859
vt 0.265594 0.595037
vt 0.381417 0.595037
vt 0.402439 0.598801
vt 0.001425 0.598801
vt 0.001425 0.676055
vt 0.402439 0.676055
vt 0.402439 0.598801
vt 0.402439 0.676055
vt 0.001425 0.676055
vt 0.001425 0.598801
vt 0.201932 0.637428
vt 0.001425 0.637428
vt 0.001425 0.676055
vt 0.201932 0.676055
vt 0.201932 0.598801
vt 0.001425 0.598801
vt 0.402439 0.598801
vt 0.402439 0.637428
vt 0.402439 0.676055
vt 0.858603 0.648504
vt 0.858603 0.680928
vt 0.834809 0.672133
vt 0.825952 0.648504
vt 0.858603 0.616081
vt 0.834809 0.624876
vt 0.882398 0.624876
vt 0.891255 0.648504
vt 0.882398 0.672133
vt 0.001728 0.810169
vt 0.001728 0.818389
vt 0.095538 0.818389
vt 0.095538 0.810169
vt 0.001728 0.766003
vt 0.001728 0.788086
vt 0.095538 0.788086
vt 0.095538 0.766003
vt 0.001728 0.757783
vt 0.095538 0.757783
vt 0.001728 0.766003
vt 0.095538 0.766003
vt 0.001728 0.810169
vt 0.001728 0.788086
vt 0.095538 0.788086
vt 0.095538 0.810169
vt 0.201932 0.637428
vt 0.001425 0.637428
vt 0.001425 0.676055
vt 0.201932 0.676055
vt 0.201932 0.598801
vt 0.001425 0.598801
vt 0.402439 0.598801
vt 0.402439 0.637428
vt 0.402439 0.676055
vt 0.201932 0.637428
vt 0.201932 0.676055
vt 0.001425 0.676055
vt 0.001425 0.637428
vt 0.201932 0.598801
vt 0.001425 0.598801
vt 0.402439 0.598801
vt 0.402439 0.637428
vt 0.402439 0.676055
vt 0.614993 0.726729
vt 0.614993 0.717506
vt 0.614993 0.717506
vt 0.614993 0.726729
vt 0.710747 0.726729
vt 0.662870 0.726729
vt 0.662870 0.726729
vt 0.710747 0.726729
vt 0.710747 0.717506
vt 0.710747 0.717506
vt 0.710747 0.708282
vt 0.710747 0.708282
vt 0.614993 0.708282
vt 0.662870 0.708282
vt 0.662870 0.708282
vt 0.614993 0.708282
vt 0.088435 0.761605
vt 0.088435 0.788367
vt 0.096026 0.788367
vt 0.096026 0.761490
vt 0.088435 0.815130
vt 0.088435 0.825092
vt 0.096026 0.825250
vt 0.096026 0.815245
vt 0.088435 0.788367
vt 0.088435 0.761605
vt 0.096026 0.761490
vt 0.096026 0.788367
vt 0.088435 0.815130
vt 0.096026 0.815245
vt 0.001248 0.815130
vt 0.001248 0.825092
vt 0.001248 0.761605
vt 0.001248 0.788367
vt 0.001248 0.751643
vt 0.088435 0.751643
vt 0.001248 0.761605
vt 0.001248 0.815130
vt 0.001248 0.788367
vt 0.543124 0.858979
vt 0.545135 0.851980
vt 0.545135 0.851980
vt 0.543124 0.858979
vt 0.617918 0.865979
vt 0.581526 0.866370
vt 0.581526 0.866370
vt 0.617918 0.865979
vt 0.545135 0.865979
vt 0.545135 0.865979
vt 0.617918 0.851980
vt 0.619929 0.858979
vt 0.619929 0.858979
vt 0.617918 0.851980
vt 0.096026 0.751485
vt 0.092188 0.687278
vt 0.092188 0.712428
vt 0.095334 0.712428
vt 0.095334 0.687235
vt 0.092188 0.737579
vt 0.092188 0.746941
vt 0.095334 0.747000
vt 0.095334 0.737622
vt 0.092188 0.712428
vt 0.092188 0.687278
vt 0.095334 0.687235
vt 0.095334 0.712428
vt 0.092188 0.737579
vt 0.095334 0.737622
vt 0.002099 0.737579
vt 0.002099 0.746941
vt 0.002099 0.687278
vt 0.002099 0.712428
vt 0.002099 0.677916
vt 0.092188 0.677916
vt 0.002099 0.687278
vt 0.002099 0.737579
vt 0.002099 0.712428
vt 0.095334 0.688225
vt 0.095334 0.694766
vt 0.095334 0.694766
vt 0.095334 0.688225
vt 0.095334 0.730090
vt 0.095334 0.712428
vt 0.095334 0.712428
vt 0.095334 0.730090
vt 0.095334 0.730090
vt 0.095334 0.736632
vt 0.095334 0.736632
vt 0.095334 0.730090
vt 0.095334 0.694766
vt 0.095334 0.694766
vt 0.095334 0.677857
vt 0.150112 0.785471
vt 0.151445 0.804079
vt 0.145556 0.808657
vt 0.145556 0.785471
vt 0.175579 0.805120
vt 0.175579 0.808657
vt 0.199713 0.766863
vt 0.175579 0.765823
vt 0.175579 0.762285
vt 0.205602 0.762285
vt 0.201046 0.785471
vt 0.205602 0.785471
vt 0.151445 0.766863
vt 0.145556 0.762285
vt 0.199713 0.804079
vt 0.205602 0.808657
vt 0.581526 0.858979
vt 0.581526 0.851588
vt 0.581526 0.851588
vt 0.095334 0.712428
vt 0.280603 0.717127
vt 0.280603 0.717127
vt 0.280603 0.721765
vt 0.280603 0.723483
vt 0.280603 0.717127
vt 0.280603 0.721766
vt 0.280603 0.712489
vt 0.280603 0.710771
vt 0.280603 0.712489
vt 0.095334 0.712428
vt 0.178713 0.975138
vt 0.178713 0.946090
vt 0.178713 0.887359
vt 0.178713 0.857348
vt 0.204062 0.849807
vt 0.204062 0.982679
vt 0.114750 0.857348
vt 0.114750 0.975138
vt 0.107209 0.982679
vt 0.107209 0.849807
vt 0.013023 0.726761
vt 0.032168 0.726761
vt 0.069634 0.726761
vt 0.088165 0.726761
vt 0.088165 0.726761
vt 0.013023 0.726761
vt 0.114750 0.975138
vt 0.178713 0.975138
vt 0.034528 0.726761
vt 0.067004 0.726761
vt 0.178713 0.946090
vt 0.178713 0.857348
vt 0.114750 0.857348
vt 0.178713 0.887359
vt 0.493324 0.825371
vt 0.594992 0.825371
vt 0.215099 0.972507
vt 0.155340 0.972507
vt 0.155340 0.972507
vt 0.215099 0.972507
vt 0.060573 0.984377
vt 0.060573 0.850178
vt 0.493324 0.825371
vt 0.473687 0.825371
vt 0.080989 0.857488
vt 0.080989 0.972508
vt 0.073199 0.980299
vt 0.073199 0.849698
vt 0.147548 0.980299
vt 0.147548 0.849698
vt 0.215099 0.857490
vt 0.222891 0.849698
vt 0.222891 0.980299
vt 0.155340 0.857490
vt 0.021248 0.726761
vt 0.079941 0.726761
vt 0.079941 0.726761
vt 0.021248 0.726761
vt 0.021248 0.726761
vt 0.079940 0.726761
vt 0.079940 0.726761
vt 0.021248 0.726761
vt 0.080989 0.972508
vt 0.215099 0.857490
vt 0.155340 0.857490
vt 0.080989 0.857488
vt 0.594992 0.825371
vt 0.594992 0.712040
vt 0.473687 0.825371
vt 0.473687 0.712040
vt 0.473687 0.600205
vt 0.594992 0.600205
vt 0.513529 0.995796
vt 0.513529 0.833933
vt 0.402439 0.598801
vt 0.001425 0.598801
vt 0.224680 0.914247
vt 0.199825 0.914247
vt 0.193920 0.901093
vt 0.069923 0.901389
vt 0.063132 0.914247
vt 0.039512 0.914247
vt 0.033773 0.895223
vt 0.230418 0.895223
vt 0.230418 0.967938
vt 0.033773 0.967938
vt 0.569866 0.913539
vt 0.569866 0.908074
vt 0.569866 0.876449
vt 0.569866 0.870698
vt 0.569866 0.870698
vt 0.569866 0.913539
vt 0.199825 0.914247
vt 0.193920 0.901093
vt 0.569866 0.906503
vt 0.569866 0.877815
vt 0.069923 0.901389
vt 0.063132 0.914247
vt 0.224680 0.914247
vt 0.039512 0.914247
vt 0.178980 0.850497
vt 0.174322 0.991207
vt 0.174322 0.845839
vt 0.212019 0.850497
vt 0.216676 0.845839
vt 0.216676 0.991207
vt 0.082652 0.727211
vt 0.046828 0.727211
vt 0.046828 0.727211
vt 0.082652 0.727211
vt 0.178980 0.850497
vt 0.212019 0.850497
vt 0.082652 0.727211
vt 0.082652 0.727211
vt 0.046828 0.727211
vt 0.046828 0.727211
vt 0.140009 0.902383
vt 0.104185 0.902383
vt 0.104185 0.902383
vt 0.140009 0.902383
vt 0.082652 0.727211
vt 0.082652 0.727211
vt 0.140009 0.902383
vt 0.104185 0.902383
vt 0.046828 0.727211
vt 0.046828 0.727211
vt 0.104185 0.902383
vt 0.140009 0.902383
vt 0.177702 0.865105
vt 0.201204 0.865105
vt 0.201204 0.888607
vt 0.177702 0.888607
vt 0.201204 0.912109
vt 0.177702 0.912109
vt 0.201204 0.935611
vt 0.177702 0.935611
vt 0.201204 0.959113
vt 0.177702 0.959113
vt 0.154200 0.912109
vt 0.154200 0.935611
vt 0.224706 0.912109
vt 0.224706 0.935611
vt 0.177702 0.865105
vt 0.201204 0.865105
vt 0.201204 0.888607
vt 0.177702 0.888607
vt 0.201204 0.912109
vt 0.177702 0.912109
vt 0.201204 0.935611
vt 0.177702 0.935611
vt 0.201204 0.959113
vt 0.177702 0.959113
vt 0.154200 0.912109
vt 0.154200 0.935611
vt 0.224706 0.912109
vt 0.224706 0.935611
vt 0.177702 0.865105
vt 0.201204 0.865105
vt 0.201204 0.888607
vt 0.177702 0.888607
vt 0.201204 0.912109
vt 0.177702 0.912109
vt 0.201204 0.935611
vt 0.177702 0.935611
vt 0.201204 0.959113
vt 0.177702 0.959113
vt 0.154200 0.912109
vt 0.154200 0.935611
vt 0.224706 0.912109
vt 0.224706 0.935611
vt 0.177702 0.865105
vt 0.201204 0.865105
vt 0.201204 0.888607
vt 0.177702 0.888607
vt 0.201204 0.912109
vt 0.177702 0.912109
vt 0.201204 0.935611
vt 0.177702 0.935611
vt 0.201204 0.959113
vt 0.177702 0.959113
vt 0.154200 0.912109
vt 0.154200 0.935611
vt 0.224706 0.912109
vt 0.224706 0.935611
vt 0.177702 0.865105
vt 0.201204 0.865105
vt 0.201204 0.888607
vt 0.177702 0.888607
vt 0.201204 0.912109
vt 0.177702 0.912109
vt 0.201204 0.935611
vt 0.177702 0.935611
vt 0.201204 0.959113
vt 0.177702 0.959113
vt 0.154200 0.912109
vt 0.154200 0.935611
vt 0.224706 0.912109
vt 0.224706 0.935611
vt 0.177702 0.865105
vt 0.201204 0.865105
vt 0.201204 0.888607
vt 0.177702 0.888607
vt 0.201204 0.912109
vt 0.177702 0.912109
vt 0.201204 0.935611
vt 0.177702 0.935611
vt 0.201204 0.959113
vt 0.177702 0.959113
vt 0.154200 0.912109
vt 0.154200 0.935611
vt 0.224706 0.912109
vt 0.224706 0.935611
vt 0.177702 0.865105
vt 0.201204 0.865105
vt 0.201204 0.888607
vt 0.177702 0.888607
vt 0.201204 0.912109
vt 0.177702 0.912109
vt 0.201204 0.935611
vt 0.177702 0.935611
vt 0.201204 0.959113
vt 0.177702 0.959113
vt 0.154200 0.912109
vt 0.154200 0.935611
vt 0.224706 0.912109
vt 0.224706 0.935611
vt 0.177702 0.865105
vt 0.201204 0.865105
vt 0.201204 0.888607
vt 0.177702 0.888607
vt 0.201204 0.912109
vt 0.177702 0.912109
vt 0.201204 0.935611
vt 0.177702 0.935611
vt 0.201204 0.959113
vt 0.177702 0.959113
vt 0.154200 0.912109
vt 0.154200 0.935611
vt 0.224706 0.912109
vt 0.224706 0.935611
vt 0.177702 0.865105
vt 0.201204 0.865105
vt 0.201204 0.888607
vt 0.177702 0.888607
vt 0.201204 0.912109
vt 0.177702 0.912109
vt 0.201204 0.935611
vt 0.177702 0.935611
vt 0.201204 0.959113
vt 0.177702 0.959113
vt 0.154200 0.912109
vt 0.154200 0.935611
vt 0.224706 0.912109
vt 0.224706 0.935611
vt 0.177702 0.865105
vt 0.201204 0.865105
vt 0.201204 0.888607
vt 0.177702 0.888607
vt 0.201204 0.912109
vt 0.177702 0.912109
vt 0.201204 0.935611
vt 0.177702 0.935611
vt 0.201204 0.959113
vt 0.177702 0.959113
vt 0.154200 0.912109
vt 0.154200 0.935611
vt 0.224706 0.912109
vt 0.224706 0.935611
vt 0.177702 0.865105
vt 0.201204 0.865105
vt 0.201204 0.888607
vt 0.177702 0.888607
vt 0.201204 0.912109
vt 0.177702 0.912109
vt 0.201204 0.935611
vt 0.177702 0.935611
vt 0.201204 0.959113
vt 0.177702 0.959113
vt 0.154200 0.912109
vt 0.154200 0.935611
vt 0.224706 0.912109
vt 0.224706 0.935611
vt 0.177702 0.865105
vt 0.201204 0.865105
vt 0.201204 0.888607
vt 0.177702 0.888607
vt 0.201204 0.912109
vt 0.177702 0.912109
vt 0.201204 0.935611
vt 0.177702 0.935611
vt 0.201204 0.959113
vt 0.177702 0.959113
vt 0.154200 0.912109
vt 0.154200 0.935611
vt 0.224706 0.912109
vt 0.224706 0.935611
vt 0.177702 0.865105
vt 0.201204 0.865105
vt 0.201204 0.888607
vt 0.177702 0.888607
vt 0.201204 0.912109
vt 0.177702 0.912109
vt 0.201204 0.935611
vt 0.177702 0.935611
vt 0.201204 0.959113
vt 0.177702 0.959113
vt 0.154200 0.912109
vt 0.154200 0.935611
vt 0.224706 0.912109
vt 0.224706 0.935611
vt 0.177702 0.865105
vt 0.201204 0.865105
vt 0.201204 0.888607
vt 0.177702 0.888607
vt 0.201204 0.912109
vt 0.177702 0.912109
vt 0.201204 0.935611
vt 0.177702 0.935611
vt 0.201204 0.959113
vt 0.177702 0.959113
vt 0.154200 0.912109
vt 0.154200 0.935611
vt 0.224706 0.912109
vt 0.224706 0.935611
vt 0.177702 0.865105
vt 0.201204 0.865105
vt 0.201204 0.888607
vt 0.177702 0.888607
vt 0.201204 0.912109
vt 0.177702 0.912109
vt 0.201204 0.935611
vt 0.177702 0.935611
vt 0.201204 0.959113
vt 0.177702 0.959113
vt 0.154200 0.912109
vt 0.154200 0.935611
vt 0.224706 0.912109
vt 0.224706 0.935611
vt 0.177702 0.865105
vt 0.201204 0.865105
vt 0.201204 0.888607
vt 0.177702 0.888607
vt 0.201204 0.912109
vt 0.177702 0.912109
vt 0.201204 0.935611
vt 0.177702 0.935611
vt 0.201204 0.959113
vt 0.177702 0.959113
vt 0.154200 0.912109
vt 0.154200 0.935611
vt 0.224706 0.912109
vt 0.224706 0.935611
vt 0.177702 0.865105
vt 0.201204 0.865105
vt 0.201204 0.888607
vt 0.177702 0.888607
vt 0.201204 0.912109
vt 0.177702 0.912109
vt 0.201204 0.935611
vt 0.177702 0.935611
vt 0.201204 0.959113
vt 0.177702 0.959113
vt 0.154200 0.912109
vt 0.154200 0.935611
vt 0.224706 0.912109
vt 0.224706 0.935611
vt 0.177702 0.865105
vt 0.201204 0.865105
vt 0.201204 0.888607
vt 0.177702 0.888607
vt 0.201204 0.912109
vt 0.177702 0.912109
vt 0.201204 0.935611
vt 0.177702 0.935611
vt 0.201204 0.959113
vt 0.177702 0.959113
vt 0.154200 0.912109
vt 0.154200 0.935611
vt 0.224706 0.912109
vt 0.224706 0.935611
vt 0.177702 0.865105
vt 0.201204 0.865105
vt 0.201204 0.888607
vt 0.177702 0.888607
vt 0.201204 0.912109
vt 0.177702 0.912109
vt 0.201204 0.935611
vt 0.177702 0.935611
vt 0.201204 0.959113
vt 0.177702 0.959113
vt 0.154200 0.912109
vt 0.154200 0.935611
vt 0.224706 0.912109
vt 0.224706 0.935611
vt 0.177702 0.865105
vt 0.201204 0.865105
vt 0.201204 0.888607
vt 0.177702 0.888607
vt 0.201204 0.912109
vt 0.177702 0.912109
vt 0.201204 0.935611
vt 0.177702 0.935611
vt 0.201204 0.959113
vt 0.177702 0.959113
vt 0.154200 0.912109
vt 0.154200 0.935611
vt 0.224706 0.912109
vt 0.224706 0.935611
vt 0.177702 0.865105
vt 0.201204 0.865105
vt 0.201204 0.888607
vt 0.177702 0.888607
vt 0.201204 0.912109
vt 0.177702 0.912109
vt 0.201204 0.935611
vt 0.177702 0.935611
vt 0.201204 0.959113
vt 0.177702 0.959113
vt 0.154200 0.912109
vt 0.154200 0.935611
vt 0.224706 0.912109
vt 0.224706 0.935611
vt 0.177702 0.865105
vt 0.201204 0.865105
vt 0.201204 0.888607
vt 0.177702 0.888607
vt 0.201204 0.912109
vt 0.177702 0.912109
vt 0.201204 0.935611
vt 0.177702 0.935611
vt 0.201204 0.959113
vt 0.177702 0.959113
vt 0.154200 0.912109
vt 0.154200 0.935611
vt 0.224706 0.912109
vt 0.224706 0.935611
vt 0.177702 0.865105
vt 0.201204 0.865105
vt 0.201204 0.888607
vt 0.177702 0.888607
vt 0.201204 0.912109
vt 0.177702 0.912109
vt 0.201204 0.935611
vt 0.177702 0.935611
vt 0.201204 0.959113
vt 0.177702 0.959113
vt 0.154200 0.912109
vt 0.154200 0.935611
vt 0.224706 0.912109
vt 0.224706 0.935611
vt 0.177702 0.865105
vt 0.201204 0.865105
vt 0.201204 0.888607
vt 0.177702 0.888607
vt 0.201204 0.912109
vt 0.177702 0.912109
vt 0.201204 0.935611
vt 0.177702 0.935611
vt 0.201204 0.959113
vt 0.177702 0.959113
vt 0.154200 0.912109
vt 0.154200 0.935611
vt 0.224706 0.912109
vt 0.224706 0.935611
vt 0.177702 0.865105
vt 0.201204 0.865105
vt 0.201204 0.888607
vt 0.177702 0.888607
vt 0.201204 0.912109
vt 0.177702 0.912109
vt 0.201204 0.935611
vt 0.177702 0.935611
vt 0.201204 0.959113
vt 0.177702 0.959113
vt 0.154200 0.912109
vt 0.154200 0.935611
vt 0.224706 0.912109
vt 0.224706 0.935611
vt 0.177702 0.865105
vt 0.201204 0.865105
vt 0.201204 0.888607
vt 0.177702 0.888607
vt 0.201204 0.912109
vt 0.177702 0.912109
vt 0.201204 0.935611
vt 0.177702 0.935611
vt 0.201204 0.959113
vt 0.177702 0.959113
vt 0.154200 0.912109
vt 0.154200 0.935611
vt 0.224706 0.912109
vt 0.224706 0.935611
vt 0.177702 0.865105
vt 0.201204 0.865105
vt 0.201204 0.888607
vt 0.177702 0.888607
vt 0.201204 0.912109
vt 0.177702 0.912109
vt 0.201204 0.935611
vt 0.177702 0.935611
vt 0.201204 0.959113
vt 0.177702 0.959113
vt 0.154200 0.912109
vt 0.154200 0.935611
vt 0.224706 0.912109
vt 0.224706 0.935611
vt 0.177702 0.865105
vt 0.201204 0.865105
vt 0.201204 0.888607
vt 0.177702 0.888607
vt 0.201204 0.912109
vt 0.177702 0.912109
vt 0.201204 0.935611
vt 0.177702 0.935611
vt 0.201204 0.959113
vt 0.177702 0.959113
vt 0.154200 0.912109
vt 0.154200 0.935611
vt 0.224706 0.912109
vt 0.224706 0.935611
vt 0.177702 0.865105
vt 0.201204 0.865105
vt 0.201204 0.888607
vt 0.177702 0.888607
vt 0.201204 0.912109
vt 0.177702 0.912109
vt 0.201204 0.935611
vt 0.177702 0.935611
vt 0.201204 0.959113
vt 0.177702 0.959113
vt 0.154200 0.912109
vt 0.154200 0.935611
vt 0.224706 0.912109
vt 0.224706 0.935611
vt 0.177702 0.865105
vt 0.201204 0.865105
vt 0.201204 0.888607
vt 0.177702 0.888607
vt 0.201204 0.912109
vt 0.177702 0.912109
vt 0.201204 0.935611
vt 0.177702 0.935611
vt 0.201204 0.959113
vt 0.177702 0.959113
vt 0.154200 0.912109
vt 0.154200 0.935611
vt 0.224706 0.912109
vt 0.224706 0.935611
vt 0.177702 0.865105
vt 0.201204 0.865105
vt 0.201204 0.888607
vt 0.177702 0.888607
vt 0.201204 0.912109
vt 0.177702 0.912109
vt 0.201204 0.935611
vt 0.177702 0.935611
vt 0.201204 0.959113
vt 0.177702 0.959113
vt 0.154200 0.912109
vt 0.154200 0.935611
vt 0.224706 0.912109
vt 0.224706 0.935611
vt 0.177702 0.865105
vt 0.201204 0.865105
vt 0.201204 0.888607
vt 0.177702 0.888607
vt 0.201204 0.912109
vt 0.177702 0.912109
vt 0.201204 0.935611
vt 0.177702 0.935611
vt 0.201204 0.959113
vt 0.177702 0.959113
vt 0.154200 0.912109
vt 0.154200 0.935611
vt 0.224706 0.912109
vt 0.224706 0.935611
vt 0.177702 0.865105
vt 0.201204 0.865105
vt 0.201204 0.888607
vt 0.177702 0.888607
vt 0.201204 0.912109
vt 0.177702 0.912109
vt 0.201204 0.935611
vt 0.177702 0.935611
vt 0.201204 0.959113
vt 0.177702 0.959113
vt 0.154200 0.912109
vt 0.154200 0.935611
vt 0.224706 0.912109
vt 0.224706 0.935611
vt 0.177702 0.865105
vt 0.201204 0.865105
vt 0.201204 0.888607
vt 0.177702 0.888607
vt 0.201204 0.912109
vt 0.177702 0.912109
vt 0.201204 0.935611
vt 0.177702 0.935611
vt 0.201204 0.959113
vt 0.177702 0.959113
vt 0.154200 0.912109
vt 0.154200 0.935611
vt 0.224706 0.912109
vt 0.224706 0.935611
vt 0.803017 0.598855
vt 0.803017 0.707033
vt 0.786883 0.707033
vt 0.786883 0.598855
vt 0.819150 0.598855
vt 0.819150 0.707033
vt 0.819150 0.706470
vt 0.803017 0.706470
vt 0.786883 0.706470
vt 0.803017 0.598855
vt 0.803017 0.707033
vt 0.786883 0.707033
vt 0.786883 0.598855
vt 0.819150 0.598855
vt 0.819150 0.707033
vt 0.819150 0.706470
vt 0.803017 0.706470
vt 0.786883 0.706470
vt 0.402439 0.598801
vt 0.001425 0.598801
vt 0.001425 0.676055
vt 0.402439 0.676055
vt 0.431930 0.599649
vt 0.431930 0.827269
vt 0.403878 0.827269
vt 0.403878 0.599649
vt 0.626371 0.666472
vt 0.626371 0.743726
vt 0.626371 0.743726
vt 0.626371 0.666472
vt 0.432334 0.827726
vt 0.403532 0.827726
vt 0.403532 0.806820
vt 0.432334 0.806820
vt 0.403532 0.827726
vt 0.432334 0.827726
vt 0.432334 0.806820
vt 0.403532 0.806820
vt 0.416473 0.827549
vt 0.416473 0.600852
vt 0.403656 0.600852
vt 0.403656 0.827549
vt 0.803017 0.598855
vt 0.803017 0.707033
vt 0.786883 0.707033
vt 0.786883 0.598855
vt 0.819150 0.598855
vt 0.819150 0.707033
vt 0.819150 0.706470
vt 0.803017 0.706470
vt 0.786883 0.706470
vt 0.803017 0.598855
vt 0.803017 0.707033
vt 0.786883 0.707033
vt 0.786883 0.598855
vt 0.819150 0.598855
vt 0.819150 0.707033
vt 0.819150 0.706470
vt 0.803017 0.706470
vt 0.786883 0.706470
vt 0.819150 0.706470
vt 0.819150 0.600344
vt 0.803017 0.600344
vt 0.803017 0.706470
vt 0.786883 0.600344
vt 0.786883 0.706470
vt 0.819150 0.705818
vt 0.803017 0.705818
vt 0.786883 0.705818
vt 0.762041 0.764801
vt 0.762041 0.669748
vt 0.772945 0.669748
vt 0.772945 0.764801
vt 0.784464 0.669748
vt 0.784464 0.764801
vt 0.762080 0.765378
vt 0.762080 0.673203
vt 0.771238 0.673203
vt 0.771238 0.765378
vt 0.784271 0.673203
vt 0.784271 0.765378
vt 0.762080 0.765378
vt 0.762080 0.673203
vt 0.771238 0.673203
vt 0.771238 0.765378
vt 0.784271 0.673203
vt 0.784271 0.765378
vt 0.762080 0.765378
vt 0.762080 0.673203
vt 0.771238 0.673203
vt 0.771238 0.765378
vt 0.784271 0.673203
vt 0.784271 0.765378
vt 0.762080 0.765378
vt 0.762080 0.673203
vt 0.771238 0.673203
vt 0.771238 0.765378
vt 0.784271 0.673203
vt 0.784271 0.765378
vt 0.800669 0.706588
vt 0.800669 0.599808
vt 0.818585 0.599808
vt 0.818585 0.706588
vt 0.786141 0.706588
vt 0.786141 0.599808
vt 0.786141 0.706482
vt 0.800669 0.706482
vt 0.818585 0.706482
vt 0.800669 0.706588
vt 0.800669 0.599808
vt 0.818585 0.599808
vt 0.818585 0.706588
vt 0.786141 0.706588
vt 0.786141 0.599808
vt 0.786141 0.706482
vt 0.800669 0.706482
vt 0.818585 0.706482
vt 0.800669 0.706588
vt 0.800669 0.599808
vt 0.818585 0.599808
vt 0.818585 0.706588
vt 0.786141 0.706588
vt 0.786141 0.599808
vt 0.786141 0.706482
vt 0.800669 0.706482
vt 0.818585 0.706482
vt 0.800669 0.706588
vt 0.800669 0.599808
vt 0.818585 0.599808
vt 0.818585 0.706588
vt 0.786141 0.706588
vt 0.786141 0.599808
vt 0.786141 0.706482
vt 0.800669 0.706482
vt 0.818585 0.706482
vt 0.938537 0.783009
vt 0.957373 0.782890
vt 0.957394 0.801790
vt 0.938558 0.801909
vt 0.957424 0.823052
vt 0.938587 0.823171
vt 0.938537 0.783009
vt 0.957373 0.782890
vt 0.957394 0.801790
vt 0.938558 0.801909
vt 0.957424 0.823052
vt 0.938587 0.823171
vt 0.938537 0.783009
vt 0.957373 0.782890
vt 0.957394 0.801790
vt 0.938558 0.801909
vt 0.957424 0.823052
vt 0.938587 0.823171
vt 0.938537 0.783009
vt 0.957373 0.782890
vt 0.957394 0.801790
vt 0.938558 0.801909
vt 0.957424 0.823052
vt 0.938587 0.823171
vt 0.938537 0.783009
vt 0.957373 0.782890
vt 0.957394 0.801790
vt 0.938558 0.801909
vt 0.957424 0.823052
vt 0.938587 0.823171
vt 0.938537 0.783009
vt 0.957373 0.782890
vt 0.957394 0.801790
vt 0.938558 0.801909
vt 0.957424 0.823052
vt 0.938587 0.823171
vt 0.938537 0.783009
vt 0.957373 0.782890
vt 0.957394 0.801790
vt 0.938558 0.801909
vt 0.957424 0.823052
vt 0.938587 0.823171
vt 0.938537 0.783009
vt 0.957373 0.782890
vt 0.957394 0.801790
vt 0.938558 0.801909
vt 0.957424 0.823052
vt 0.938587 0.823171
vt 0.938537 0.783009
vt 0.957373 0.782890
vt 0.957394 0.801790
vt 0.938558 0.801909
vt 0.957424 0.823052
vt 0.938587 0.823171
vt 0.938537 0.783009
vt 0.957373 0.782890
vt 0.957394 0.801790
vt 0.938558 0.801909
vt 0.957424 0.823052
vt 0.938587 0.823171
vt 0.938537 0.783009
vt 0.957373 0.782890
vt 0.957394 0.801790
vt 0.938558 0.801909
vt 0.957424 0.823052
vt 0.938587 0.823171
vt 0.938537 0.783009
vt 0.957373 0.782890
vt 0.957394 0.801790
vt 0.938558 0.801909
vt 0.957424 0.823052
vt 0.938587 0.823171
vt 0.833511 0.888035
vt 0.876763 0.887915
vt 0.876784 0.895577
vt 0.833532 0.895696
vt 0.876813 0.904825
vt 0.833561 0.904944
vt 0.938537 0.783009
vt 0.957373 0.782890
vt 0.957394 0.801790
vt 0.938558 0.801909
vt 0.957424 0.823052
vt 0.938587 0.823171
vt 0.938537 0.783009
vt 0.957373 0.782890
vt 0.957394 0.801790
vt 0.938558 0.801909
vt 0.957424 0.823052
vt 0.938587 0.823171
vt 0.938537 0.783009
vt 0.957373 0.782890
vt 0.957394 0.801790
vt 0.938558 0.801909
vt 0.957424 0.823052
vt 0.938587 0.823171
vt 0.938537 0.783009
vt 0.957373 0.782890
vt 0.957394 0.801790
vt 0.938558 0.801909
vt 0.957424 0.823052
vt 0.938587 0.823171
vt 0.938537 0.783009
vt 0.957373 0.782890
vt 0.957394 0.801790
vt 0.938558 0.801909
vt 0.957424 0.823052
vt 0.938587 0.823171
vt 0.938537 0.783009
vt 0.957373 0.782890
vt 0.957394 0.801790
vt 0.938558 0.801909
vt 0.957424 0.823052
vt 0.938587 0.823171
vt 0.938537 0.783009
vt 0.957373 0.782890
vt 0.957394 0.801790
vt 0.938558 0.801909
vt 0.957424 0.823052
vt 0.938587 0.823171
vt 0.938537 0.783009
vt 0.957373 0.782890
vt 0.957394 0.801790
vt 0.938558 0.801909
vt 0.938537 0.783009
vt 0.957373 0.782890
vt 0.957394 0.801790
vt 0.938558 0.801909
vt 0.957424 0.823052
vt 0.938587 0.823171
vt 0.938537 0.783009
vt 0.957373 0.782890
vt 0.957394 0.801790
vt 0.938558 0.801909
vt 0.957424 0.823052
vt 0.938587 0.823171
vt 0.938537 0.783009
vt 0.957373 0.782890
vt 0.957394 0.801790
vt 0.938558 0.801909
vt 0.957424 0.823052
vt 0.938587 0.823171
vt 0.833511 0.888035
vt 0.876763 0.887915
vt 0.876784 0.895577
vt 0.833532 0.895696
vt 0.876813 0.904825
vt 0.833561 0.904944
vt 0.833511 0.888035
vt 0.876763 0.887915
vt 0.876784 0.895577
vt 0.833532 0.895696
vt 0.876813 0.904825
vt 0.833561 0.904944
vt 0.833511 0.888035
vt 0.876763 0.887915
vt 0.876784 0.895577
vt 0.833532 0.895696
vt 0.876813 0.904825
vt 0.833561 0.904944
vt 0.833511 0.888035
vt 0.876763 0.887915
vt 0.876784 0.895577
vt 0.833532 0.895696
vt 0.876813 0.904825
vt 0.833561 0.904944
vt 0.833511 0.888035
vt 0.876763 0.887915
vt 0.876784 0.895577
vt 0.833532 0.895696
vt 0.876813 0.904825
vt 0.833561 0.904944
vt 0.833511 0.888035
vt 0.876763 0.887915
vt 0.876784 0.895577
vt 0.833532 0.895696
vt 0.876813 0.904825
vt 0.833561 0.904944
vt 0.833511 0.888035
vt 0.876763 0.887915
vt 0.876784 0.895577
vt 0.833532 0.895696
vt 0.876813 0.904825
vt 0.833561 0.904944
vt 0.833511 0.888035
vt 0.876763 0.887915
vt 0.876784 0.895577
vt 0.833532 0.895696
vt 0.876813 0.904825
vt 0.833561 0.904944
vt 0.833511 0.888035
vt 0.876763 0.887915
vt 0.876784 0.895577
vt 0.833532 0.895696
vt 0.876813 0.904825
vt 0.833561 0.904944
vt 0.833511 0.888035
vt 0.876763 0.887915
vt 0.876784 0.895577
vt 0.833532 0.895696
vt 0.876813 0.904825
vt 0.833561 0.904944
vt 0.833511 0.888035
vt 0.876763 0.887915
vt 0.876784 0.895577
vt 0.833532 0.895696
vt 0.876813 0.904825
vt 0.833561 0.904944
vt 0.833511 0.888035
vt 0.876763 0.887915
vt 0.876784 0.895577
vt 0.833532 0.895696
vt 0.876813 0.904825
vt 0.833561 0.904944
vt 0.869408 0.750145
vt 0.869408 0.802434
vt 0.402439 0.598801
vt 0.402439 0.676055
vt 0.833511 0.888035
vt 0.876763 0.887915
vt 0.876784 0.895577
vt 0.833532 0.895696
vt 0.876813 0.904825
vt 0.833561 0.904944
vt 0.938537 0.783009
vt 0.957373 0.782890
vt 0.957394 0.801790
vt 0.938558 0.801909
vt 0.957424 0.823052
vt 0.938587 0.823171
vt 0.938537 0.783009
vt 0.957373 0.782890
vt 0.957394 0.801790
vt 0.938558 0.801909
vt 0.957424 0.823052
vt 0.938587 0.823171
vt 0.938537 0.783009
vt 0.957373 0.782890
vt 0.957394 0.801790
vt 0.938558 0.801909
vt 0.957424 0.823052
vt 0.938587 0.823171
vt 0.938537 0.783009
vt 0.957373 0.782890
vt 0.957394 0.801790
vt 0.938558 0.801909
vt 0.957424 0.823052
vt 0.938587 0.823171
vt 0.938537 0.783009
vt 0.957373 0.782890
vt 0.957394 0.801790
vt 0.938558 0.801909
vt 0.957424 0.823052
vt 0.938587 0.823171
vt 0.938537 0.783009
vt 0.957373 0.782890
vt 0.957394 0.801790
vt 0.938558 0.801909
vt 0.957424 0.823052
vt 0.938587 0.823171
vt 0.938537 0.783009
vt 0.957373 0.782890
vt 0.957394 0.801790
vt 0.938558 0.801909
vt 0.957424 0.823052
vt 0.938587 0.823171
vt 0.938537 0.783009
vt 0.957373 0.782890
vt 0.957394 0.801790
vt 0.938558 0.801909
vt 0.957424 0.823052
vt 0.938587 0.823171
vt 0.938537 0.783009
vt 0.957373 0.782890
vt 0.957394 0.801790
vt 0.938558 0.801909
vt 0.957424 0.823052
vt 0.938587 0.823171
vt 0.938537 0.783009
vt 0.957373 0.782890
vt 0.957394 0.801790
vt 0.938558 0.801909
vt 0.957424 0.823052
vt 0.938587 0.823171
vt 0.938537 0.783009
vt 0.957373 0.782890
vt 0.957394 0.801790
vt 0.938558 0.801909
vt 0.957424 0.823052
vt 0.938587 0.823171
vt 0.938537 0.783009
vt 0.957373 0.782890
vt 0.957394 0.801790
vt 0.938558 0.801909
vt 0.957424 0.823052
vt 0.938587 0.823171
vt 0.938537 0.783009
vt 0.957373 0.782890
vt 0.957394 0.801790
vt 0.938558 0.801909
vt 0.957424 0.823052
vt 0.938587 0.823171
vt 0.938537 0.783009
vt 0.957373 0.782890
vt 0.957394 0.801790
vt 0.938558 0.801909
vt 0.957424 0.823052
vt 0.938587 0.823171
vt 0.938537 0.783009
vt 0.957373 0.782890
vt 0.957394 0.801790
vt 0.938558 0.801909
vt 0.957424 0.823052
vt 0.938587 0.823171
vt 0.938537 0.783009
vt 0.957373 0.782890
vt 0.957394 0.801790
vt 0.938558 0.801909
vt 0.957424 0.823052
vt 0.938587 0.823171
vt 0.938537 0.783009
vt 0.957373 0.782890
vt 0.957394 0.801790
vt 0.938558 0.801909
vt 0.957424 0.823052
vt 0.938587 0.823171
vt 0.938537 0.783009
vt 0.957373 0.782890
vt 0.957394 0.801790
vt 0.938558 0.801909
vt 0.957424 0.823052
vt 0.938587 0.823171
vt 0.938537 0.783009
vt 0.957373 0.782890
vt 0.957394 0.801790
vt 0.938558 0.801909
vt 0.957424 0.823052
vt 0.938587 0.823171
vt 0.938537 0.783009
vt 0.957373 0.782890
vt 0.957394 0.801790
vt 0.938558 0.801909
vt 0.957424 0.823052
vt 0.938587 0.823171
vt 0.938537 0.783009
vt 0.957373 0.782890
vt 0.957394 0.801790
vt 0.938558 0.801909
vt 0.957424 0.823052
vt 0.938587 0.823171
vt 0.938537 0.783009
vt 0.957373 0.782890
vt 0.957394 0.801790
vt 0.938558 0.801909
vt 0.957424 0.823052
vt 0.938587 0.823171
vt 0.938537 0.783009
vt 0.957373 0.782890
vt 0.957394 0.801790
vt 0.938558 0.801909
vt 0.957424 0.823052
vt 0.938587 0.823171
vt 0.938537 0.783009
vt 0.957373 0.782890
vt 0.957394 0.801790
vt 0.938558 0.801909
vt 0.957424 0.823052
vt 0.938587 0.823171
vt 0.938537 0.783009
vt 0.957373 0.782890
vt 0.957394 0.801790
vt 0.938558 0.801909
vt 0.957424 0.823052
vt 0.938587 0.823171
vt 0.938537 0.783009
vt 0.957373 0.782890
vt 0.957394 0.801790
vt 0.938558 0.801909
vt 0.957424 0.823052
vt 0.938587 0.823171
vt 0.938537 0.783009
vt 0.957373 0.782890
vt 0.957394 0.801790
vt 0.938558 0.801909
vt 0.957424 0.823052
vt 0.938587 0.823171
vt 0.938537 0.783009
vt 0.957373 0.782890
vt 0.957394 0.801790
vt 0.938558 0.801909
vt 0.957424 0.823052
vt 0.938587 0.823171
vt 0.938537 0.783009
vt 0.957373 0.782890
vt 0.957394 0.801790
vt 0.938558 0.801909
vt 0.957424 0.823052
vt 0.938587 0.823171
vt 0.938537 0.783009
vt 0.957373 0.782890
vt 0.957394 0.801790
vt 0.938558 0.801909
vt 0.957424 0.823052
vt 0.938587 0.823171
vt 0.938537 0.783009
vt 0.957373 0.782890
vt 0.957394 0.801790
vt 0.938558 0.801909
vt 0.957424 0.823052
vt 0.938587 0.823171
vt 0.938537 0.783009
vt 0.957373 0.782890
vt 0.957394 0.801790
vt 0.938558 0.801909
vt 0.957424 0.823052
vt 0.938587 0.823171
vt 0.938537 0.783009
vt 0.957373 0.782890
vt 0.957394 0.801790
vt 0.938558 0.801909
vt 0.957424 0.823052
vt 0.938587 0.823171
vt 0.938537 0.783009
vt 0.957373 0.782890
vt 0.957394 0.801790
vt 0.938558 0.801909
vt 0.957424 0.823052
vt 0.938587 0.823171
vt 0.938537 0.783009
vt 0.957373 0.782890
vt 0.957394 0.801790
vt 0.938558 0.801909
vt 0.957424 0.823052
vt 0.938587 0.823171
vt 0.938537 0.783009
vt 0.957373 0.782890
vt 0.957394 0.801790
vt 0.938558 0.801909
vt 0.957424 0.823052
vt 0.938587 0.823171
vt 0.938537 0.783009
vt 0.957373 0.782890
vt 0.957394 0.801790
vt 0.938558 0.801909
vt 0.957424 0.823052
vt 0.938587 0.823171
vt 0.938537 0.783009
vt 0.957373 0.782890
vt 0.957394 0.801790
vt 0.938558 0.801909
vt 0.957424 0.823052
vt 0.938587 0.823171
vt 0.938537 0.783009
vt 0.957373 0.782890
vt 0.957394 0.801790
vt 0.938558 0.801909
vt 0.957424 0.823052
vt 0.938587 0.823171
vt 0.938537 0.783009
vt 0.957373 0.782890
vt 0.957394 0.801790
vt 0.938558 0.801909
vt 0.957424 0.823052
vt 0.938587 0.823171
vt 0.938537 0.783009
vt 0.957373 0.782890
vt 0.957394 0.801790
vt 0.938558 0.801909
vt 0.957424 0.823052
vt 0.938587 0.823171
vt 0.938537 0.783009
vt 0.957373 0.782890
vt 0.957394 0.801790
vt 0.938558 0.801909
vt 0.957424 0.823052
vt 0.938587 0.823171
vt 0.938537 0.783009
vt 0.957373 0.782890
vt 0.957394 0.801790
vt 0.938558 0.801909
vt 0.957424 0.823052
vt 0.938587 0.823171
vt 0.938537 0.783009
vt 0.957373 0.782890
vt 0.957394 0.801790
vt 0.938558 0.801909
vt 0.957424 0.823052
vt 0.938587 0.823171
vt 0.938537 0.783009
vt 0.957373 0.782890
vt 0.957394 0.801790
vt 0.938558 0.801909
vt 0.957424 0.823052
vt 0.938587 0.823171
vt 0.938537 0.783009
vt 0.957373 0.782890
vt 0.957394 0.801790
vt 0.938558 0.801909
vt 0.957424 0.823052
vt 0.938587 0.823171
vt 0.938537 0.783009
vt 0.957373 0.782890
vt 0.957394 0.801790
vt 0.938558 0.801909
vt 0.957424 0.823052
vt 0.938587 0.823171
vt 0.938537 0.783009
vt 0.957373 0.782890
vt 0.957394 0.801790
vt 0.938558 0.801909
vt 0.957424 0.823052
vt 0.938587 0.823171
vt 0.938537 0.783009
vt 0.957373 0.782890
vt 0.957394 0.801790
vt 0.938558 0.801909
vt 0.957424 0.823052
vt 0.938587 0.823171
vt 0.938537 0.783009
vt 0.957373 0.782890
vt 0.957394 0.801790
vt 0.938558 0.801909
vt 0.957424 0.823052
vt 0.938587 0.823171
vt 0.938537 0.783009
vt 0.957373 0.782890
vt 0.957394 0.801790
vt 0.938558 0.801909
vt 0.957424 0.823052
vt 0.938587 0.823171
vt 0.938537 0.783009
vt 0.957373 0.782890
vt 0.957394 0.801790
vt 0.938558 0.801909
vt 0.957424 0.823052
vt 0.938587 0.823171
vt 0.938537 0.783009
vt 0.957373 0.782890
vt 0.957394 0.801790
vt 0.938558 0.801909
vt 0.957424 0.823052
vt 0.938587 0.823171
vt 0.938537 0.783009
vt 0.957373 0.782890
vt 0.957394 0.801790
vt 0.938558 0.801909
vt 0.957424 0.823052
vt 0.938587 0.823171
vt 0.938537 0.783009
vt 0.957373 0.782890
vt 0.957394 0.801790
vt 0.938558 0.801909
vt 0.957424 0.823052
vt 0.938587 0.823171
vt 0.938537 0.783009
vt 0.957373 0.782890
vt 0.957394 0.801790
vt 0.938558 0.801909
vt 0.957424 0.823052
vt 0.938587 0.823171
vt 0.938537 0.783009
vt 0.957373 0.782890
vt 0.957394 0.801790
vt 0.938558 0.801909
vt 0.957424 0.823052
vt 0.938587 0.823171
vt 0.938537 0.783009
vt 0.957373 0.782890
vt 0.957394 0.801790
vt 0.938558 0.801909
vt 0.957424 0.823052
vt 0.938587 0.823171
vt 0.938537 0.783009
vt 0.957373 0.782890
vt 0.957394 0.801790
vt 0.938558 0.801909
vt 0.957424 0.823052
vt 0.938587 0.823171
vt 0.938537 0.783009
vt 0.957373 0.782890
vt 0.957394 0.801790
vt 0.938558 0.801909
vt 0.957424 0.823052
vt 0.938587 0.823171
vt 0.938537 0.783009
vt 0.957373 0.782890
vt 0.957394 0.801790
vt 0.938558 0.801909
vt 0.957424 0.823052
vt 0.938587 0.823171
vt 0.938537 0.783009
vt 0.957373 0.782890
vt 0.957394 0.801790
vt 0.938558 0.801909
vt 0.957424 0.823052
vt 0.938587 0.823171
vt 0.938537 0.783009
vt 0.957373 0.782890
vt 0.957394 0.801790
vt 0.938558 0.801909
vt 0.957424 0.823052
vt 0.938587 0.823171
vt 0.938537 0.783009
vt 0.957373 0.782890
vt 0.957394 0.801790
vt 0.938558 0.801909
vt 0.957424 0.823052
vt 0.938587 0.823171
vt 0.938537 0.783009
vt 0.957373 0.782890
vt 0.957394 0.801790
vt 0.938558 0.801909
vt 0.957424 0.823052
vt 0.938587 0.823171
vt 0.938537 0.783009
vt 0.957373 0.782890
vt 0.957394 0.801790
vt 0.938558 0.801909
vt 0.957424 0.823052
vt 0.938587 0.823171
vt 0.938537 0.783009
vt 0.957373 0.782890
vt 0.957394 0.801790
vt 0.938558 0.801909
vt 0.957424 0.823052
vt 0.938587 0.823171
vt 0.938537 0.783009
vt 0.957373 0.782890
vt 0.957394 0.801790
vt 0.938558 0.801909
vt 0.957424 0.823052
vt 0.938587 0.823171
vt 0.938537 0.783009
vt 0.957373 0.782890
vt 0.957394 0.801790
vt 0.938558 0.801909
vt 0.957424 0.823052
vt 0.938587 0.823171
vt 0.938537 0.783009
vt 0.957373 0.782890
vt 0.957394 0.801790
vt 0.938558 0.801909
vt 0.957424 0.823052
vt 0.938587 0.823171
vt 0.938537 0.783009
vt 0.957373 0.782890
vt 0.957394 0.801790
vt 0.938558 0.801909
vt 0.957424 0.823052
vt 0.938587 0.823171
vt 0.938537 0.783009
vt 0.957373 0.782890
vt 0.957394 0.801790
vt 0.938558 0.801909
vt 0.957424 0.823052
vt 0.938587 0.823171
vt 0.938537 0.783009
vt 0.957373 0.782890
vt 0.957394 0.801790
vt 0.938558 0.801909
vt 0.957424 0.823052
vt 0.938587 0.823171
vt 0.938537 0.783009
vt 0.957373 0.782890
vt 0.957394 0.801790
vt 0.938558 0.801909
vt 0.957424 0.823052
vt 0.938587 0.823171
vt 0.938537 0.783009
vt 0.957373 0.782890
vt 0.957394 0.801790
vt 0.938558 0.801909
vt 0.957424 0.823052
vt 0.938587 0.823171
vt 0.938537 0.783009
vt 0.957373 0.782890
vt 0.957394 0.801790
vt 0.938558 0.801909
vt 0.957424 0.823052
vt 0.938587 0.823171
vt 0.938537 0.783009
vt 0.957373 0.782890
vt 0.957394 0.801790
vt 0.938558 0.801909
vt 0.957424 0.823052
vt 0.938587 0.823171
vt 0.938537 0.783009
vt 0.957373 0.782890
vt 0.957394 0.801790
vt 0.938558 0.801909
vt 0.957424 0.823052
vt 0.938587 0.823171
vt 0.938537 0.783009
vt 0.957373 0.782890
vt 0.957394 0.801790
vt 0.938558 0.801909
vt 0.957424 0.823052
vt 0.938587 0.823171
vt 0.938537 0.783009
vt 0.957373 0.782890
vt 0.957394 0.801790
vt 0.938558 0.801909
vt 0.957424 0.823052
vt 0.938587 0.823171
vt 0.938537 0.783009
vt 0.957373 0.782890
vt 0.957394 0.801790
vt 0.938558 0.801909
vt 0.957424 0.823052
vt 0.938587 0.823171
vt 0.938537 0.783009
vt 0.957373 0.782890
vt 0.957394 0.801790
vt 0.938558 0.801909
vt 0.957424 0.823052
vt 0.938587 0.823171
vt 0.938537 0.783009
vt 0.957373 0.782890
vt 0.957394 0.801790
vt 0.938558 0.801909
vt 0.957424 0.823052
vt 0.938587 0.823171
vt 0.938537 0.783009
vt 0.957373 0.782890
vt 0.957394 0.801790
vt 0.938558 0.801909
vt 0.957424 0.823052
vt 0.938587 0.823171
vt 0.938537 0.783009
vt 0.957373 0.782890
vt 0.957394 0.801790
vt 0.938558 0.801909
vt 0.957424 0.823052
vt 0.938587 0.823171
vt 0.938537 0.783009
vt 0.957373 0.782890
vt 0.957394 0.801790
vt 0.938558 0.801909
vt 0.957424 0.823052
vt 0.938587 0.823171
vt 0.938537 0.783009
vt 0.957373 0.782890
vt 0.957394 0.801790
vt 0.938558 0.801909
vt 0.957424 0.823052
vt 0.938587 0.823171
vt 0.938537 0.783009
vt 0.957373 0.782890
vt 0.957394 0.801790
vt 0.938558 0.801909
vt 0.957424 0.823052
vt 0.938587 0.823171
vt 0.938537 0.783009
vt 0.957373 0.782890
vt 0.957394 0.801790
vt 0.938558 0.801909
vt 0.957424 0.823052
vt 0.938587 0.823171
vt 0.938537 0.783009
vt 0.957373 0.782890
vt 0.957394 0.801790
vt 0.938558 0.801909
vt 0.957424 0.823052
vt 0.938587 0.823171
vt 0.938537 0.783009
vt 0.957373 0.782890
vt 0.957394 0.801790
vt 0.938558 0.801909
vt 0.957424 0.823052
vt 0.938587 0.823171
vt 0.938537 0.783009
vt 0.957373 0.782890
vt 0.957394 0.801790
vt 0.938558 0.801909
vt 0.957424 0.823052
vt 0.938587 0.823171
vt 0.938537 0.783009
vt 0.957373 0.782890
vt 0.957394 0.801790
vt 0.938558 0.801909
vt 0.957424 0.823052
vt 0.938587 0.823171
vt 0.938537 0.783009
vt 0.957373 0.782890
vt 0.957394 0.801790
vt 0.938558 0.801909
vt 0.957424 0.823052
vt 0.938587 0.823171
vt 0.938537 0.783009
vt 0.957373 0.782890
vt 0.957394 0.801790
vt 0.938558 0.801909
vt 0.957424 0.823052
vt 0.938587 0.823171
vt 0.938537 0.783009
vt 0.957373 0.782890
vt 0.957394 0.801790
vt 0.938558 0.801909
vt 0.957424 0.823052
vt 0.938587 0.823171
vt 0.938537 0.783009
vt 0.957373 0.782890
vt 0.957394 0.801790
vt 0.938558 0.801909
vt 0.957424 0.823052
vt 0.938587 0.823171
vt 0.938537 0.783009
vt 0.957373 0.782890
vt 0.957394 0.801790
vt 0.938558 0.801909
vt 0.957424 0.823052
vt 0.938587 0.823171
vt 0.938537 0.783009
vt 0.957373 0.782890
vt 0.957394 0.801790
vt 0.938558 0.801909
vt 0.957424 0.823052
vt 0.938587 0.823171
vt 0.938537 0.783009
vt 0.957373 0.782890
vt 0.957394 0.801790
vt 0.938558 0.801909
vt 0.957424 0.823052
vt 0.938587 0.823171
vt 0.938537 0.783009
vt 0.957373 0.782890
vt 0.957394 0.801790
vt 0.938558 0.801909
vt 0.957424 0.823052
vt 0.938587 0.823171
vt 0.938537 0.783009
vt 0.957373 0.782890
vt 0.957394 0.801790
vt 0.938558 0.801909
vt 0.957424 0.823052
vt 0.938587 0.823171
vt 0.938537 0.783009
vt 0.957373 0.782890
vt 0.957394 0.801790
vt 0.938558 0.801909
vt 0.957424 0.823052
vt 0.938587 0.823171
vt 0.938537 0.783009
vt 0.957373 0.782890
vt 0.957394 0.801790
vt 0.938558 0.801909
vt 0.957424 0.823052
vt 0.938587 0.823171
vt 0.938537 0.783009
vt 0.957373 0.782890
vt 0.957394 0.801790
vt 0.938558 0.801909
vt 0.957424 0.823052
vt 0.938587 0.823171
vt 0.938537 0.783009
vt 0.957373 0.782890
vt 0.957394 0.801790
vt 0.938558 0.801909
vt 0.957424 0.823052
vt 0.938587 0.823171
vt 0.938537 0.783009
vt 0.957373 0.782890
vt 0.957394 0.801790
vt 0.938558 0.801909
vt 0.957424 0.823052
vt 0.938587 0.823171
vt 0.938537 0.783009
vt 0.957373 0.782890
vt 0.957394 0.801790
vt 0.938558 0.801909
vt 0.957424 0.823052
vt 0.938587 0.823171
vt 0.938537 0.783009
vt 0.957373 0.782890
vt 0.957394 0.801790
vt 0.938558 0.801909
vt 0.957424 0.823052
vt 0.938587 0.823171
vt 0.938537 0.783009
vt 0.957373 0.782890
vt 0.957394 0.801790
vt 0.938558 0.801909
vt 0.957424 0.823052
vt 0.938587 0.823171
vt 0.938537 0.783009
vt 0.957373 0.782890
vt 0.957394 0.801790
vt 0.938558 0.801909
vt 0.957424 0.823052
vt 0.938587 0.823171
vt 0.938537 0.783009
vt 0.957373 0.782890
vt 0.957394 0.801790
vt 0.938558 0.801909
vt 0.957424 0.823052
vt 0.938587 0.823171
vt 0.938537 0.783009
vt 0.957373 0.782890
vt 0.957394 0.801790
vt 0.938558 0.801909
vt 0.957424 0.823052
vt 0.938587 0.823171
vt 0.938537 0.783009
vt 0.957373 0.782890
vt 0.957394 0.801790
vt 0.938558 0.801909
vt 0.957424 0.823052
vt 0.938587 0.823171
vt 0.938537 0.783009
vt 0.957373 0.782890
vt 0.957394 0.801790
vt 0.938558 0.801909
vt 0.957424 0.823052
vt 0.938587 0.823171
vt 0.938537 0.783009
vt 0.957373 0.782890
vt 0.957394 0.801790
vt 0.938558 0.801909
vt 0.957424 0.823052
vt 0.938587 0.823171
vt 0.938537 0.783009
vt 0.957373 0.782890
vt 0.957394 0.801790
vt 0.938558 0.801909
vt 0.957424 0.823052
vt 0.938587 0.823171
vt 0.938537 0.783009
vt 0.957373 0.782890
vt 0.957394 0.801790
vt 0.938558 0.801909
vt 0.957424 0.823052
vt 0.938587 0.823171
vt 0.938537 0.783009
vt 0.957373 0.782890
vt 0.957394 0.801790
vt 0.938558 0.801909
vt 0.957424 0.823052
vt 0.938587 0.823171
vt 0.938537 0.783009
vt 0.957373 0.782890
vt 0.957394 0.801790
vt 0.938558 0.801909
vt 0.957424 0.823052
vt 0.938587 0.823171
vt 0.938537 0.783009
vt 0.957373 0.782890
vt 0.957394 0.801790
vt 0.938558 0.801909
vt 0.957424 0.823052
vt 0.938587 0.823171
vt 0.938537 0.783009
vt 0.957373 0.782890
vt 0.957394 0.801790
vt 0.938558 0.801909
vt 0.957424 0.823052
vt 0.938587 0.823171
vt 0.246073 0.711609
vt 0.247168 0.823839
vt 0.247168 0.710514
vt 0.111303 0.711609
vt 0.110209 0.710514
vt 0.110209 0.823839
vt 0.246073 0.711609
vt 0.111303 0.711609
vt 0.898144 0.781511
vt 0.898144 0.744294
vt 0.898414 0.781511
vt 0.898414 0.744294
vt 0.402439 0.598801
vt 0.402439 0.676055
vt 0.402439 0.598801
vt 0.402439 0.676055
vt 0.899098 0.747430
vt 0.899098 0.776581
vt 0.898702 0.747430
vt 0.898702 0.776581
vt 0.253775 0.674389
vt 0.253775 0.600466
vt 0.400192 0.674389
vt 0.400192 0.600466
vn -0.5774 -0.5774 0.5774
vn -0.5774 0.5774 0.5774
vn -0.5774 0.5774 -0.5774
vn -0.5774 -0.5774 -0.5774
vn 0.0000 -0.7071 -0.7071
vn 0.0000 0.7071 -0.7071
vn 0.5774 0.5774 -0.5774
vn 0.5774 -0.5774 -0.5774
vn 0.5774 0.5774 0.5774
vn 0.5774 -0.5774 0.5774
vn 0.0000 -0.7071 0.7071
vn 0.0000 0.7071 0.7071
vn 0.7071 0.0000 -0.7071
vn -0.7071 0.0000 -0.7071
vn 0.7071 0.0000 0.7071
vn -0.7071 0.0000 0.7071
vn 0.5774 -0.5773 -0.5773
vn 0.5774 0.5774 -0.5773
vn 0.5773 -0.5774 0.5774
vn 0.5773 0.5774 0.5774
vn 0.5774 -0.5774 -0.5773
vn -0.5773 -0.5774 -0.5773
vn 0.5773 -0.5773 0.5774
vn -0.5774 -0.5773 0.5774
vn 0.5773 0.5774 -0.5774
vn 0.5774 -0.5773 0.5773
vn 0.5773 -0.5774 -0.5774
vn 0.5774 0.5773 0.5773
vn -0.6600 0.4533 -0.5991
vn -0.0000 0.7729 -0.6345
vn -0.0000 0.7729 0.6345
vn -0.6600 0.4533 0.5991
vn 0.6600 0.4533 -0.5991
vn 0.6600 0.4533 0.5991
vn -0.5774 -0.5774 -0.5773
vn -0.5774 -0.5774 0.5773
vn 0.5774 -0.5774 0.5773
vn 0.3015 -0.9045 -0.3015
vn 0.3015 -0.9045 0.3015
vn 0.0000 1.0000 0.0000
vn -0.7071 0.7071 0.0000
vn -0.7071 -0.7071 -0.0000
vn 0.9045 0.3015 0.3015
vn 0.9045 -0.3015 0.3015
vn -0.0000 -1.0000 -0.0000
vn 0.7071 -0.7071 -0.0000
vn 0.5878 0.5129 0.6257
vn 0.5899 -0.5076 0.6280
vn -0.3015 -0.9045 -0.3015
vn -0.5774 -0.5773 -0.5774
vn -0.5774 0.5773 -0.5774
vn -0.5774 0.5773 0.5774
vn -0.9045 -0.3015 -0.3015
vn -0.9045 -0.3015 0.3015
vn 0.0000 0.0000 -1.0000
vn -0.7717 0.0000 -0.6360
vn -0.5511 0.5536 -0.6244
vn 0.0000 0.7711 -0.6368
vn 0.0000 -0.7711 -0.6368
vn -0.5511 -0.5536 -0.6244
vn 0.5511 -0.5536 -0.6244
vn 0.7717 0.0000 -0.6360
vn 0.5511 0.5536 -0.6244
vn 0.0000 0.0000 1.0000
vn 0.0000 0.7711 0.6368
vn -0.5511 0.5536 0.6244
vn -0.7717 0.0000 0.6360
vn 0.0000 -0.7711 0.6368
vn -0.5511 -0.5536 0.6244
vn 0.5511 -0.5536 0.6244
vn 0.7717 0.0000 0.6360
vn 0.5511 0.5536 0.6244
vn 0.6622 0.3459 -0.6648
vn 0.0000 0.3437 -0.9391
vn 0.0000 0.8848 -0.4659
vn 0.3316 0.8823 -0.3341
vn -0.6622 0.3459 -0.6648
vn -0.9387 0.3449 -0.0000
vn -0.4650 0.8853 -0.0000
vn -0.3316 0.8823 -0.3341
vn 0.0000 0.3437 0.9391
vn 0.6622 0.3459 0.6648
vn 0.3316 0.8823 0.3341
vn 0.0000 0.8848 0.4659
vn -0.6622 0.3459 0.6648
vn -0.3316 0.8823 0.3341
vn -0.7055 0.0000 -0.7087
vn -1.0000 -0.0000 0.0000
vn 0.7055 0.0000 -0.7087
vn 1.0000 0.0000 0.0000
vn 0.9387 0.3449 0.0000
vn 0.7055 0.0000 0.7087
vn -0.7055 -0.0000 0.7087
vn 0.6063 0.7953 -0.0000
vn 0.4100 0.8137 -0.4119
vn 0.5511 0.6244 -0.5536
vn 0.7717 0.6360 -0.0000
vn -0.4100 0.8137 0.4119
vn 0.0000 0.7941 0.6078
vn 0.0000 0.6368 0.7711
vn -0.5511 0.6244 0.5536
vn 0.4100 0.8137 0.4119
vn 0.5511 0.6244 0.5536
vn -0.4100 0.8137 -0.4119
vn -0.6063 0.7953 -0.0000
vn -0.7717 0.6360 -0.0000
vn -0.5511 0.6244 -0.5536
vn 0.4650 0.8853 0.0000
vn 0.6706 0.3115 -0.6733
vn 0.0000 0.3085 -0.9512
vn -0.0000 0.8617 -0.5075
vn 0.3615 0.8584 -0.3641
vn -0.6706 0.3115 -0.6733
vn -0.9508 0.3097 -0.0000
vn -0.5067 0.8621 -0.0000
vn -0.3615 0.8584 -0.3641
vn 0.0000 0.3085 0.9512
vn 0.6706 0.3115 0.6733
vn 0.3615 0.8584 0.3641
vn 0.0000 0.8617 0.5075
vn -0.6706 0.3115 0.6733
vn -0.3615 0.8584 0.3641
vn 0.9508 0.3097 0.0000
vn -0.0000 0.7941 -0.6078
vn -0.0000 0.6368 -0.7711
vn 0.5067 0.8621 0.0000
vn 0.5896 -0.5060 0.6295
vn 0.5881 0.5144 0.6241
vn 0.9045 0.3015 -0.3015
vn 0.9045 -0.3015 -0.3015
vn 0.8812 0.3006 0.3647
vn 0.8782 -0.2997 0.3728
vn 0.7071 0.7071 0.0000
vn -0.3015 -0.9045 0.3015
vn -0.4335 -0.6028 0.6698
vn -0.4328 -0.6027 0.6704
vn 0.4109 -0.6075 0.6798
vn 0.4101 -0.6073 0.6804
vn 0.2772 -0.8436 0.4599
vn -0.2845 -0.8519 0.4396
vn -0.9045 0.3015 0.3015
vn -0.9045 0.3015 -0.3015
vn -0.3606 0.0000 0.9327
vn -0.6726 0.0000 0.7400
vn -0.3606 0.0000 -0.9327
vn -0.6726 0.0000 -0.7400
vn -0.0000 0.2632 0.9647
vn -0.0000 0.5078 0.8615
vn 0.5605 0.0000 0.8282
vn 0.9284 0.0000 0.3717
vn -0.0000 0.4402 0.8979
vn -0.0000 0.7905 0.6125
vn 0.0000 0.4402 -0.8979
vn 0.0000 0.7905 -0.6125
vn 0.0000 0.2767 -0.9610
vn 0.0000 0.5318 -0.8469
vn -0.0000 0.2767 0.9610
vn -0.0000 0.5318 0.8469
vn 0.2826 0.0000 -0.9592
vn 0.5422 0.0000 -0.8403
vn 0.2826 0.0000 0.9592
vn 0.5422 0.0000 0.8403
vn -0.0000 0.2576 0.9662
vn -0.0000 0.4978 0.8673
vn 0.0000 0.2576 -0.9662
vn 0.0000 0.4978 -0.8673
vn -0.0000 0.1601 0.9871
vn -0.0000 0.3160 0.9488
vn 0.0000 0.1941 -0.9810
vn 0.0000 0.3809 -0.9246
vn -0.2576 -0.0000 0.9662
vn -0.4978 -0.0000 0.8673
vn -0.2576 0.0000 -0.9662
vn -0.4978 0.0000 -0.8673
vn -0.0000 0.2810 0.9597
vn -0.0000 0.5394 0.8421
vn 0.0000 0.2810 -0.9597
vn 0.0000 0.5394 -0.8421
vn -0.0000 0.1865 0.9825
vn -0.0000 0.3665 0.9304
vn 0.0000 0.1865 -0.9825
vn 0.0000 0.3665 -0.9304
vn -0.0000 0.4542 0.8909
vn -0.0000 0.8093 0.5873
vn 0.0000 0.4542 -0.8909
vn 0.0000 0.8093 -0.5873
vn 0.4542 0.0000 0.8909
vn 0.8093 0.0000 0.5873
vn 0.4542 -0.0000 -0.8909
vn 0.8093 -0.0000 -0.5873
vn -0.0000 0.4407 0.8977
vn -0.0000 0.7912 0.6116
vn 0.0000 0.4407 -0.8977
vn 0.0000 0.7912 -0.6116
vn -0.0000 0.7911 0.6116
vn 0.0000 0.7911 -0.6116
vn -0.4407 -0.0000 0.8977
vn -0.7912 -0.0000 0.6116
vn -0.4407 0.0000 -0.8977
vn -0.7911 0.0000 -0.6116
vn -0.7912 0.0000 -0.6116
usemtl Material.001
s 1
f 1/1/1 2/2/2 4/3/3 3/4/4
f 811/5/5 809/6/6 8/7/7 7/8/8
f 7/8/8 8/7/7 6/9/9 5/10/10
f 808/11/11 806/12/12 2/2/2 1/1/1
f 811/5/5 7/8/8 5/10/10 810/13/11
f 807/14/6 4/3/3 2/2/2 806/12/12
f 815/15/6 10/16/6 12/17/12 814/18/12
f 819/19/5 9/20/5 11/21/11 818/22/11
f 816/23/11 814/18/12 12/17/12 11/21/11
f 819/19/5 817/24/6 10/16/6 9/20/5
f 2377/25/5 13/26/4 14/27/3 2376/28/6
f 2381/29/13 2380/30/14 18/31/3 20/32/7
f 2379/33/11 2378/34/12 22/35/2 21/36/1
f 2383/37/15 28/38/9 26/39/2 2382/40/16
f 15/41/8 16/42/7 24/43/9 23/44/10
f 2376/45/6 14/46/3 22/47/2 2378/48/12
f 17/49/4 19/50/8 27/51/10 25/52/1
f 2380/53/14 17/54/4 25/55/1 2382/56/16
f 2377/57/5 15/58/8 23/59/10 2379/60/11
f 14/61/3 13/62/4 21/63/1 22/64/2
f 2381/65/13 20/66/7 28/67/9 2383/68/15
f 20/69/7 18/70/3 26/71/2 28/72/9
f 31/73/8 29/74/4 30/75/3 32/76/7
f 35/77/10 36/78/9 34/79/2 33/80/1
f 31/81/8 32/82/7 36/83/9 35/84/10
f 32/82/7 30/85/3 34/86/2 36/83/9
f 29/87/4 31/81/8 35/84/10 33/88/1
f 30/85/3 29/87/4 33/88/1 34/86/2
f 39/89/8 37/90/4 38/91/3 40/92/7
f 43/93/10 44/94/9 42/95/2 41/96/1
f 39/97/8 40/98/7 44/99/9 43/100/10
f 40/101/7 38/102/3 42/103/2 44/104/9
f 37/105/4 39/106/8 43/107/10 41/108/1
f 38/109/3 37/110/4 41/111/1 42/112/2
f 47/113/8 45/114/4 46/115/3 48/116/7
f 51/117/10 52/118/9 50/119/2 49/120/1
f 47/121/8 48/122/7 52/123/9 51/124/10
f 48/122/7 46/125/3 50/126/2 52/123/9
f 45/127/4 47/121/8 51/124/10 49/128/1
f 46/125/3 45/127/4 49/128/1 50/126/2
f 55/129/17 53/130/4 54/131/3 56/132/18
f 59/133/19 60/134/20 58/135/2 57/136/1
f 55/137/17 56/138/18 60/139/20 59/140/19
f 56/141/18 54/142/3 58/143/2 60/144/20
f 53/145/4 55/146/17 59/147/19 57/148/1
f 54/149/3 53/150/4 57/151/1 58/152/2
f 63/153/21 61/154/22 62/155/3 64/156/18
f 67/157/23 68/158/20 66/159/2 65/160/24
f 63/161/21 64/162/18 68/163/20 67/164/23
f 64/165/18 62/166/3 66/167/2 68/168/20
f 61/169/22 63/170/21 67/171/23 65/172/24
f 62/173/3 61/174/22 65/175/24 66/176/2
f 71/177/17 69/178/4 70/179/3 72/180/25
f 75/181/26 76/182/20 74/183/2 73/184/1
f 71/185/17 72/186/25 76/187/20 75/188/26
f 72/186/25 70/189/3 74/190/2 76/187/20
f 69/191/4 71/185/17 75/188/26 73/192/1
f 70/189/3 69/191/4 73/192/1 74/190/2
f 79/193/8 77/194/4 78/195/3 80/196/7
f 83/197/10 84/198/9 82/199/2 81/200/1
f 79/201/8 80/202/7 84/203/9 83/204/10
f 80/202/7 78/205/3 82/206/2 84/203/9
f 77/207/4 79/201/8 83/204/10 81/208/1
f 78/205/3 77/207/4 81/208/1 82/206/2
f 87/209/8 85/210/4 86/211/3 88/212/7
f 91/213/10 92/214/9 90/215/2 89/216/1
f 87/209/8 88/212/7 92/217/9 91/218/10
f 88/219/7 86/220/3 90/221/2 92/222/9
f 85/223/4 87/224/8 91/225/10 89/226/1
f 86/220/3 85/223/4 89/226/1 90/221/2
f 95/227/8 93/228/4 94/229/3 96/230/7
f 99/231/10 100/232/9 98/233/2 97/234/1
f 95/235/8 96/236/7 100/237/9 99/238/10
f 96/236/7 94/239/3 98/240/2 100/237/9
f 93/241/4 95/235/8 99/238/10 97/242/1
f 94/239/3 93/241/4 97/242/1 98/240/2
f 103/243/8 101/244/4 102/245/3 104/246/7
f 107/247/10 108/248/9 106/249/2 105/250/1
f 103/251/8 104/252/7 108/253/9 107/254/10
f 104/252/7 102/255/3 106/256/2 108/253/9
f 101/244/4 103/243/8 107/257/10 105/258/1
f 102/245/3 101/244/4 105/258/1 106/259/2
f 111/260/8 109/261/4 110/262/3 112/263/7
f 115/264/10 116/265/9 114/266/2 113/267/1
f 111/268/8 112/269/7 116/270/9 115/271/10
f 112/269/7 110/272/3 114/273/2 116/270/9
f 109/261/4 111/260/8 115/274/10 113/275/1
f 110/262/3 109/261/4 113/275/1 114/276/2
f 119/277/8 117/278/4 118/279/3 120/280/7
f 123/281/10 124/282/9 122/283/2 121/284/1
f 119/285/8 120/286/7 124/287/9 123/288/10
f 120/286/7 118/289/3 122/290/2 124/287/9
f 117/291/4 119/285/8 123/288/10 121/292/1
f 118/289/3 117/291/4 121/292/1 122/290/2
f 127/293/8 125/294/4 126/295/3 128/296/7
f 131/297/10 132/298/9 130/299/2 129/300/1
f 127/301/8 128/302/7 132/303/9 131/304/10
f 128/302/7 126/305/3 130/306/2 132/303/9
f 125/307/4 127/301/8 131/304/10 129/308/1
f 126/305/3 125/307/4 129/308/1 130/306/2
f 135/309/8 133/310/4 134/311/3 136/312/7
f 139/313/10 140/314/9 138/315/2 137/316/1
f 135/317/8 136/318/7 140/319/9 139/320/10
f 136/318/7 134/321/3 138/322/2 140/319/9
f 133/323/4 135/317/8 139/320/10 137/324/1
f 134/321/3 133/323/4 137/324/1 138/322/2
f 143/325/8 141/326/4 142/327/3 144/328/7
f 147/329/10 148/330/9 146/331/2 145/332/1
f 143/333/8 144/334/7 148/335/9 147/336/10
f 144/334/7 142/337/3 146/338/2 148/335/9
f 141/339/4 143/333/8 147/336/10 145/340/1
f 142/337/3 141/339/4 145/340/1 146/338/2
f 151/341/8 149/342/4 150/343/3 152/344/7
f 155/345/10 156/346/9 154/347/2 153/348/1
f 151/349/8 152/350/7 156/351/9 155/352/10
f 152/350/7 150/353/3 154/354/2 156/351/9
f 149/355/4 151/349/8 155/352/10 153/356/1
f 150/353/3 149/355/4 153/356/1 154/354/2
f 159/357/8 157/358/4 158/359/3 160/360/7
f 163/361/10 164/362/9 162/363/2 161/364/1
f 159/365/8 160/366/7 164/367/9 163/368/10
f 160/366/7 158/369/3 162/370/2 164/367/9
f 157/371/4 159/365/8 163/368/10 161/372/1
f 158/369/3 157/371/4 161/372/1 162/370/2
f 167/373/8 165/374/4 166/375/3 168/376/7
f 171/377/10 172/378/9 170/379/2 169/380/1
f 167/381/8 168/382/7 172/383/9 171/384/10
f 168/382/7 166/385/3 170/386/2 172/383/9
f 165/387/4 167/381/8 171/384/10 169/388/1
f 166/385/3 165/387/4 169/388/1 170/386/2
f 175/389/8 173/390/4 174/391/3 176/392/7
f 179/393/10 180/394/9 178/395/2 177/396/1
f 175/397/8 176/398/7 180/399/9 179/400/10
f 176/398/7 174/401/3 178/402/2 180/399/9
f 173/403/4 175/397/8 179/400/10 177/404/1
f 174/401/3 173/403/4 177/404/1 178/402/2
f 183/405/8 181/406/4 182/407/3 184/408/7
f 187/409/10 188/410/9 186/411/2 185/412/1
f 183/413/8 184/414/7 188/415/9 187/416/10
f 184/414/7 182/417/3 186/418/2 188/415/9
f 181/419/4 183/413/8 187/416/10 185/420/1
f 182/417/3 181/419/4 185/420/1 186/418/2
f 191/421/8 189/422/4 190/423/3 192/424/7
f 195/425/10 196/426/9 194/427/2 193/428/1
f 191/429/8 192/430/7 196/431/9 195/432/10
f 192/430/7 190/433/3 194/434/2 196/431/9
f 189/435/4 191/429/8 195/432/10 193/436/1
f 190/433/3 189/435/4 193/436/1 194/434/2
f 199/437/8 197/438/4 198/439/3 200/440/7
f 203/441/10 204/442/9 202/443/2 201/444/1
f 199/445/8 200/446/7 204/447/9 203/448/10
f 200/446/7 198/449/3 202/450/2 204/447/9
f 197/451/4 199/445/8 203/448/10 201/452/1
f 198/449/3 197/451/4 201/452/1 202/450/2
f 207/453/8 205/454/4 206/455/3 208/456/7
f 211/457/10 212/458/9 210/459/2 209/460/1
f 207/461/8 208/462/7 212/463/9 211/464/10
f 208/462/7 206/465/3 210/466/2 212/463/9
f 205/467/4 207/461/8 211/464/10 209/468/1
f 206/465/3 205/467/4 209/468/1 210/466/2
f 215/469/8 213/470/4 214/471/3 216/472/7
f 219/473/10 220/474/9 218/475/2 217/476/1
f 215/477/8 216/478/7 220/479/9 219/480/10
f 216/478/7 214/481/3 218/482/2 220/479/9
f 213/483/4 215/477/8 219/480/10 217/484/1
f 214/481/3 213/483/4 217/484/1 218/482/2
f 223/485/8 221/486/4 222/487/3 224/488/7
f 227/489/10 228/490/9 226/491/2 225/492/1
f 223/493/8 224/494/7 228/495/9 227/496/10
f 224/494/7 222/497/3 226/498/2 228/495/9
f 221/499/4 223/493/8 227/496/10 225/500/1
f 222/497/3 221/499/4 225/500/1 226/498/2
f 231/501/8 229/502/4 230/503/3 232/504/7
f 235/505/10 236/506/9 234/507/2 233/508/1
f 231/509/8 232/510/7 236/511/9 235/512/10
f 232/510/7 230/513/3 234/514/2 236/511/9
f 229/515/4 231/509/8 235/512/10 233/516/1
f 230/513/3 229/515/4 233/516/1 234/514/2
f 239/517/8 237/518/4 238/519/3 240/520/7
f 243/521/10 244/522/9 242/523/2 241/524/1
f 239/525/8 240/526/7 244/527/9 243/528/10
f 240/526/7 238/529/3 242/530/2 244/527/9
f 237/531/4 239/525/8 243/528/10 241/532/1
f 238/529/3 237/531/4 241/532/1 242/530/2
f 247/533/8 245/534/4 246/535/3 248/536/7
f 251/537/10 252/538/9 250/539/2 249/540/1
f 247/541/8 248/542/7 252/543/9 251/544/10
f 248/542/7 246/545/3 250/546/2 252/543/9
f 245/547/4 247/541/8 251/544/10 249/548/1
f 246/545/3 245/547/4 249/548/1 250/546/2
f 255/549/8 253/550/4 254/551/3 256/552/7
f 259/553/10 260/554/9 258/555/2 257/556/1
f 255/557/8 256/558/7 260/559/9 259/560/10
f 256/558/7 254/561/3 258/562/2 260/559/9
f 253/563/4 255/557/8 259/560/10 257/564/1
f 254/561/3 253/563/4 257/564/1 258/562/2
f 263/565/7 261/566/8 262/567/4 264/568/3
f 267/569/9 268/570/2 266/571/1 265/572/10
f 263/573/7 264/574/3 268/575/2 267/576/9
f 264/574/3 262/577/4 266/578/1 268/575/2
f 261/579/8 263/573/7 267/576/9 265/580/10
f 262/577/4 261/579/8 265/580/10 266/578/1
f 271/581/7 269/582/8 270/583/4 272/584/3
f 275/585/9 276/586/2 274/587/1 273/588/10
f 271/589/7 272/590/3 276/591/2 275/592/9
f 272/590/3 270/593/4 274/594/1 276/591/2
f 269/595/8 271/589/7 275/592/9 273/596/10
f 270/593/4 269/595/8 273/596/10 274/594/1
f 279/597/7 277/598/8 278/599/4 280/600/3
f 283/601/9 284/602/2 282/603/1 281/604/10
f 279/605/7 280/606/3 284/607/2 283/608/9
f 280/606/3 278/609/4 282/610/1 284/607/2
f 277/611/8 279/605/7 283/608/9 281/612/10
f 278/609/4 277/611/8 281/612/10 282/610/1
f 287/613/7 285/614/8 286/615/4 288/616/3
f 291/617/9 292/618/2 290/619/1 289/620/10
f 287/613/7 288/616/3 292/621/2 291/622/9
f 288/623/3 286/624/4 290/625/1 292/626/2
f 285/627/8 287/628/7 291/629/9 289/630/10
f 286/624/4 285/627/8 289/630/10 290/625/1
f 295/631/7 293/632/8 294/633/4 296/634/3
f 299/635/9 300/636/2 298/637/1 297/638/10
f 295/639/7 296/640/3 300/641/2 299/642/9
f 296/640/3 294/643/4 298/644/1 300/641/2
f 293/645/8 295/639/7 299/642/9 297/646/10
f 294/643/4 293/645/8 297/646/10 298/644/1
f 303/647/7 301/648/8 302/649/4 304/650/3
f 307/651/9 308/652/2 306/653/1 305/654/10
f 303/655/7 304/656/3 308/657/2 307/658/9
f 304/656/3 302/659/4 306/660/1 308/657/2
f 301/661/8 303/655/7 307/658/9 305/662/10
f 302/659/4 301/661/8 305/662/10 306/660/1
f 311/663/7 309/664/8 310/665/4 312/666/3
f 315/667/9 316/668/2 314/669/1 313/670/10
f 311/671/7 312/672/3 316/673/2 315/674/9
f 312/672/3 310/675/4 314/676/1 316/673/2
f 309/677/8 311/671/7 315/674/9 313/678/10
f 310/675/4 309/677/8 313/678/10 314/676/1
f 319/679/7 317/680/8 318/681/4 320/682/3
f 323/683/9 324/684/2 322/685/1 321/686/10
f 319/687/7 320/688/3 324/689/2 323/690/9
f 320/688/3 318/691/4 322/692/1 324/689/2
f 317/693/8 319/687/7 323/690/9 321/694/10
f 318/691/4 317/693/8 321/694/10 322/692/1
f 327/695/7 325/696/8 326/697/4 328/698/3
f 331/699/9 332/700/2 330/701/1 329/702/10
f 327/703/7 328/704/3 332/705/2 331/706/9
f 328/704/3 326/707/4 330/708/1 332/705/2
f 325/709/8 327/703/7 331/706/9 329/710/10
f 326/707/4 325/709/8 329/710/10 330/708/1
f 335/711/7 333/712/8 334/713/4 336/714/3
f 339/715/9 340/716/2 338/717/1 337/718/10
f 335/719/7 336/720/3 340/721/2 339/722/9
f 336/720/3 334/723/4 338/724/1 340/721/2
f 333/725/8 335/719/7 339/722/9 337/726/10
f 334/723/4 333/725/8 337/726/10 338/724/1
f 343/727/7 341/728/8 342/729/4 344/730/3
f 347/731/9 348/732/2 346/733/1 345/734/10
f 343/735/7 344/736/3 348/737/2 347/738/9
f 344/736/3 342/739/4 346/740/1 348/737/2
f 341/741/8 343/735/7 347/738/9 345/742/10
f 342/739/4 341/741/8 345/742/10 346/740/1
f 351/743/25 349/744/27 350/745/4 352/746/3
f 355/747/28 356/748/2 354/749/1 353/750/26
f 351/751/25 352/752/3 356/753/2 355/754/28
f 352/755/3 350/756/4 354/757/1 356/758/2
f 349/759/27 351/760/25 355/761/28 353/762/26
f 350/763/4 349/764/27 353/765/26 354/766/1
f 359/767/7 357/768/8 358/769/4 360/770/3
f 363/771/9 364/772/2 362/773/1 361/774/10
f 359/775/7 360/776/3 364/777/2 363/778/9
f 360/776/3 358/779/4 362/780/1 364/777/2
f 357/781/8 359/775/7 363/778/9 361/782/10
f 358/779/4 357/781/8 361/782/10 362/780/1
f 367/783/7 365/784/8 366/785/4 368/786/3
f 371/787/9 372/788/2 370/789/1 369/790/10
f 367/791/7 368/792/3 372/793/2 371/794/9
f 368/792/3 366/795/4 370/796/1 372/793/2
f 365/797/8 367/791/7 371/794/9 369/798/10
f 366/795/4 365/797/8 369/798/10 370/796/1
f 375/799/7 373/800/8 374/801/4 376/802/3
f 379/803/9 380/804/2 378/805/1 377/806/10
f 375/807/7 376/808/3 380/809/2 379/810/9
f 376/808/3 374/811/4 378/812/1 380/809/2
f 373/813/8 375/807/7 379/810/9 377/814/10
f 374/811/4 373/813/8 377/814/10 378/812/1
f 383/815/7 381/816/8 382/817/4 384/818/3
f 387/819/9 388/820/2 386/821/1 385/822/10
f 383/823/7 384/824/3 388/825/2 387/826/9
f 384/824/3 382/827/4 386/828/1 388/825/2
f 381/829/8 383/823/7 387/826/9 385/830/10
f 382/827/4 381/829/8 385/830/10 386/828/1
f 391/831/7 389/832/8 390/833/4 392/834/3
f 395/835/9 396/836/2 394/837/1 393/838/10
f 391/839/7 392/840/3 396/841/2 395/842/9
f 392/840/3 390/843/4 394/844/1 396/841/2
f 389/845/8 391/839/7 395/842/9 393/846/10
f 390/843/4 389/845/8 393/846/10 394/844/1
f 399/847/7 397/848/8 398/849/4 400/850/3
f 403/851/9 404/852/2 402/853/1 401/854/10
f 399/855/7 400/856/3 404/857/2 403/858/9
f 400/856/3 398/859/4 402/860/1 404/857/2
f 397/861/8 399/855/7 403/858/9 401/862/10
f 398/859/4 397/861/8 401/862/10 402/860/1
f 407/863/7 405/864/8 406/865/4 408/866/3
f 411/867/9 412/868/2 410/869/1 409/870/10
f 407/871/7 408/872/3 412/873/2 411/874/9
f 408/872/3 406/875/4 410/876/1 412/873/2
f 405/877/8 407/871/7 411/874/9 409/878/10
f 406/875/4 405/877/8 409/878/10 410/876/1
f 415/879/7 413/880/8 414/881/4 416/882/3
f 419/883/9 420/884/2 418/885/1 417/886/10
f 415/887/7 416/888/3 420/889/2 419/890/9
f 416/888/3 414/891/4 418/892/1 420/889/2
f 413/893/8 415/887/7 419/890/9 417/894/10
f 414/891/4 413/893/8 417/894/10 418/892/1
f 423/895/7 421/896/8 422/897/4 424/898/3
f 427/899/9 428/900/2 426/901/1 425/902/10
f 423/903/7 424/904/3 428/905/2 427/906/9
f 424/904/3 422/907/4 426/908/1 428/905/2
f 421/909/8 423/903/7 427/906/9 425/910/10
f 422/907/4 421/909/8 425/910/10 426/908/1
f 431/911/7 429/912/8 430/913/4 432/914/3
f 435/915/9 436/916/2 434/917/1 433/918/10
f 431/919/7 432/920/3 436/921/2 435/922/9
f 432/920/3 430/923/4 434/924/1 436/921/2
f 429/925/8 431/919/7 435/922/9 433/926/10
f 430/923/4 429/925/8 433/926/10 434/924/1
f 439/927/7 437/928/8 438/929/4 440/930/3
f 443/931/9 444/932/2 442/933/1 441/934/10
f 439/935/7 440/936/3 444/937/2 443/938/9
f 440/936/3 438/939/4 442/940/1 444/937/2
f 437/941/8 439/935/7 443/938/9 441/942/10
f 438/939/4 437/941/8 441/942/10 442/940/1
f 447/943/7 445/944/8 446/945/4 448/946/3
f 451/947/9 452/948/2 450/949/1 449/950/10
f 447/951/7 448/952/3 452/953/2 451/954/9
f 448/952/3 446/955/4 450/956/1 452/953/2
f 445/957/8 447/951/7 451/954/9 449/958/10
f 446/955/4 445/957/8 449/958/10 450/956/1
f 455/959/7 453/960/8 454/961/4 456/962/3
f 459/963/9 460/964/2 458/965/1 457/966/10
f 455/967/7 456/968/3 460/969/2 459/970/9
f 456/968/3 454/971/4 458/972/1 460/969/2
f 453/973/8 455/967/7 459/970/9 457/974/10
f 454/971/4 453/973/8 457/974/10 458/972/1
f 463/975/7 461/976/8 462/977/4 464/978/3
f 467/979/9 468/980/2 466/981/1 465/982/10
f 463/983/7 464/984/3 468/985/2 467/986/9
f 464/984/3 462/987/4 466/988/1 468/985/2
f 461/989/8 463/983/7 467/986/9 465/990/10
f 462/987/4 461/989/8 465/990/10 466/988/1
f 471/991/7 469/992/8 470/993/4 472/994/3
f 475/995/9 476/996/2 474/997/1 473/998/10
f 471/999/7 472/1000/3 476/1001/2 475/1002/9
f 472/1000/3 470/1003/4 474/1004/1 476/1001/2
f 469/1005/8 471/999/7 475/1002/9 473/1006/10
f 470/1003/4 469/1005/8 473/1006/10 474/1004/1
f 479/1007/7 477/1008/8 478/1009/4 480/1010/3
f 483/1011/9 484/1012/2 482/1013/1 481/1014/10
f 479/1015/7 480/1016/3 484/1017/2 483/1018/9
f 480/1016/3 478/1019/4 482/1020/1 484/1017/2
f 477/1021/8 479/1015/7 483/1018/9 481/1022/10
f 478/1019/4 477/1021/8 481/1022/10 482/1020/1
f 487/1023/7 485/1024/8 486/1025/4 488/1026/3
f 491/1027/9 492/1028/2 490/1029/1 489/1030/10
f 487/1031/7 488/1032/3 492/1033/2 491/1034/9
f 488/1032/3 486/1035/4 490/1036/1 492/1033/2
f 485/1037/8 487/1031/7 491/1034/9 489/1038/10
f 486/1035/4 485/1037/8 489/1038/10 490/1036/1
f 495/1039/7 493/1040/8 494/1041/4 496/1042/3
f 499/1043/9 500/1044/2 498/1045/1 497/1046/10
f 495/1047/7 496/1048/3 500/1049/2 499/1050/9
f 496/1048/3 494/1051/4 498/1052/1 500/1049/2
f 493/1053/8 495/1047/7 499/1050/9 497/1054/10
f 494/1051/4 493/1053/8 497/1054/10 498/1052/1
f 503/1055/7 501/1056/8 502/1057/4 504/1058/3
f 507/1059/9 508/1060/2 506/1061/1 505/1062/10
f 503/1063/7 504/1064/3 508/1065/2 507/1066/9
f 504/1064/3 502/1067/4 506/1068/1 508/1065/2
f 501/1069/8 503/1063/7 507/1066/9 505/1070/10
f 502/1067/4 501/1069/8 505/1070/10 506/1068/1
f 511/1071/7 509/1072/8 510/1073/4 512/1074/3
f 515/1075/9 516/1076/2 514/1077/1 513/1078/10
f 511/1079/7 512/1080/3 516/1081/2 515/1082/9
f 512/1080/3 510/1083/4 514/1084/1 516/1081/2
f 509/1085/8 511/1079/7 515/1082/9 513/1086/10
f 510/1083/4 509/1085/8 513/1086/10 514/1084/1
f 519/1087/7 517/1088/8 518/1089/4 520/1090/3
f 523/1091/9 524/1092/2 522/1093/1 521/1094/10
f 519/1095/7 520/1096/3 524/1097/2 523/1098/9
f 520/1096/3 518/1099/4 522/1100/1 524/1097/2
f 517/1101/8 519/1095/7 523/1098/9 521/1102/10
f 518/1099/4 517/1101/8 521/1102/10 522/1100/1
f 527/1103/7 525/1104/8 526/1105/4 528/1106/3
f 531/1107/9 532/1108/2 530/1109/1 529/1110/10
f 527/1111/7 528/1112/3 532/1113/2 531/1114/9
f 528/1112/3 526/1115/4 530/1116/1 532/1113/2
f 525/1117/8 527/1111/7 531/1114/9 529/1118/10
f 526/1115/4 525/1117/8 529/1118/10 530/1116/1
f 535/1119/7 533/1120/8 534/1121/4 536/1122/3
f 539/1123/9 540/1124/2 538/1125/1 537/1126/10
f 535/1127/7 536/1128/3 540/1129/2 539/1130/9
f 536/1128/3 534/1131/4 538/1132/1 540/1129/2
f 533/1133/8 535/1127/7 539/1130/9 537/1134/10
f 534/1131/4 533/1133/8 537/1134/10 538/1132/1
f 543/1135/10 541/1136/9 542/1137/2 544/1138/1
f 547/1139/8 548/1140/4 546/1141/3 545/1142/7
f 543/1143/10 544/1144/1 548/1145/4 547/1146/8
f 544/1144/1 542/1147/2 546/1148/3 548/1145/4
f 541/1149/9 543/1143/10 547/1146/8 545/1150/7
f 542/1147/2 541/1149/9 545/1150/7 546/1148/3
f 551/1151/10 549/1152/9 550/1153/2 552/1154/1
f 555/1155/8 556/1156/4 554/1157/3 553/1158/7
f 551/1159/10 552/1160/1 556/1161/4 555/1162/8
f 552/1160/1 550/1163/2 554/1164/3 556/1161/4
f 549/1165/9 551/1159/10 555/1162/8 553/1166/7
f 550/1163/2 549/1165/9 553/1166/7 554/1164/3
f 559/1167/10 557/1168/9 558/1169/2 560/1170/1
f 563/1171/8 564/1172/4 562/1173/3 561/1174/7
f 559/1175/10 560/1176/1 564/1177/4 563/1178/8
f 560/1176/1 558/1179/2 562/1180/3 564/1177/4
f 557/1181/9 559/1175/10 563/1178/8 561/1182/7
f 558/1179/2 557/1181/9 561/1182/7 562/1180/3
f 567/1183/7 565/1184/8 566/1185/4 568/1186/3
f 571/1187/9 572/1188/2 570/1189/1 569/1190/10
f 567/1191/7 568/1192/3 572/1193/2 571/1194/9
f 568/1192/3 566/1195/4 570/1196/1 572/1193/2
f 565/1197/8 567/1191/7 571/1194/9 569/1198/10
f 566/1195/4 565/1197/8 569/1198/10 570/1196/1
f 575/1199/7 573/1200/8 574/1201/4 576/1202/3
f 579/1203/9 580/1204/2 578/1205/1 577/1206/10
f 575/1207/7 576/1208/3 580/1209/2 579/1210/9
f 576/1208/3 574/1211/4 578/1212/1 580/1209/2
f 573/1213/8 575/1207/7 579/1210/9 577/1214/10
f 574/1211/4 573/1213/8 577/1214/10 578/1212/1
f 583/1215/7 581/1216/8 582/1217/4 584/1218/3
f 587/1219/9 588/1220/2 586/1221/1 585/1222/10
f 583/1223/7 584/1224/3 588/1225/2 587/1226/9
f 584/1224/3 582/1227/4 586/1228/1 588/1225/2
f 581/1229/8 583/1223/7 587/1226/9 585/1230/10
f 582/1227/4 581/1229/8 585/1230/10 586/1228/1
f 591/1231/7 589/1232/8 590/1233/4 592/1234/3
f 595/1235/9 596/1236/2 594/1237/1 593/1238/10
f 591/1239/7 592/1240/3 596/1241/2 595/1242/9
f 592/1240/3 590/1243/4 594/1244/1 596/1241/2
f 589/1245/8 591/1239/7 595/1242/9 593/1246/10
f 590/1243/4 589/1245/8 593/1246/10 594/1244/1
f 599/1247/7 597/1248/8 598/1249/4 600/1250/3
f 603/1251/9 604/1252/2 602/1253/1 601/1254/10
f 599/1255/7 600/1256/3 604/1257/2 603/1258/9
f 600/1256/3 598/1259/4 602/1260/1 604/1257/2
f 597/1261/8 599/1255/7 603/1258/9 601/1262/10
f 598/1259/4 597/1261/8 601/1262/10 602/1260/1
f 607/1263/7 605/1264/8 606/1265/4 608/1266/3
f 611/1267/9 612/1268/2 610/1269/1 609/1270/10
f 607/1271/7 608/1272/3 612/1273/2 611/1274/9
f 608/1272/3 606/1275/4 610/1276/1 612/1273/2
f 605/1277/8 607/1271/7 611/1274/9 609/1278/10
f 606/1275/4 605/1277/8 609/1278/10 610/1276/1
f 615/1279/7 613/1280/8 614/1281/4 616/1282/3
f 619/1283/9 620/1284/2 618/1285/1 617/1286/10
f 615/1287/7 616/1288/3 620/1289/2 619/1290/9
f 616/1288/3 614/1291/4 618/1292/1 620/1289/2
f 613/1293/8 615/1287/7 619/1290/9 617/1294/10
f 614/1291/4 613/1293/8 617/1294/10 618/1292/1
f 623/1295/7 621/1296/8 622/1297/4 624/1298/3
f 627/1299/9 628/1300/2 626/1301/1 625/1302/10
f 623/1303/7 624/1304/3 628/1305/2 627/1306/9
f 624/1304/3 622/1307/4 626/1308/1 628/1305/2
f 621/1309/8 623/1303/7 627/1306/9 625/1310/10
f 622/1307/4 621/1309/8 625/1310/10 626/1308/1
f 631/1311/7 629/1312/8 630/1313/4 632/1314/3
f 635/1315/9 636/1316/2 634/1317/1 633/1318/10
f 631/1319/7 632/1320/3 636/1321/2 635/1322/9
f 632/1320/3 630/1323/4 634/1324/1 636/1321/2
f 629/1325/8 631/1319/7 635/1322/9 633/1326/10
f 630/1323/4 629/1325/8 633/1326/10 634/1324/1
f 639/1327/8 637/1328/4 638/1329/3 640/1330/7
f 643/1331/10 644/1332/9 642/1333/2 641/1334/1
f 639/1335/8 640/1336/7 644/1337/9 643/1338/10
f 640/1336/7 638/1339/3 642/1340/2 644/1337/9
f 637/1341/4 639/1335/8 643/1338/10 641/1342/1
f 638/1339/3 637/1341/4 641/1342/1 642/1340/2
f 1627/1343/5 645/1344/4 646/1345/29 1626/1346/30
f 1629/1347/11 1628/1348/31 650/1349/32 649/1350/1
f 647/1351/8 648/1352/33 652/1353/34 651/1354/10
f 1626/1355/30 646/1356/29 650/1357/32 1628/1358/31
f 1627/1359/5 647/1351/8 651/1354/10 1629/1360/11
f 646/1356/29 645/1361/4 649/1362/1 650/1357/32
f 655/1363/8 653/1364/4 654/1365/3 656/1366/7
f 659/1367/10 660/1368/9 658/1369/2 657/1370/1
f 655/1371/8 656/1372/7 660/1373/9 659/1374/10
f 656/1372/7 654/1375/3 658/1376/2 660/1373/9
f 653/1377/4 655/1371/8 659/1374/10 657/1378/1
f 654/1375/3 653/1377/4 657/1378/1 658/1376/2
f 663/1379/7 661/1380/8 662/1381/4 664/1382/3
f 667/1383/9 668/1384/2 666/1385/1 665/1386/10
f 663/1387/7 664/1388/3 668/1389/2 667/1390/9
f 664/1388/3 662/1391/4 666/1392/1 668/1389/2
f 661/1393/8 663/1387/7 667/1390/9 665/1394/10
f 662/1391/4 661/1393/8 665/1394/10 666/1392/1
f 671/1395/7 669/1396/8 670/1397/4 672/1398/3
f 675/1399/9 676/1400/2 674/1401/1 673/1402/10
f 671/1403/7 672/1404/3 676/1405/2 675/1406/9
f 672/1404/3 670/1407/4 674/1408/1 676/1405/2
f 669/1409/8 671/1403/7 675/1406/9 673/1410/10
f 670/1407/4 669/1409/8 673/1410/10 674/1408/1
f 679/1411/7 677/1412/8 678/1413/4 680/1414/3
f 683/1415/9 684/1416/2 682/1417/1 681/1418/10
f 679/1419/7 680/1420/3 684/1421/2 683/1422/9
f 680/1420/3 678/1423/4 682/1424/1 684/1421/2
f 677/1425/8 679/1419/7 683/1422/9 681/1426/10
f 678/1423/4 677/1425/8 681/1426/10 682/1424/1
f 687/1427/7 685/1428/8 686/1429/4 688/1430/3
f 691/1431/9 692/1432/2 690/1433/1 689/1434/10
f 687/1435/7 688/1436/3 692/1437/2 691/1438/9
f 688/1436/3 686/1439/4 690/1440/1 692/1437/2
f 685/1441/8 687/1435/7 691/1438/9 689/1442/10
f 686/1439/4 685/1441/8 689/1442/10 690/1440/1
f 695/1443/7 693/1444/8 694/1445/4 696/1446/3
f 699/1447/9 700/1448/2 698/1449/1 697/1450/10
f 695/1451/7 696/1452/3 700/1453/2 699/1454/9
f 696/1452/3 694/1455/4 698/1456/1 700/1453/2
f 693/1457/8 695/1451/7 699/1454/9 697/1458/10
f 694/1455/4 693/1457/8 697/1458/10 698/1456/1
f 703/1459/7 701/1460/8 702/1461/4 704/1462/3
f 707/1463/9 708/1464/2 706/1465/1 705/1466/10
f 703/1467/7 704/1468/3 708/1469/2 707/1470/9
f 704/1468/3 702/1471/4 706/1472/1 708/1469/2
f 701/1473/8 703/1467/7 707/1470/9 705/1474/10
f 702/1471/4 701/1473/8 705/1474/10 706/1472/1
f 711/1475/7 709/1476/8 710/1477/4 712/1478/3
f 715/1479/9 716/1480/2 714/1481/1 713/1482/10
f 711/1483/7 712/1484/3 716/1485/2 715/1486/9
f 712/1484/3 710/1487/4 714/1488/1 716/1485/2
f 709/1489/8 711/1483/7 715/1486/9 713/1490/10
f 710/1487/4 709/1489/8 713/1490/10 714/1488/1
f 719/1491/7 717/1492/8 718/1493/4 720/1494/3
f 723/1495/9 724/1496/2 722/1497/1 721/1498/10
f 719/1499/7 720/1500/3 724/1501/2 723/1502/9
f 720/1503/3 718/1504/4 722/1505/1 724/1506/2
f 717/1507/8 719/1508/7 723/1509/9 721/1510/10
f 718/1511/4 717/1512/8 721/1513/10 722/1514/1
f 727/1515/7 725/1516/8 726/1517/4 728/1518/3
f 731/1519/9 732/1520/2 730/1521/1 729/1522/10
f 727/1523/7 728/1524/3 732/1525/2 731/1526/9
f 728/1527/3 726/1528/4 730/1529/1 732/1530/2
f 725/1531/8 727/1532/7 731/1533/9 729/1534/10
f 726/1535/4 725/1536/8 729/1537/10 730/1538/1
f 735/1539/7 2368/1540/21 2369/1541/35 736/1542/3
f 739/1543/9 740/1544/2 2371/1545/36 2370/1546/37
f 735/1547/7 736/1548/3 740/1549/2 739/1550/9
f 736/1551/3 2369/1552/35 2371/1553/36 740/1554/2
f 2368/1555/21 735/1556/7 739/1557/9 2370/1558/37
f 738/1559/38 734/1560/39 2373/1561/10 2375/1562/8
f 743/1563/7 741/1564/8 742/1565/4 744/1566/3
f 747/1567/9 748/1568/2 746/1569/1 745/1570/10
f 743/1571/7 744/1572/3 748/1573/2 747/1574/9
f 744/1575/3 742/1576/4 746/1577/1 748/1578/2
f 741/1579/8 743/1580/7 747/1581/9 745/1582/10
f 742/1583/4 741/1584/8 745/1585/10 746/1586/1
f 984/1587/6 983/1588/5 750/1589/4 752/1590/3
f 986/1591/12 756/1592/2 754/1593/1 985/1594/11
f 988/1595/40 963/1596/41 756/1597/2 986/1598/12
f 963/1599/41 965/1600/42 754/1601/1 756/1602/2
f 966/1603/43 964/1604/44 977/1605/10 978/1606/9
f 987/1607/45 974/1608/46 967/1609/10 985/1610/11
f 948/1611/7 947/1612/8 758/1613/4 760/1614/3
f 950/1615/9 764/1616/2 762/1617/1 949/1618/10
f 948/1619/7 760/1620/3 764/1621/2 950/1622/9
f 760/1623/3 758/1624/4 762/1625/1 764/1626/2
f 953/1627/47 954/1628/48 962/1629/48 961/1630/47
f 758/1631/4 947/1632/8 949/1633/10 762/1634/1
f 767/1635/7 989/1636/21 990/1637/35 768/1638/3
f 771/1639/9 772/1640/2 992/1641/1 991/1642/10
f 767/1643/7 768/1644/3 772/1645/2 771/1646/9
f 768/1647/3 990/1648/35 992/1649/1 772/1650/2
f 989/1651/21 767/1652/7 771/1653/9 991/1654/10
f 769/1655/49 770/1656/38 1000/1657/8 999/1658/4
f 775/1659/7 773/1660/8 774/1661/4 776/1662/3
f 779/1663/9 780/1664/2 778/1665/1 777/1666/10
f 775/1667/7 776/1668/3 780/1669/2 779/1670/9
f 776/1671/3 774/1672/4 778/1673/1 780/1674/2
f 773/1675/8 775/1676/7 779/1677/9 777/1678/10
f 774/1661/4 773/1660/8 777/1679/10 778/1680/1
f 783/1681/7 781/1682/8 782/1683/4 784/1684/3
f 787/1685/9 788/1686/2 786/1687/1 785/1688/10
f 783/1689/7 784/1690/3 788/1691/2 787/1692/9
f 784/1693/3 782/1694/4 786/1695/1 788/1696/2
f 781/1697/8 783/1698/7 787/1699/9 785/1700/10
f 782/1683/4 781/1682/8 785/1701/10 786/1702/1
f 791/1703/7 789/1704/8 1006/1705/50 1005/1706/51
f 795/1707/9 1007/1708/52 1008/1709/24 793/1710/10
f 791/1711/7 1005/1712/51 1007/1713/52 795/1714/9
f 796/1715/53 792/1716/54 1009/1717/1 1011/1718/4
f 789/1719/8 791/1720/7 795/1721/9 793/1722/10
f 1006/1723/50 789/1724/8 793/1725/10 1008/1726/24
f 810/13/11 812/1727/12 800/1728/12 798/1729/11
f 809/6/6 797/1730/6 800/1728/12 812/1727/12
f 813/1731/5 799/1732/5 798/1729/11 816/23/11
f 813/1731/5 815/15/6 797/1730/6 799/1732/5
f 805/1733/5 807/14/6 803/1734/6 801/1735/5
f 805/1733/5 801/1735/5 804/1736/11 808/11/11
f 817/24/6 803/1734/6 802/1737/12 820/1738/12
f 818/22/11 820/1738/12 802/1737/12 804/1736/11
f 3/4/4 805/1733/5 808/11/11 1/1/1
f 3/4/4 4/3/3 807/14/6 805/1733/5
f 803/1734/6 807/14/6 806/12/12 802/1737/12
f 804/1736/11 802/1737/12 806/12/12 808/11/11
f 8/7/7 809/6/6 812/1727/12 6/9/9
f 5/10/10 6/9/9 812/1727/12 810/13/11
f 799/1732/5 811/5/5 810/13/11 798/1729/11
f 799/1732/5 797/1730/6 809/6/6 811/5/5
f 9/20/5 10/16/6 815/15/6 813/1731/5
f 9/20/5 813/1731/5 816/23/11 11/21/11
f 798/1729/11 800/1728/12 814/18/12 816/23/11
f 797/1730/6 815/15/6 814/18/12 800/1728/12
f 11/21/11 12/17/12 820/1738/12 818/22/11
f 10/16/6 817/24/6 820/1738/12 12/17/12
f 801/1735/5 803/1734/6 817/24/6 819/19/5
f 801/1735/5 819/19/5 818/22/11 804/1736/11
f 823/1739/7 821/1740/8 822/1741/4 824/1742/3
f 827/1743/9 828/1744/2 826/1745/1 825/1746/10
f 823/1739/7 824/1742/3 828/1744/2 827/1743/9
f 824/1742/3 822/1741/4 826/1745/1 828/1744/2
f 821/1740/8 823/1739/7 827/1743/9 825/1746/10
f 822/1741/4 821/1740/8 825/1746/10 826/1745/1
f 837/1747/55 833/1748/56 830/1749/57 835/1750/58
f 836/1751/59 829/1752/60 833/1748/56 837/1747/55
f 831/1753/61 836/1751/59 837/1747/55 834/1754/62
f 834/1754/62 837/1747/55 835/1750/58 832/1755/63
f 846/1756/64 844/1757/65 839/1758/66 842/1759/67
f 845/1760/68 846/1756/64 842/1759/67 838/1761/69
f 840/1762/70 843/1763/71 846/1756/64 845/1760/68
f 843/1763/71 841/1764/72 844/1757/65 846/1756/64
f 830/1765/57 833/1766/56 842/1767/67 839/1768/66
f 832/1769/63 835/1770/58 844/1771/65 841/1772/72
f 834/1773/62 832/1769/63 841/1772/72 843/1774/71
f 831/1775/61 834/1773/62 843/1774/71 840/1776/70
f 835/1770/58 830/1765/57 839/1768/66 844/1771/65
f 829/1777/60 836/1778/59 845/1779/68 838/1780/69
f 833/1766/56 829/1777/60 838/1780/69 842/1767/67
f 836/1778/59 831/1775/61 840/1776/70 845/1779/68
f 855/1781/55 851/1782/56 848/1783/57 853/1784/58
f 854/1785/59 847/1786/60 851/1782/56 855/1781/55
f 849/1787/61 854/1785/59 855/1781/55 852/1788/62
f 852/1788/62 855/1781/55 853/1784/58 850/1789/63
f 864/1790/64 862/1791/65 857/1792/66 860/1793/67
f 863/1794/68 864/1790/64 860/1793/67 856/1795/69
f 858/1796/70 861/1797/71 864/1790/64 863/1794/68
f 861/1797/71 859/1798/72 862/1791/65 864/1790/64
f 848/1799/57 851/1800/56 860/1801/67 857/1802/66
f 850/1803/63 853/1804/58 862/1805/65 859/1806/72
f 852/1807/62 850/1803/63 859/1806/72 861/1808/71
f 849/1809/61 852/1807/62 861/1808/71 858/1810/70
f 853/1804/58 848/1799/57 857/1802/66 862/1805/65
f 847/1811/60 854/1812/59 863/1813/68 856/1814/69
f 851/1800/56 847/1811/60 856/1814/69 860/1801/67
f 854/1812/59 849/1809/61 858/1810/70 863/1813/68
f 876/1815/73 879/1816/74 915/1817/75 920/1818/76
f 874/1819/77 877/1820/78 913/1821/79 914/1822/80
f 880/1823/81 875/1824/82 917/1825/83 916/1826/84
f 877/1820/78 873/1827/85 919/1828/86 913/1821/79
f 866/1829/87 869/1830/88 877/1820/78 874/1819/77
f 868/1831/89 871/1832/55 879/1816/74 876/1815/73
f 870/1833/90 868/1831/89 876/1815/73 878/1834/91
f 867/1835/92 870/1833/90 878/1834/91 875/1824/82
f 871/1832/55 866/1829/87 874/1819/77 879/1816/74
f 865/1836/93 872/1837/64 880/1823/81 873/1827/85
f 869/1830/88 865/1836/93 873/1827/85 877/1820/78
f 872/1837/64 867/1835/92 875/1824/82 880/1823/81
f 886/1838/94 882/1839/95 928/1840/96 922/1841/97
f 885/1842/98 888/1843/99 925/1844/100 929/1845/101
f 888/1843/99 883/1846/102 926/1847/103 925/1844/100
f 884/1848/104 887/1849/105 923/1850/106 927/1851/107
f 878/1834/91 876/1815/73 920/1818/76 918/1852/108
f 875/1824/82 878/1834/91 918/1852/108 917/1825/83
f 879/1816/74 874/1819/77 914/1822/80 915/1817/75
f 873/1827/85 880/1823/81 916/1826/84 919/1828/86
f 900/1853/109 903/1854/110 932/1855/111 937/1856/112
f 898/1857/113 901/1858/114 930/1859/115 931/1860/116
f 904/1861/117 899/1862/118 934/1863/119 933/1864/120
f 901/1858/114 897/1865/121 936/1866/122 930/1859/115
f 890/1867/87 893/1868/88 901/1858/114 898/1857/113
f 892/1869/89 895/1870/55 903/1854/110 900/1853/109
f 894/1871/90 892/1869/89 900/1853/109 902/1872/123
f 891/1873/92 894/1871/90 902/1872/123 899/1862/118
f 895/1870/55 890/1867/87 898/1857/113 903/1854/110
f 881/1874/93 896/1875/64 904/1861/117 897/1865/121
f 893/1868/88 881/1874/93 897/1865/121 901/1858/114
f 896/1875/64 891/1873/92 899/1862/118 904/1861/117
f 910/1876/105 908/1877/98 946/1878/101 940/1879/106
f 905/1880/95 912/1881/124 941/1882/125 945/1883/96
f 906/1884/102 909/1885/94 939/1886/97 943/1887/103
f 912/1881/124 907/1888/104 944/1889/107 941/1882/125
f 902/1872/123 900/1853/109 937/1856/112 935/1890/126
f 899/1862/118 902/1872/123 935/1890/126 934/1863/119
f 903/1854/110 898/1857/113 931/1860/116 932/1855/111
f 897/1865/121 904/1861/117 933/1864/120 936/1866/122
f 886/1891/94 883/1892/102 914/1893/80 913/1894/79
f 883/1892/102 888/1895/99 915/1896/75 914/1893/80
f 884/1897/104 889/1898/124 916/1899/84 917/1900/83
f 887/1901/105 884/1897/104 917/1900/83 918/1902/108
f 882/1903/95 886/1891/94 913/1894/79 919/1904/86
f 885/1905/98 887/1901/105 918/1902/108 920/1906/76
f 888/1895/99 885/1905/98 920/1906/76 915/1896/75
f 889/1898/124 882/1903/95 919/1904/86 916/1899/84
f 921/1907/40 925/1844/100 926/1847/103 922/1841/97
f 924/1908/125 921/1907/40 922/1841/97 928/1840/96
f 927/1851/107 923/1850/106 921/1907/40 924/1908/125
f 923/1850/106 929/1845/101 925/1844/100 921/1907/40
f 889/1909/124 884/1848/104 927/1851/107 924/1908/125
f 883/1846/102 886/1838/94 922/1841/97 926/1847/103
f 882/1839/95 889/1909/124 924/1908/125 928/1840/96
f 887/1849/105 885/1842/98 929/1845/101 923/1850/106
f 909/1885/94 906/1884/102 931/1860/116 930/1859/115
f 906/1884/102 911/1910/99 932/1855/111 931/1860/116
f 907/1888/104 912/1881/124 933/1864/120 934/1863/119
f 910/1876/105 907/1888/104 934/1863/119 935/1890/126
f 905/1880/95 909/1885/94 930/1859/115 936/1866/122
f 908/1877/98 910/1876/105 935/1890/126 937/1856/112
f 911/1910/99 908/1877/98 937/1856/112 932/1855/111
f 912/1881/124 905/1880/95 936/1866/122 933/1864/120
f 938/1911/40 942/1912/100 943/1913/103 939/1914/97
f 941/1915/125 938/1911/40 939/1914/97 945/1916/96
f 944/1917/107 940/1918/106 938/1911/40 941/1915/125
f 940/1918/106 946/1919/101 942/1912/100 938/1911/40
f 907/1888/104 910/1876/105 940/1879/106 944/1889/107
f 911/1910/99 906/1884/102 943/1887/103 942/1920/100
f 908/1877/98 911/1910/99 942/1920/100 946/1878/101
f 909/1885/94 905/1880/95 945/1883/96 939/1886/97
f 759/1921/44 952/1922/127 954/1628/48 953/1627/47 951/1923/128 757/1924/43 947/1925/8 948/1926/7
f 761/1927/129 763/1928/130 950/1929/9 949/1930/10
f 763/1928/130 759/1921/44 948/1926/7 950/1929/9
f 757/1924/43 761/1927/129 949/1930/10 947/1925/8
f 959/1931/9 960/1932/131 955/1933/132 956/1934/10 958/1935/8 957/1936/7
f 759/1921/44 763/1928/130 958/1937/8 956/1938/10
f 960/1932/131 961/1939/47 962/1940/48 955/1933/132
f 952/1922/127 759/1921/44 956/1938/10 955/1941/132
f 761/1927/129 757/1924/43 959/1942/9 957/1943/7
f 954/1628/48 952/1922/127 955/1941/132 962/1629/48
f 763/1928/130 761/1927/129 957/1943/7 958/1937/8
f 951/1923/128 953/1627/47 961/1630/47 960/1944/131
f 757/1924/43 951/1923/128 960/1944/131 959/1942/9
f 983/1945/5 971/1946/8 974/1608/46 987/1607/45
f 751/1947/44 969/1948/130 981/1949/8 980/1950/10
f 752/1951/3 750/1952/4 965/1600/42 963/1599/41
f 984/1953/6 752/1954/3 963/1596/41 988/1595/40
f 753/1955/129 755/1956/130 968/1957/9 967/1958/10
f 755/1956/130 964/1604/44 973/1959/133 968/1957/9
f 966/1603/43 753/1955/129 967/1958/10 974/1960/46
f 964/1604/44 966/1603/43 974/1960/46 973/1959/133
f 751/1947/44 749/1961/43 971/1962/8 972/1963/7
f 969/1948/130 751/1947/44 972/1963/7 973/1959/133
f 749/1961/43 970/1964/129 974/1960/46 971/1962/8
f 970/1964/129 969/1948/130 973/1959/133 974/1960/46
f 978/1965/9 977/1966/10 976/1967/8 975/1968/7
f 979/1969/9 980/1970/10 981/1971/8 982/1972/7
f 964/1604/44 755/1956/130 976/1973/8 977/1605/10
f 970/1964/129 749/1961/43 979/1974/9 982/1975/7
f 749/1961/43 751/1947/44 980/1950/10 979/1974/9
f 753/1955/129 966/1603/43 978/1606/9 975/1976/7
f 969/1948/130 970/1964/129 982/1975/7 981/1949/8
f 755/1956/130 753/1955/129 975/1976/7 976/1973/8
f 972/1977/7 984/1953/6 988/1595/40 973/1978/133
f 750/1979/4 983/1945/5 987/1607/45 965/1980/42
f 965/1980/42 987/1607/45 985/1610/11 754/1981/1
f 973/1978/133 988/1595/40 986/1598/12 968/1982/9
f 968/1983/9 986/1591/12 985/1594/11 967/1984/10
f 972/1985/7 971/1986/8 983/1588/5 984/1587/6
f 765/1987/134 993/1988/135 996/1989/136 995/1990/137 994/1991/138 766/1992/39 990/1993/35 989/1994/21
f 770/1656/38 769/1655/49 991/1995/10 992/1996/1
f 766/1992/39 770/1656/38 992/1996/1 990/1993/35
f 769/1655/49 765/1987/134 989/1994/21 991/1995/10
f 998/1997/10 997/1998/139 1002/1999/140 1001/2000/1 999/2001/4 1000/2002/8
f 996/1989/136 993/1988/135 1002/2003/140 1004/2004/136
f 997/1998/139 1003/2005/137 1004/2006/136 1002/1999/140
f 994/1991/138 995/1990/137 1003/2007/137 997/2008/139
f 993/1988/135 765/1987/134 1001/2009/1 1002/2003/140
f 770/1656/38 766/1992/39 998/2010/10 1000/1657/8
f 995/1990/137 996/1989/136 1004/2004/136 1003/2007/137
f 766/1992/39 994/1991/138 997/2008/139 998/2010/10
f 765/1987/134 769/1655/49 999/1658/4 1001/2009/1
f 790/2011/141 792/1716/54 1005/2012/51 1006/2013/50
f 796/1715/53 794/2014/142 1008/2015/24 1007/2016/52
f 792/1716/54 796/1715/53 1007/2016/52 1005/2012/51
f 794/2014/142 790/2011/141 1006/2013/50 1008/2015/24
f 1009/2017/1 1010/2018/2 1012/2019/3 1011/2020/4
f 792/1716/54 790/2011/141 1010/2021/2 1009/1717/1
f 790/2011/141 794/2014/142 1012/2022/3 1010/2021/2
f 794/2014/142 796/1715/53 1011/1718/4 1012/2022/3
f 1013/2023/7 1015/2024/9 1016/2025/10 1014/2026/8
f 1017/2027/3 1018/2028/4 1020/2029/1 1019/2030/2
f 1015/2024/9 1013/2023/7 1017/2031/3 1019/2032/2
f 1013/2033/7 1014/2034/8 1018/2028/4 1017/2027/3
f 1014/2026/8 1016/2025/10 1020/2035/1 1018/2036/4
f 1016/2037/10 1015/2038/9 1019/2030/2 1020/2029/1
f 1024/2039/1 1023/2040/2 1021/2041/3 1022/2042/4
f 1022/2042/4 1021/2041/3 1028/2043/7 1027/2044/8
f 1027/2044/8 1028/2043/7 1026/2045/9 1025/2046/10
f 1025/2046/10 1026/2045/9 1023/2047/2 1024/2048/1
f 1022/2049/4 1027/2044/8 1025/2046/10 1024/2050/1
f 1028/2043/7 1021/2051/3 1023/2052/2 1026/2045/9
f 1032/2053/1 1031/2054/2 1029/2055/3 1030/2056/4
f 1030/2056/4 1029/2055/3 1036/2057/7 1035/2058/8
f 1035/2058/8 1036/2057/7 1034/2059/9 1033/2060/10
f 1033/2060/10 1034/2059/9 1031/2061/2 1032/2062/1
f 1030/2063/4 1035/2058/8 1033/2060/10 1032/2064/1
f 1036/2057/7 1029/2065/3 1031/2066/2 1034/2059/9
f 1040/2067/1 1039/2068/2 1037/2069/3 1038/2070/4
f 1038/2070/4 1037/2069/3 1044/2071/7 1043/2072/8
f 1043/2072/8 1044/2071/7 1042/2073/9 1041/2074/10
f 1041/2074/10 1042/2073/9 1039/2075/2 1040/2076/1
f 1038/2077/4 1043/2072/8 1041/2074/10 1040/2078/1
f 1044/2071/7 1037/2079/3 1039/2080/2 1042/2073/9
f 1048/2081/1 1047/2082/2 1045/2083/3 1046/2084/4
f 1046/2084/4 1045/2083/3 1052/2085/7 1051/2086/8
f 1051/2086/8 1052/2085/7 1050/2087/9 1049/2088/10
f 1049/2088/10 1050/2087/9 1047/2089/2 1048/2090/1
f 1046/2091/4 1051/2086/8 1049/2088/10 1048/2092/1
f 1052/2085/7 1045/2093/3 1047/2094/2 1050/2087/9
f 1056/2095/1 1055/2096/2 1053/2097/3 1054/2098/4
f 1054/2098/4 1053/2097/3 1060/2099/7 1059/2100/8
f 1059/2100/8 1060/2099/7 1058/2101/9 1057/2102/10
f 1057/2102/10 1058/2101/9 1055/2103/2 1056/2104/1
f 1054/2105/4 1059/2100/8 1057/2102/10 1056/2106/1
f 1060/2099/7 1053/2107/3 1055/2108/2 1058/2101/9
f 1064/2109/1 1063/2110/2 1061/2111/3 1062/2112/4
f 1062/2112/4 1061/2111/3 1068/2113/7 1067/2114/8
f 1067/2114/8 1068/2113/7 1066/2115/9 1065/2116/10
f 1065/2116/10 1066/2115/9 1063/2117/2 1064/2118/1
f 1062/2119/4 1067/2114/8 1065/2116/10 1064/2120/1
f 1068/2113/7 1061/2121/3 1063/2122/2 1066/2115/9
f 1072/2123/1 1071/2124/2 1069/2125/3 1070/2126/4
f 1070/2126/4 1069/2125/3 1076/2127/7 1075/2128/8
f 1075/2128/8 1076/2127/7 1074/2129/9 1073/2130/10
f 1073/2130/10 1074/2129/9 1071/2131/2 1072/2132/1
f 1070/2133/4 1075/2128/8 1073/2130/10 1072/2134/1
f 1076/2127/7 1069/2135/3 1071/2136/2 1074/2129/9
f 1080/2137/1 1079/2138/2 1077/2139/3 1078/2140/4
f 1078/2140/4 1077/2139/3 1084/2141/7 1083/2142/8
f 1083/2142/8 1084/2141/7 1082/2143/9 1081/2144/10
f 1081/2144/10 1082/2143/9 1079/2145/2 1080/2146/1
f 1078/2147/4 1083/2142/8 1081/2144/10 1080/2148/1
f 1084/2141/7 1077/2149/3 1079/2150/2 1082/2143/9
f 1088/2151/1 1087/2152/2 1085/2153/3 1086/2154/4
f 1086/2154/4 1085/2153/3 1092/2155/7 1091/2156/8
f 1091/2156/8 1092/2155/7 1090/2157/9 1089/2158/10
f 1089/2158/10 1090/2157/9 1087/2159/2 1088/2160/1
f 1086/2161/4 1091/2156/8 1089/2158/10 1088/2162/1
f 1092/2155/7 1085/2163/3 1087/2164/2 1090/2157/9
f 1096/2165/1 1095/2166/2 1093/2167/3 1094/2168/4
f 1094/2168/4 1093/2167/3 1100/2169/7 1099/2170/8
f 1099/2170/8 1100/2169/7 1098/2171/9 1097/2172/10
f 1097/2172/10 1098/2171/9 1095/2173/2 1096/2174/1
f 1094/2175/4 1099/2170/8 1097/2172/10 1096/2176/1
f 1100/2169/7 1093/2177/3 1095/2178/2 1098/2171/9
f 1104/2179/1 1103/2180/2 1101/2181/3 1102/2182/4
f 1102/2182/4 1101/2181/3 1108/2183/7 1107/2184/8
f 1107/2184/8 1108/2183/7 1106/2185/9 1105/2186/10
f 1105/2186/10 1106/2185/9 1103/2187/2 1104/2188/1
f 1102/2189/4 1107/2184/8 1105/2186/10 1104/2190/1
f 1108/2183/7 1101/2191/3 1103/2192/2 1106/2185/9
f 1112/2193/1 1111/2194/2 1109/2195/3 1110/2196/4
f 1110/2196/4 1109/2195/3 1116/2197/7 1115/2198/8
f 1115/2198/8 1116/2197/7 1114/2199/9 1113/2200/10
f 1113/2200/10 1114/2199/9 1111/2201/2 1112/2202/1
f 1110/2203/4 1115/2198/8 1113/2200/10 1112/2204/1
f 1116/2197/7 1109/2205/3 1111/2206/2 1114/2199/9
f 1120/2207/1 1119/2208/2 1117/2209/3 1118/2210/4
f 1118/2210/4 1117/2209/3 1124/2211/7 1123/2212/8
f 1123/2212/8 1124/2211/7 1122/2213/9 1121/2214/10
f 1121/2214/10 1122/2213/9 1119/2215/2 1120/2216/1
f 1118/2217/4 1123/2212/8 1121/2214/10 1120/2218/1
f 1124/2211/7 1117/2219/3 1119/2220/2 1122/2213/9
f 1128/2221/1 1127/2222/2 1125/2223/3 1126/2224/4
f 1126/2224/4 1125/2223/3 1132/2225/7 1131/2226/8
f 1131/2226/8 1132/2225/7 1130/2227/9 1129/2228/10
f 1129/2228/10 1130/2227/9 1127/2229/2 1128/2230/1
f 1126/2231/4 1131/2226/8 1129/2228/10 1128/2232/1
f 1132/2225/7 1125/2233/3 1127/2234/2 1130/2227/9
f 1136/2235/1 1135/2236/2 1133/2237/3 1134/2238/4
f 1134/2238/4 1133/2237/3 1140/2239/7 1139/2240/8
f 1139/2240/8 1140/2239/7 1138/2241/9 1137/2242/10
f 1137/2242/10 1138/2241/9 1135/2243/2 1136/2244/1
f 1134/2245/4 1139/2240/8 1137/2242/10 1136/2246/1
f 1140/2239/7 1133/2247/3 1135/2248/2 1138/2241/9
f 1144/2249/1 1143/2250/2 1141/2251/3 1142/2252/4
f 1142/2252/4 1141/2251/3 1148/2253/7 1147/2254/8
f 1147/2254/8 1148/2253/7 1146/2255/9 1145/2256/10
f 1145/2256/10 1146/2255/9 1143/2257/2 1144/2258/1
f 1142/2259/4 1147/2254/8 1145/2256/10 1144/2260/1
f 1148/2253/7 1141/2261/3 1143/2262/2 1146/2255/9
f 1152/2263/1 1151/2264/2 1149/2265/3 1150/2266/4
f 1150/2266/4 1149/2265/3 1156/2267/7 1155/2268/8
f 1155/2268/8 1156/2267/7 1154/2269/9 1153/2270/10
f 1153/2270/10 1154/2269/9 1151/2271/2 1152/2272/1
f 1150/2273/4 1155/2268/8 1153/2270/10 1152/2274/1
f 1156/2267/7 1149/2275/3 1151/2276/2 1154/2269/9
f 1160/2277/1 1159/2278/2 1157/2279/3 1158/2280/4
f 1158/2280/4 1157/2279/3 1164/2281/7 1163/2282/8
f 1163/2282/8 1164/2281/7 1162/2283/9 1161/2284/10
f 1161/2284/10 1162/2283/9 1159/2285/2 1160/2286/1
f 1158/2287/4 1163/2282/8 1161/2284/10 1160/2288/1
f 1164/2281/7 1157/2289/3 1159/2290/2 1162/2283/9
f 1168/2291/1 1167/2292/2 1165/2293/3 1166/2294/4
f 1166/2294/4 1165/2293/3 1172/2295/7 1171/2296/8
f 1171/2296/8 1172/2295/7 1170/2297/9 1169/2298/10
f 1169/2298/10 1170/2297/9 1167/2299/2 1168/2300/1
f 1166/2301/4 1171/2296/8 1169/2298/10 1168/2302/1
f 1172/2295/7 1165/2303/3 1167/2304/2 1170/2297/9
f 1176/2305/1 1175/2306/2 1173/2307/3 1174/2308/4
f 1174/2308/4 1173/2307/3 1180/2309/7 1179/2310/8
f 1179/2310/8 1180/2309/7 1178/2311/9 1177/2312/10
f 1177/2312/10 1178/2311/9 1175/2313/2 1176/2314/1
f 1174/2315/4 1179/2310/8 1177/2312/10 1176/2316/1
f 1180/2309/7 1173/2317/3 1175/2318/2 1178/2311/9
f 1184/2319/1 1183/2320/2 1181/2321/3 1182/2322/4
f 1182/2322/4 1181/2321/3 1188/2323/7 1187/2324/8
f 1187/2324/8 1188/2323/7 1186/2325/9 1185/2326/10
f 1185/2326/10 1186/2325/9 1183/2327/2 1184/2328/1
f 1182/2329/4 1187/2324/8 1185/2326/10 1184/2330/1
f 1188/2323/7 1181/2331/3 1183/2332/2 1186/2325/9
f 1192/2333/1 1191/2334/2 1189/2335/3 1190/2336/4
f 1190/2336/4 1189/2335/3 1196/2337/7 1195/2338/8
f 1195/2338/8 1196/2337/7 1194/2339/9 1193/2340/10
f 1193/2340/10 1194/2339/9 1191/2341/2 1192/2342/1
f 1190/2343/4 1195/2338/8 1193/2340/10 1192/2344/1
f 1196/2337/7 1189/2345/3 1191/2346/2 1194/2339/9
f 1200/2347/1 1199/2348/2 1197/2349/3 1198/2350/4
f 1198/2350/4 1197/2349/3 1204/2351/7 1203/2352/8
f 1203/2352/8 1204/2351/7 1202/2353/9 1201/2354/10
f 1201/2354/10 1202/2353/9 1199/2355/2 1200/2356/1
f 1198/2357/4 1203/2352/8 1201/2354/10 1200/2358/1
f 1204/2351/7 1197/2359/3 1199/2360/2 1202/2353/9
f 1208/2361/1 1207/2362/2 1205/2363/3 1206/2364/4
f 1206/2364/4 1205/2363/3 1212/2365/7 1211/2366/8
f 1211/2366/8 1212/2365/7 1210/2367/9 1209/2368/10
f 1209/2368/10 1210/2367/9 1207/2369/2 1208/2370/1
f 1206/2371/4 1211/2366/8 1209/2368/10 1208/2372/1
f 1212/2365/7 1205/2373/3 1207/2374/2 1210/2367/9
f 1216/2375/1 1215/2376/2 1213/2377/3 1214/2378/4
f 1214/2378/4 1213/2377/3 1220/2379/7 1219/2380/8
f 1219/2380/8 1220/2379/7 1218/2381/9 1217/2382/10
f 1217/2382/10 1218/2381/9 1215/2383/2 1216/2384/1
f 1214/2385/4 1219/2380/8 1217/2382/10 1216/2386/1
f 1220/2379/7 1213/2387/3 1215/2388/2 1218/2381/9
f 1224/2389/1 1223/2390/2 1221/2391/3 1222/2392/4
f 1222/2392/4 1221/2391/3 1228/2393/7 1227/2394/8
f 1227/2394/8 1228/2393/7 1226/2395/9 1225/2396/10
f 1225/2396/10 1226/2395/9 1223/2397/2 1224/2398/1
f 1222/2399/4 1227/2394/8 1225/2396/10 1224/2400/1
f 1228/2393/7 1221/2401/3 1223/2402/2 1226/2395/9
f 1232/2403/1 1231/2404/2 1229/2405/3 1230/2406/4
f 1230/2406/4 1229/2405/3 1236/2407/7 1235/2408/8
f 1235/2408/8 1236/2407/7 1234/2409/9 1233/2410/10
f 1233/2410/10 1234/2409/9 1231/2411/2 1232/2412/1
f 1230/2413/4 1235/2408/8 1233/2410/10 1232/2414/1
f 1236/2407/7 1229/2415/3 1231/2416/2 1234/2409/9
f 1240/2417/1 1239/2418/2 1237/2419/3 1238/2420/4
f 1238/2420/4 1237/2419/3 1244/2421/7 1243/2422/8
f 1243/2422/8 1244/2421/7 1242/2423/9 1241/2424/10
f 1241/2424/10 1242/2423/9 1239/2425/2 1240/2426/1
f 1238/2427/4 1243/2422/8 1241/2424/10 1240/2428/1
f 1244/2421/7 1237/2429/3 1239/2430/2 1242/2423/9
f 1248/2431/1 1247/2432/2 1245/2433/3 1246/2434/4
f 1246/2434/4 1245/2433/3 1252/2435/7 1251/2436/8
f 1251/2436/8 1252/2435/7 1250/2437/9 1249/2438/10
f 1249/2438/10 1250/2437/9 1247/2439/2 1248/2440/1
f 1246/2441/4 1251/2436/8 1249/2438/10 1248/2442/1
f 1252/2435/7 1245/2443/3 1247/2444/2 1250/2437/9
f 1256/2445/1 1255/2446/2 1253/2447/3 1254/2448/4
f 1254/2448/4 1253/2447/3 1260/2449/7 1259/2450/8
f 1259/2450/8 1260/2449/7 1258/2451/9 1257/2452/10
f 1257/2452/10 1258/2451/9 1255/2453/2 1256/2454/1
f 1254/2455/4 1259/2450/8 1257/2452/10 1256/2456/1
f 1260/2449/7 1253/2457/3 1255/2458/2 1258/2451/9
f 1264/2459/1 1263/2460/2 1261/2461/3 1262/2462/4
f 1262/2462/4 1261/2461/3 1268/2463/7 1267/2464/8
f 1267/2464/8 1268/2463/7 1266/2465/9 1265/2466/10
f 1265/2466/10 1266/2465/9 1263/2467/2 1264/2468/1
f 1262/2469/4 1267/2464/8 1265/2466/10 1264/2470/1
f 1268/2463/7 1261/2471/3 1263/2472/2 1266/2465/9
f 1272/2473/1 1271/2474/2 1269/2475/3 1270/2476/4
f 1270/2476/4 1269/2475/3 1276/2477/7 1275/2478/8
f 1275/2478/8 1276/2477/7 1274/2479/9 1273/2480/10
f 1273/2480/10 1274/2479/9 1271/2481/2 1272/2482/1
f 1270/2483/4 1275/2478/8 1273/2480/10 1272/2484/1
f 1276/2477/7 1269/2485/3 1271/2486/2 1274/2479/9
f 1280/2487/1 1279/2488/2 1277/2489/3 1278/2490/4
f 1278/2490/4 1277/2489/3 1284/2491/7 1283/2492/8
f 1283/2492/8 1284/2491/7 1282/2493/9 1281/2494/10
f 1281/2494/10 1282/2493/9 1279/2495/2 1280/2496/1
f 1278/2497/4 1283/2492/8 1281/2494/10 1280/2498/1
f 1284/2491/7 1277/2499/3 1279/2500/2 1282/2493/9
f 1288/2501/1 1287/2502/2 1285/2503/3 1286/2504/4
f 1286/2504/4 1285/2503/3 1292/2505/7 1291/2506/8
f 1291/2506/8 1292/2505/7 1290/2507/9 1289/2508/10
f 1289/2508/10 1290/2507/9 1287/2509/2 1288/2510/1
f 1286/2511/4 1291/2506/8 1289/2508/10 1288/2512/1
f 1292/2505/7 1285/2513/3 1287/2514/2 1290/2507/9
f 1301/2515/143 1297/2516/143 1294/2517/144 1299/2518/144
f 1300/2519/64 1296/2520/64 1297/2516/143 1301/2515/143
f 1295/2521/64 1300/2519/64 1301/2515/143 1298/2522/143
f 1298/2522/143 1301/2515/143 1299/2518/144 1293/2523/144
f 1310/2524/145 1306/2525/145 1303/2526/146 1308/2527/146
f 1309/2528/55 1305/2529/55 1306/2525/145 1310/2524/145
f 1304/2530/55 1309/2528/55 1310/2524/145 1307/2531/145
f 1307/2531/145 1310/2524/145 1308/2527/146 1302/2532/146
f 1313/2533/9 1311/2534/2 1312/2535/1 1314/2536/10
f 1317/2537/7 1318/2538/8 1316/2539/4 1315/2540/3
f 1313/2541/9 1314/2542/10 1318/2543/8 1317/2544/7
f 1314/2545/10 1312/2546/1 1316/2547/4 1318/2548/8
f 1311/2549/2 1313/2550/9 1317/2551/7 1315/2552/3
f 1312/2553/1 1311/2554/2 1315/2555/3 1316/2556/4
f 1327/2557/145 1323/2558/145 1320/2559/146 1325/2560/146
f 1326/2561/55 1322/2562/55 1323/2558/145 1327/2557/145
f 1321/2563/55 1326/2561/55 1327/2557/145 1324/2564/145
f 1324/2564/145 1327/2557/145 1325/2560/146 1319/2565/146
f 1336/2566/143 1332/2567/143 1329/2568/144 1334/2569/144
f 1335/2570/64 1331/2571/64 1332/2567/143 1336/2566/143
f 1330/2572/64 1335/2570/64 1336/2566/143 1333/2573/143
f 1333/2573/143 1336/2566/143 1334/2569/144 1328/2574/144
f 1339/2575/64 1341/2576/64 1340/2577/147 1342/2578/147
f 1342/2578/147 1340/2577/147 1338/2579/148 1337/2580/148
f 1341/2576/64 1344/2581/64 1345/2582/147 1340/2577/147
f 1340/2577/147 1345/2582/147 1343/2583/148 1338/2579/148
f 1348/2584/64 1350/2585/64 1349/2586/149 1351/2587/149
f 1351/2587/149 1349/2586/149 1347/2588/150 1346/2589/150
f 1354/2590/64 1356/2591/64 1355/2592/151 1357/2593/151
f 1357/2593/151 1355/2592/151 1353/2594/152 1352/2595/152
f 1360/2596/55 1362/2597/55 1361/2598/153 1363/2599/153
f 1363/2599/153 1361/2598/153 1359/2600/154 1358/2601/154
f 1366/2602/64 1368/2603/64 1367/2604/151 1369/2605/151
f 1369/2605/151 1367/2604/151 1365/2606/152 1364/2607/152
f 1372/2608/55 1374/2609/55 1373/2610/153 1375/2611/153
f 1375/2611/153 1373/2610/153 1371/2612/154 1370/2613/154
f 1384/2614/155 1376/2615/155 1377/2616/156 1379/2617/156
f 1381/2618/55 1378/2619/55 1376/2615/155 1384/2614/155
f 1378/2619/55 1383/2620/55 1382/2621/155 1376/2615/155
f 1376/2615/155 1382/2621/155 1380/2622/156 1377/2616/156
f 1393/2623/157 1385/2624/157 1386/2625/158 1388/2626/158
f 1390/2627/64 1387/2628/64 1385/2624/157 1393/2623/157
f 1387/2628/64 1392/2629/64 1391/2630/157 1385/2624/157
f 1385/2624/157 1391/2630/157 1389/2631/158 1386/2625/158
f 1402/2632/159 1394/2633/159 1395/2634/160 1397/2635/160
f 1399/2636/55 1396/2637/55 1394/2633/159 1402/2632/159
f 1396/2637/55 1401/2638/55 1400/2639/159 1394/2633/159
f 1394/2633/159 1400/2639/159 1398/2640/160 1395/2634/160
f 1411/2641/161 1403/2642/161 1404/2643/162 1406/2644/162
f 1408/2645/64 1405/2646/64 1403/2642/161 1411/2641/161
f 1405/2646/64 1410/2647/64 1409/2648/161 1403/2642/161
f 1403/2642/161 1409/2648/161 1407/2649/162 1404/2643/162
f 1414/2650/64 1416/2651/64 1415/2652/163 1417/2653/163
f 1417/2653/163 1415/2652/163 1413/2654/164 1412/2655/164
f 1420/2656/64 1422/2657/64 1421/2658/163 1423/2659/163
f 1423/2659/163 1421/2658/163 1419/2660/164 1418/2661/164
f 1426/2662/64 1428/2663/64 1427/2664/163 1429/2665/163
f 1429/2665/163 1427/2664/163 1425/2666/164 1424/2667/164
f 1432/2668/55 1434/2669/55 1433/2670/165 1435/2671/165
f 1435/2671/165 1433/2670/165 1431/2672/166 1430/2673/166
f 1438/2674/55 1440/2675/55 1439/2676/165 1441/2677/165
f 1441/2677/165 1439/2676/165 1437/2678/166 1436/2679/166
f 1444/2680/55 1446/2681/55 1445/2682/165 1447/2683/165
f 1447/2683/165 1445/2682/165 1443/2684/166 1442/2685/166
f 1450/2686/64 1452/2687/64 1451/2688/163 1453/2689/163
f 1453/2689/163 1451/2688/163 1449/2690/164 1448/2691/164
f 1456/2692/55 1458/2693/55 1457/2694/165 1459/2695/165
f 1459/2695/165 1457/2694/165 1455/2696/166 1454/2697/166
f 1462/2698/55 1464/2699/55 1463/2700/165 1465/2701/165
f 1465/2701/165 1463/2700/165 1461/2702/166 1460/2703/166
f 1468/2704/55 1470/2705/55 1469/2706/165 1471/2707/165
f 1471/2707/165 1469/2706/165 1467/2708/166 1466/2709/166
f 1474/2710/55 1476/2711/55 1475/2712/165 1477/2713/165
f 1477/2713/165 1475/2712/165 1473/2714/166 1472/2715/166
f 1480/2716/55 1482/2717/55 1481/2718/165 1483/2719/165
f 1483/2719/165 1481/2718/165 1479/2720/166 1478/2721/166
f 1486/2722/64 1488/2723/64 1487/2724/167 1489/2725/167
f 1489/2725/167 1487/2724/167 1485/2726/168 1484/2727/168
f 1492/2728/64 1494/2729/64 1493/2730/163 1495/2731/163
f 1495/2731/163 1493/2730/163 1491/2732/164 1490/2733/164
f 1498/2734/64 1500/2735/64 1499/2736/163 1501/2737/163
f 1501/2737/163 1499/2736/163 1497/2738/164 1496/2739/164
f 1504/2740/55 1506/2741/55 1505/2742/165 1507/2743/165
f 1507/2743/165 1505/2742/165 1503/2744/166 1502/2745/166
f 1510/2746/55 1512/2747/55 1511/2748/165 1513/2749/165
f 1513/2749/165 1511/2748/165 1509/2750/166 1508/2751/166
f 1516/2752/55 1518/2753/55 1517/2754/165 1519/2755/165
f 1519/2755/165 1517/2754/165 1515/2756/166 1514/2757/166
f 1522/2758/55 1524/2759/55 1523/2760/169 1525/2761/169
f 1525/2761/169 1523/2760/169 1521/2762/170 1520/2763/170
f 1528/2764/55 1530/2765/55 1529/2766/169 1531/2767/169
f 1531/2767/169 1529/2766/169 1527/2768/170 1526/2769/170
f 1532/2770/55 1534/2771/55 1533/2772/55 1535/2773/55
f 1538/2774/64 1540/2775/64 1539/2776/171 1541/2777/171
f 1541/2777/171 1539/2776/171 1537/2778/172 1536/2779/172
f 1544/2780/55 1546/2781/55 1545/2782/173 1547/2783/173
f 1547/2783/173 1545/2782/173 1543/2784/174 1542/2785/174
f 1550/2786/55 1552/2787/55 1551/2788/173 1553/2789/173
f 1553/2789/173 1551/2788/173 1549/2790/174 1548/2791/174
f 1556/2792/64 1558/2793/64 1557/2794/175 1559/2795/175
f 1559/2795/175 1557/2794/175 1555/2796/176 1554/2797/176
f 1562/2798/55 1564/2799/55 1563/2800/177 1565/2801/177
f 1565/2801/177 1563/2800/177 1561/2802/178 1560/2803/178
f 1568/2804/64 1570/2805/64 1569/2806/175 1571/2807/175
f 1571/2807/175 1569/2806/175 1567/2808/176 1566/2809/176
f 1574/2810/55 1576/2811/55 1575/2812/177 1577/2813/177
f 1577/2813/177 1575/2812/177 1573/2814/178 1572/2815/178
f 1580/2816/64 1582/2817/64 1581/2818/175 1583/2819/175
f 1583/2819/175 1581/2818/175 1579/2820/176 1578/2821/176
f 1586/2822/55 1588/2823/55 1587/2824/177 1589/2825/177
f 1589/2825/177 1587/2824/177 1585/2826/178 1584/2827/178
f 1592/2828/64 1594/2829/64 1593/2830/175 1595/2831/175
f 1595/2831/175 1593/2830/175 1591/2832/176 1590/2833/176
f 1598/2834/55 1600/2835/55 1599/2836/177 1601/2837/177
f 1601/2837/177 1599/2836/177 1597/2838/178 1596/2839/178
f 1604/2840/64 1606/2841/64 1605/2842/175 1607/2843/175
f 1607/2843/175 1605/2842/175 1603/2844/176 1602/2845/176
f 1610/2846/55 1612/2847/55 1611/2848/177 1613/2849/177
f 1613/2849/177 1611/2848/177 1609/2850/178 1608/2851/178
f 1616/2852/64 1618/2853/64 1617/2854/175 1619/2855/175
f 1619/2855/175 1617/2854/175 1615/2856/176 1614/2857/176
f 1622/2858/64 1624/2859/64 1623/2860/179 1625/2861/179
f 1625/2861/179 1623/2860/179 1621/2862/180 1620/2863/180
f 645/1361/4 1627/1359/5 1629/1360/11 649/1362/1
f 648/1352/33 1626/1355/30 1628/1358/31 652/1353/34
f 651/2864/10 652/2865/34 1628/1348/31 1629/1347/11
f 647/2866/8 1627/1343/5 1626/1346/30 648/2867/33
f 1632/2868/55 1634/2869/55 1633/2870/181 1635/2871/181
f 1635/2871/181 1633/2870/181 1631/2872/182 1630/2873/182
f 1638/2874/64 1640/2875/64 1639/2876/183 1641/2877/183
f 1641/2877/183 1639/2876/183 1637/2878/184 1636/2879/184
f 1644/2880/55 1646/2881/55 1645/2882/185 1647/2883/185
f 1647/2883/185 1645/2882/185 1643/2884/186 1642/2885/186
f 1650/2886/64 1652/2887/64 1651/2888/187 1653/2889/187
f 1653/2889/187 1651/2888/187 1649/2890/188 1648/2891/188
f 1656/2892/55 1658/2893/55 1657/2894/189 1659/2895/189
f 1659/2895/189 1657/2894/189 1655/2896/190 1654/2897/190
f 1662/2898/64 1664/2899/64 1663/2900/187 1665/2901/187
f 1665/2901/187 1663/2900/187 1661/2902/188 1660/2903/188
f 1668/2904/55 1670/2905/55 1669/2906/189 1671/2907/189
f 1671/2907/189 1669/2906/189 1667/2908/190 1666/2909/190
f 1674/2910/64 1676/2911/64 1675/2912/191 1677/2913/191
f 1677/2913/191 1675/2912/191 1673/2914/192 1672/2915/192
f 1680/2916/55 1682/2917/55 1681/2918/193 1683/2919/193
f 1683/2919/193 1681/2918/193 1679/2920/194 1678/2921/194
f 1686/2922/64 1688/2923/64 1687/2924/191 1689/2925/191
f 1689/2925/191 1687/2924/191 1685/2926/192 1684/2927/192
f 1692/2928/55 1694/2929/55 1693/2930/193 1695/2931/193
f 1695/2931/193 1693/2930/193 1691/2932/194 1690/2933/194
f 1698/2934/64 1700/2935/64 1699/2936/191 1701/2937/191
f 1701/2937/191 1699/2936/191 1697/2938/192 1696/2939/192
f 1704/2940/55 1706/2941/55 1705/2942/193 1707/2943/193
f 1707/2943/193 1705/2942/193 1703/2944/194 1702/2945/194
f 1710/2946/64 1712/2947/64 1711/2948/191 1713/2949/191
f 1713/2949/191 1711/2948/191 1709/2950/195 1708/2951/195
f 1716/2952/55 1718/2953/55 1717/2954/193 1719/2955/193
f 1719/2955/193 1717/2954/193 1715/2956/196 1714/2957/196
f 1722/2958/64 1724/2959/64 1723/2960/191 1725/2961/191
f 1725/2961/191 1723/2960/191 1721/2962/195 1720/2963/195
f 1728/2964/55 1730/2965/55 1729/2966/193 1731/2967/193
f 1731/2967/193 1729/2966/193 1727/2968/194 1726/2969/194
f 1734/2970/64 1736/2971/64 1735/2972/191 1737/2973/191
f 1737/2973/191 1735/2972/191 1733/2974/192 1732/2975/192
f 1740/2976/55 1742/2977/55 1741/2978/193 1743/2979/193
f 1743/2979/193 1741/2978/193 1739/2980/194 1738/2981/194
f 1746/2982/64 1748/2983/64 1747/2984/191 1749/2985/191
f 1749/2985/191 1747/2984/191 1745/2986/192 1744/2987/192
f 1752/2988/55 1754/2989/55 1753/2990/193 1755/2991/193
f 1755/2991/193 1753/2990/193 1751/2992/194 1750/2993/194
f 1758/2994/64 1760/2995/64 1759/2996/191 1761/2997/191
f 1761/2997/191 1759/2996/191 1757/2998/192 1756/2999/192
f 1764/3000/55 1766/3001/55 1765/3002/193 1767/3003/193
f 1767/3003/193 1765/3002/193 1763/3004/196 1762/3005/196
f 1770/3006/64 1772/3007/64 1771/3008/191 1773/3009/191
f 1773/3009/191 1771/3008/191 1769/3010/192 1768/3011/192
f 1776/3012/55 1778/3013/55 1777/3014/193 1779/3015/193
f 1779/3015/193 1777/3014/193 1775/3016/196 1774/3017/196
f 1782/3018/64 1784/3019/64 1783/3020/191 1785/3021/191
f 1785/3021/191 1783/3020/191 1781/3022/192 1780/3023/192
f 1788/3024/55 1790/3025/55 1789/3026/193 1791/3027/193
f 1791/3027/193 1789/3026/193 1787/3028/196 1786/3029/196
f 1794/3030/64 1796/3031/64 1795/3032/191 1797/3033/191
f 1797/3033/191 1795/3032/191 1793/3034/192 1792/3035/192
f 1800/3036/55 1802/3037/55 1801/3038/193 1803/3039/193
f 1803/3039/193 1801/3038/193 1799/3040/194 1798/3041/194
f 1806/3042/64 1808/3043/64 1807/3044/191 1809/3045/191
f 1809/3045/191 1807/3044/191 1805/3046/192 1804/3047/192
f 1812/3048/55 1814/3049/55 1813/3050/193 1815/3051/193
f 1815/3051/193 1813/3050/193 1811/3052/194 1810/3053/194
f 1818/3054/64 1820/3055/64 1819/3056/191 1821/3057/191
f 1821/3057/191 1819/3056/191 1817/3058/192 1816/3059/192
f 1824/3060/55 1826/3061/55 1825/3062/193 1827/3063/193
f 1827/3063/193 1825/3062/193 1823/3064/196 1822/3065/196
f 1830/3066/64 1832/3067/64 1831/3068/191 1833/3069/191
f 1833/3069/191 1831/3068/191 1829/3070/192 1828/3071/192
f 1836/3072/55 1838/3073/55 1837/3074/193 1839/3075/193
f 1839/3075/193 1837/3074/193 1835/3076/196 1834/3077/196
f 1842/3078/64 1844/3079/64 1843/3080/191 1845/3081/191
f 1845/3081/191 1843/3080/191 1841/3082/192 1840/3083/192
f 1848/3084/55 1850/3085/55 1849/3086/193 1851/3087/193
f 1851/3087/193 1849/3086/193 1847/3088/196 1846/3089/196
f 1854/3090/64 1856/3091/64 1855/3092/191 1857/3093/191
f 1857/3093/191 1855/3092/191 1853/3094/192 1852/3095/192
f 1860/3096/55 1862/3097/55 1861/3098/193 1863/3099/193
f 1863/3099/193 1861/3098/193 1859/3100/194 1858/3101/194
f 1866/3102/64 1868/3103/64 1867/3104/191 1869/3105/191
f 1869/3105/191 1867/3104/191 1865/3106/192 1864/3107/192
f 1872/3108/55 1874/3109/55 1873/3110/193 1875/3111/193
f 1875/3111/193 1873/3110/193 1871/3112/196 1870/3113/196
f 1878/3114/64 1880/3115/64 1879/3116/191 1881/3117/191
f 1881/3117/191 1879/3116/191 1877/3118/192 1876/3119/192
f 1884/3120/55 1886/3121/55 1885/3122/193 1887/3123/193
f 1887/3123/193 1885/3122/193 1883/3124/196 1882/3125/196
f 1890/3126/64 1892/3127/64 1891/3128/191 1893/3129/191
f 1893/3129/191 1891/3128/191 1889/3130/192 1888/3131/192
f 1896/3132/55 1898/3133/55 1897/3134/193 1899/3135/193
f 1899/3135/193 1897/3134/193 1895/3136/196 1894/3137/196
f 1902/3138/64 1904/3139/64 1903/3140/191 1905/3141/191
f 1905/3141/191 1903/3140/191 1901/3142/192 1900/3143/192
f 1908/3144/55 1910/3145/55 1909/3146/193 1911/3147/193
f 1911/3147/193 1909/3146/193 1907/3148/196 1906/3149/196
f 1914/3150/64 1916/3151/64 1915/3152/191 1917/3153/191
f 1917/3153/191 1915/3152/191 1913/3154/192 1912/3155/192
f 1920/3156/55 1922/3157/55 1921/3158/193 1923/3159/193
f 1923/3159/193 1921/3158/193 1919/3160/194 1918/3161/194
f 1926/3162/64 1928/3163/64 1927/3164/191 1929/3165/191
f 1929/3165/191 1927/3164/191 1925/3166/192 1924/3167/192
f 1932/3168/55 1934/3169/55 1933/3170/193 1935/3171/193
f 1935/3171/193 1933/3170/193 1931/3172/194 1930/3173/194
f 1938/3174/64 1940/3175/64 1939/3176/191 1941/3177/191
f 1941/3177/191 1939/3176/191 1937/3178/192 1936/3179/192
f 1944/3180/55 1946/3181/55 1945/3182/193 1947/3183/193
f 1947/3183/193 1945/3182/193 1943/3184/194 1942/3185/194
f 1950/3186/64 1952/3187/64 1951/3188/191 1953/3189/191
f 1953/3189/191 1951/3188/191 1949/3190/192 1948/3191/192
f 1956/3192/55 1958/3193/55 1957/3194/193 1959/3195/193
f 1959/3195/193 1957/3194/193 1955/3196/196 1954/3197/196
f 1962/3198/64 1964/3199/64 1963/3200/191 1965/3201/191
f 1965/3201/191 1963/3200/191 1961/3202/192 1960/3203/192
f 1968/3204/55 1970/3205/55 1969/3206/193 1971/3207/193
f 1971/3207/193 1969/3206/193 1967/3208/196 1966/3209/196
f 1974/3210/64 1976/3211/64 1975/3212/191 1977/3213/191
f 1977/3213/191 1975/3212/191 1973/3214/192 1972/3215/192
f 1980/3216/55 1982/3217/55 1981/3218/193 1983/3219/193
f 1983/3219/193 1981/3218/193 1979/3220/194 1978/3221/194
f 1986/3222/64 1988/3223/64 1987/3224/191 1989/3225/191
f 1989/3225/191 1987/3224/191 1985/3226/192 1984/3227/192
f 1992/3228/55 1994/3229/55 1993/3230/193 1995/3231/193
f 1995/3231/193 1993/3230/193 1991/3232/196 1990/3233/196
f 1998/3234/64 2000/3235/64 1999/3236/191 2001/3237/191
f 2001/3237/191 1999/3236/191 1997/3238/192 1996/3239/192
f 2004/3240/55 2006/3241/55 2005/3242/193 2007/3243/193
f 2007/3243/193 2005/3242/193 2003/3244/194 2002/3245/194
f 2010/3246/64 2012/3247/64 2011/3248/191 2013/3249/191
f 2013/3249/191 2011/3248/191 2009/3250/192 2008/3251/192
f 2016/3252/55 2018/3253/55 2017/3254/193 2019/3255/193
f 2019/3255/193 2017/3254/193 2015/3256/196 2014/3257/196
f 2022/3258/64 2024/3259/64 2023/3260/191 2025/3261/191
f 2025/3261/191 2023/3260/191 2021/3262/192 2020/3263/192
f 2028/3264/55 2030/3265/55 2029/3266/193 2031/3267/193
f 2031/3267/193 2029/3266/193 2027/3268/196 2026/3269/196
f 2034/3270/64 2036/3271/64 2035/3272/191 2037/3273/191
f 2037/3273/191 2035/3272/191 2033/3274/192 2032/3275/192
f 2040/3276/55 2042/3277/55 2041/3278/193 2043/3279/193
f 2043/3279/193 2041/3278/193 2039/3280/196 2038/3281/196
f 2046/3282/64 2048/3283/64 2047/3284/191 2049/3285/191
f 2049/3285/191 2047/3284/191 2045/3286/192 2044/3287/192
f 2052/3288/55 2054/3289/55 2053/3290/193 2055/3291/193
f 2055/3291/193 2053/3290/193 2051/3292/196 2050/3293/196
f 2058/3294/64 2060/3295/64 2059/3296/191 2061/3297/191
f 2061/3297/191 2059/3296/191 2057/3298/192 2056/3299/192
f 2064/3300/55 2066/3301/55 2065/3302/193 2067/3303/193
f 2067/3303/193 2065/3302/193 2063/3304/196 2062/3305/196
f 2070/3306/64 2072/3307/64 2071/3308/197 2073/3309/197
f 2073/3309/197 2071/3308/197 2069/3310/198 2068/3311/198
f 2076/3312/55 2078/3313/55 2077/3314/199 2079/3315/199
f 2079/3315/199 2077/3314/199 2075/3316/200 2074/3317/200
f 2082/3318/64 2084/3319/64 2083/3320/197 2085/3321/197
f 2085/3321/197 2083/3320/197 2081/3322/198 2080/3323/198
f 2088/3324/55 2090/3325/55 2089/3326/199 2091/3327/199
f 2091/3327/199 2089/3326/199 2087/3328/200 2086/3329/200
f 2094/3330/64 2096/3331/64 2095/3332/197 2097/3333/197
f 2097/3333/197 2095/3332/197 2093/3334/198 2092/3335/198
f 2100/3336/55 2102/3337/55 2101/3338/199 2103/3339/199
f 2103/3339/199 2101/3338/199 2099/3340/200 2098/3341/200
f 2106/3342/64 2108/3343/64 2107/3344/197 2109/3345/197
f 2109/3345/197 2107/3344/197 2105/3346/198 2104/3347/198
f 2112/3348/55 2114/3349/55 2113/3350/199 2115/3351/199
f 2115/3351/199 2113/3350/199 2111/3352/200 2110/3353/200
f 2118/3354/64 2120/3355/64 2119/3356/197 2121/3357/197
f 2121/3357/197 2119/3356/197 2117/3358/198 2116/3359/198
f 2124/3360/55 2126/3361/55 2125/3362/199 2127/3363/199
f 2127/3363/199 2125/3362/199 2123/3364/200 2122/3365/200
f 2130/3366/64 2132/3367/64 2131/3368/197 2133/3369/197
f 2133/3369/197 2131/3368/197 2129/3370/198 2128/3371/198
f 2136/3372/55 2138/3373/55 2137/3374/199 2139/3375/199
f 2139/3375/199 2137/3374/199 2135/3376/201 2134/3377/201
f 2142/3378/64 2144/3379/64 2143/3380/197 2145/3381/197
f 2145/3381/197 2143/3380/197 2141/3382/198 2140/3383/198
f 2148/3384/55 2150/3385/55 2149/3386/199 2151/3387/199
f 2151/3387/199 2149/3386/199 2147/3388/201 2146/3389/201
f 2154/3390/64 2156/3391/64 2155/3392/197 2157/3393/197
f 2157/3393/197 2155/3392/197 2153/3394/198 2152/3395/198
f 2160/3396/55 2162/3397/55 2161/3398/199 2163/3399/199
f 2163/3399/199 2161/3398/199 2159/3400/200 2158/3401/200
f 2166/3402/64 2168/3403/64 2167/3404/197 2169/3405/197
f 2169/3405/197 2167/3404/197 2165/3406/198 2164/3407/198
f 2172/3408/55 2174/3409/55 2173/3410/199 2175/3411/199
f 2175/3411/199 2173/3410/199 2171/3412/200 2170/3413/200
f 2178/3414/64 2180/3415/64 2179/3416/197 2181/3417/197
f 2181/3417/197 2179/3416/197 2177/3418/198 2176/3419/198
f 2184/3420/55 2186/3421/55 2185/3422/199 2187/3423/199
f 2187/3423/199 2185/3422/199 2183/3424/200 2182/3425/200
f 2190/3426/64 2192/3427/64 2191/3428/197 2193/3429/197
f 2193/3429/197 2191/3428/197 2189/3430/198 2188/3431/198
f 2196/3432/55 2198/3433/55 2197/3434/199 2199/3435/199
f 2199/3435/199 2197/3434/199 2195/3436/200 2194/3437/200
f 2202/3438/64 2204/3439/64 2203/3440/197 2205/3441/197
f 2205/3441/197 2203/3440/197 2201/3442/198 2200/3443/198
f 2208/3444/55 2210/3445/55 2209/3446/199 2211/3447/199
f 2211/3447/199 2209/3446/199 2207/3448/200 2206/3449/200
f 2214/3450/64 2216/3451/64 2215/3452/197 2217/3453/197
f 2217/3453/197 2215/3452/197 2213/3454/198 2212/3455/198
f 2220/3456/55 2222/3457/55 2221/3458/199 2223/3459/199
f 2223/3459/199 2221/3458/199 2219/3460/200 2218/3461/200
f 2226/3462/64 2228/3463/64 2227/3464/197 2229/3465/197
f 2229/3465/197 2227/3464/197 2225/3466/198 2224/3467/198
f 2232/3468/55 2234/3469/55 2233/3470/199 2235/3471/199
f 2235/3471/199 2233/3470/199 2231/3472/200 2230/3473/200
f 2238/3474/64 2240/3475/64 2239/3476/197 2241/3477/197
f 2241/3477/197 2239/3476/197 2237/3478/198 2236/3479/198
f 2244/3480/55 2246/3481/55 2245/3482/199 2247/3483/199
f 2247/3483/199 2245/3482/199 2243/3484/200 2242/3485/200
f 2250/3486/64 2252/3487/64 2251/3488/197 2253/3489/197
f 2253/3489/197 2251/3488/197 2249/3490/198 2248/3491/198
f 2256/3492/55 2258/3493/55 2257/3494/199 2259/3495/199
f 2259/3495/199 2257/3494/199 2255/3496/201 2254/3497/201
f 2262/3498/64 2264/3499/64 2263/3500/197 2265/3501/197
f 2265/3501/197 2263/3500/197 2261/3502/198 2260/3503/198
f 2268/3504/55 2270/3505/55 2269/3506/199 2271/3507/199
f 2271/3507/199 2269/3506/199 2267/3508/201 2266/3509/201
f 2274/3510/64 2276/3511/64 2275/3512/197 2277/3513/197
f 2277/3513/197 2275/3512/197 2273/3514/198 2272/3515/198
f 2280/3516/55 2282/3517/55 2281/3518/199 2283/3519/199
f 2283/3519/199 2281/3518/199 2279/3520/201 2278/3521/201
f 2286/3522/64 2288/3523/64 2287/3524/197 2289/3525/197
f 2289/3525/197 2287/3524/197 2285/3526/198 2284/3527/198
f 2292/3528/55 2294/3529/55 2293/3530/199 2295/3531/199
f 2295/3531/199 2293/3530/199 2291/3532/201 2290/3533/201
f 2298/3534/64 2300/3535/64 2299/3536/197 2301/3537/197
f 2301/3537/197 2299/3536/197 2297/3538/198 2296/3539/198
f 2304/3540/55 2306/3541/55 2305/3542/199 2307/3543/199
f 2307/3543/199 2305/3542/199 2303/3544/201 2302/3545/201
f 2310/3546/64 2312/3547/64 2311/3548/197 2313/3549/197
f 2313/3549/197 2311/3548/197 2309/3550/198 2308/3551/198
f 2316/3552/55 2318/3553/55 2317/3554/199 2319/3555/199
f 2319/3555/199 2317/3554/199 2315/3556/200 2314/3557/200
f 2322/3558/64 2324/3559/64 2323/3560/197 2325/3561/197
f 2325/3561/197 2323/3560/197 2321/3562/198 2320/3563/198
f 2328/3564/55 2330/3565/55 2329/3566/199 2331/3567/199
f 2331/3567/199 2329/3566/199 2327/3568/200 2326/3569/200
f 2334/3570/64 2336/3571/64 2335/3572/191 2337/3573/191
f 2337/3573/191 2335/3572/191 2333/3574/195 2332/3575/195
f 2340/3576/55 2342/3577/55 2341/3578/193 2343/3579/193
f 2343/3579/193 2341/3578/193 2339/3580/196 2338/3581/196
f 2346/3582/64 2348/3583/64 2347/3584/191 2349/3585/191
f 2349/3585/191 2347/3584/191 2345/3586/195 2344/3587/195
f 2352/3588/55 2354/3589/55 2353/3590/193 2355/3591/193
f 2355/3591/193 2353/3590/193 2351/3592/196 2350/3593/196
f 2358/3594/64 2360/3595/64 2359/3596/191 2361/3597/191
f 2361/3597/191 2359/3596/191 2357/3598/195 2356/3599/195
f 2364/3600/55 2366/3601/55 2365/3602/193 2367/3603/193
f 2367/3603/193 2365/3602/193 2363/3604/196 2362/3605/196
f 733/3606/134 734/1560/39 2369/3607/35 2368/3608/21
f 738/1559/38 737/3609/49 2370/3610/37 2371/3611/36
f 734/1560/39 738/1559/38 2371/3611/36 2369/3607/35
f 737/3609/49 733/3606/134 2368/3608/21 2370/3610/37
f 2373/1561/10 2372/3612/1 2374/3613/4 2375/1562/8
f 734/1560/39 733/3606/134 2372/3612/1 2373/1561/10
f 733/3606/134 737/3609/49 2374/3613/4 2372/3612/1
f 737/3609/49 738/1559/38 2375/1562/8 2374/3613/4
f 13/3614/4 2377/57/5 2379/60/11 21/3615/1
f 16/3616/7 2376/45/6 2378/48/12 24/3617/9
f 23/3618/10 24/3619/9 2378/34/12 2379/33/11
f 15/3620/8 2377/25/5 2376/28/6 16/3621/7
f 19/3622/8 2381/65/13 2383/68/15 27/3623/10
f 18/3624/3 2380/53/14 2382/56/16 26/3625/2
f 27/3626/10 2383/37/15 2382/40/16 25/3627/1
f 19/3628/8 17/3629/4 2380/30/14 2381/29/13
